File Name,Net Site EUI (kWh/m2),Net Source EUI (kWh/m2),Total Energy/Net Site Energy (kWh),Total Energy/Net Source Energy (kWh)
CZ01/SFm&2&rDXGF&New&Fenes__ManufWin/Default/instance-out.sql,43.50,86.98,38764.03,77507.41
CZ01/SFm&2&rDXGF&New&Fenes__ManufWin/Msr-0.25-0.40/instance-out.sql,42.31,85.32,37707.86,76030.09
CZ01/SFm&2&rDXGF&New&Fenes__ManufWin/Msr-0.28-0.23/instance-out.sql,40.82,83.22,36378.79,74157.44
CZ01/SFm&2&rDXHP&New&Fenes__ManufWin/Default/instance-out.sql,44.38,107.87,39544.31,96125.67
CZ01/SFm&2&rDXHP&New&Fenes__ManufWin/Msr-0.25-0.40/instance-out.sql,43.38,104.70,38653.80,93303.29
CZ01/SFm&2&rDXHP&New&Fenes__ManufWin/Msr-0.28-0.23/instance-out.sql,41.82,99.77,37270.90,88904.34
CZ02/SFm&2&rDXGF&New&Fenes__ManufWin/Default/instance-out.sql,48.23,93.21,42982.85,83058.47
CZ02/SFm&2&rDXGF&New&Fenes__ManufWin/Msr-0.25-0.40/instance-out.sql,44.21,89.49,39395.77,79744.91
CZ02/SFm&2&rDXGF&New&Fenes__ManufWin/Msr-0.28-0.23/instance-out.sql,47.69,92.63,42500.09,82545.62
CZ02/SFm&2&rDXHP&New&Fenes__ManufWin/Default/instance-out.sql,46.40,114.45,41353.14,101987.05
CZ02/SFm&2&rDXHP&New&Fenes__ManufWin/Msr-0.25-0.40/instance-out.sql,43.46,105.13,38728.26,93688.02
CZ02/SFm&2&rDXHP&New&Fenes__ManufWin/Msr-0.28-0.23/instance-out.sql,46.20,113.81,41173.23,101418.40
CZ03/SFm&2&rDXGF&New&Fenes__ManufWin/Default/instance-out.sql,40.88,86.51,36427.06,77091.14
CZ03/SFm&2&rDXGF&New&Fenes__ManufWin/Msr-0.25-0.40/instance-out.sql,40.75,85.97,36316.72,76614.65
CZ03/SFm&2&rDXGF&New&Fenes__ManufWin/Msr-0.28-0.23/instance-out.sql,42.38,86.99,37765.54,77517.24
CZ03/SFm&2&rDXHP&New&Fenes__ManufWin/Default/instance-out.sql,38.95,90.83,34707.58,80939.13
CZ03/SFm&2&rDXHP&New&Fenes__ManufWin/Msr-0.25-0.40/instance-out.sql,38.83,90.44,34599.82,80596.20
CZ03/SFm&2&rDXHP&New&Fenes__ManufWin/Msr-0.28-0.23/instance-out.sql,39.33,92.02,35048.74,82006.46
CZ04/SFm&2&rDXGF&New&Fenes__ManufWin/Default/instance-out.sql,43.55,89.29,38807.46,79569.49
CZ04/SFm&2&rDXGF&New&Fenes__ManufWin/Msr-0.25-0.40/instance-out.sql,41.62,88.12,37087.04,78526.84
CZ04/SFm&2&rDXGF&New&Fenes__ManufWin/Msr-0.28-0.23/instance-out.sql,43.19,88.89,38490.37,79216.25
CZ04/SFm&2&rDXHP&New&Fenes__ManufWin/Default/instance-out.sql,40.58,96.03,36159.43,85579.69
CZ04/SFm&2&rDXHP&New&Fenes__ManufWin/Msr-0.25-0.40/instance-out.sql,39.90,93.90,35553.06,83674.89
CZ04/SFm&2&rDXHP&New&Fenes__ManufWin/Msr-0.28-0.23/instance-out.sql,40.43,95.56,36026.48,85160.84
CZ05/SFm&2&rDXGF&New&Fenes__ManufWin/Default/instance-out.sql,40.62,86.48,36201.23,77061.46
CZ05/SFm&2&rDXGF&New&Fenes__ManufWin/Msr-0.25-0.40/instance-out.sql,40.49,85.83,36082.90,76483.80
CZ05/SFm&2&rDXGF&New&Fenes__ManufWin/Msr-0.28-0.23/instance-out.sql,42.30,86.98,37695.97,77511.80
CZ05/SFm&2&rDXHP&New&Fenes__ManufWin/Default/instance-out.sql,39.74,93.36,35410.52,83192.17
CZ05/SFm&2&rDXHP&New&Fenes__ManufWin/Msr-0.25-0.40/instance-out.sql,39.68,93.19,35364.12,83043.21
CZ05/SFm&2&rDXHP&New&Fenes__ManufWin/Msr-0.28-0.23/instance-out.sql,40.79,96.68,36351.74,86156.00
CZ06/SFm&2&rDXGF&New&Fenes__ManufWin/Default/instance-out.sql,39.49,86.73,35190.26,77287.53
CZ06/SFm&2&rDXGF&New&Fenes__ManufWin/Msr-0.25-0.40/instance-out.sql,39.30,87.93,35022.27,78357.12
CZ06/SFm&2&rDXGF&New&Fenes__ManufWin/Msr-0.28-0.23/instance-out.sql,39.40,86.69,35110.37,77248.75
CZ06/SFm&2&rDXHP&New&Fenes__ManufWin/Default/instance-out.sql,37.87,87.50,33749.92,77974.79
CZ06/SFm&2&rDXHP&New&Fenes__ManufWin/Msr-0.25-0.40/instance-out.sql,38.21,88.57,34048.81,78930.24
CZ06/SFm&2&rDXHP&New&Fenes__ManufWin/Msr-0.28-0.23/instance-out.sql,37.86,87.45,33734.68,77927.18
CZ07/SFm&2&rDXGF&New&Fenes__ManufWin/Default/instance-out.sql,38.83,85.63,34603.84,76307.04
CZ07/SFm&2&rDXGF&New&Fenes__ManufWin/Msr-0.25-0.40/instance-out.sql,38.85,86.95,34624.77,77486.49
CZ07/SFm&2&rDXGF&New&Fenes__ManufWin/Msr-0.28-0.23/instance-out.sql,38.74,85.56,34522.15,76249.60
CZ07/SFm&2&rDXHP&New&Fenes__ManufWin/Default/instance-out.sql,37.53,86.46,33448.46,77043.49
CZ07/SFm&2&rDXHP&New&Fenes__ManufWin/Msr-0.25-0.40/instance-out.sql,37.95,87.79,33819.39,78231.22
CZ07/SFm&2&rDXHP&New&Fenes__ManufWin/Msr-0.28-0.23/instance-out.sql,37.51,86.37,33425.07,76970.39
CZ08/SFm&2&rDXGF&New&Fenes__ManufWin/Default/instance-out.sql,38.12,84.85,33966.33,75615.69
CZ08/SFm&2&rDXGF&New&Fenes__ManufWin/Msr-0.25-0.40/instance-out.sql,38.17,86.28,34017.70,76883.05
CZ08/SFm&2&rDXGF&New&Fenes__ManufWin/Msr-0.28-0.23/instance-out.sql,38.03,84.77,33887.72,75543.75
CZ08/SFm&2&rDXHP&New&Fenes__ManufWin/Default/instance-out.sql,37.57,86.59,33482.72,77162.95
CZ08/SFm&2&rDXHP&New&Fenes__ManufWin/Msr-0.25-0.40/instance-out.sql,38.07,88.18,33925.50,78576.32
CZ08/SFm&2&rDXHP&New&Fenes__ManufWin/Msr-0.28-0.23/instance-out.sql,37.55,86.52,33461.71,77097.89
CZ09/SFm&2&rDXGF&New&Fenes__ManufWin/Default/instance-out.sql,39.74,90.53,35417.49,80671.64
CZ09/SFm&2&rDXGF&New&Fenes__ManufWin/Msr-0.25-0.40/instance-out.sql,40.35,93.43,35954.89,83254.97
CZ09/SFm&2&rDXGF&New&Fenes__ManufWin/Msr-0.28-0.23/instance-out.sql,39.69,90.54,35372.98,80681.69
CZ09/SFm&2&rDXHP&New&Fenes__ManufWin/Default/instance-out.sql,39.04,91.25,34786.29,81312.46
CZ09/SFm&2&rDXHP&New&Fenes__ManufWin/Msr-0.25-0.40/instance-out.sql,39.96,94.17,35606.42,83920.08
CZ09/SFm&2&rDXHP&New&Fenes__ManufWin/Msr-0.28-0.23/instance-out.sql,39.04,91.26,34789.75,81325.00
CZ10/SFm&2&rDXGF&New&Fenes__ManufWin/Default/instance-out.sql,41.34,90.57,36838.97,80708.00
CZ10/SFm&2&rDXGF&New&Fenes__ManufWin/Msr-0.25-0.40/instance-out.sql,41.20,92.29,36717.13,82240.23
CZ10/SFm&2&rDXGF&New&Fenes__ManufWin/Msr-0.28-0.23/instance-out.sql,41.16,90.36,36675.98,80524.74
CZ10/SFm&2&rDXHP&New&Fenes__ManufWin/Default/instance-out.sql,41.02,97.58,36555.60,86955.34
CZ10/SFm&2&rDXHP&New&Fenes__ManufWin/Msr-0.25-0.40/instance-out.sql,41.23,98.25,36740.53,87550.12
CZ10/SFm&2&rDXHP&New&Fenes__ManufWin/Msr-0.28-0.23/instance-out.sql,40.96,97.38,36499.17,86777.06
CZ11/SFm&2&rDXGF&New&Fenes__ManufWin/Default/instance-out.sql,52.90,108.81,47142.87,96965.99
CZ11/SFm&2&rDXGF&New&Fenes__ManufWin/Msr-0.25-0.40/instance-out.sql,53.51,112.44,47683.64,100196.26
CZ11/SFm&2&rDXGF&New&Fenes__ManufWin/Msr-0.28-0.23/instance-out.sql,52.56,108.42,46835.90,96613.75
CZ11/SFm&2&rDXHP&New&Fenes__ManufWin/Default/instance-out.sql,48.62,121.57,43327.54,108335.22
CZ11/SFm&2&rDXHP&New&Fenes__ManufWin/Msr-0.25-0.40/instance-out.sql,49.76,125.18,44339.98,111548.98
CZ11/SFm&2&rDXHP&New&Fenes__ManufWin/Msr-0.28-0.23/instance-out.sql,48.46,121.06,43183.92,107881.53
CZ12/SFm&2&rDXGF&New&Fenes__ManufWin/Default/instance-out.sql,54.78,106.31,48816.60,94739.64
CZ12/SFm&2&rDXGF&New&Fenes__ManufWin/Msr-0.25-0.40/instance-out.sql,55.10,109.37,49097.54,97462.89
CZ12/SFm&2&rDXGF&New&Fenes__ManufWin/Msr-0.28-0.23/instance-out.sql,54.41,105.90,48487.21,94370.83
CZ12/SFm&2&rDXHP&New&Fenes__ManufWin/Default/instance-out.sql,49.52,124.42,44128.50,110876.29
CZ12/SFm&2&rDXHP&New&Fenes__ManufWin/Msr-0.25-0.40/instance-out.sql,49.73,125.11,44320.50,111493.17
CZ12/SFm&2&rDXHP&New&Fenes__ManufWin/Msr-0.28-0.23/instance-out.sql,49.38,123.98,44002.98,110479.94
CZ13/SFm&2&rDXGF&New&Fenes__ManufWin/Default/instance-out.sql,50.29,108.55,44815.82,96736.64
CZ13/SFm&2&rDXGF&New&Fenes__ManufWin/Msr-0.25-0.40/instance-out.sql,50.45,111.43,44954.89,99298.30
CZ13/SFm&2&rDXGF&New&Fenes__ManufWin/Msr-0.28-0.23/instance-out.sql,50.01,108.22,44569.59,96438.07
CZ13/SFm&2&rDXHP&New&Fenes__ManufWin/Default/instance-out.sql,47.72,118.75,42523.35,105821.74
CZ13/SFm&2&rDXHP&New&Fenes__ManufWin/Msr-0.25-0.40/instance-out.sql,48.50,121.23,43218.95,108031.75
CZ13/SFm&2&rDXHP&New&Fenes__ManufWin/Msr-0.28-0.23/instance-out.sql,47.59,118.34,42407.55,105456.55
CZ14/SFm&2&rDXGF&New&Fenes__ManufWin/Default/instance-out.sql,52.85,112.27,47092.89,100046.57
CZ14/SFm&2&rDXGF&New&Fenes__ManufWin/Msr-0.25-0.40/instance-out.sql,52.28,114.10,46592.17,101676.40
CZ14/SFm&2&rDXGF&New&Fenes__ManufWin/Msr-0.28-0.23/instance-out.sql,52.52,111.88,46804.44,99700.29
CZ14/SFm&2&rDXHP&New&Fenes__ManufWin/Default/instance-out.sql,48.43,121.12,43160.57,107933.29
CZ14/SFm&2&rDXHP&New&Fenes__ManufWin/Msr-0.25-0.40/instance-out.sql,48.63,121.75,43335.65,108492.93
CZ14/SFm&2&rDXHP&New&Fenes__ManufWin/Msr-0.28-0.23/instance-out.sql,48.30,120.68,43037.72,107544.66
CZ15/SFm&2&rDXGF&New&Fenes__ManufWin/Default/instance-out.sql,50.57,121.86,45068.52,108590.00
CZ15/SFm&2&rDXGF&New&Fenes__ManufWin/Msr-0.25-0.40/instance-out.sql,52.21,127.93,46522.10,114006.95
CZ15/SFm&2&rDXGF&New&Fenes__ManufWin/Msr-0.28-0.23/instance-out.sql,50.40,121.57,44913.51,108339.06
CZ15/SFm&2&rDXHP&New&Fenes__ManufWin/Default/instance-out.sql,49.35,124.01,43979.27,110507.55
CZ15/SFm&2&rDXHP&New&Fenes__ManufWin/Msr-0.25-0.40/instance-out.sql,51.26,130.07,45682.53,115908.72
CZ15/SFm&2&rDXHP&New&Fenes__ManufWin/Msr-0.28-0.23/instance-out.sql,49.26,123.72,43897.80,110250.39
CZ16/SFm&2&rDXGF&New&Fenes__ManufWin/Default/instance-out.sql,47.27,103.18,42125.08,91951.62
CZ16/SFm&2&rDXGF&New&Fenes__ManufWin/Msr-0.25-0.40/instance-out.sql,46.61,101.40,41532.93,90358.36
CZ16/SFm&2&rDXGF&New&Fenes__ManufWin/Msr-0.28-0.23/instance-out.sql,46.84,99.24,41742.67,88439.07
CZ16/SFm&2&rDXHP&New&Fenes__ManufWin/Default/instance-out.sql,47.90,119.20,42687.20,106225.49
CZ16/SFm&2&rDXHP&New&Fenes__ManufWin/Msr-0.25-0.40/instance-out.sql,47.43,117.71,42269.00,104899.42
CZ16/SFm&2&rDXHP&New&Fenes__ManufWin/Msr-0.28-0.23/instance-out.sql,47.90,119.18,42686.33,106203.99

File Name,Total (kWh),Heating (kWh),Cooling (kWh),Interior Lighting (kWh),Exterior Lighting (kWh),Interior Equipment (kWh),Exterior Equipment (kWh),Fans (kWh),Pumps (kWh),Heat Rejection (kWh),Humidification (kWh),Heat Recovery (kWh),Water Systems (kWh),Refrigeration (kWh),Generators (kWh),Heating Elec (kWh),Cooling Elec (kWh),Heating NG (kWh),Cooling NG (kWh),Interior Equipment Elec (kWh),Interior Equipment NG (kWh)
CZ01/SFm&2&rDXGF&New&Fenes__ManufWin/Default/instance-out.sql,38764.03,7749.73,168.05,2643.29,457.71,16688.94,0.0,330.11,0.0,0.0,0.0,0.0,10726.2,0.0,0.0,0.00,168.05,7749.73,0.00,13437.41,3251.53
CZ01/SFm&2&rDXGF&New&Fenes__ManufWin/Msr-0.25-0.40/instance-out.sql,37707.86,6852.93,102.5,2643.29,457.71,16688.94,0.0,236.07,0.0,0.0,0.0,0.0,10726.41,0.0,0.0,0.00,102.50,6852.93,0.00,13437.41,3251.53
CZ01/SFm&2&rDXGF&New&Fenes__ManufWin/Msr-0.28-0.23/instance-out.sql,36378.79,5722.95,26.61,2643.29,457.71,16688.94,0.0,104.6,0.0,0.0,0.0,0.0,10734.69,0.0,0.0,0.00,26.61,5722.95,0.00,13437.41,3251.53
CZ01/SFm&2&rDXHP&New&Fenes__ManufWin/Default/instance-out.sql,39544.32,8589.87,168.38,2643.29,457.71,16688.94,0.0,272.05,0.0,0.0,0.0,0.0,10724.07,0.0,0.0,8589.87,168.38,0.00,0.00,13437.41,3251.53
CZ01/SFm&2&rDXHP&New&Fenes__ManufWin/Msr-0.25-0.40/instance-out.sql,38653.8,7830.22,102.57,2643.29,457.71,16688.94,0.0,205.97,0.0,0.0,0.0,0.0,10725.1,0.0,0.0,7830.22,102.57,0.00,0.00,13437.41,3251.53
CZ01/SFm&2&rDXHP&New&Fenes__ManufWin/Msr-0.28-0.23/instance-out.sql,37270.899999999994,6598.06,26.48,2643.29,457.71,16688.94,0.0,122.06,0.0,0.0,0.0,0.0,10734.36,0.0,0.0,6598.06,26.48,0.00,0.00,13437.41,3251.53
CZ02/SFm&2&rDXGF&New&Fenes__ManufWin/Default/instance-out.sql,42982.86,11563.04,552.28,2643.29,457.71,16688.94,0.0,415.33,0.0,0.0,0.0,0.0,10662.26,0.0,0.0,0.00,552.28,11563.04,0.00,13437.41,3251.53
CZ02/SFm&2&rDXGF&New&Fenes__ManufWin/Msr-0.25-0.40/instance-out.sql,39395.78,7707.7,799.33,2643.29,457.71,16688.94,0.0,444.25,0.0,0.0,0.0,0.0,10654.55,0.0,0.0,0.00,799.33,7707.70,0.00,13437.41,3251.53
CZ02/SFm&2&rDXGF&New&Fenes__ManufWin/Msr-0.28-0.23/instance-out.sql,42500.09,11076.21,557.64,2643.29,457.71,16688.94,0.0,415.0,0.0,0.0,0.0,0.0,10661.31,0.0,0.0,0.00,557.64,11076.21,0.00,13437.41,3251.53
CZ02/SFm&2&rDXHP&New&Fenes__ManufWin/Default/instance-out.sql,41353.14,9978.35,552.56,2643.29,457.71,16688.94,0.0,371.99,0.0,0.0,0.0,0.0,10660.3,0.0,0.0,9978.35,552.56,0.00,0.00,13437.41,3251.53
CZ02/SFm&2&rDXHP&New&Fenes__ManufWin/Msr-0.25-0.40/instance-out.sql,38728.25,7135.58,799.44,2643.29,457.71,16688.94,0.0,349.7,0.0,0.0,0.0,0.0,10653.6,0.0,0.0,7135.58,799.44,0.00,0.00,13437.41,3251.53
CZ02/SFm&2&rDXHP&New&Fenes__ManufWin/Msr-0.28-0.23/instance-out.sql,41173.229999999996,9799.97,558.0,2643.29,457.71,16688.94,0.0,365.56,0.0,0.0,0.0,0.0,10659.76,0.0,0.0,9799.97,558.00,0.00,0.00,13437.41,3251.53
CZ03/SFm&2&rDXGF&New&Fenes__ManufWin/Default/instance-out.sql,36427.06,4461.61,1152.57,2643.29,457.71,16688.94,0.0,361.93,0.0,0.0,0.0,0.0,10661.02,0.0,0.0,0.00,1152.57,4461.61,0.00,13437.41,3251.53
CZ03/SFm&2&rDXGF&New&Fenes__ManufWin/Msr-0.25-0.40/instance-out.sql,36316.72,4521.81,1016.69,2643.29,457.71,16688.94,0.0,326.47,0.0,0.0,0.0,0.0,10661.8,0.0,0.0,0.00,1016.69,4521.81,0.00,13437.41,3251.53
CZ03/SFm&2&rDXGF&New&Fenes__ManufWin/Msr-0.28-0.23/instance-out.sql,37765.53999999999,6285.75,738.54,2643.29,457.71,16688.94,0.0,283.96,0.0,0.0,0.0,0.0,10667.34,0.0,0.0,0.00,738.54,6285.75,0.00,13437.41,3251.53
CZ03/SFm&2&rDXHP&New&Fenes__ManufWin/Default/instance-out.sql,34707.57,2810.23,1152.55,2643.29,457.71,16688.94,0.0,293.87,0.0,0.0,0.0,0.0,10660.99,0.0,0.0,2810.23,1152.55,0.00,0.00,13437.41,3251.53
CZ03/SFm&2&rDXHP&New&Fenes__ManufWin/Msr-0.25-0.40/instance-out.sql,34599.81,2854.86,1016.7,2643.29,457.71,16688.94,0.0,276.54,0.0,0.0,0.0,0.0,10661.78,0.0,0.0,2854.86,1016.70,0.00,0.00,13437.41,3251.53
CZ03/SFm&2&rDXHP&New&Fenes__ManufWin/Msr-0.28-0.23/instance-out.sql,35048.75,3576.58,738.57,2643.29,457.71,16688.94,0.0,276.35,0.0,0.0,0.0,0.0,10667.3,0.0,0.0,3576.58,738.57,0.00,0.00,13437.41,3251.53
CZ04/SFm&2&rDXGF&New&Fenes__ManufWin/Default/instance-out.sql,38807.45,6911.27,1139.95,2643.29,457.71,16688.94,0.0,325.58,0.0,0.0,0.0,0.0,10640.72,0.0,0.0,0.00,1139.95,6911.27,0.00,13437.41,3251.53
CZ04/SFm&2&rDXGF&New&Fenes__ManufWin/Msr-0.25-0.40/instance-out.sql,37087.04,4803.67,1506.93,2643.29,457.71,16688.94,0.0,353.36,0.0,0.0,0.0,0.0,10633.15,0.0,0.0,0.00,1506.93,4803.67,0.00,13437.41,3251.53
CZ04/SFm&2&rDXGF&New&Fenes__ManufWin/Msr-0.28-0.23/instance-out.sql,38490.38,6599.56,1139.85,2643.29,457.71,16688.94,0.0,321.1,0.0,0.0,0.0,0.0,10639.92,0.0,0.0,0.00,1139.85,6599.56,0.00,13437.41,3251.53
CZ04/SFm&2&rDXHP&New&Fenes__ManufWin/Default/instance-out.sql,36159.42,4280.1,1139.84,2643.29,457.71,16688.94,0.0,308.99,0.0,0.0,0.0,0.0,10640.56,0.0,0.0,4280.10,1139.84,0.00,0.00,13437.41,3251.53
CZ04/SFm&2&rDXHP&New&Fenes__ManufWin/Msr-0.25-0.40/instance-out.sql,35553.06,3318.2,1506.91,2643.29,457.71,16688.94,0.0,304.92,0.0,0.0,0.0,0.0,10633.08,0.0,0.0,3318.20,1506.91,0.00,0.00,13437.41,3251.53
CZ04/SFm&2&rDXHP&New&Fenes__ManufWin/Msr-0.28-0.23/instance-out.sql,36026.490000000005,4153.9,1139.81,2643.29,457.71,16688.94,0.0,303.31,0.0,0.0,0.0,0.0,10639.51,0.0,0.0,4153.90,1139.81,0.00,0.00,13437.41,3251.53
CZ05/SFm&2&rDXGF&New&Fenes__ManufWin/Default/instance-out.sql,36201.229999999996,4145.39,1281.1,2643.29,457.71,16688.94,0.0,336.67,0.0,0.0,0.0,0.0,10648.13,0.0,0.0,0.00,1281.10,4145.39,0.00,13437.41,3251.53
CZ05/SFm&2&rDXGF&New&Fenes__ManufWin/Msr-0.25-0.40/instance-out.sql,36082.91,4241.85,1102.68,2643.29,457.71,16688.94,0.0,299.34,0.0,0.0,0.0,0.0,10649.09,0.0,0.0,0.00,1102.68,4241.85,0.00,13437.41,3251.53
CZ05/SFm&2&rDXGF&New&Fenes__ManufWin/Msr-0.28-0.23/instance-out.sql,37695.97,6193.6,793.33,2643.29,457.71,16688.94,0.0,262.77,0.0,0.0,0.0,0.0,10656.33,0.0,0.0,0.00,793.33,6193.60,0.00,13437.41,3251.53
CZ05/SFm&2&rDXHP&New&Fenes__ManufWin/Default/instance-out.sql,35410.51,3377.47,1281.11,2643.29,457.71,16688.94,0.0,313.89,0.0,0.0,0.0,0.0,10648.11,0.0,0.0,3377.47,1281.11,0.00,0.00,13437.41,3251.53
CZ05/SFm&2&rDXHP&New&Fenes__ManufWin/Msr-0.25-0.40/instance-out.sql,35364.12,3531.21,1102.69,2643.29,457.71,16688.94,0.0,291.21,0.0,0.0,0.0,0.0,10649.07,0.0,0.0,3531.21,1102.69,0.00,0.00,13437.41,3251.53
CZ05/SFm&2&rDXHP&New&Fenes__ManufWin/Msr-0.28-0.23/instance-out.sql,36351.74,4824.24,793.37,2643.29,457.71,16688.94,0.0,287.91,0.0,0.0,0.0,0.0,10656.28,0.0,0.0,4824.24,793.37,0.00,0.00,13437.41,3251.53
CZ06/SFm&2&rDXGF&New&Fenes__ManufWin/Default/instance-out.sql,35190.270000000004,2519.1,1819.31,2643.29,457.71,16688.94,0.0,433.1,0.0,0.0,0.0,0.0,10628.81,0.0,0.0,0.00,1819.31,2519.10,0.00,13437.41,3251.53
CZ06/SFm&2&rDXGF&New&Fenes__ManufWin/Msr-0.25-0.40/instance-out.sql,35022.26,1754.95,2368.61,2643.29,457.71,16688.94,0.0,484.71,0.0,0.0,0.0,0.0,10624.05,0.0,0.0,0.00,2368.61,1754.95,0.00,13437.41,3251.53
CZ06/SFm&2&rDXGF&New&Fenes__ManufWin/Msr-0.28-0.23/instance-out.sql,35110.36,2417.21,1843.82,2643.29,457.71,16688.94,0.0,431.55,0.0,0.0,0.0,0.0,10627.85,0.0,0.0,0.00,1843.82,2417.21,0.00,13437.41,3251.53
CZ06/SFm&2&rDXHP&New&Fenes__ManufWin/Default/instance-out.sql,33749.92,1203.48,1819.9,2643.29,457.71,16688.94,0.0,308.52,0.0,0.0,0.0,0.0,10628.08,0.0,0.0,1203.48,1819.90,0.00,0.00,13437.41,3251.53
CZ06/SFm&2&rDXHP&New&Fenes__ManufWin/Msr-0.25-0.40/instance-out.sql,34048.81,912.5,2369.24,2643.29,457.71,16688.94,0.0,353.31,0.0,0.0,0.0,0.0,10623.82,0.0,0.0,912.50,2369.24,0.00,0.00,13437.41,3251.53
CZ06/SFm&2&rDXHP&New&Fenes__ManufWin/Msr-0.28-0.23/instance-out.sql,33734.68,1163.56,1844.42,2643.29,457.71,16688.94,0.0,309.0,0.0,0.0,0.0,0.0,10627.76,0.0,0.0,1163.56,1844.42,0.00,0.00,13437.41,3251.53
CZ07/SFm&2&rDXGF&New&Fenes__ManufWin/Default/instance-out.sql,34603.84,2109.93,1653.62,2643.29,457.71,16688.94,0.0,433.25,0.0,0.0,0.0,0.0,10617.1,0.0,0.0,0.00,1653.62,2109.93,0.00,13437.41,3251.53
CZ07/SFm&2&rDXGF&New&Fenes__ManufWin/Msr-0.25-0.40/instance-out.sql,34624.770000000004,1581.33,2151.66,2643.29,457.71,16688.94,0.0,490.55,0.0,0.0,0.0,0.0,10611.28,0.0,0.0,0.00,2151.66,1581.33,0.00,13437.41,3251.53
CZ07/SFm&2&rDXGF&New&Fenes__ManufWin/Msr-0.28-0.23/instance-out.sql,34522.15,2014.07,1672.62,2643.29,457.71,16688.94,0.0,429.19,0.0,0.0,0.0,0.0,10616.32,0.0,0.0,0.00,1672.62,2014.07,0.00,13437.41,3251.53
CZ07/SFm&2&rDXHP&New&Fenes__ManufWin/Default/instance-out.sql,33448.46,1120.89,1654.15,2643.29,457.71,16688.94,0.0,266.66,0.0,0.0,0.0,0.0,10616.83,0.0,0.0,1120.89,1654.15,0.00,0.00,13437.41,3251.53
CZ07/SFm&2&rDXHP&New&Fenes__ManufWin/Msr-0.25-0.40/instance-out.sql,33819.39,948.06,2152.69,2643.29,457.71,16688.94,0.0,318.11,0.0,0.0,0.0,0.0,10610.59,0.0,0.0,948.06,2152.69,0.00,0.00,13437.41,3251.53
CZ07/SFm&2&rDXHP&New&Fenes__ManufWin/Msr-0.28-0.23/instance-out.sql,33425.07,1079.59,1672.99,2643.29,457.71,16688.94,0.0,266.19,0.0,0.0,0.0,0.0,10616.35,0.0,0.0,1079.59,1672.99,0.00,0.00,13437.41,3251.53
CZ08/SFm&2&rDXGF&New&Fenes__ManufWin/Default/instance-out.sql,33966.340000000004,1477.11,1640.39,2643.29,457.71,16688.94,0.0,446.35,0.0,0.0,0.0,0.0,10612.55,0.0,0.0,0.00,1640.39,1477.11,0.00,13437.41,3251.53
CZ08/SFm&2&rDXGF&New&Fenes__ManufWin/Msr-0.25-0.40/instance-out.sql,34017.7,952.34,2114.04,2643.29,457.71,16688.94,0.0,554.39,0.0,0.0,0.0,0.0,10606.98,0.0,0.0,0.00,2114.04,952.34,0.00,13437.41,3251.53
CZ08/SFm&2&rDXGF&New&Fenes__ManufWin/Msr-0.28-0.23/instance-out.sql,33887.72,1392.52,1649.03,2643.29,457.71,16688.94,0.0,444.07,0.0,0.0,0.0,0.0,10612.16,0.0,0.0,0.00,1649.03,1392.52,0.00,13437.41,3251.53
CZ08/SFm&2&rDXHP&New&Fenes__ManufWin/Default/instance-out.sql,33482.72,935.03,1801.01,2643.29,457.71,16688.94,0.0,345.17,0.0,0.0,0.0,0.0,10611.57,0.0,0.0,935.03,1801.01,0.00,0.00,13437.41,3251.53
CZ08/SFm&2&rDXHP&New&Fenes__ManufWin/Msr-0.25-0.40/instance-out.sql,33925.5,734.74,2332.56,2643.29,457.71,16688.94,0.0,462.01,0.0,0.0,0.0,0.0,10606.25,0.0,0.0,734.74,2332.56,0.00,0.00,13437.41,3251.53
CZ08/SFm&2&rDXHP&New&Fenes__ManufWin/Msr-0.28-0.23/instance-out.sql,33461.72,897.51,1818.31,2643.29,457.71,16688.94,0.0,345.09,0.0,0.0,0.0,0.0,10610.86,0.0,0.0,897.51,1818.31,0.00,0.00,13437.41,3251.53
CZ09/SFm&2&rDXGF&New&Fenes__ManufWin/Default/instance-out.sql,35417.490000000005,1267.28,3186.91,2643.29,457.71,16688.94,0.0,571.88,0.0,0.0,0.0,0.0,10601.49,0.0,0.0,0.00,3186.91,1267.28,0.00,13437.41,3251.53
CZ09/SFm&2&rDXGF&New&Fenes__ManufWin/Msr-0.25-0.40/instance-out.sql,35954.880000000005,849.07,3966.73,2643.29,457.71,16688.94,0.0,752.6,0.0,0.0,0.0,0.0,10596.55,0.0,0.0,0.00,3966.73,849.07,0.00,13437.41,3251.53
CZ09/SFm&2&rDXGF&New&Fenes__ManufWin/Msr-0.28-0.23/instance-out.sql,35372.98,1195.51,3211.26,2643.29,457.71,16688.94,0.0,575.52,0.0,0.0,0.0,0.0,10600.75,0.0,0.0,0.00,3211.26,1195.51,0.00,13437.41,3251.53
CZ09/SFm&2&rDXHP&New&Fenes__ManufWin/Default/instance-out.sql,34786.29,659.86,3189.15,2643.29,457.71,16688.94,0.0,545.91,0.0,0.0,0.0,0.0,10601.44,0.0,0.0,659.86,3189.15,0.00,0.00,13437.41,3251.53
CZ09/SFm&2&rDXHP&New&Fenes__ManufWin/Msr-0.25-0.40/instance-out.sql,35606.42,519.9,3973.48,2643.29,457.71,16688.94,0.0,726.59,0.0,0.0,0.0,0.0,10596.5,0.0,0.0,519.90,3973.48,0.00,0.00,13437.41,3251.53
CZ09/SFm&2&rDXHP&New&Fenes__ManufWin/Msr-0.28-0.23/instance-out.sql,34789.759999999995,634.41,3214.85,2643.29,457.71,16688.94,0.0,549.87,0.0,0.0,0.0,0.0,10600.68,0.0,0.0,634.41,3214.85,0.00,0.00,13437.41,3251.53
CZ10/SFm&2&rDXGF&New&Fenes__ManufWin/Default/instance-out.sql,36838.97,3413.32,2269.9,2643.29,457.71,16688.94,0.0,766.6,0.0,0.0,0.0,0.0,10599.2,0.0,0.0,0.00,2269.90,3413.32,0.00,13437.41,3251.53
CZ10/SFm&2&rDXGF&New&Fenes__ManufWin/Msr-0.25-0.40/instance-out.sql,36717.119999999995,2496.68,2885.91,2643.29,457.71,16688.94,0.0,949.59,0.0,0.0,0.0,0.0,10595.01,0.0,0.0,0.00,2885.91,2496.68,0.00,13437.41,3251.53
CZ10/SFm&2&rDXGF&New&Fenes__ManufWin/Msr-0.28-0.23/instance-out.sql,36675.979999999996,3253.97,2267.1,2643.29,457.71,16688.94,0.0,766.24,0.0,0.0,0.0,0.0,10598.73,0.0,0.0,0.00,2267.10,3253.97,0.00,13437.41,3251.53
CZ10/SFm&2&rDXHP&New&Fenes__ManufWin/Default/instance-out.sql,36555.6,2841.87,2837.75,2643.29,457.71,16688.94,0.0,503.56,0.0,0.0,0.0,0.0,10582.48,0.0,0.0,2841.87,2837.75,0.00,0.00,13437.41,3251.53
CZ10/SFm&2&rDXHP&New&Fenes__ManufWin/Msr-0.25-0.40/instance-out.sql,36740.53,2227.69,3511.35,2643.29,457.71,16688.94,0.0,633.43,0.0,0.0,0.0,0.0,10578.12,0.0,0.0,2227.69,3511.35,0.00,0.00,13437.41,3251.53
CZ10/SFm&2&rDXHP&New&Fenes__ManufWin/Msr-0.28-0.23/instance-out.sql,36499.18,2770.87,2851.83,2643.29,457.71,16688.94,0.0,504.26,0.0,0.0,0.0,0.0,10582.28,0.0,0.0,2770.87,2851.83,0.00,0.00,13437.41,3251.53
CZ11/SFm&2&rDXGF&New&Fenes__ManufWin/Default/instance-out.sql,47142.869999999995,11251.72,4513.39,2643.29,457.71,16688.94,0.0,966.01,0.0,0.0,0.0,0.0,10621.8,0.0,0.0,0.00,4513.39,11251.72,0.00,13437.41,3251.53
CZ11/SFm&2&rDXGF&New&Fenes__ManufWin/Msr-0.25-0.40/instance-out.sql,47683.64,10526.34,5602.77,2643.29,457.71,16688.94,0.0,1145.99,0.0,0.0,0.0,0.0,10618.59,0.0,0.0,0.00,5602.77,10526.34,0.00,13437.41,3251.53
CZ11/SFm&2&rDXGF&New&Fenes__ManufWin/Msr-0.28-0.23/instance-out.sql,46835.91,10954.37,4508.69,2643.29,457.71,16688.94,0.0,961.37,0.0,0.0,0.0,0.0,10621.54,0.0,0.0,0.00,4508.69,10954.37,0.00,13437.41,3251.53
CZ11/SFm&2&rDXHP&New&Fenes__ManufWin/Default/instance-out.sql,43327.54,7150.84,4895.07,2643.29,457.71,16688.94,0.0,877.1,0.0,0.0,0.0,0.0,10614.58,0.0,0.0,7150.84,4895.07,0.00,0.00,13437.41,3251.53
CZ11/SFm&2&rDXHP&New&Fenes__ManufWin/Msr-0.25-0.40/instance-out.sql,44339.979999999996,6897.96,6035.12,2643.29,457.71,16688.94,0.0,1005.91,0.0,0.0,0.0,0.0,10611.04,0.0,0.0,6897.96,6035.12,0.00,0.00,13437.41,3251.53
CZ11/SFm&2&rDXHP&New&Fenes__ManufWin/Msr-0.28-0.23/instance-out.sql,43183.91,7016.12,4893.75,2643.29,457.71,16688.94,0.0,870.08,0.0,0.0,0.0,0.0,10614.02,0.0,0.0,7016.12,4893.75,0.00,0.00,13437.41,3251.53
CZ12/SFm&2&rDXGF&New&Fenes__ManufWin/Default/instance-out.sql,48816.600000000006,14865.13,2736.57,2643.29,457.71,16688.94,0.0,803.0,0.0,0.0,0.0,0.0,10621.96,0.0,0.0,0.00,2736.57,14865.13,0.00,13437.41,3251.53
CZ12/SFm&2&rDXGF&New&Fenes__ManufWin/Msr-0.25-0.40/instance-out.sql,49097.54,13988.74,3679.53,2643.29,457.71,16688.94,0.0,1021.21,0.0,0.0,0.0,0.0,10618.12,0.0,0.0,0.00,3679.53,13988.74,0.00,13437.41,3251.53
CZ12/SFm&2&rDXGF&New&Fenes__ManufWin/Msr-0.28-0.23/instance-out.sql,48487.22,14541.5,2733.69,2643.29,457.71,16688.94,0.0,800.24,0.0,0.0,0.0,0.0,10621.84,0.0,0.0,0.00,2733.69,14541.50,0.00,13437.41,3251.53
CZ12/SFm&2&rDXHP&New&Fenes__ManufWin/Default/instance-out.sql,44128.51,9780.94,3195.46,2643.29,457.71,16688.94,0.0,749.7,0.0,0.0,0.0,0.0,10612.46,0.0,0.0,9780.94,3195.46,0.00,0.00,13437.41,3251.53
CZ12/SFm&2&rDXHP&New&Fenes__ManufWin/Msr-0.25-0.40/instance-out.sql,44320.5,8955.43,4097.26,2643.29,457.71,16688.94,0.0,869.64,0.0,0.0,0.0,0.0,10608.22,0.0,0.0,8955.43,4097.26,0.00,0.00,13437.41,3251.53
CZ12/SFm&2&rDXHP&New&Fenes__ManufWin/Msr-0.28-0.23/instance-out.sql,44002.98,9653.49,3203.13,2643.29,457.71,16688.94,0.0,744.53,0.0,0.0,0.0,0.0,10611.89,0.0,0.0,9653.49,3203.13,0.00,0.00,13437.41,3251.53
CZ13/SFm&2&rDXGF&New&Fenes__ManufWin/Default/instance-out.sql,44815.82,7839.74,5524.83,2643.29,457.71,16688.94,0.0,1055.48,0.0,0.0,0.0,0.0,10605.83,0.0,0.0,0.00,5524.83,7839.74,0.00,13437.41,3251.53
CZ13/SFm&2&rDXGF&New&Fenes__ManufWin/Msr-0.25-0.40/instance-out.sql,44954.899999999994,6824.39,6502.49,2643.29,457.71,16688.94,0.0,1235.23,0.0,0.0,0.0,0.0,10602.84,0.0,0.0,0.00,6502.49,6824.39,0.00,13437.41,3251.53
CZ13/SFm&2&rDXGF&New&Fenes__ManufWin/Msr-0.28-0.23/instance-out.sql,44569.59,7609.08,5513.73,2643.29,457.71,16688.94,0.0,1051.38,0.0,0.0,0.0,0.0,10605.46,0.0,0.0,0.00,5513.73,7609.08,0.00,13437.41,3251.53
CZ13/SFm&2&rDXHP&New&Fenes__ManufWin/Default/instance-out.sql,42523.35,5287.92,5947.04,2643.29,457.71,16688.94,0.0,899.89,0.0,0.0,0.0,0.0,10598.56,0.0,0.0,5287.92,5947.04,0.00,0.00,13437.41,3251.53
CZ13/SFm&2&rDXHP&New&Fenes__ManufWin/Msr-0.25-0.40/instance-out.sql,43218.95,4826.73,6973.56,2643.29,457.71,16688.94,0.0,1033.54,0.0,0.0,0.0,0.0,10595.17,0.0,0.0,4826.73,6973.56,0.00,0.00,13437.41,3251.53
CZ13/SFm&2&rDXHP&New&Fenes__ManufWin/Msr-0.28-0.23/instance-out.sql,42407.55,5183.79,5941.28,2643.29,457.71,16688.94,0.0,894.73,0.0,0.0,0.0,0.0,10597.8,0.0,0.0,5183.79,5941.28,0.00,0.00,13437.41,3251.53
CZ14/SFm&2&rDXGF&New&Fenes__ManufWin/Default/instance-out.sql,47092.89,9755.74,5760.85,2643.29,457.71,16688.94,0.0,1223.48,0.0,0.0,0.0,0.0,10562.88,0.0,0.0,0.00,5760.85,9755.74,0.00,13437.41,3251.53
CZ14/SFm&2&rDXGF&New&Fenes__ManufWin/Msr-0.25-0.40/instance-out.sql,46592.17,8214.12,6619.77,2643.29,457.71,16688.94,0.0,1407.58,0.0,0.0,0.0,0.0,10560.75,0.0,0.0,0.00,6619.77,8214.12,0.00,13437.41,3251.53
CZ14/SFm&2&rDXGF&New&Fenes__ManufWin/Msr-0.28-0.23/instance-out.sql,46804.44,9483.62,5749.87,2643.29,457.71,16688.94,0.0,1218.34,0.0,0.0,0.0,0.0,10562.67,0.0,0.0,0.00,5749.87,9483.62,0.00,13437.41,3251.53
CZ14/SFm&2&rDXHP&New&Fenes__ManufWin/Default/instance-out.sql,43160.57,5838.59,6117.29,2643.29,457.71,16688.94,0.0,861.07,0.0,0.0,0.0,0.0,10553.67,0.0,0.0,5838.59,6117.29,0.00,0.00,13437.41,3251.53
CZ14/SFm&2&rDXHP&New&Fenes__ManufWin/Msr-0.25-0.40/instance-out.sql,43335.65,5013.59,7021.9,2643.29,457.71,16688.94,0.0,959.02,0.0,0.0,0.0,0.0,10551.2,0.0,0.0,5013.59,7021.90,0.00,0.00,13437.41,3251.53
CZ14/SFm&2&rDXHP&New&Fenes__ManufWin/Msr-0.28-0.23/instance-out.sql,43037.72,5727.12,6111.34,2643.29,457.71,16688.94,0.0,855.86,0.0,0.0,0.0,0.0,10553.46,0.0,0.0,5727.12,6111.34,0.00,0.00,13437.41,3251.53
CZ15/SFm&2&rDXGF&New&Fenes__ManufWin/Default/instance-out.sql,45068.520000000004,2576.63,10999.44,2643.29,457.71,16688.94,0.0,1139.88,0.0,0.0,0.0,0.0,10562.63,0.0,0.0,0.00,10999.44,2576.63,0.00,13437.41,3251.53
CZ15/SFm&2&rDXGF&New&Fenes__ManufWin/Msr-0.25-0.40/instance-out.sql,46522.09,2189.42,12692.96,2643.29,457.71,16688.94,0.0,1290.47,0.0,0.0,0.0,0.0,10559.31,0.0,0.0,0.00,12692.96,2189.42,0.00,13437.41,3251.53
CZ15/SFm&2&rDXGF&New&Fenes__ManufWin/Msr-0.28-0.23/instance-out.sql,44913.51,2461.84,10965.86,2643.29,457.71,16688.94,0.0,1133.66,0.0,0.0,0.0,0.0,10562.21,0.0,0.0,0.00,10965.86,2461.84,0.00,13437.41,3251.53
CZ15/SFm&2&rDXHP&New&Fenes__ManufWin/Default/instance-out.sql,43979.270000000004,1530.93,11000.02,2643.29,457.71,16688.94,0.0,1095.79,0.0,0.0,0.0,0.0,10562.59,0.0,0.0,1530.93,11000.02,0.00,0.00,13437.41,3251.53
CZ15/SFm&2&rDXHP&New&Fenes__ManufWin/Msr-0.25-0.40/instance-out.sql,45682.53,1400.78,12693.93,2643.29,457.71,16688.94,0.0,1238.62,0.0,0.0,0.0,0.0,10559.26,0.0,0.0,1400.78,12693.93,0.00,0.00,13437.41,3251.53
CZ15/SFm&2&rDXHP&New&Fenes__ManufWin/Msr-0.28-0.23/instance-out.sql,43897.8,1488.02,10966.48,2643.29,457.71,16688.94,0.0,1091.18,0.0,0.0,0.0,0.0,10562.17,0.0,0.0,1488.02,10966.48,0.00,0.00,13437.41,3251.53
CZ16/SFm&2&rDXGF&New&Fenes__ManufWin/Default/instance-out.sql,42125.08,5997.9,4851.94,2643.29,457.71,16688.94,0.0,831.46,0.0,0.0,0.0,0.0,10653.84,0.0,0.0,0.00,4851.94,5997.90,0.00,13437.41,3251.53
CZ16/SFm&2&rDXGF&New&Fenes__ManufWin/Msr-0.25-0.40/instance-out.sql,41532.93,5861.71,4458.75,2643.29,457.71,16688.94,0.0,767.91,0.0,0.0,0.0,0.0,10654.62,0.0,0.0,0.00,4458.75,5861.71,0.00,13437.41,3251.53
CZ16/SFm&2&rDXGF&New&Fenes__ManufWin/Msr-0.28-0.23/instance-out.sql,41742.67,7093.79,3537.26,2643.29,457.71,16688.94,0.0,658.85,0.0,0.0,0.0,0.0,10662.82,0.0,0.0,0.00,3537.26,7093.79,0.00,13437.41,3251.53
CZ16/SFm&2&rDXHP&New&Fenes__ManufWin/Default/instance-out.sql,42687.2,6506.17,4851.97,2643.29,457.71,16688.94,0.0,885.28,0.0,0.0,0.0,0.0,10653.84,0.0,0.0,6506.17,4851.97,0.00,0.00,13437.41,3251.53
CZ16/SFm&2&rDXHP&New&Fenes__ManufWin/Msr-0.25-0.40/instance-out.sql,42269.0,6544.82,4458.75,2643.29,457.71,16688.94,0.0,820.88,0.0,0.0,0.0,0.0,10654.62,0.0,0.0,6544.82,4458.75,0.00,0.00,13437.41,3251.53
CZ16/SFm&2&rDXHP&New&Fenes__ManufWin/Msr-0.28-0.23/instance-out.sql,42686.33,7953.49,3537.27,2643.29,457.71,16688.94,0.0,742.78,0.0,0.0,0.0,0.0,10662.84,0.0,0.0,7953.49,3537.27,0.00,0.00,13437.41,3251.53

File Name,Unmet Heating (Hours),Unmet Cooling (Hours)
CZ01/SFm&2&rDXGF&New&Fenes__ManufWin/Default/instance-out.sql,88.83,241.67
CZ01/SFm&2&rDXGF&New&Fenes__ManufWin/Msr-0.25-0.40/instance-out.sql,74.50,190.00
CZ01/SFm&2&rDXGF&New&Fenes__ManufWin/Msr-0.28-0.23/instance-out.sql,33.00,99.17
CZ01/SFm&2&rDXHP&New&Fenes__ManufWin/Default/instance-out.sql,11.83,641.00
CZ01/SFm&2&rDXHP&New&Fenes__ManufWin/Msr-0.25-0.40/instance-out.sql,11.67,541.83
CZ01/SFm&2&rDXHP&New&Fenes__ManufWin/Msr-0.28-0.23/instance-out.sql,14.17,227.50
CZ02/SFm&2&rDXGF&New&Fenes__ManufWin/Default/instance-out.sql,183.50,56.17
CZ02/SFm&2&rDXGF&New&Fenes__ManufWin/Msr-0.25-0.40/instance-out.sql,72.50,28.50
CZ02/SFm&2&rDXGF&New&Fenes__ManufWin/Msr-0.28-0.23/instance-out.sql,193.00,58.50
CZ02/SFm&2&rDXHP&New&Fenes__ManufWin/Default/instance-out.sql,41.83,56.17
CZ02/SFm&2&rDXHP&New&Fenes__ManufWin/Msr-0.25-0.40/instance-out.sql,22.33,28.50
CZ02/SFm&2&rDXHP&New&Fenes__ManufWin/Msr-0.28-0.23/instance-out.sql,44.17,58.50
CZ03/SFm&2&rDXGF&New&Fenes__ManufWin/Default/instance-out.sql,3.33,30.83
CZ03/SFm&2&rDXGF&New&Fenes__ManufWin/Msr-0.25-0.40/instance-out.sql,3.67,19.00
CZ03/SFm&2&rDXGF&New&Fenes__ManufWin/Msr-0.28-0.23/instance-out.sql,4.50,46.17
CZ03/SFm&2&rDXHP&New&Fenes__ManufWin/Default/instance-out.sql,3.50,47.33
CZ03/SFm&2&rDXHP&New&Fenes__ManufWin/Msr-0.25-0.40/instance-out.sql,3.67,54.17
CZ03/SFm&2&rDXHP&New&Fenes__ManufWin/Msr-0.28-0.23/instance-out.sql,3.50,82.83
CZ04/SFm&2&rDXGF&New&Fenes__ManufWin/Default/instance-out.sql,13.83,152.83
CZ04/SFm&2&rDXGF&New&Fenes__ManufWin/Msr-0.25-0.40/instance-out.sql,9.50,47.00
CZ04/SFm&2&rDXGF&New&Fenes__ManufWin/Msr-0.28-0.23/instance-out.sql,13.83,153.67
CZ04/SFm&2&rDXHP&New&Fenes__ManufWin/Default/instance-out.sql,7.67,239.00
CZ04/SFm&2&rDXHP&New&Fenes__ManufWin/Msr-0.25-0.40/instance-out.sql,9.00,141.83
CZ04/SFm&2&rDXHP&New&Fenes__ManufWin/Msr-0.28-0.23/instance-out.sql,7.83,242.17
CZ05/SFm&2&rDXGF&New&Fenes__ManufWin/Default/instance-out.sql,2.50,21.33
CZ05/SFm&2&rDXGF&New&Fenes__ManufWin/Msr-0.25-0.40/instance-out.sql,1.67,8.50
CZ05/SFm&2&rDXGF&New&Fenes__ManufWin/Msr-0.28-0.23/instance-out.sql,5.67,24.17
CZ05/SFm&2&rDXHP&New&Fenes__ManufWin/Default/instance-out.sql,2.50,21.33
CZ05/SFm&2&rDXHP&New&Fenes__ManufWin/Msr-0.25-0.40/instance-out.sql,1.67,8.50
CZ05/SFm&2&rDXHP&New&Fenes__ManufWin/Msr-0.28-0.23/instance-out.sql,5.67,22.50
CZ06/SFm&2&rDXGF&New&Fenes__ManufWin/Default/instance-out.sql,3.00,6.17
CZ06/SFm&2&rDXGF&New&Fenes__ManufWin/Msr-0.25-0.40/instance-out.sql,2.50,90.33
CZ06/SFm&2&rDXGF&New&Fenes__ManufWin/Msr-0.28-0.23/instance-out.sql,3.50,6.67
CZ06/SFm&2&rDXHP&New&Fenes__ManufWin/Default/instance-out.sql,2.50,38.00
CZ06/SFm&2&rDXHP&New&Fenes__ManufWin/Msr-0.25-0.40/instance-out.sql,3.67,104.50
CZ06/SFm&2&rDXHP&New&Fenes__ManufWin/Msr-0.28-0.23/instance-out.sql,2.33,39.00
CZ07/SFm&2&rDXGF&New&Fenes__ManufWin/Default/instance-out.sql,17.00,30.67
CZ07/SFm&2&rDXGF&New&Fenes__ManufWin/Msr-0.25-0.40/instance-out.sql,6.83,112.50
CZ07/SFm&2&rDXGF&New&Fenes__ManufWin/Msr-0.28-0.23/instance-out.sql,16.00,34.17
CZ07/SFm&2&rDXHP&New&Fenes__ManufWin/Default/instance-out.sql,6.83,189.33
CZ07/SFm&2&rDXHP&New&Fenes__ManufWin/Msr-0.25-0.40/instance-out.sql,4.67,285.17
CZ07/SFm&2&rDXHP&New&Fenes__ManufWin/Msr-0.28-0.23/instance-out.sql,7.00,190.83
CZ08/SFm&2&rDXGF&New&Fenes__ManufWin/Default/instance-out.sql,25.83,1.83
CZ08/SFm&2&rDXGF&New&Fenes__ManufWin/Msr-0.25-0.40/instance-out.sql,17.00,4.83
CZ08/SFm&2&rDXGF&New&Fenes__ManufWin/Msr-0.28-0.23/instance-out.sql,25.50,1.83
CZ08/SFm&2&rDXHP&New&Fenes__ManufWin/Default/instance-out.sql,4.33,20.00
CZ08/SFm&2&rDXHP&New&Fenes__ManufWin/Msr-0.25-0.40/instance-out.sql,3.83,52.33
CZ08/SFm&2&rDXHP&New&Fenes__ManufWin/Msr-0.28-0.23/instance-out.sql,4.17,20.33
CZ09/SFm&2&rDXGF&New&Fenes__ManufWin/Default/instance-out.sql,10.33,19.50
CZ09/SFm&2&rDXGF&New&Fenes__ManufWin/Msr-0.25-0.40/instance-out.sql,9.17,96.50
CZ09/SFm&2&rDXGF&New&Fenes__ManufWin/Msr-0.28-0.23/instance-out.sql,11.33,22.83
CZ09/SFm&2&rDXHP&New&Fenes__ManufWin/Default/instance-out.sql,10.83,56.00
CZ09/SFm&2&rDXHP&New&Fenes__ManufWin/Msr-0.25-0.40/instance-out.sql,9.00,221.33
CZ09/SFm&2&rDXHP&New&Fenes__ManufWin/Msr-0.28-0.23/instance-out.sql,12.17,60.67
CZ10/SFm&2&rDXGF&New&Fenes__ManufWin/Default/instance-out.sql,58.67,2.17
CZ10/SFm&2&rDXGF&New&Fenes__ManufWin/Msr-0.25-0.40/instance-out.sql,26.00,0.00
CZ10/SFm&2&rDXGF&New&Fenes__ManufWin/Msr-0.28-0.23/instance-out.sql,58.17,2.33
CZ10/SFm&2&rDXHP&New&Fenes__ManufWin/Default/instance-out.sql,60.00,10.00
CZ10/SFm&2&rDXHP&New&Fenes__ManufWin/Msr-0.25-0.40/instance-out.sql,26.17,33.50
CZ10/SFm&2&rDXHP&New&Fenes__ManufWin/Msr-0.28-0.23/instance-out.sql,58.17,10.50
CZ11/SFm&2&rDXGF&New&Fenes__ManufWin/Default/instance-out.sql,10.17,5.17
CZ11/SFm&2&rDXGF&New&Fenes__ManufWin/Msr-0.25-0.40/instance-out.sql,9.83,27.00
CZ11/SFm&2&rDXGF&New&Fenes__ManufWin/Msr-0.28-0.23/instance-out.sql,10.00,5.67
CZ11/SFm&2&rDXHP&New&Fenes__ManufWin/Default/instance-out.sql,10.50,14.50
CZ11/SFm&2&rDXHP&New&Fenes__ManufWin/Msr-0.25-0.40/instance-out.sql,8.33,66.67
CZ11/SFm&2&rDXHP&New&Fenes__ManufWin/Msr-0.28-0.23/instance-out.sql,10.17,15.50
CZ12/SFm&2&rDXGF&New&Fenes__ManufWin/Default/instance-out.sql,7.17,226.00
CZ12/SFm&2&rDXGF&New&Fenes__ManufWin/Msr-0.25-0.40/instance-out.sql,9.17,353.83
CZ12/SFm&2&rDXGF&New&Fenes__ManufWin/Msr-0.28-0.23/instance-out.sql,7.50,231.67
CZ12/SFm&2&rDXHP&New&Fenes__ManufWin/Default/instance-out.sql,6.00,263.33
CZ12/SFm&2&rDXHP&New&Fenes__ManufWin/Msr-0.25-0.40/instance-out.sql,7.50,389.17
CZ12/SFm&2&rDXHP&New&Fenes__ManufWin/Msr-0.28-0.23/instance-out.sql,6.17,272.33
CZ13/SFm&2&rDXGF&New&Fenes__ManufWin/Default/instance-out.sql,13.67,0.00
CZ13/SFm&2&rDXGF&New&Fenes__ManufWin/Msr-0.25-0.40/instance-out.sql,9.33,6.67
CZ13/SFm&2&rDXGF&New&Fenes__ManufWin/Msr-0.28-0.23/instance-out.sql,13.33,0.00
CZ13/SFm&2&rDXHP&New&Fenes__ManufWin/Default/instance-out.sql,14.67,11.50
CZ13/SFm&2&rDXHP&New&Fenes__ManufWin/Msr-0.25-0.40/instance-out.sql,9.17,128.00
CZ13/SFm&2&rDXHP&New&Fenes__ManufWin/Msr-0.28-0.23/instance-out.sql,15.17,14.83
CZ14/SFm&2&rDXGF&New&Fenes__ManufWin/Default/instance-out.sql,49.17,0.00
CZ14/SFm&2&rDXGF&New&Fenes__ManufWin/Msr-0.25-0.40/instance-out.sql,43.83,2.50
CZ14/SFm&2&rDXGF&New&Fenes__ManufWin/Msr-0.28-0.23/instance-out.sql,49.17,0.00
CZ14/SFm&2&rDXHP&New&Fenes__ManufWin/Default/instance-out.sql,50.50,2.00
CZ14/SFm&2&rDXHP&New&Fenes__ManufWin/Msr-0.25-0.40/instance-out.sql,42.50,16.83
CZ14/SFm&2&rDXHP&New&Fenes__ManufWin/Msr-0.28-0.23/instance-out.sql,50.67,2.00
CZ15/SFm&2&rDXGF&New&Fenes__ManufWin/Default/instance-out.sql,77.33,5.67
CZ15/SFm&2&rDXGF&New&Fenes__ManufWin/Msr-0.25-0.40/instance-out.sql,1032.67,30.67
CZ15/SFm&2&rDXGF&New&Fenes__ManufWin/Msr-0.28-0.23/instance-out.sql,101.50,6.17
CZ15/SFm&2&rDXHP&New&Fenes__ManufWin/Default/instance-out.sql,77.67,5.67
CZ15/SFm&2&rDXHP&New&Fenes__ManufWin/Msr-0.25-0.40/instance-out.sql,1033.00,31.67
CZ15/SFm&2&rDXHP&New&Fenes__ManufWin/Msr-0.28-0.23/instance-out.sql,102.33,6.17
CZ16/SFm&2&rDXGF&New&Fenes__ManufWin/Default/instance-out.sql,11.33,11.50
CZ16/SFm&2&rDXGF&New&Fenes__ManufWin/Msr-0.25-0.40/instance-out.sql,12.17,5.00
CZ16/SFm&2&rDXGF&New&Fenes__ManufWin/Msr-0.28-0.23/instance-out.sql,14.67,2.50
CZ16/SFm&2&rDXHP&New&Fenes__ManufWin/Default/instance-out.sql,11.17,11.50
CZ16/SFm&2&rDXHP&New&Fenes__ManufWin/Msr-0.25-0.40/instance-out.sql,12.00,5.00
CZ16/SFm&2&rDXHP&New&Fenes__ManufWin/Msr-0.28-0.23/instance-out.sql,14.17,2.50

