File Name,Net Site EUI (kWh/m2),Net Site Energy (kWh),Net Source EUI (kWh/m2),Net Source Energy (kWh)
CZ01/Htl&0&cDXGF&Ex&dxAC_equip/NE-dxAC-PkgAC-18to33-Ex-SEER-13.4/instance-out.sql,45.37,577892.52,137.68,1753892.75
CZ01/Htl&0&cDXGF&Ex&dxAC_equip/NE-dxAC-PkgAC-18to33-Ex-SEER-15.2/instance-out.sql,45.26,576489.55,137.32,1749206.85
CZ01/Htl&0&cDXGF&Ex&dxAC_equip/NE-dxAC-PkgAC-18to33-Ex-SEER-16.2/instance-out.sql,45.21,575922.94,137.17,1747314.35
CZ01/Htl&0&cDXGF&Ex&dxAC_equip/NE-dxAC-PkgAC-18to33-Ex-SEER-17.1/instance-out.sql,45.18,575469.94,137.05,1745801.35
CZ01/Htl&0&cDXGF&Ex&dxAC_equip/NE-dxAC-PkgAC-18to33-Ex-SEER-18.1/instance-out.sql,45.14,575039.30,136.94,1744362.99
CZ01/Htl&0&cDXGF&Ex&dxAC_equip/NE-dxAC-PkgAC-33to65-Ex-SEER-13.4/instance-out.sql,43.84,558422.82,132.57,1688757.09
CZ01/Htl&0&cDXGF&Ex&dxAC_equip/NE-dxAC-PkgAC-33to65-Ex-SEER-15.2/instance-out.sql,43.84,558396.87,132.56,1688670.43
CZ01/Htl&0&cDXGF&Ex&dxAC_equip/NE-dxAC-PkgAC-33to65-Ex-SEER-16.2/instance-out.sql,43.83,558386.39,132.56,1688635.43
CZ01/Htl&0&cDXGF&Ex&dxAC_equip/NE-dxAC-PkgAC-33to65-Ex-SEER-17.1/instance-out.sql,43.83,558378.01,132.56,1688607.45
CZ01/Htl&0&cDXGF&Ex&dxAC_equip/NE-dxAC-PkgAC-33to65-Ex-SEER-18.1/instance-out.sql,43.83,558370.05,132.56,1688580.84
CZ02/Htl&0&cDXGF&Ex&dxAC_equip/NE-dxAC-PkgAC-18to33-Ex-SEER-13.4/instance-out.sql,50.82,647349.38,158.61,2020487.76
CZ02/Htl&0&cDXGF&Ex&dxAC_equip/NE-dxAC-PkgAC-18to33-Ex-SEER-15.2/instance-out.sql,50.51,643485.58,157.60,2007582.70
CZ02/Htl&0&cDXGF&Ex&dxAC_equip/NE-dxAC-PkgAC-18to33-Ex-SEER-16.2/instance-out.sql,50.39,641925.11,157.19,2002370.71
CZ02/Htl&0&cDXGF&Ex&dxAC_equip/NE-dxAC-PkgAC-18to33-Ex-SEER-17.1/instance-out.sql,50.29,640677.56,156.86,1998203.89
CZ02/Htl&0&cDXGF&Ex&dxAC_equip/NE-dxAC-PkgAC-18to33-Ex-SEER-18.1/instance-out.sql,50.20,639491.54,156.55,1994242.60
CZ02/Htl&0&cDXGF&Ex&dxAC_equip/NE-dxAC-PkgAC-33to65-Ex-SEER-13.4/instance-out.sql,48.52,618134.47,150.96,1922978.33
CZ02/Htl&0&cDXGF&Ex&dxAC_equip/NE-dxAC-PkgAC-33to65-Ex-SEER-15.2/instance-out.sql,48.38,616329.94,150.48,1916951.18
CZ02/Htl&0&cDXGF&Ex&dxAC_equip/NE-dxAC-PkgAC-33to65-Ex-SEER-16.2/instance-out.sql,48.33,615601.13,150.29,1914516.98
CZ02/Htl&0&cDXGF&Ex&dxAC_equip/NE-dxAC-PkgAC-33to65-Ex-SEER-17.1/instance-out.sql,48.28,615018.48,150.14,1912570.91
CZ02/Htl&0&cDXGF&Ex&dxAC_equip/NE-dxAC-PkgAC-33to65-Ex-SEER-18.1/instance-out.sql,48.24,614464.57,149.99,1910720.84
CZ03/Htl&0&cDXGF&Ex&dxAC_equip/NE-dxAC-PkgAC-18to33-Ex-SEER-13.4/instance-out.sql,48.66,619797.16,153.76,1958664.56
CZ03/Htl&0&cDXGF&Ex&dxAC_equip/NE-dxAC-PkgAC-18to33-Ex-SEER-15.2/instance-out.sql,48.39,616396.82,152.87,1947307.41
CZ03/Htl&0&cDXGF&Ex&dxAC_equip/NE-dxAC-PkgAC-18to33-Ex-SEER-16.2/instance-out.sql,48.28,615023.52,152.51,1942720.59
CZ03/Htl&0&cDXGF&Ex&dxAC_equip/NE-dxAC-PkgAC-18to33-Ex-SEER-17.1/instance-out.sql,48.19,613925.61,152.22,1939053.56
CZ03/Htl&0&cDXGF&Ex&dxAC_equip/NE-dxAC-PkgAC-18to33-Ex-SEER-18.1/instance-out.sql,48.11,612881.85,151.95,1935567.42
CZ03/Htl&0&cDXGF&Ex&dxAC_equip/NE-dxAC-PkgAC-33to65-Ex-SEER-13.4/instance-out.sql,45.75,582748.88,144.03,1834707.37
CZ03/Htl&0&cDXGF&Ex&dxAC_equip/NE-dxAC-PkgAC-33to65-Ex-SEER-15.2/instance-out.sql,45.69,581969.24,143.82,1832103.37
CZ03/Htl&0&cDXGF&Ex&dxAC_equip/NE-dxAC-PkgAC-33to65-Ex-SEER-16.2/instance-out.sql,45.66,581654.36,143.74,1831051.69
CZ03/Htl&0&cDXGF&Ex&dxAC_equip/NE-dxAC-PkgAC-33to65-Ex-SEER-17.1/instance-out.sql,45.64,581402.63,143.67,1830210.90
CZ03/Htl&0&cDXGF&Ex&dxAC_equip/NE-dxAC-PkgAC-33to65-Ex-SEER-18.1/instance-out.sql,45.62,581163.31,143.61,1829411.59
CZ04/Htl&0&cDXGF&Ex&dxAC_equip/NE-dxAC-PkgAC-18to33-Ex-SEER-13.4/instance-out.sql,51.43,655115.43,163.41,2081600.47
CZ04/Htl&0&cDXGF&Ex&dxAC_equip/NE-dxAC-PkgAC-18to33-Ex-SEER-15.2/instance-out.sql,51.07,650558.33,162.21,2066379.74
CZ04/Htl&0&cDXGF&Ex&dxAC_equip/NE-dxAC-PkgAC-18to33-Ex-SEER-16.2/instance-out.sql,50.93,648717.84,161.73,2060232.53
CZ04/Htl&0&cDXGF&Ex&dxAC_equip/NE-dxAC-PkgAC-18to33-Ex-SEER-17.1/instance-out.sql,50.81,647246.43,161.35,2055318.02
CZ04/Htl&0&cDXGF&Ex&dxAC_equip/NE-dxAC-PkgAC-18to33-Ex-SEER-18.1/instance-out.sql,50.70,645847.61,160.98,2050645.93
CZ04/Htl&0&cDXGF&Ex&dxAC_equip/NE-dxAC-PkgAC-33to65-Ex-SEER-13.4/instance-out.sql,48.83,622032.48,154.73,1971101.30
CZ04/Htl&0&cDXGF&Ex&dxAC_equip/NE-dxAC-PkgAC-33to65-Ex-SEER-15.2/instance-out.sql,48.66,619809.72,154.15,1963677.28
CZ04/Htl&0&cDXGF&Ex&dxAC_equip/NE-dxAC-PkgAC-33to65-Ex-SEER-16.2/instance-out.sql,48.59,618912.02,153.92,1960678.94
CZ04/Htl&0&cDXGF&Ex&dxAC_equip/NE-dxAC-PkgAC-33to65-Ex-SEER-17.1/instance-out.sql,48.53,618194.33,153.73,1958281.85
CZ04/Htl&0&cDXGF&Ex&dxAC_equip/NE-dxAC-PkgAC-33to65-Ex-SEER-18.1/instance-out.sql,48.48,617512.04,153.55,1956003.01
CZ05/Htl&0&cDXGF&Ex&dxAC_equip/NE-dxAC-PkgAC-18to33-Ex-SEER-13.4/instance-out.sql,48.67,619956.35,154.32,1965829.40
CZ05/Htl&0&cDXGF&Ex&dxAC_equip/NE-dxAC-PkgAC-18to33-Ex-SEER-15.2/instance-out.sql,48.38,616306.21,153.36,1953637.95
CZ05/Htl&0&cDXGF&Ex&dxAC_equip/NE-dxAC-PkgAC-18to33-Ex-SEER-16.2/instance-out.sql,48.27,614832.03,152.98,1948714.18
CZ05/Htl&0&cDXGF&Ex&dxAC_equip/NE-dxAC-PkgAC-18to33-Ex-SEER-17.1/instance-out.sql,48.17,613653.46,152.67,1944777.77
CZ05/Htl&0&cDXGF&Ex&dxAC_equip/NE-dxAC-PkgAC-18to33-Ex-SEER-18.1/instance-out.sql,48.08,612533.03,152.37,1941035.53
CZ05/Htl&0&cDXGF&Ex&dxAC_equip/NE-dxAC-PkgAC-33to65-Ex-SEER-13.4/instance-out.sql,45.89,584514.77,145.02,1847392.05
CZ05/Htl&0&cDXGF&Ex&dxAC_equip/NE-dxAC-PkgAC-33to65-Ex-SEER-15.2/instance-out.sql,45.80,583367.25,144.72,1843559.34
CZ05/Htl&0&cDXGF&Ex&dxAC_equip/NE-dxAC-PkgAC-33to65-Ex-SEER-16.2/instance-out.sql,45.76,582903.80,144.60,1842011.41
CZ05/Htl&0&cDXGF&Ex&dxAC_equip/NE-dxAC-PkgAC-33to65-Ex-SEER-17.1/instance-out.sql,45.73,582533.28,144.50,1840773.89
CZ05/Htl&0&cDXGF&Ex&dxAC_equip/NE-dxAC-PkgAC-33to65-Ex-SEER-18.1/instance-out.sql,45.70,582181.05,144.41,1839597.42
CZ06/Htl&0&cDXGF&Ex&dxAC_equip/NE-dxAC-PkgAC-18to33-Ex-SEER-13.4/instance-out.sql,51.40,654756.37,164.91,2100734.73
CZ06/Htl&0&cDXGF&Ex&dxAC_equip/NE-dxAC-PkgAC-18to33-Ex-SEER-15.2/instance-out.sql,51.01,649766.44,163.60,2084068.36
CZ06/Htl&0&cDXGF&Ex&dxAC_equip/NE-dxAC-PkgAC-18to33-Ex-SEER-16.2/instance-out.sql,50.85,647751.15,163.07,2077337.30
CZ06/Htl&0&cDXGF&Ex&dxAC_equip/NE-dxAC-PkgAC-18to33-Ex-SEER-17.1/instance-out.sql,50.72,646139.99,162.65,2071956.02
CZ06/Htl&0&cDXGF&Ex&dxAC_equip/NE-dxAC-PkgAC-18to33-Ex-SEER-18.1/instance-out.sql,50.60,644608.30,162.25,2066840.18
CZ06/Htl&0&cDXGF&Ex&dxAC_equip/NE-dxAC-PkgAC-33to65-Ex-SEER-13.4/instance-out.sql,48.00,611487.04,153.58,1956358.62
CZ06/Htl&0&cDXGF&Ex&dxAC_equip/NE-dxAC-PkgAC-33to65-Ex-SEER-15.2/instance-out.sql,47.85,609545.72,153.07,1949874.60
CZ06/Htl&0&cDXGF&Ex&dxAC_equip/NE-dxAC-PkgAC-33to65-Ex-SEER-16.2/instance-out.sql,47.79,608761.68,152.86,1947255.89
CZ06/Htl&0&cDXGF&Ex&dxAC_equip/NE-dxAC-PkgAC-33to65-Ex-SEER-17.1/instance-out.sql,47.74,608134.86,152.70,1945162.32
CZ06/Htl&0&cDXGF&Ex&dxAC_equip/NE-dxAC-PkgAC-33to65-Ex-SEER-18.1/instance-out.sql,47.69,607538.96,152.54,1943172.01
CZ07/Htl&0&cDXGF&Ex&dxAC_equip/NE-dxAC-PkgAC-18to33-Ex-SEER-13.4/instance-out.sql,51.03,650101.53,163.74,2085804.34
CZ07/Htl&0&cDXGF&Ex&dxAC_equip/NE-dxAC-PkgAC-18to33-Ex-SEER-15.2/instance-out.sql,50.64,645056.09,162.42,2068952.57
CZ07/Htl&0&cDXGF&Ex&dxAC_equip/NE-dxAC-PkgAC-18to33-Ex-SEER-16.2/instance-out.sql,50.48,643018.38,161.88,2062146.62
CZ07/Htl&0&cDXGF&Ex&dxAC_equip/NE-dxAC-PkgAC-18to33-Ex-SEER-17.1/instance-out.sql,50.35,641389.30,161.46,2056705.48
CZ07/Htl&0&cDXGF&Ex&dxAC_equip/NE-dxAC-PkgAC-18to33-Ex-SEER-18.1/instance-out.sql,50.23,639840.57,161.05,2051532.73
CZ07/Htl&0&cDXGF&Ex&dxAC_equip/NE-dxAC-PkgAC-33to65-Ex-SEER-13.4/instance-out.sql,48.31,615352.11,154.63,1969760.45
CZ07/Htl&0&cDXGF&Ex&dxAC_equip/NE-dxAC-PkgAC-33to65-Ex-SEER-15.2/instance-out.sql,48.10,612757.92,153.95,1961095.84
CZ07/Htl&0&cDXGF&Ex&dxAC_equip/NE-dxAC-PkgAC-33to65-Ex-SEER-16.2/instance-out.sql,48.02,611710.19,153.67,1957596.45
CZ07/Htl&0&cDXGF&Ex&dxAC_equip/NE-dxAC-PkgAC-33to65-Ex-SEER-17.1/instance-out.sql,47.95,610872.57,153.46,1954798.80
CZ07/Htl&0&cDXGF&Ex&dxAC_equip/NE-dxAC-PkgAC-33to65-Ex-SEER-18.1/instance-out.sql,47.89,610076.27,153.25,1952139.14
CZ08/Htl&0&cDXGF&Ex&dxAC_equip/NE-dxAC-PkgAC-18to33-Ex-SEER-13.4/instance-out.sql,53.32,679191.74,171.23,2181280.05
CZ08/Htl&0&cDXGF&Ex&dxAC_equip/NE-dxAC-PkgAC-18to33-Ex-SEER-15.2/instance-out.sql,52.87,673486.04,169.74,2162223.02
CZ08/Htl&0&cDXGF&Ex&dxAC_equip/NE-dxAC-PkgAC-18to33-Ex-SEER-16.2/instance-out.sql,52.69,671181.68,169.13,2154526.44
CZ08/Htl&0&cDXGF&Ex&dxAC_equip/NE-dxAC-PkgAC-18to33-Ex-SEER-17.1/instance-out.sql,52.54,669339.41,168.65,2148373.25
CZ08/Htl&0&cDXGF&Ex&dxAC_equip/NE-dxAC-PkgAC-18to33-Ex-SEER-18.1/instance-out.sql,52.41,667588.01,168.19,2142523.59
CZ08/Htl&0&cDXGF&Ex&dxAC_equip/NE-dxAC-PkgAC-33to65-Ex-SEER-13.4/instance-out.sql,50.52,643587.40,161.90,2062348.29
CZ08/Htl&0&cDXGF&Ex&dxAC_equip/NE-dxAC-PkgAC-33to65-Ex-SEER-15.2/instance-out.sql,50.27,640394.29,161.06,2051683.30
CZ08/Htl&0&cDXGF&Ex&dxAC_equip/NE-dxAC-PkgAC-33to65-Ex-SEER-16.2/instance-out.sql,50.17,639104.69,160.72,2047376.01
CZ08/Htl&0&cDXGF&Ex&dxAC_equip/NE-dxAC-PkgAC-33to65-Ex-SEER-17.1/instance-out.sql,50.09,638073.68,160.45,2043932.47
CZ08/Htl&0&cDXGF&Ex&dxAC_equip/NE-dxAC-PkgAC-33to65-Ex-SEER-18.1/instance-out.sql,50.01,637093.54,160.20,2040658.79
CZ09/Htl&0&cDXGF&Ex&dxAC_equip/NE-dxAC-PkgAC-18to33-Ex-SEER-13.4/instance-out.sql,54.83,698459.21,176.36,2246613.85
CZ09/Htl&0&cDXGF&Ex&dxAC_equip/NE-dxAC-PkgAC-18to33-Ex-SEER-15.2/instance-out.sql,54.35,692305.17,174.75,2226059.36
CZ09/Htl&0&cDXGF&Ex&dxAC_equip/NE-dxAC-PkgAC-18to33-Ex-SEER-16.2/instance-out.sql,54.15,689819.74,174.10,2217757.99
CZ09/Htl&0&cDXGF&Ex&dxAC_equip/NE-dxAC-PkgAC-18to33-Ex-SEER-17.1/instance-out.sql,54.00,687832.70,173.58,2211121.30
CZ09/Htl&0&cDXGF&Ex&dxAC_equip/NE-dxAC-PkgAC-18to33-Ex-SEER-18.1/instance-out.sql,53.85,685943.69,173.08,2204811.99
CZ09/Htl&0&cDXGF&Ex&dxAC_equip/NE-dxAC-PkgAC-33to65-Ex-SEER-13.4/instance-out.sql,52.08,663391.61,167.18,2129675.72
CZ09/Htl&0&cDXGF&Ex&dxAC_equip/NE-dxAC-PkgAC-33to65-Ex-SEER-15.2/instance-out.sql,51.79,659706.11,166.22,2117366.15
CZ09/Htl&0&cDXGF&Ex&dxAC_equip/NE-dxAC-PkgAC-33to65-Ex-SEER-16.2/instance-out.sql,51.67,658217.64,165.83,2112394.67
CZ09/Htl&0&cDXGF&Ex&dxAC_equip/NE-dxAC-PkgAC-33to65-Ex-SEER-17.1/instance-out.sql,51.58,657027.65,165.51,2108420.12
CZ09/Htl&0&cDXGF&Ex&dxAC_equip/NE-dxAC-PkgAC-33to65-Ex-SEER-18.1/instance-out.sql,51.49,655896.37,165.22,2104641.63
CZ10/Htl&0&cDXGF&Ex&dxAC_equip/NE-dxAC-PkgAC-18to33-Ex-SEER-13.4/instance-out.sql,56.42,718681.72,181.03,2306004.88
CZ10/Htl&0&cDXGF&Ex&dxAC_equip/NE-dxAC-PkgAC-18to33-Ex-SEER-15.2/instance-out.sql,55.87,711692.62,179.19,2282661.27
CZ10/Htl&0&cDXGF&Ex&dxAC_equip/NE-dxAC-PkgAC-18to33-Ex-SEER-16.2/instance-out.sql,55.65,708869.92,178.45,2273233.46
CZ10/Htl&0&cDXGF&Ex&dxAC_equip/NE-dxAC-PkgAC-18to33-Ex-SEER-17.1/instance-out.sql,55.47,706613.26,177.86,2265696.22
CZ10/Htl&0&cDXGF&Ex&dxAC_equip/NE-dxAC-PkgAC-18to33-Ex-SEER-18.1/instance-out.sql,55.30,704467.92,177.30,2258530.76
CZ10/Htl&0&cDXGF&Ex&dxAC_equip/NE-dxAC-PkgAC-33to65-Ex-SEER-13.4/instance-out.sql,54.34,692155.55,174.07,2217394.61
CZ10/Htl&0&cDXGF&Ex&dxAC_equip/NE-dxAC-PkgAC-33to65-Ex-SEER-15.2/instance-out.sql,53.93,687038.50,172.73,2200303.65
CZ10/Htl&0&cDXGF&Ex&dxAC_equip/NE-dxAC-PkgAC-33to65-Ex-SEER-16.2/instance-out.sql,53.77,684971.87,172.19,2193401.10
CZ10/Htl&0&cDXGF&Ex&dxAC_equip/NE-dxAC-PkgAC-33to65-Ex-SEER-17.1/instance-out.sql,53.64,683319.66,171.75,2187882.72
CZ10/Htl&0&cDXGF&Ex&dxAC_equip/NE-dxAC-PkgAC-33to65-Ex-SEER-18.1/instance-out.sql,53.52,681748.95,171.34,2182636.55
CZ11/Htl&0&cDXGF&Ex&dxAC_equip/NE-dxAC-PkgAC-18to33-Ex-SEER-13.4/instance-out.sql,59.15,753527.79,185.90,2368117.64
CZ11/Htl&0&cDXGF&Ex&dxAC_equip/NE-dxAC-PkgAC-18to33-Ex-SEER-15.2/instance-out.sql,58.60,746459.49,184.05,2344509.52
CZ11/Htl&0&cDXGF&Ex&dxAC_equip/NE-dxAC-PkgAC-18to33-Ex-SEER-16.2/instance-out.sql,58.37,743604.81,183.30,2334974.87
CZ11/Htl&0&cDXGF&Ex&dxAC_equip/NE-dxAC-PkgAC-18to33-Ex-SEER-17.1/instance-out.sql,58.20,741322.58,182.70,2327352.22
CZ11/Htl&0&cDXGF&Ex&dxAC_equip/NE-dxAC-PkgAC-18to33-Ex-SEER-18.1/instance-out.sql,58.02,739152.92,182.13,2320105.57
CZ11/Htl&0&cDXGF&Ex&dxAC_equip/NE-dxAC-PkgAC-33to65-Ex-SEER-13.4/instance-out.sql,57.56,733199.40,180.55,2299966.27
CZ11/Htl&0&cDXGF&Ex&dxAC_equip/NE-dxAC-PkgAC-33to65-Ex-SEER-15.2/instance-out.sql,57.12,727573.28,179.08,2281175.01
CZ11/Htl&0&cDXGF&Ex&dxAC_equip/NE-dxAC-PkgAC-33to65-Ex-SEER-16.2/instance-out.sql,56.94,725301.05,178.48,2273585.76
CZ11/Htl&0&cDXGF&Ex&dxAC_equip/NE-dxAC-PkgAC-33to65-Ex-SEER-17.1/instance-out.sql,56.79,723484.47,178.00,2267518.38
CZ11/Htl&0&cDXGF&Ex&dxAC_equip/NE-dxAC-PkgAC-33to65-Ex-SEER-18.1/instance-out.sql,56.66,721757.49,177.55,2261750.30
CZ12/Htl&0&cDXGF&Ex&dxAC_equip/NE-dxAC-PkgAC-18to33-Ex-SEER-13.4/instance-out.sql,55.50,706994.98,173.95,2215842.61
CZ12/Htl&0&cDXGF&Ex&dxAC_equip/NE-dxAC-PkgAC-18to33-Ex-SEER-15.2/instance-out.sql,55.03,701034.28,172.38,2195933.84
CZ12/Htl&0&cDXGF&Ex&dxAC_equip/NE-dxAC-PkgAC-18to33-Ex-SEER-16.2/instance-out.sql,54.84,698626.92,171.75,2187893.26
CZ12/Htl&0&cDXGF&Ex&dxAC_equip/NE-dxAC-PkgAC-18to33-Ex-SEER-17.1/instance-out.sql,54.69,696702.31,171.25,2181465.07
CZ12/Htl&0&cDXGF&Ex&dxAC_equip/NE-dxAC-PkgAC-18to33-Ex-SEER-18.1/instance-out.sql,54.55,694872.63,170.77,2175353.96
CZ12/Htl&0&cDXGF&Ex&dxAC_equip/NE-dxAC-PkgAC-33to65-Ex-SEER-13.4/instance-out.sql,53.73,684438.41,168.04,2140530.64
CZ12/Htl&0&cDXGF&Ex&dxAC_equip/NE-dxAC-PkgAC-33to65-Ex-SEER-15.2/instance-out.sql,53.39,680068.43,166.89,2125934.92
CZ12/Htl&0&cDXGF&Ex&dxAC_equip/NE-dxAC-PkgAC-33to65-Ex-SEER-16.2/instance-out.sql,53.25,678303.52,166.43,2120040.13
CZ12/Htl&0&cDXGF&Ex&dxAC_equip/NE-dxAC-PkgAC-33to65-Ex-SEER-17.1/instance-out.sql,53.14,676892.54,166.06,2115327.43
CZ12/Htl&0&cDXGF&Ex&dxAC_equip/NE-dxAC-PkgAC-33to65-Ex-SEER-18.1/instance-out.sql,53.03,675551.15,165.71,2110847.19
CZ13/Htl&0&cDXGF&Ex&dxAC_equip/NE-dxAC-PkgAC-18to33-Ex-SEER-13.4/instance-out.sql,59.58,758907.83,188.90,2406273.65
CZ13/Htl&0&cDXGF&Ex&dxAC_equip/NE-dxAC-PkgAC-18to33-Ex-SEER-15.2/instance-out.sql,58.98,751284.44,186.90,2380811.53
CZ13/Htl&0&cDXGF&Ex&dxAC_equip/NE-dxAC-PkgAC-18to33-Ex-SEER-16.2/instance-out.sql,58.74,748205.57,186.09,2370528.12
CZ13/Htl&0&cDXGF&Ex&dxAC_equip/NE-dxAC-PkgAC-18to33-Ex-SEER-17.1/instance-out.sql,58.54,745744.11,185.45,2362306.84
CZ13/Htl&0&cDXGF&Ex&dxAC_equip/NE-dxAC-PkgAC-18to33-Ex-SEER-18.1/instance-out.sql,58.36,743404.07,184.83,2354491.09
CZ13/Htl&0&cDXGF&Ex&dxAC_equip/NE-dxAC-PkgAC-33to65-Ex-SEER-13.4/instance-out.sql,57.89,737497.56,183.27,2334628.90
CZ13/Htl&0&cDXGF&Ex&dxAC_equip/NE-dxAC-PkgAC-33to65-Ex-SEER-15.2/instance-out.sql,57.42,731388.97,181.67,2314226.23
CZ13/Htl&0&cDXGF&Ex&dxAC_equip/NE-dxAC-PkgAC-33to65-Ex-SEER-16.2/instance-out.sql,57.22,728921.89,181.02,2305986.18
CZ13/Htl&0&cDXGF&Ex&dxAC_equip/NE-dxAC-PkgAC-33to65-Ex-SEER-17.1/instance-out.sql,57.07,726949.54,180.51,2299398.52
CZ13/Htl&0&cDXGF&Ex&dxAC_equip/NE-dxAC-PkgAC-33to65-Ex-SEER-18.1/instance-out.sql,56.92,725074.47,180.02,2293135.80
CZ14/Htl&0&cDXGF&Ex&dxAC_equip/NE-dxAC-PkgAC-18to33-Ex-SEER-13.4/instance-out.sql,62.42,795170.73,200.82,2558126.24
CZ14/Htl&0&cDXGF&Ex&dxAC_equip/NE-dxAC-PkgAC-18to33-Ex-SEER-15.2/instance-out.sql,61.69,785791.41,198.36,2526799.30
CZ14/Htl&0&cDXGF&Ex&dxAC_equip/NE-dxAC-PkgAC-18to33-Ex-SEER-16.2/instance-out.sql,61.39,782003.37,197.37,2514147.25
CZ14/Htl&0&cDXGF&Ex&dxAC_equip/NE-dxAC-PkgAC-18to33-Ex-SEER-17.1/instance-out.sql,61.15,778974.95,196.57,2504032.32
CZ14/Htl&0&cDXGF&Ex&dxAC_equip/NE-dxAC-PkgAC-18to33-Ex-SEER-18.1/instance-out.sql,60.92,776095.91,195.82,2494416.34
CZ14/Htl&0&cDXGF&Ex&dxAC_equip/NE-dxAC-PkgAC-33to65-Ex-SEER-13.4/instance-out.sql,60.68,772917.65,194.98,2483754.35
CZ14/Htl&0&cDXGF&Ex&dxAC_equip/NE-dxAC-PkgAC-33to65-Ex-SEER-15.2/instance-out.sql,60.06,765109.90,192.93,2457676.48
CZ14/Htl&0&cDXGF&Ex&dxAC_equip/NE-dxAC-PkgAC-33to65-Ex-SEER-16.2/instance-out.sql,59.81,761956.58,192.11,2447144.38
CZ14/Htl&0&cDXGF&Ex&dxAC_equip/NE-dxAC-PkgAC-33to65-Ex-SEER-17.1/instance-out.sql,59.62,759435.59,191.44,2438724.29
CZ14/Htl&0&cDXGF&Ex&dxAC_equip/NE-dxAC-PkgAC-33to65-Ex-SEER-18.1/instance-out.sql,59.43,757038.96,190.82,2430719.54
CZ15/Htl&0&cDXGF&Ex&dxAC_equip/NE-dxAC-PkgAC-18to33-Ex-SEER-13.4/instance-out.sql,66.14,842519.65,214.41,2731275.52
CZ15/Htl&0&cDXGF&Ex&dxAC_equip/NE-dxAC-PkgAC-18to33-Ex-SEER-15.2/instance-out.sql,65.22,830779.16,211.33,2692062.30
CZ15/Htl&0&cDXGF&Ex&dxAC_equip/NE-dxAC-PkgAC-18to33-Ex-SEER-16.2/instance-out.sql,64.85,826037.52,210.09,2676225.21
CZ15/Htl&0&cDXGF&Ex&dxAC_equip/NE-dxAC-PkgAC-18to33-Ex-SEER-17.1/instance-out.sql,64.55,822246.72,209.09,2663563.94
CZ15/Htl&0&cDXGF&Ex&dxAC_equip/NE-dxAC-PkgAC-18to33-Ex-SEER-18.1/instance-out.sql,64.26,818642.91,208.15,2651527.22
CZ15/Htl&0&cDXGF&Ex&dxAC_equip/NE-dxAC-PkgAC-33to65-Ex-SEER-13.4/instance-out.sql,64.76,825001.27,209.82,2672824.39
CZ15/Htl&0&cDXGF&Ex&dxAC_equip/NE-dxAC-PkgAC-33to65-Ex-SEER-15.2/instance-out.sql,63.94,814495.01,207.07,2637733.46
CZ15/Htl&0&cDXGF&Ex&dxAC_equip/NE-dxAC-PkgAC-33to65-Ex-SEER-16.2/instance-out.sql,63.61,810251.83,205.95,2623561.25
CZ15/Htl&0&cDXGF&Ex&dxAC_equip/NE-dxAC-PkgAC-33to65-Ex-SEER-17.1/instance-out.sql,63.34,806859.54,205.06,2612231.00
CZ15/Htl&0&cDXGF&Ex&dxAC_equip/NE-dxAC-PkgAC-33to65-Ex-SEER-18.1/instance-out.sql,63.09,803634.58,204.22,2601459.64
CZ16/Htl&0&cDXGF&Ex&dxAC_equip/NE-dxAC-PkgAC-18to33-Ex-SEER-13.4/instance-out.sql,60.12,765824.29,187.04,2382601.94
CZ16/Htl&0&cDXGF&Ex&dxAC_equip/NE-dxAC-PkgAC-18to33-Ex-SEER-15.2/instance-out.sql,59.59,759134.84,185.28,2360259.17
CZ16/Htl&0&cDXGF&Ex&dxAC_equip/NE-dxAC-PkgAC-18to33-Ex-SEER-16.2/instance-out.sql,59.38,756433.16,184.58,2351235.57
CZ16/Htl&0&cDXGF&Ex&dxAC_equip/NE-dxAC-PkgAC-18to33-Ex-SEER-17.1/instance-out.sql,59.21,754273.26,184.01,2344021.48
CZ16/Htl&0&cDXGF&Ex&dxAC_equip/NE-dxAC-PkgAC-18to33-Ex-SEER-18.1/instance-out.sql,59.05,752219.89,183.47,2337163.24
CZ16/Htl&0&cDXGF&Ex&dxAC_equip/NE-dxAC-PkgAC-33to65-Ex-SEER-13.4/instance-out.sql,58.36,743453.30,181.18,2307995.40
CZ16/Htl&0&cDXGF&Ex&dxAC_equip/NE-dxAC-PkgAC-33to65-Ex-SEER-15.2/instance-out.sql,57.96,738338.86,179.84,2290913.14
CZ16/Htl&0&cDXGF&Ex&dxAC_equip/NE-dxAC-PkgAC-33to65-Ex-SEER-16.2/instance-out.sql,57.80,736273.28,179.30,2284014.11
CZ16/Htl&0&cDXGF&Ex&dxAC_equip/NE-dxAC-PkgAC-33to65-Ex-SEER-17.1/instance-out.sql,57.67,734621.91,178.87,2278498.55
CZ16/Htl&0&cDXGF&Ex&dxAC_equip/NE-dxAC-PkgAC-33to65-Ex-SEER-18.1/instance-out.sql,57.55,733052.00,178.45,2273255.05

File Name,Total (kWh),Heating (kWh),Cooling (kWh),Interior Lighting (kWh),Exterior Lighting (kWh),Interior Equipment (kWh),Exterior Equipment (kWh),Fans (kWh),Pumps (kWh),Heat Rejection (kWh),Humidification (kWh),Heat Recovery (kWh),Water Systems (kWh),Refrigeration (kWh),Generators (kWh),Heating Elec (kWh),Cooling Elec (kWh),Heating NG (kWh),Cooling NG (kWh),Interior Equipment Elec (kWh),Interior Equipment NG (kWh)
CZ01/Htl&0&cDXGF&Ex&dxAC_equip/NE-dxAC-PkgAC-18to33-Ex-SEER-13.4/instance-out.sql,577892.51,38018.31,38705.95,125722.95,0.0,205621.82,0.0,156958.36,0.0,0.0,0.0,0.0,12865.13,0.0,0.0,0.00,38705.95,38018.31,0.00,179632.92,25988.90
CZ01/Htl&0&cDXGF&Ex&dxAC_equip/NE-dxAC-PkgAC-18to33-Ex-SEER-15.2/instance-out.sql,576489.5499999999,38018.31,37302.99,125722.95,0.0,205621.82,0.0,156958.36,0.0,0.0,0.0,0.0,12865.13,0.0,0.0,0.00,37302.99,38018.31,0.00,179632.92,25988.90
CZ01/Htl&0&cDXGF&Ex&dxAC_equip/NE-dxAC-PkgAC-18to33-Ex-SEER-16.2/instance-out.sql,575922.9299999999,38018.31,36736.37,125722.95,0.0,205621.82,0.0,156958.36,0.0,0.0,0.0,0.0,12865.13,0.0,0.0,0.00,36736.37,38018.31,0.00,179632.92,25988.90
CZ01/Htl&0&cDXGF&Ex&dxAC_equip/NE-dxAC-PkgAC-18to33-Ex-SEER-17.1/instance-out.sql,575469.94,38018.31,36283.38,125722.95,0.0,205621.82,0.0,156958.36,0.0,0.0,0.0,0.0,12865.13,0.0,0.0,0.00,36283.38,38018.31,0.00,179632.92,25988.90
CZ01/Htl&0&cDXGF&Ex&dxAC_equip/NE-dxAC-PkgAC-18to33-Ex-SEER-18.1/instance-out.sql,575039.29,38018.31,35852.73,125722.95,0.0,205621.82,0.0,156958.36,0.0,0.0,0.0,0.0,12865.13,0.0,0.0,0.00,35852.73,38018.31,0.00,179632.92,25988.90
CZ01/Htl&0&cDXGF&Ex&dxAC_equip/NE-dxAC-PkgAC-33to65-Ex-SEER-13.4/instance-out.sql,558422.81,38019.57,19189.73,125722.95,0.0,205621.82,0.0,156958.28,0.0,0.0,0.0,0.0,12910.46,0.0,0.0,0.00,19189.73,38019.57,0.00,179632.92,25988.90
CZ01/Htl&0&cDXGF&Ex&dxAC_equip/NE-dxAC-PkgAC-33to65-Ex-SEER-15.2/instance-out.sql,558396.86,38019.57,19163.79,125722.95,0.0,205621.82,0.0,156958.28,0.0,0.0,0.0,0.0,12910.46,0.0,0.0,0.00,19163.79,38019.57,0.00,179632.92,25988.90
CZ01/Htl&0&cDXGF&Ex&dxAC_equip/NE-dxAC-PkgAC-33to65-Ex-SEER-16.2/instance-out.sql,558386.39,38019.57,19153.31,125722.95,0.0,205621.82,0.0,156958.28,0.0,0.0,0.0,0.0,12910.46,0.0,0.0,0.00,19153.31,38019.57,0.00,179632.92,25988.90
CZ01/Htl&0&cDXGF&Ex&dxAC_equip/NE-dxAC-PkgAC-33to65-Ex-SEER-17.1/instance-out.sql,558378.01,38019.57,19144.93,125722.95,0.0,205621.82,0.0,156958.28,0.0,0.0,0.0,0.0,12910.46,0.0,0.0,0.00,19144.93,38019.57,0.00,179632.92,25988.90
CZ01/Htl&0&cDXGF&Ex&dxAC_equip/NE-dxAC-PkgAC-33to65-Ex-SEER-18.1/instance-out.sql,558370.04,38019.57,19136.97,125722.95,0.0,205621.82,0.0,156958.28,0.0,0.0,0.0,0.0,12910.46,0.0,0.0,0.00,19136.97,38019.57,0.00,179632.92,25988.90
CZ02/Htl&0&cDXGF&Ex&dxAC_equip/NE-dxAC-PkgAC-18to33-Ex-SEER-13.4/instance-out.sql,647349.38,23903.93,95718.01,125722.95,0.0,205621.82,0.0,184496.54,0.0,0.0,0.0,0.0,11886.13,0.0,0.0,0.00,95718.01,23903.93,0.00,179632.92,25988.90
CZ02/Htl&0&cDXGF&Ex&dxAC_equip/NE-dxAC-PkgAC-18to33-Ex-SEER-15.2/instance-out.sql,643485.58,23903.93,91854.22,125722.95,0.0,205621.82,0.0,184496.54,0.0,0.0,0.0,0.0,11886.13,0.0,0.0,0.00,91854.22,23903.93,0.00,179632.92,25988.90
CZ02/Htl&0&cDXGF&Ex&dxAC_equip/NE-dxAC-PkgAC-18to33-Ex-SEER-16.2/instance-out.sql,641925.11,23903.93,90293.74,125722.95,0.0,205621.82,0.0,184496.54,0.0,0.0,0.0,0.0,11886.13,0.0,0.0,0.00,90293.74,23903.93,0.00,179632.92,25988.90
CZ02/Htl&0&cDXGF&Ex&dxAC_equip/NE-dxAC-PkgAC-18to33-Ex-SEER-17.1/instance-out.sql,640677.5599999999,23903.93,89046.19,125722.95,0.0,205621.82,0.0,184496.54,0.0,0.0,0.0,0.0,11886.13,0.0,0.0,0.00,89046.19,23903.93,0.00,179632.92,25988.90
CZ02/Htl&0&cDXGF&Ex&dxAC_equip/NE-dxAC-PkgAC-18to33-Ex-SEER-18.1/instance-out.sql,639491.5499999999,23903.93,87860.18,125722.95,0.0,205621.82,0.0,184496.54,0.0,0.0,0.0,0.0,11886.13,0.0,0.0,0.00,87860.18,23903.93,0.00,179632.92,25988.90
CZ02/Htl&0&cDXGF&Ex&dxAC_equip/NE-dxAC-PkgAC-33to65-Ex-SEER-13.4/instance-out.sql,618134.47,23904.71,66532.97,125722.95,0.0,205621.82,0.0,184496.48,0.0,0.0,0.0,0.0,11855.55,0.0,0.0,0.00,66532.97,23904.71,0.00,179632.92,25988.90
CZ02/Htl&0&cDXGF&Ex&dxAC_equip/NE-dxAC-PkgAC-33to65-Ex-SEER-15.2/instance-out.sql,616329.93,23904.71,64728.44,125722.95,0.0,205621.82,0.0,184496.48,0.0,0.0,0.0,0.0,11855.55,0.0,0.0,0.00,64728.44,23904.71,0.00,179632.92,25988.90
CZ02/Htl&0&cDXGF&Ex&dxAC_equip/NE-dxAC-PkgAC-33to65-Ex-SEER-16.2/instance-out.sql,615601.13,23904.71,63999.63,125722.95,0.0,205621.82,0.0,184496.48,0.0,0.0,0.0,0.0,11855.55,0.0,0.0,0.00,63999.63,23904.71,0.00,179632.92,25988.90
CZ02/Htl&0&cDXGF&Ex&dxAC_equip/NE-dxAC-PkgAC-33to65-Ex-SEER-17.1/instance-out.sql,615018.48,23904.71,63416.98,125722.95,0.0,205621.82,0.0,184496.48,0.0,0.0,0.0,0.0,11855.55,0.0,0.0,0.00,63416.98,23904.71,0.00,179632.92,25988.90
CZ02/Htl&0&cDXGF&Ex&dxAC_equip/NE-dxAC-PkgAC-33to65-Ex-SEER-18.1/instance-out.sql,614464.56,23904.71,62863.07,125722.95,0.0,205621.82,0.0,184496.48,0.0,0.0,0.0,0.0,11855.55,0.0,0.0,0.00,62863.07,23904.71,0.00,179632.92,25988.90
CZ03/Htl&0&cDXGF&Ex&dxAC_equip/NE-dxAC-PkgAC-18to33-Ex-SEER-13.4/instance-out.sql,619797.17,10802.82,86952.41,125722.95,0.0,205621.82,0.0,178880.96,0.0,0.0,0.0,0.0,11816.21,0.0,0.0,0.00,86952.41,10802.82,0.00,179632.92,25988.90
CZ03/Htl&0&cDXGF&Ex&dxAC_equip/NE-dxAC-PkgAC-18to33-Ex-SEER-15.2/instance-out.sql,616396.8300000001,10802.82,83552.07,125722.95,0.0,205621.82,0.0,178880.96,0.0,0.0,0.0,0.0,11816.21,0.0,0.0,0.00,83552.07,10802.82,0.00,179632.92,25988.90
CZ03/Htl&0&cDXGF&Ex&dxAC_equip/NE-dxAC-PkgAC-18to33-Ex-SEER-16.2/instance-out.sql,615023.53,10802.82,82178.77,125722.95,0.0,205621.82,0.0,178880.96,0.0,0.0,0.0,0.0,11816.21,0.0,0.0,0.00,82178.77,10802.82,0.00,179632.92,25988.90
CZ03/Htl&0&cDXGF&Ex&dxAC_equip/NE-dxAC-PkgAC-18to33-Ex-SEER-17.1/instance-out.sql,613925.6100000001,10802.82,81080.86,125722.95,0.0,205621.82,0.0,178880.96,0.0,0.0,0.0,0.0,11816.21,0.0,0.0,0.00,81080.86,10802.82,0.00,179632.92,25988.90
CZ03/Htl&0&cDXGF&Ex&dxAC_equip/NE-dxAC-PkgAC-18to33-Ex-SEER-18.1/instance-out.sql,612881.8600000001,10802.82,80037.11,125722.95,0.0,205621.82,0.0,178880.96,0.0,0.0,0.0,0.0,11816.21,0.0,0.0,0.00,80037.11,10802.82,0.00,179632.92,25988.90
CZ03/Htl&0&cDXGF&Ex&dxAC_equip/NE-dxAC-PkgAC-33to65-Ex-SEER-13.4/instance-out.sql,582748.88,10803.63,49810.08,125722.95,0.0,205621.82,0.0,178880.85,0.0,0.0,0.0,0.0,11909.56,0.0,0.0,0.00,49810.08,10803.63,0.00,179632.92,25988.90
CZ03/Htl&0&cDXGF&Ex&dxAC_equip/NE-dxAC-PkgAC-33to65-Ex-SEER-15.2/instance-out.sql,581969.24,10803.63,49030.44,125722.95,0.0,205621.82,0.0,178880.85,0.0,0.0,0.0,0.0,11909.56,0.0,0.0,0.00,49030.44,10803.63,0.00,179632.92,25988.90
CZ03/Htl&0&cDXGF&Ex&dxAC_equip/NE-dxAC-PkgAC-33to65-Ex-SEER-16.2/instance-out.sql,581654.37,10803.63,48715.56,125722.95,0.0,205621.82,0.0,178880.85,0.0,0.0,0.0,0.0,11909.56,0.0,0.0,0.00,48715.56,10803.63,0.00,179632.92,25988.90
CZ03/Htl&0&cDXGF&Ex&dxAC_equip/NE-dxAC-PkgAC-33to65-Ex-SEER-17.1/instance-out.sql,581402.63,10803.63,48463.83,125722.95,0.0,205621.82,0.0,178880.85,0.0,0.0,0.0,0.0,11909.56,0.0,0.0,0.00,48463.83,10803.63,0.00,179632.92,25988.90
CZ03/Htl&0&cDXGF&Ex&dxAC_equip/NE-dxAC-PkgAC-33to65-Ex-SEER-18.1/instance-out.sql,581163.32,10803.63,48224.51,125722.95,0.0,205621.82,0.0,178880.85,0.0,0.0,0.0,0.0,11909.56,0.0,0.0,0.00,48224.51,10803.63,0.00,179632.92,25988.90
CZ04/Htl&0&cDXGF&Ex&dxAC_equip/NE-dxAC-PkgAC-18to33-Ex-SEER-13.4/instance-out.sql,655115.4299999999,9003.62,115355.39,125722.95,0.0,205621.82,0.0,187964.97,0.0,0.0,0.0,0.0,11446.68,0.0,0.0,0.00,115355.39,9003.62,0.00,179632.92,25988.90
CZ04/Htl&0&cDXGF&Ex&dxAC_equip/NE-dxAC-PkgAC-18to33-Ex-SEER-15.2/instance-out.sql,650558.3200000001,9003.62,110798.29,125722.95,0.0,205621.82,0.0,187964.97,0.0,0.0,0.0,0.0,11446.68,0.0,0.0,0.00,110798.29,9003.62,0.00,179632.92,25988.90
CZ04/Htl&0&cDXGF&Ex&dxAC_equip/NE-dxAC-PkgAC-18to33-Ex-SEER-16.2/instance-out.sql,648717.8400000001,9003.62,108957.81,125722.95,0.0,205621.82,0.0,187964.97,0.0,0.0,0.0,0.0,11446.68,0.0,0.0,0.00,108957.81,9003.62,0.00,179632.92,25988.90
CZ04/Htl&0&cDXGF&Ex&dxAC_equip/NE-dxAC-PkgAC-18to33-Ex-SEER-17.1/instance-out.sql,647246.4299999999,9003.62,107486.4,125722.95,0.0,205621.82,0.0,187964.97,0.0,0.0,0.0,0.0,11446.68,0.0,0.0,0.00,107486.40,9003.62,0.00,179632.92,25988.90
CZ04/Htl&0&cDXGF&Ex&dxAC_equip/NE-dxAC-PkgAC-18to33-Ex-SEER-18.1/instance-out.sql,645847.6000000001,9003.62,106087.57,125722.95,0.0,205621.82,0.0,187964.97,0.0,0.0,0.0,0.0,11446.68,0.0,0.0,0.00,106087.57,9003.62,0.00,179632.92,25988.90
CZ04/Htl&0&cDXGF&Ex&dxAC_equip/NE-dxAC-PkgAC-33to65-Ex-SEER-13.4/instance-out.sql,622032.48,9004.54,82271.59,125722.95,0.0,205621.82,0.0,187964.9,0.0,0.0,0.0,0.0,11446.68,0.0,0.0,0.00,82271.59,9004.54,0.00,179632.92,25988.90
CZ04/Htl&0&cDXGF&Ex&dxAC_equip/NE-dxAC-PkgAC-33to65-Ex-SEER-15.2/instance-out.sql,619809.72,9004.54,80048.83,125722.95,0.0,205621.82,0.0,187964.9,0.0,0.0,0.0,0.0,11446.68,0.0,0.0,0.00,80048.83,9004.54,0.00,179632.92,25988.90
CZ04/Htl&0&cDXGF&Ex&dxAC_equip/NE-dxAC-PkgAC-33to65-Ex-SEER-16.2/instance-out.sql,618912.02,9004.54,79151.12,125722.95,0.0,205621.82,0.0,187964.9,0.0,0.0,0.0,0.0,11446.68,0.0,0.0,0.00,79151.12,9004.54,0.00,179632.92,25988.90
CZ04/Htl&0&cDXGF&Ex&dxAC_equip/NE-dxAC-PkgAC-33to65-Ex-SEER-17.1/instance-out.sql,618194.33,9004.54,78433.43,125722.95,0.0,205621.82,0.0,187964.9,0.0,0.0,0.0,0.0,11446.68,0.0,0.0,0.00,78433.43,9004.54,0.00,179632.92,25988.90
CZ04/Htl&0&cDXGF&Ex&dxAC_equip/NE-dxAC-PkgAC-33to65-Ex-SEER-18.1/instance-out.sql,617512.04,9004.54,77751.14,125722.95,0.0,205621.82,0.0,187964.9,0.0,0.0,0.0,0.0,11446.68,0.0,0.0,0.00,77751.14,9004.54,0.00,179632.92,25988.90
CZ05/Htl&0&cDXGF&Ex&dxAC_equip/NE-dxAC-PkgAC-18to33-Ex-SEER-13.4/instance-out.sql,619956.34,7866.37,93622.14,125722.95,0.0,205621.82,0.0,175263.2,0.0,0.0,0.0,0.0,11859.86,0.0,0.0,0.00,93622.14,7866.37,0.00,179632.92,25988.90
CZ05/Htl&0&cDXGF&Ex&dxAC_equip/NE-dxAC-PkgAC-18to33-Ex-SEER-15.2/instance-out.sql,616306.21,7866.37,89972.01,125722.95,0.0,205621.82,0.0,175263.2,0.0,0.0,0.0,0.0,11859.86,0.0,0.0,0.00,89972.01,7866.37,0.00,179632.92,25988.90
CZ05/Htl&0&cDXGF&Ex&dxAC_equip/NE-dxAC-PkgAC-18to33-Ex-SEER-16.2/instance-out.sql,614832.03,7866.37,88497.82,125722.95,0.0,205621.82,0.0,175263.2,0.0,0.0,0.0,0.0,11859.86,0.0,0.0,0.00,88497.82,7866.37,0.00,179632.92,25988.90
CZ05/Htl&0&cDXGF&Ex&dxAC_equip/NE-dxAC-PkgAC-18to33-Ex-SEER-17.1/instance-out.sql,613653.46,7866.37,87319.26,125722.95,0.0,205621.82,0.0,175263.2,0.0,0.0,0.0,0.0,11859.86,0.0,0.0,0.00,87319.26,7866.37,0.00,179632.92,25988.90
CZ05/Htl&0&cDXGF&Ex&dxAC_equip/NE-dxAC-PkgAC-18to33-Ex-SEER-18.1/instance-out.sql,612533.03,7866.37,86198.83,125722.95,0.0,205621.82,0.0,175263.2,0.0,0.0,0.0,0.0,11859.86,0.0,0.0,0.00,86198.83,7866.37,0.00,179632.92,25988.90
CZ05/Htl&0&cDXGF&Ex&dxAC_equip/NE-dxAC-PkgAC-33to65-Ex-SEER-13.4/instance-out.sql,584514.77,7867.82,58153.42,125722.95,0.0,205621.82,0.0,175263.1,0.0,0.0,0.0,0.0,11885.66,0.0,0.0,0.00,58153.42,7867.82,0.00,179632.92,25988.90
CZ05/Htl&0&cDXGF&Ex&dxAC_equip/NE-dxAC-PkgAC-33to65-Ex-SEER-15.2/instance-out.sql,583367.25,7867.82,57005.9,125722.95,0.0,205621.82,0.0,175263.1,0.0,0.0,0.0,0.0,11885.66,0.0,0.0,0.00,57005.90,7867.82,0.00,179632.92,25988.90
CZ05/Htl&0&cDXGF&Ex&dxAC_equip/NE-dxAC-PkgAC-33to65-Ex-SEER-16.2/instance-out.sql,582903.8,7867.82,56542.45,125722.95,0.0,205621.82,0.0,175263.1,0.0,0.0,0.0,0.0,11885.66,0.0,0.0,0.00,56542.45,7867.82,0.00,179632.92,25988.90
CZ05/Htl&0&cDXGF&Ex&dxAC_equip/NE-dxAC-PkgAC-33to65-Ex-SEER-17.1/instance-out.sql,582533.29,7867.82,56171.93,125722.95,0.0,205621.82,0.0,175263.1,0.0,0.0,0.0,0.0,11885.66,0.0,0.0,0.00,56171.93,7867.82,0.00,179632.92,25988.90
CZ05/Htl&0&cDXGF&Ex&dxAC_equip/NE-dxAC-PkgAC-33to65-Ex-SEER-18.1/instance-out.sql,582181.05,7867.82,55819.7,125722.95,0.0,205621.82,0.0,175263.1,0.0,0.0,0.0,0.0,11885.66,0.0,0.0,0.00,55819.70,7867.82,0.00,179632.92,25988.90
CZ06/Htl&0&cDXGF&Ex&dxAC_equip/NE-dxAC-PkgAC-18to33-Ex-SEER-13.4/instance-out.sql,654756.38,545.35,129848.63,125722.95,0.0,205621.82,0.0,181980.32,0.0,0.0,0.0,0.0,11037.3,0.0,0.0,0.00,129848.63,545.35,0.00,179632.92,25988.90
CZ06/Htl&0&cDXGF&Ex&dxAC_equip/NE-dxAC-PkgAC-18to33-Ex-SEER-15.2/instance-out.sql,649766.4500000001,545.35,124858.7,125722.95,0.0,205621.82,0.0,181980.32,0.0,0.0,0.0,0.0,11037.3,0.0,0.0,0.00,124858.70,545.35,0.00,179632.92,25988.90
CZ06/Htl&0&cDXGF&Ex&dxAC_equip/NE-dxAC-PkgAC-18to33-Ex-SEER-16.2/instance-out.sql,647751.16,545.35,122843.41,125722.95,0.0,205621.82,0.0,181980.32,0.0,0.0,0.0,0.0,11037.3,0.0,0.0,0.00,122843.41,545.35,0.00,179632.92,25988.90
CZ06/Htl&0&cDXGF&Ex&dxAC_equip/NE-dxAC-PkgAC-18to33-Ex-SEER-17.1/instance-out.sql,646140.0,545.35,121232.25,125722.95,0.0,205621.82,0.0,181980.32,0.0,0.0,0.0,0.0,11037.3,0.0,0.0,0.00,121232.25,545.35,0.00,179632.92,25988.90
CZ06/Htl&0&cDXGF&Ex&dxAC_equip/NE-dxAC-PkgAC-18to33-Ex-SEER-18.1/instance-out.sql,644608.31,545.35,119700.56,125722.95,0.0,205621.82,0.0,181980.32,0.0,0.0,0.0,0.0,11037.3,0.0,0.0,0.00,119700.56,545.35,0.00,179632.92,25988.90
CZ06/Htl&0&cDXGF&Ex&dxAC_equip/NE-dxAC-PkgAC-33to65-Ex-SEER-13.4/instance-out.sql,611487.05,545.57,86641.96,125722.95,0.0,205621.82,0.0,181980.23,0.0,0.0,0.0,0.0,10974.52,0.0,0.0,0.00,86641.96,545.57,0.00,179632.92,25988.90
CZ06/Htl&0&cDXGF&Ex&dxAC_equip/NE-dxAC-PkgAC-33to65-Ex-SEER-15.2/instance-out.sql,609545.72,545.57,84700.64,125722.95,0.0,205621.82,0.0,181980.23,0.0,0.0,0.0,0.0,10974.52,0.0,0.0,0.00,84700.64,545.57,0.00,179632.92,25988.90
CZ06/Htl&0&cDXGF&Ex&dxAC_equip/NE-dxAC-PkgAC-33to65-Ex-SEER-16.2/instance-out.sql,608761.6799999999,545.57,83916.59,125722.95,0.0,205621.82,0.0,181980.23,0.0,0.0,0.0,0.0,10974.52,0.0,0.0,0.00,83916.59,545.57,0.00,179632.92,25988.90
CZ06/Htl&0&cDXGF&Ex&dxAC_equip/NE-dxAC-PkgAC-33to65-Ex-SEER-17.1/instance-out.sql,608134.86,545.57,83289.77,125722.95,0.0,205621.82,0.0,181980.23,0.0,0.0,0.0,0.0,10974.52,0.0,0.0,0.00,83289.77,545.57,0.00,179632.92,25988.90
CZ06/Htl&0&cDXGF&Ex&dxAC_equip/NE-dxAC-PkgAC-33to65-Ex-SEER-18.1/instance-out.sql,607538.96,545.57,82693.87,125722.95,0.0,205621.82,0.0,181980.23,0.0,0.0,0.0,0.0,10974.52,0.0,0.0,0.00,82693.87,545.57,0.00,179632.92,25988.90
CZ07/Htl&0&cDXGF&Ex&dxAC_equip/NE-dxAC-PkgAC-18to33-Ex-SEER-13.4/instance-out.sql,650101.53,471.03,130328.35,125722.95,0.0,205621.82,0.0,177114.75,0.0,0.0,0.0,0.0,10842.64,0.0,0.0,0.00,130328.35,471.03,0.00,179632.92,25988.90
CZ07/Htl&0&cDXGF&Ex&dxAC_equip/NE-dxAC-PkgAC-18to33-Ex-SEER-15.2/instance-out.sql,645056.0900000001,471.03,125282.91,125722.95,0.0,205621.82,0.0,177114.75,0.0,0.0,0.0,0.0,10842.64,0.0,0.0,0.00,125282.91,471.03,0.00,179632.92,25988.90
CZ07/Htl&0&cDXGF&Ex&dxAC_equip/NE-dxAC-PkgAC-18to33-Ex-SEER-16.2/instance-out.sql,643018.3799999999,471.03,123245.2,125722.95,0.0,205621.82,0.0,177114.75,0.0,0.0,0.0,0.0,10842.64,0.0,0.0,0.00,123245.20,471.03,0.00,179632.92,25988.90
CZ07/Htl&0&cDXGF&Ex&dxAC_equip/NE-dxAC-PkgAC-18to33-Ex-SEER-17.1/instance-out.sql,641389.29,471.03,121616.11,125722.95,0.0,205621.82,0.0,177114.75,0.0,0.0,0.0,0.0,10842.64,0.0,0.0,0.00,121616.11,471.03,0.00,179632.92,25988.90
CZ07/Htl&0&cDXGF&Ex&dxAC_equip/NE-dxAC-PkgAC-18to33-Ex-SEER-18.1/instance-out.sql,639840.5700000001,471.03,120067.39,125722.95,0.0,205621.82,0.0,177114.75,0.0,0.0,0.0,0.0,10842.64,0.0,0.0,0.00,120067.39,471.03,0.00,179632.92,25988.90
CZ07/Htl&0&cDXGF&Ex&dxAC_equip/NE-dxAC-PkgAC-33to65-Ex-SEER-13.4/instance-out.sql,615352.11,471.61,95587.41,125722.95,0.0,205621.82,0.0,177114.64,0.0,0.0,0.0,0.0,10833.69,0.0,0.0,0.00,95587.41,471.61,0.00,179632.92,25988.90
CZ07/Htl&0&cDXGF&Ex&dxAC_equip/NE-dxAC-PkgAC-33to65-Ex-SEER-15.2/instance-out.sql,612757.9099999999,471.61,92993.21,125722.95,0.0,205621.82,0.0,177114.64,0.0,0.0,0.0,0.0,10833.69,0.0,0.0,0.00,92993.21,471.61,0.00,179632.92,25988.90
CZ07/Htl&0&cDXGF&Ex&dxAC_equip/NE-dxAC-PkgAC-33to65-Ex-SEER-16.2/instance-out.sql,611710.19,471.61,91945.49,125722.95,0.0,205621.82,0.0,177114.64,0.0,0.0,0.0,0.0,10833.69,0.0,0.0,0.00,91945.49,471.61,0.00,179632.92,25988.90
CZ07/Htl&0&cDXGF&Ex&dxAC_equip/NE-dxAC-PkgAC-33to65-Ex-SEER-17.1/instance-out.sql,610872.57,471.61,91107.87,125722.95,0.0,205621.82,0.0,177114.64,0.0,0.0,0.0,0.0,10833.69,0.0,0.0,0.00,91107.87,471.61,0.00,179632.92,25988.90
CZ07/Htl&0&cDXGF&Ex&dxAC_equip/NE-dxAC-PkgAC-33to65-Ex-SEER-18.1/instance-out.sql,610076.2699999999,471.61,90311.57,125722.95,0.0,205621.82,0.0,177114.64,0.0,0.0,0.0,0.0,10833.69,0.0,0.0,0.00,90311.57,471.61,0.00,179632.92,25988.90
CZ08/Htl&0&cDXGF&Ex&dxAC_equip/NE-dxAC-PkgAC-18to33-Ex-SEER-13.4/instance-out.sql,679191.74,1164.52,147154.14,125722.95,0.0,205621.82,0.0,188644.07,0.0,0.0,0.0,0.0,10884.25,0.0,0.0,0.00,147154.14,1164.52,0.00,179632.92,25988.90
CZ08/Htl&0&cDXGF&Ex&dxAC_equip/NE-dxAC-PkgAC-18to33-Ex-SEER-15.2/instance-out.sql,673486.04,1164.52,141448.44,125722.95,0.0,205621.82,0.0,188644.07,0.0,0.0,0.0,0.0,10884.25,0.0,0.0,0.00,141448.44,1164.52,0.00,179632.92,25988.90
CZ08/Htl&0&cDXGF&Ex&dxAC_equip/NE-dxAC-PkgAC-18to33-Ex-SEER-16.2/instance-out.sql,671181.67,1164.52,139144.08,125722.95,0.0,205621.82,0.0,188644.07,0.0,0.0,0.0,0.0,10884.25,0.0,0.0,0.00,139144.08,1164.52,0.00,179632.92,25988.90
CZ08/Htl&0&cDXGF&Ex&dxAC_equip/NE-dxAC-PkgAC-18to33-Ex-SEER-17.1/instance-out.sql,669339.4,1164.52,137301.8,125722.95,0.0,205621.82,0.0,188644.07,0.0,0.0,0.0,0.0,10884.25,0.0,0.0,0.00,137301.80,1164.52,0.00,179632.92,25988.90
CZ08/Htl&0&cDXGF&Ex&dxAC_equip/NE-dxAC-PkgAC-18to33-Ex-SEER-18.1/instance-out.sql,667588.0,1164.52,135550.41,125722.95,0.0,205621.82,0.0,188644.07,0.0,0.0,0.0,0.0,10884.25,0.0,0.0,0.00,135550.41,1164.52,0.00,179632.92,25988.90
CZ08/Htl&0&cDXGF&Ex&dxAC_equip/NE-dxAC-PkgAC-33to65-Ex-SEER-13.4/instance-out.sql,643587.3999999999,1164.94,111544.1,125722.95,0.0,205621.82,0.0,188643.98,0.0,0.0,0.0,0.0,10889.62,0.0,0.0,0.00,111544.10,1164.94,0.00,179632.92,25988.90
CZ08/Htl&0&cDXGF&Ex&dxAC_equip/NE-dxAC-PkgAC-33to65-Ex-SEER-15.2/instance-out.sql,640394.2899999999,1164.94,108350.99,125722.95,0.0,205621.82,0.0,188643.98,0.0,0.0,0.0,0.0,10889.62,0.0,0.0,0.00,108350.99,1164.94,0.00,179632.92,25988.90
CZ08/Htl&0&cDXGF&Ex&dxAC_equip/NE-dxAC-PkgAC-33to65-Ex-SEER-16.2/instance-out.sql,639104.6799999999,1164.94,107061.38,125722.95,0.0,205621.82,0.0,188643.98,0.0,0.0,0.0,0.0,10889.62,0.0,0.0,0.00,107061.38,1164.94,0.00,179632.92,25988.90
CZ08/Htl&0&cDXGF&Ex&dxAC_equip/NE-dxAC-PkgAC-33to65-Ex-SEER-17.1/instance-out.sql,638073.6799999999,1164.94,106030.38,125722.95,0.0,205621.82,0.0,188643.98,0.0,0.0,0.0,0.0,10889.62,0.0,0.0,0.00,106030.38,1164.94,0.00,179632.92,25988.90
CZ08/Htl&0&cDXGF&Ex&dxAC_equip/NE-dxAC-PkgAC-33to65-Ex-SEER-18.1/instance-out.sql,637093.5399999999,1164.94,105050.24,125722.95,0.0,205621.82,0.0,188643.98,0.0,0.0,0.0,0.0,10889.62,0.0,0.0,0.00,105050.24,1164.94,0.00,179632.92,25988.90
CZ09/Htl&0&cDXGF&Ex&dxAC_equip/NE-dxAC-PkgAC-18to33-Ex-SEER-13.4/instance-out.sql,698459.21,851.73,159958.49,125722.95,0.0,205621.82,0.0,195534.76,0.0,0.0,0.0,0.0,10769.46,0.0,0.0,0.00,159958.49,851.73,0.00,179632.92,25988.90
CZ09/Htl&0&cDXGF&Ex&dxAC_equip/NE-dxAC-PkgAC-18to33-Ex-SEER-15.2/instance-out.sql,692305.1699999999,851.73,153804.46,125722.95,0.0,205621.82,0.0,195534.76,0.0,0.0,0.0,0.0,10769.46,0.0,0.0,0.00,153804.46,851.73,0.00,179632.92,25988.90
CZ09/Htl&0&cDXGF&Ex&dxAC_equip/NE-dxAC-PkgAC-18to33-Ex-SEER-16.2/instance-out.sql,689819.73,851.73,151319.02,125722.95,0.0,205621.82,0.0,195534.76,0.0,0.0,0.0,0.0,10769.46,0.0,0.0,0.00,151319.02,851.73,0.00,179632.92,25988.90
CZ09/Htl&0&cDXGF&Ex&dxAC_equip/NE-dxAC-PkgAC-18to33-Ex-SEER-17.1/instance-out.sql,687832.7,851.73,149331.98,125722.95,0.0,205621.82,0.0,195534.76,0.0,0.0,0.0,0.0,10769.46,0.0,0.0,0.00,149331.98,851.73,0.00,179632.92,25988.90
CZ09/Htl&0&cDXGF&Ex&dxAC_equip/NE-dxAC-PkgAC-18to33-Ex-SEER-18.1/instance-out.sql,685943.6799999999,851.73,147442.97,125722.95,0.0,205621.82,0.0,195534.76,0.0,0.0,0.0,0.0,10769.46,0.0,0.0,0.00,147442.97,851.73,0.00,179632.92,25988.90
CZ09/Htl&0&cDXGF&Ex&dxAC_equip/NE-dxAC-PkgAC-33to65-Ex-SEER-13.4/instance-out.sql,663391.61,852.11,124972.82,125722.95,0.0,205621.82,0.0,195534.69,0.0,0.0,0.0,0.0,10687.22,0.0,0.0,0.00,124972.82,852.11,0.00,179632.92,25988.90
CZ09/Htl&0&cDXGF&Ex&dxAC_equip/NE-dxAC-PkgAC-33to65-Ex-SEER-15.2/instance-out.sql,659706.11,852.11,121287.32,125722.95,0.0,205621.82,0.0,195534.69,0.0,0.0,0.0,0.0,10687.22,0.0,0.0,0.00,121287.32,852.11,0.00,179632.92,25988.90
CZ09/Htl&0&cDXGF&Ex&dxAC_equip/NE-dxAC-PkgAC-33to65-Ex-SEER-16.2/instance-out.sql,658217.64,852.11,119798.85,125722.95,0.0,205621.82,0.0,195534.69,0.0,0.0,0.0,0.0,10687.22,0.0,0.0,0.00,119798.85,852.11,0.00,179632.92,25988.90
CZ09/Htl&0&cDXGF&Ex&dxAC_equip/NE-dxAC-PkgAC-33to65-Ex-SEER-17.1/instance-out.sql,657027.66,852.11,118608.86,125722.95,0.0,205621.82,0.0,195534.69,0.0,0.0,0.0,0.0,10687.22,0.0,0.0,0.00,118608.86,852.11,0.00,179632.92,25988.90
CZ09/Htl&0&cDXGF&Ex&dxAC_equip/NE-dxAC-PkgAC-33to65-Ex-SEER-18.1/instance-out.sql,655896.37,852.11,117477.58,125722.95,0.0,205621.82,0.0,195534.69,0.0,0.0,0.0,0.0,10687.22,0.0,0.0,0.00,117477.58,852.11,0.00,179632.92,25988.90
CZ10/Htl&0&cDXGF&Ex&dxAC_equip/NE-dxAC-PkgAC-18to33-Ex-SEER-13.4/instance-out.sql,718681.72,4563.78,174581.26,125722.95,0.0,205621.82,0.0,197579.27,0.0,0.0,0.0,0.0,10612.65,0.0,0.0,0.00,174581.26,4563.78,0.00,179632.92,25988.90
CZ10/Htl&0&cDXGF&Ex&dxAC_equip/NE-dxAC-PkgAC-18to33-Ex-SEER-15.2/instance-out.sql,711692.62,4563.78,167592.16,125722.95,0.0,205621.82,0.0,197579.27,0.0,0.0,0.0,0.0,10612.65,0.0,0.0,0.00,167592.16,4563.78,0.00,179632.92,25988.90
CZ10/Htl&0&cDXGF&Ex&dxAC_equip/NE-dxAC-PkgAC-18to33-Ex-SEER-16.2/instance-out.sql,708869.9199999999,4563.78,164769.46,125722.95,0.0,205621.82,0.0,197579.27,0.0,0.0,0.0,0.0,10612.65,0.0,0.0,0.00,164769.46,4563.78,0.00,179632.92,25988.90
CZ10/Htl&0&cDXGF&Ex&dxAC_equip/NE-dxAC-PkgAC-18to33-Ex-SEER-17.1/instance-out.sql,706613.2599999999,4563.78,162512.8,125722.95,0.0,205621.82,0.0,197579.27,0.0,0.0,0.0,0.0,10612.65,0.0,0.0,0.00,162512.80,4563.78,0.00,179632.92,25988.90
CZ10/Htl&0&cDXGF&Ex&dxAC_equip/NE-dxAC-PkgAC-18to33-Ex-SEER-18.1/instance-out.sql,704467.9199999999,4563.78,160367.46,125722.95,0.0,205621.82,0.0,197579.27,0.0,0.0,0.0,0.0,10612.65,0.0,0.0,0.00,160367.46,4563.78,0.00,179632.92,25988.90
CZ10/Htl&0&cDXGF&Ex&dxAC_equip/NE-dxAC-PkgAC-33to65-Ex-SEER-13.4/instance-out.sql,692155.56,4564.43,148049.53,125722.95,0.0,205621.82,0.0,197579.23,0.0,0.0,0.0,0.0,10617.6,0.0,0.0,0.00,148049.53,4564.43,0.00,179632.92,25988.90
CZ10/Htl&0&cDXGF&Ex&dxAC_equip/NE-dxAC-PkgAC-33to65-Ex-SEER-15.2/instance-out.sql,687038.5,4564.43,142932.47,125722.95,0.0,205621.82,0.0,197579.23,0.0,0.0,0.0,0.0,10617.6,0.0,0.0,0.00,142932.47,4564.43,0.00,179632.92,25988.90
CZ10/Htl&0&cDXGF&Ex&dxAC_equip/NE-dxAC-PkgAC-33to65-Ex-SEER-16.2/instance-out.sql,684971.87,4564.43,140865.84,125722.95,0.0,205621.82,0.0,197579.23,0.0,0.0,0.0,0.0,10617.6,0.0,0.0,0.00,140865.84,4564.43,0.00,179632.92,25988.90
CZ10/Htl&0&cDXGF&Ex&dxAC_equip/NE-dxAC-PkgAC-33to65-Ex-SEER-17.1/instance-out.sql,683319.66,4564.43,139213.63,125722.95,0.0,205621.82,0.0,197579.23,0.0,0.0,0.0,0.0,10617.6,0.0,0.0,0.00,139213.63,4564.43,0.00,179632.92,25988.90
CZ10/Htl&0&cDXGF&Ex&dxAC_equip/NE-dxAC-PkgAC-33to65-Ex-SEER-18.1/instance-out.sql,681748.9500000001,4564.43,137642.92,125722.95,0.0,205621.82,0.0,197579.23,0.0,0.0,0.0,0.0,10617.6,0.0,0.0,0.00,137642.92,4564.43,0.00,179632.92,25988.90
CZ11/Htl&0&cDXGF&Ex&dxAC_equip/NE-dxAC-PkgAC-18to33-Ex-SEER-13.4/instance-out.sql,753527.79,28064.52,177353.95,125722.95,0.0,205621.82,0.0,205983.62,0.0,0.0,0.0,0.0,10780.94,0.0,0.0,0.00,177353.95,28064.52,0.00,179632.92,25988.90
CZ11/Htl&0&cDXGF&Ex&dxAC_equip/NE-dxAC-PkgAC-18to33-Ex-SEER-15.2/instance-out.sql,746459.49,28064.52,170285.64,125722.95,0.0,205621.82,0.0,205983.62,0.0,0.0,0.0,0.0,10780.94,0.0,0.0,0.00,170285.64,28064.52,0.00,179632.92,25988.90
CZ11/Htl&0&cDXGF&Ex&dxAC_equip/NE-dxAC-PkgAC-18to33-Ex-SEER-16.2/instance-out.sql,743604.8099999999,28064.52,167430.96,125722.95,0.0,205621.82,0.0,205983.62,0.0,0.0,0.0,0.0,10780.94,0.0,0.0,0.00,167430.96,28064.52,0.00,179632.92,25988.90
CZ11/Htl&0&cDXGF&Ex&dxAC_equip/NE-dxAC-PkgAC-18to33-Ex-SEER-17.1/instance-out.sql,741322.58,28064.52,165148.73,125722.95,0.0,205621.82,0.0,205983.62,0.0,0.0,0.0,0.0,10780.94,0.0,0.0,0.00,165148.73,28064.52,0.00,179632.92,25988.90
CZ11/Htl&0&cDXGF&Ex&dxAC_equip/NE-dxAC-PkgAC-18to33-Ex-SEER-18.1/instance-out.sql,739152.92,28064.52,162979.07,125722.95,0.0,205621.82,0.0,205983.62,0.0,0.0,0.0,0.0,10780.94,0.0,0.0,0.00,162979.07,28064.52,0.00,179632.92,25988.90
CZ11/Htl&0&cDXGF&Ex&dxAC_equip/NE-dxAC-PkgAC-33to65-Ex-SEER-13.4/instance-out.sql,733199.4,28065.59,156914.57,125722.95,0.0,205621.82,0.0,205983.59,0.0,0.0,0.0,0.0,10890.88,0.0,0.0,0.00,156914.57,28065.59,0.00,179632.92,25988.90
CZ11/Htl&0&cDXGF&Ex&dxAC_equip/NE-dxAC-PkgAC-33to65-Ex-SEER-15.2/instance-out.sql,727573.27,28065.59,151288.45,125722.95,0.0,205621.82,0.0,205983.59,0.0,0.0,0.0,0.0,10890.88,0.0,0.0,0.00,151288.45,28065.59,0.00,179632.92,25988.90
CZ11/Htl&0&cDXGF&Ex&dxAC_equip/NE-dxAC-PkgAC-33to65-Ex-SEER-16.2/instance-out.sql,725301.04,28065.59,149016.22,125722.95,0.0,205621.82,0.0,205983.59,0.0,0.0,0.0,0.0,10890.88,0.0,0.0,0.00,149016.22,28065.59,0.00,179632.92,25988.90
CZ11/Htl&0&cDXGF&Ex&dxAC_equip/NE-dxAC-PkgAC-33to65-Ex-SEER-17.1/instance-out.sql,723484.47,28065.59,147199.64,125722.95,0.0,205621.82,0.0,205983.59,0.0,0.0,0.0,0.0,10890.88,0.0,0.0,0.00,147199.64,28065.59,0.00,179632.92,25988.90
CZ11/Htl&0&cDXGF&Ex&dxAC_equip/NE-dxAC-PkgAC-33to65-Ex-SEER-18.1/instance-out.sql,721757.49,28065.59,145472.67,125722.95,0.0,205621.82,0.0,205983.59,0.0,0.0,0.0,0.0,10890.88,0.0,0.0,0.00,145472.67,28065.59,0.00,179632.92,25988.90
CZ12/Htl&0&cDXGF&Ex&dxAC_equip/NE-dxAC-PkgAC-18to33-Ex-SEER-13.4/instance-out.sql,706994.98,26347.55,148489.74,125722.95,0.0,205621.82,0.0,189686.39,0.0,0.0,0.0,0.0,11126.54,0.0,0.0,0.00,148489.74,26347.55,0.00,179632.92,25988.90
CZ12/Htl&0&cDXGF&Ex&dxAC_equip/NE-dxAC-PkgAC-18to33-Ex-SEER-15.2/instance-out.sql,701034.27,26347.55,142529.03,125722.95,0.0,205621.82,0.0,189686.39,0.0,0.0,0.0,0.0,11126.54,0.0,0.0,0.00,142529.03,26347.55,0.00,179632.92,25988.90
CZ12/Htl&0&cDXGF&Ex&dxAC_equip/NE-dxAC-PkgAC-18to33-Ex-SEER-16.2/instance-out.sql,698626.91,26347.55,140121.67,125722.95,0.0,205621.82,0.0,189686.39,0.0,0.0,0.0,0.0,11126.54,0.0,0.0,0.00,140121.67,26347.55,0.00,179632.92,25988.90
CZ12/Htl&0&cDXGF&Ex&dxAC_equip/NE-dxAC-PkgAC-18to33-Ex-SEER-17.1/instance-out.sql,696702.3,26347.55,138197.06,125722.95,0.0,205621.82,0.0,189686.39,0.0,0.0,0.0,0.0,11126.54,0.0,0.0,0.00,138197.06,26347.55,0.00,179632.92,25988.90
CZ12/Htl&0&cDXGF&Ex&dxAC_equip/NE-dxAC-PkgAC-18to33-Ex-SEER-18.1/instance-out.sql,694872.63,26347.55,136367.39,125722.95,0.0,205621.82,0.0,189686.39,0.0,0.0,0.0,0.0,11126.54,0.0,0.0,0.00,136367.39,26347.55,0.00,179632.92,25988.90
CZ12/Htl&0&cDXGF&Ex&dxAC_equip/NE-dxAC-PkgAC-33to65-Ex-SEER-13.4/instance-out.sql,684438.4099999999,26348.35,125944.97,125722.95,0.0,205621.82,0.0,189686.35,0.0,0.0,0.0,0.0,11113.96,0.0,0.0,0.00,125944.97,26348.35,0.00,179632.92,25988.90
CZ12/Htl&0&cDXGF&Ex&dxAC_equip/NE-dxAC-PkgAC-33to65-Ex-SEER-15.2/instance-out.sql,680068.44,26348.35,121575.0,125722.95,0.0,205621.82,0.0,189686.35,0.0,0.0,0.0,0.0,11113.96,0.0,0.0,0.00,121575.00,26348.35,0.00,179632.92,25988.90
CZ12/Htl&0&cDXGF&Ex&dxAC_equip/NE-dxAC-PkgAC-33to65-Ex-SEER-16.2/instance-out.sql,678303.53,26348.35,119810.09,125722.95,0.0,205621.82,0.0,189686.35,0.0,0.0,0.0,0.0,11113.96,0.0,0.0,0.00,119810.09,26348.35,0.00,179632.92,25988.90
CZ12/Htl&0&cDXGF&Ex&dxAC_equip/NE-dxAC-PkgAC-33to65-Ex-SEER-17.1/instance-out.sql,676892.5399999999,26348.35,118399.1,125722.95,0.0,205621.82,0.0,189686.35,0.0,0.0,0.0,0.0,11113.96,0.0,0.0,0.00,118399.10,26348.35,0.00,179632.92,25988.90
CZ12/Htl&0&cDXGF&Ex&dxAC_equip/NE-dxAC-PkgAC-33to65-Ex-SEER-18.1/instance-out.sql,675551.15,26348.35,117057.71,125722.95,0.0,205621.82,0.0,189686.35,0.0,0.0,0.0,0.0,11113.96,0.0,0.0,0.00,117057.71,26348.35,0.00,179632.92,25988.90
CZ13/Htl&0&cDXGF&Ex&dxAC_equip/NE-dxAC-PkgAC-18to33-Ex-SEER-13.4/instance-out.sql,758907.83,19561.12,195595.52,125722.95,0.0,205621.82,0.0,201925.7,0.0,0.0,0.0,0.0,10480.73,0.0,0.0,0.00,195595.52,19561.12,0.00,179632.92,25988.90
CZ13/Htl&0&cDXGF&Ex&dxAC_equip/NE-dxAC-PkgAC-18to33-Ex-SEER-15.2/instance-out.sql,751284.44,19561.12,187972.13,125722.95,0.0,205621.82,0.0,201925.7,0.0,0.0,0.0,0.0,10480.73,0.0,0.0,0.00,187972.13,19561.12,0.00,179632.92,25988.90
CZ13/Htl&0&cDXGF&Ex&dxAC_equip/NE-dxAC-PkgAC-18to33-Ex-SEER-16.2/instance-out.sql,748205.57,19561.12,184893.26,125722.95,0.0,205621.82,0.0,201925.7,0.0,0.0,0.0,0.0,10480.73,0.0,0.0,0.00,184893.26,19561.12,0.00,179632.92,25988.90
CZ13/Htl&0&cDXGF&Ex&dxAC_equip/NE-dxAC-PkgAC-18to33-Ex-SEER-17.1/instance-out.sql,745744.11,19561.12,182431.8,125722.95,0.0,205621.82,0.0,201925.7,0.0,0.0,0.0,0.0,10480.73,0.0,0.0,0.00,182431.80,19561.12,0.00,179632.92,25988.90
CZ13/Htl&0&cDXGF&Ex&dxAC_equip/NE-dxAC-PkgAC-18to33-Ex-SEER-18.1/instance-out.sql,743404.0599999999,19561.12,180091.76,125722.95,0.0,205621.82,0.0,201925.7,0.0,0.0,0.0,0.0,10480.73,0.0,0.0,0.00,180091.76,19561.12,0.00,179632.92,25988.90
CZ13/Htl&0&cDXGF&Ex&dxAC_equip/NE-dxAC-PkgAC-33to65-Ex-SEER-13.4/instance-out.sql,737497.56,19561.83,174126.65,125722.95,0.0,205621.82,0.0,201925.66,0.0,0.0,0.0,0.0,10538.65,0.0,0.0,0.00,174126.65,19561.83,0.00,179632.92,25988.90
CZ13/Htl&0&cDXGF&Ex&dxAC_equip/NE-dxAC-PkgAC-33to65-Ex-SEER-15.2/instance-out.sql,731388.98,19561.83,168018.06,125722.95,0.0,205621.82,0.0,201925.66,0.0,0.0,0.0,0.0,10538.65,0.0,0.0,0.00,168018.06,19561.83,0.00,179632.92,25988.90
CZ13/Htl&0&cDXGF&Ex&dxAC_equip/NE-dxAC-PkgAC-33to65-Ex-SEER-16.2/instance-out.sql,728921.9,19561.83,165550.98,125722.95,0.0,205621.82,0.0,201925.66,0.0,0.0,0.0,0.0,10538.65,0.0,0.0,0.00,165550.98,19561.83,0.00,179632.92,25988.90
CZ13/Htl&0&cDXGF&Ex&dxAC_equip/NE-dxAC-PkgAC-33to65-Ex-SEER-17.1/instance-out.sql,726949.54,19561.83,163578.63,125722.95,0.0,205621.82,0.0,201925.66,0.0,0.0,0.0,0.0,10538.65,0.0,0.0,0.00,163578.63,19561.83,0.00,179632.92,25988.90
CZ13/Htl&0&cDXGF&Ex&dxAC_equip/NE-dxAC-PkgAC-33to65-Ex-SEER-18.1/instance-out.sql,725074.48,19561.83,161703.56,125722.95,0.0,205621.82,0.0,201925.66,0.0,0.0,0.0,0.0,10538.65,0.0,0.0,0.00,161703.56,19561.83,0.00,179632.92,25988.90
CZ14/Htl&0&cDXGF&Ex&dxAC_equip/NE-dxAC-PkgAC-18to33-Ex-SEER-13.4/instance-out.sql,795170.73,6599.8,232319.39,125722.95,0.0,205621.82,0.0,214868.34,0.0,0.0,0.0,0.0,10038.43,0.0,0.0,0.00,232319.39,6599.80,0.00,179632.92,25988.90
CZ14/Htl&0&cDXGF&Ex&dxAC_equip/NE-dxAC-PkgAC-18to33-Ex-SEER-15.2/instance-out.sql,785791.41,6599.8,222940.07,125722.95,0.0,205621.82,0.0,214868.34,0.0,0.0,0.0,0.0,10038.43,0.0,0.0,0.00,222940.07,6599.80,0.00,179632.92,25988.90
CZ14/Htl&0&cDXGF&Ex&dxAC_equip/NE-dxAC-PkgAC-18to33-Ex-SEER-16.2/instance-out.sql,782003.37,6599.8,219152.03,125722.95,0.0,205621.82,0.0,214868.34,0.0,0.0,0.0,0.0,10038.43,0.0,0.0,0.00,219152.03,6599.80,0.00,179632.92,25988.90
CZ14/Htl&0&cDXGF&Ex&dxAC_equip/NE-dxAC-PkgAC-18to33-Ex-SEER-17.1/instance-out.sql,778974.95,6599.8,216123.61,125722.95,0.0,205621.82,0.0,214868.34,0.0,0.0,0.0,0.0,10038.43,0.0,0.0,0.00,216123.61,6599.80,0.00,179632.92,25988.90
CZ14/Htl&0&cDXGF&Ex&dxAC_equip/NE-dxAC-PkgAC-18to33-Ex-SEER-18.1/instance-out.sql,776095.91,6599.8,213244.57,125722.95,0.0,205621.82,0.0,214868.34,0.0,0.0,0.0,0.0,10038.43,0.0,0.0,0.00,213244.57,6599.80,0.00,179632.92,25988.90
CZ14/Htl&0&cDXGF&Ex&dxAC_equip/NE-dxAC-PkgAC-33to65-Ex-SEER-13.4/instance-out.sql,772917.6499999999,6600.64,210046.03,125722.95,0.0,205621.82,0.0,214868.3,0.0,0.0,0.0,0.0,10057.91,0.0,0.0,0.00,210046.03,6600.64,0.00,179632.92,25988.90
CZ14/Htl&0&cDXGF&Ex&dxAC_equip/NE-dxAC-PkgAC-33to65-Ex-SEER-15.2/instance-out.sql,765109.9099999999,6600.64,202238.29,125722.95,0.0,205621.82,0.0,214868.3,0.0,0.0,0.0,0.0,10057.91,0.0,0.0,0.00,202238.29,6600.64,0.00,179632.92,25988.90
CZ14/Htl&0&cDXGF&Ex&dxAC_equip/NE-dxAC-PkgAC-33to65-Ex-SEER-16.2/instance-out.sql,761956.58,6600.64,199084.96,125722.95,0.0,205621.82,0.0,214868.3,0.0,0.0,0.0,0.0,10057.91,0.0,0.0,0.00,199084.96,6600.64,0.00,179632.92,25988.90
CZ14/Htl&0&cDXGF&Ex&dxAC_equip/NE-dxAC-PkgAC-33to65-Ex-SEER-17.1/instance-out.sql,759435.6,6600.64,196563.98,125722.95,0.0,205621.82,0.0,214868.3,0.0,0.0,0.0,0.0,10057.91,0.0,0.0,0.00,196563.98,6600.64,0.00,179632.92,25988.90
CZ14/Htl&0&cDXGF&Ex&dxAC_equip/NE-dxAC-PkgAC-33to65-Ex-SEER-18.1/instance-out.sql,757038.97,6600.64,194167.34,125722.95,0.0,205621.82,0.0,214868.3,0.0,0.0,0.0,0.0,10057.91,0.0,0.0,0.00,194167.34,6600.64,0.00,179632.92,25988.90
CZ15/Htl&0&cDXGF&Ex&dxAC_equip/NE-dxAC-PkgAC-18to33-Ex-SEER-13.4/instance-out.sql,842519.64,1068.93,295691.21,125722.95,0.0,205621.82,0.0,205388.79,0.0,0.0,0.0,0.0,9025.95,0.0,0.0,0.00,295691.21,1068.93,0.00,179632.92,25988.90
CZ15/Htl&0&cDXGF&Ex&dxAC_equip/NE-dxAC-PkgAC-18to33-Ex-SEER-15.2/instance-out.sql,830779.16,1068.93,283950.73,125722.95,0.0,205621.82,0.0,205388.79,0.0,0.0,0.0,0.0,9025.95,0.0,0.0,0.00,283950.73,1068.93,0.00,179632.92,25988.90
CZ15/Htl&0&cDXGF&Ex&dxAC_equip/NE-dxAC-PkgAC-18to33-Ex-SEER-16.2/instance-out.sql,826037.51,1068.93,279209.08,125722.95,0.0,205621.82,0.0,205388.79,0.0,0.0,0.0,0.0,9025.95,0.0,0.0,0.00,279209.08,1068.93,0.00,179632.92,25988.90
CZ15/Htl&0&cDXGF&Ex&dxAC_equip/NE-dxAC-PkgAC-18to33-Ex-SEER-17.1/instance-out.sql,822246.71,1068.93,275418.28,125722.95,0.0,205621.82,0.0,205388.79,0.0,0.0,0.0,0.0,9025.95,0.0,0.0,0.00,275418.28,1068.93,0.00,179632.92,25988.90
CZ15/Htl&0&cDXGF&Ex&dxAC_equip/NE-dxAC-PkgAC-18to33-Ex-SEER-18.1/instance-out.sql,818642.9,1068.93,271814.47,125722.95,0.0,205621.82,0.0,205388.79,0.0,0.0,0.0,0.0,9025.95,0.0,0.0,0.00,271814.47,1068.93,0.00,179632.92,25988.90
CZ15/Htl&0&cDXGF&Ex&dxAC_equip/NE-dxAC-PkgAC-33to65-Ex-SEER-13.4/instance-out.sql,825001.28,1069.26,278199.13,125722.95,0.0,205621.82,0.0,205388.76,0.0,0.0,0.0,0.0,8999.35,0.0,0.0,0.00,278199.13,1069.26,0.00,179632.92,25988.90
CZ15/Htl&0&cDXGF&Ex&dxAC_equip/NE-dxAC-PkgAC-33to65-Ex-SEER-15.2/instance-out.sql,814495.01,1069.26,267692.87,125722.95,0.0,205621.82,0.0,205388.76,0.0,0.0,0.0,0.0,8999.35,0.0,0.0,0.00,267692.87,1069.26,0.00,179632.92,25988.90
CZ15/Htl&0&cDXGF&Ex&dxAC_equip/NE-dxAC-PkgAC-33to65-Ex-SEER-16.2/instance-out.sql,810251.83,1069.26,263449.69,125722.95,0.0,205621.82,0.0,205388.76,0.0,0.0,0.0,0.0,8999.35,0.0,0.0,0.00,263449.69,1069.26,0.00,179632.92,25988.90
CZ15/Htl&0&cDXGF&Ex&dxAC_equip/NE-dxAC-PkgAC-33to65-Ex-SEER-17.1/instance-out.sql,806859.54,1069.26,260057.4,125722.95,0.0,205621.82,0.0,205388.76,0.0,0.0,0.0,0.0,8999.35,0.0,0.0,0.00,260057.40,1069.26,0.00,179632.92,25988.90
CZ15/Htl&0&cDXGF&Ex&dxAC_equip/NE-dxAC-PkgAC-33to65-Ex-SEER-18.1/instance-out.sql,803634.58,1069.26,256832.44,125722.95,0.0,205621.82,0.0,205388.76,0.0,0.0,0.0,0.0,8999.35,0.0,0.0,0.00,256832.44,1069.26,0.00,179632.92,25988.90
CZ16/Htl&0&cDXGF&Ex&dxAC_equip/NE-dxAC-PkgAC-18to33-Ex-SEER-13.4/instance-out.sql,765824.29,38654.69,164467.14,125722.95,0.0,205621.82,0.0,219572.5,0.0,0.0,0.0,0.0,11785.2,0.0,0.0,0.00,164467.14,38654.69,0.00,179632.92,25988.90
CZ16/Htl&0&cDXGF&Ex&dxAC_equip/NE-dxAC-PkgAC-18to33-Ex-SEER-15.2/instance-out.sql,759134.8400000001,38654.69,157777.68,125722.95,0.0,205621.82,0.0,219572.5,0.0,0.0,0.0,0.0,11785.2,0.0,0.0,0.00,157777.68,38654.69,0.00,179632.92,25988.90
CZ16/Htl&0&cDXGF&Ex&dxAC_equip/NE-dxAC-PkgAC-18to33-Ex-SEER-16.2/instance-out.sql,756433.16,38654.69,155076.01,125722.95,0.0,205621.82,0.0,219572.5,0.0,0.0,0.0,0.0,11785.2,0.0,0.0,0.00,155076.01,38654.69,0.00,179632.92,25988.90
CZ16/Htl&0&cDXGF&Ex&dxAC_equip/NE-dxAC-PkgAC-18to33-Ex-SEER-17.1/instance-out.sql,754273.25,38654.69,152916.1,125722.95,0.0,205621.82,0.0,219572.5,0.0,0.0,0.0,0.0,11785.2,0.0,0.0,0.00,152916.10,38654.69,0.00,179632.92,25988.90
CZ16/Htl&0&cDXGF&Ex&dxAC_equip/NE-dxAC-PkgAC-18to33-Ex-SEER-18.1/instance-out.sql,752219.89,38654.69,150862.73,125722.95,0.0,205621.82,0.0,219572.5,0.0,0.0,0.0,0.0,11785.2,0.0,0.0,0.00,150862.73,38654.69,0.00,179632.92,25988.90
CZ16/Htl&0&cDXGF&Ex&dxAC_equip/NE-dxAC-PkgAC-33to65-Ex-SEER-13.4/instance-out.sql,743453.3,38656.42,142145.28,125722.95,0.0,205621.82,0.0,219572.46,0.0,0.0,0.0,0.0,11734.38,0.0,0.0,0.00,142145.28,38656.42,0.00,179632.92,25988.90
CZ16/Htl&0&cDXGF&Ex&dxAC_equip/NE-dxAC-PkgAC-33to65-Ex-SEER-15.2/instance-out.sql,738338.8500000001,38656.42,137030.83,125722.95,0.0,205621.82,0.0,219572.46,0.0,0.0,0.0,0.0,11734.38,0.0,0.0,0.00,137030.83,38656.42,0.00,179632.92,25988.90
CZ16/Htl&0&cDXGF&Ex&dxAC_equip/NE-dxAC-PkgAC-33to65-Ex-SEER-16.2/instance-out.sql,736273.27,38656.42,134965.25,125722.95,0.0,205621.82,0.0,219572.46,0.0,0.0,0.0,0.0,11734.38,0.0,0.0,0.00,134965.25,38656.42,0.00,179632.92,25988.90
CZ16/Htl&0&cDXGF&Ex&dxAC_equip/NE-dxAC-PkgAC-33to65-Ex-SEER-17.1/instance-out.sql,734621.9099999999,38656.42,133313.89,125722.95,0.0,205621.82,0.0,219572.46,0.0,0.0,0.0,0.0,11734.38,0.0,0.0,0.00,133313.89,38656.42,0.00,179632.92,25988.90
CZ16/Htl&0&cDXGF&Ex&dxAC_equip/NE-dxAC-PkgAC-33to65-Ex-SEER-18.1/instance-out.sql,733052.0,38656.42,131743.98,125722.95,0.0,205621.82,0.0,219572.46,0.0,0.0,0.0,0.0,11734.38,0.0,0.0,0.00,131743.98,38656.42,0.00,179632.92,25988.90

File Name,Electricity (kWh),Natural Gas (kWh)
CZ01/Htl&0&cDXGF&Ex&dxAC_equip/NE-dxAC-PkgAC-18to33-Ex-SEER-13.4/instance-out.sql,501020.18,76872.33
CZ01/Htl&0&cDXGF&Ex&dxAC_equip/NE-dxAC-PkgAC-18to33-Ex-SEER-15.2/instance-out.sql,499617.22,76872.33
CZ01/Htl&0&cDXGF&Ex&dxAC_equip/NE-dxAC-PkgAC-18to33-Ex-SEER-16.2/instance-out.sql,499050.60,76872.33
CZ01/Htl&0&cDXGF&Ex&dxAC_equip/NE-dxAC-PkgAC-18to33-Ex-SEER-17.1/instance-out.sql,498597.61,76872.33
CZ01/Htl&0&cDXGF&Ex&dxAC_equip/NE-dxAC-PkgAC-18to33-Ex-SEER-18.1/instance-out.sql,498166.96,76872.33
CZ01/Htl&0&cDXGF&Ex&dxAC_equip/NE-dxAC-PkgAC-33to65-Ex-SEER-13.4/instance-out.sql,481503.88,76918.93
CZ01/Htl&0&cDXGF&Ex&dxAC_equip/NE-dxAC-PkgAC-33to65-Ex-SEER-15.2/instance-out.sql,481477.93,76918.93
CZ01/Htl&0&cDXGF&Ex&dxAC_equip/NE-dxAC-PkgAC-33to65-Ex-SEER-16.2/instance-out.sql,481467.46,76918.93
CZ01/Htl&0&cDXGF&Ex&dxAC_equip/NE-dxAC-PkgAC-33to65-Ex-SEER-17.1/instance-out.sql,481459.08,76918.93
CZ01/Htl&0&cDXGF&Ex&dxAC_equip/NE-dxAC-PkgAC-33to65-Ex-SEER-18.1/instance-out.sql,481451.11,76918.93
CZ02/Htl&0&cDXGF&Ex&dxAC_equip/NE-dxAC-PkgAC-18to33-Ex-SEER-13.4/instance-out.sql,585570.42,61778.96
CZ02/Htl&0&cDXGF&Ex&dxAC_equip/NE-dxAC-PkgAC-18to33-Ex-SEER-15.2/instance-out.sql,581706.62,61778.96
CZ02/Htl&0&cDXGF&Ex&dxAC_equip/NE-dxAC-PkgAC-18to33-Ex-SEER-16.2/instance-out.sql,580146.15,61778.96
CZ02/Htl&0&cDXGF&Ex&dxAC_equip/NE-dxAC-PkgAC-18to33-Ex-SEER-17.1/instance-out.sql,578898.60,61778.96
CZ02/Htl&0&cDXGF&Ex&dxAC_equip/NE-dxAC-PkgAC-18to33-Ex-SEER-18.1/instance-out.sql,577712.59,61778.96
CZ02/Htl&0&cDXGF&Ex&dxAC_equip/NE-dxAC-PkgAC-33to65-Ex-SEER-13.4/instance-out.sql,556385.32,61749.15
CZ02/Htl&0&cDXGF&Ex&dxAC_equip/NE-dxAC-PkgAC-33to65-Ex-SEER-15.2/instance-out.sql,554580.78,61749.15
CZ02/Htl&0&cDXGF&Ex&dxAC_equip/NE-dxAC-PkgAC-33to65-Ex-SEER-16.2/instance-out.sql,553851.98,61749.15
CZ02/Htl&0&cDXGF&Ex&dxAC_equip/NE-dxAC-PkgAC-33to65-Ex-SEER-17.1/instance-out.sql,553269.33,61749.15
CZ02/Htl&0&cDXGF&Ex&dxAC_equip/NE-dxAC-PkgAC-33to65-Ex-SEER-18.1/instance-out.sql,552715.41,61749.15
CZ03/Htl&0&cDXGF&Ex&dxAC_equip/NE-dxAC-PkgAC-18to33-Ex-SEER-13.4/instance-out.sql,571189.24,48607.93
CZ03/Htl&0&cDXGF&Ex&dxAC_equip/NE-dxAC-PkgAC-18to33-Ex-SEER-15.2/instance-out.sql,567788.90,48607.93
CZ03/Htl&0&cDXGF&Ex&dxAC_equip/NE-dxAC-PkgAC-18to33-Ex-SEER-16.2/instance-out.sql,566415.60,48607.93
CZ03/Htl&0&cDXGF&Ex&dxAC_equip/NE-dxAC-PkgAC-18to33-Ex-SEER-17.1/instance-out.sql,565317.68,48607.93
CZ03/Htl&0&cDXGF&Ex&dxAC_equip/NE-dxAC-PkgAC-18to33-Ex-SEER-18.1/instance-out.sql,564273.93,48607.93
CZ03/Htl&0&cDXGF&Ex&dxAC_equip/NE-dxAC-PkgAC-33to65-Ex-SEER-13.4/instance-out.sql,534046.79,48702.09
CZ03/Htl&0&cDXGF&Ex&dxAC_equip/NE-dxAC-PkgAC-33to65-Ex-SEER-15.2/instance-out.sql,533267.15,48702.09
CZ03/Htl&0&cDXGF&Ex&dxAC_equip/NE-dxAC-PkgAC-33to65-Ex-SEER-16.2/instance-out.sql,532952.28,48702.09
CZ03/Htl&0&cDXGF&Ex&dxAC_equip/NE-dxAC-PkgAC-33to65-Ex-SEER-17.1/instance-out.sql,532700.54,48702.09
CZ03/Htl&0&cDXGF&Ex&dxAC_equip/NE-dxAC-PkgAC-33to65-Ex-SEER-18.1/instance-out.sql,532461.23,48702.09
CZ04/Htl&0&cDXGF&Ex&dxAC_equip/NE-dxAC-PkgAC-18to33-Ex-SEER-13.4/instance-out.sql,608676.24,46439.19
CZ04/Htl&0&cDXGF&Ex&dxAC_equip/NE-dxAC-PkgAC-18to33-Ex-SEER-15.2/instance-out.sql,604119.13,46439.19
CZ04/Htl&0&cDXGF&Ex&dxAC_equip/NE-dxAC-PkgAC-18to33-Ex-SEER-16.2/instance-out.sql,602278.65,46439.19
CZ04/Htl&0&cDXGF&Ex&dxAC_equip/NE-dxAC-PkgAC-18to33-Ex-SEER-17.1/instance-out.sql,600807.24,46439.19
CZ04/Htl&0&cDXGF&Ex&dxAC_equip/NE-dxAC-PkgAC-18to33-Ex-SEER-18.1/instance-out.sql,599408.41,46439.19
CZ04/Htl&0&cDXGF&Ex&dxAC_equip/NE-dxAC-PkgAC-33to65-Ex-SEER-13.4/instance-out.sql,575592.36,46440.12
CZ04/Htl&0&cDXGF&Ex&dxAC_equip/NE-dxAC-PkgAC-33to65-Ex-SEER-15.2/instance-out.sql,573369.60,46440.12
CZ04/Htl&0&cDXGF&Ex&dxAC_equip/NE-dxAC-PkgAC-33to65-Ex-SEER-16.2/instance-out.sql,572471.90,46440.12
CZ04/Htl&0&cDXGF&Ex&dxAC_equip/NE-dxAC-PkgAC-33to65-Ex-SEER-17.1/instance-out.sql,571754.21,46440.12
CZ04/Htl&0&cDXGF&Ex&dxAC_equip/NE-dxAC-PkgAC-33to65-Ex-SEER-18.1/instance-out.sql,571071.92,46440.12
CZ05/Htl&0&cDXGF&Ex&dxAC_equip/NE-dxAC-PkgAC-18to33-Ex-SEER-13.4/instance-out.sql,574241.21,45715.13
CZ05/Htl&0&cDXGF&Ex&dxAC_equip/NE-dxAC-PkgAC-18to33-Ex-SEER-15.2/instance-out.sql,570591.08,45715.13
CZ05/Htl&0&cDXGF&Ex&dxAC_equip/NE-dxAC-PkgAC-18to33-Ex-SEER-16.2/instance-out.sql,569116.90,45715.13
CZ05/Htl&0&cDXGF&Ex&dxAC_equip/NE-dxAC-PkgAC-18to33-Ex-SEER-17.1/instance-out.sql,567938.33,45715.13
CZ05/Htl&0&cDXGF&Ex&dxAC_equip/NE-dxAC-PkgAC-18to33-Ex-SEER-18.1/instance-out.sql,566817.90,45715.13
CZ05/Htl&0&cDXGF&Ex&dxAC_equip/NE-dxAC-PkgAC-33to65-Ex-SEER-13.4/instance-out.sql,538772.39,45742.38
CZ05/Htl&0&cDXGF&Ex&dxAC_equip/NE-dxAC-PkgAC-33to65-Ex-SEER-15.2/instance-out.sql,537624.87,45742.38
CZ05/Htl&0&cDXGF&Ex&dxAC_equip/NE-dxAC-PkgAC-33to65-Ex-SEER-16.2/instance-out.sql,537161.42,45742.38
CZ05/Htl&0&cDXGF&Ex&dxAC_equip/NE-dxAC-PkgAC-33to65-Ex-SEER-17.1/instance-out.sql,536790.91,45742.38
CZ05/Htl&0&cDXGF&Ex&dxAC_equip/NE-dxAC-PkgAC-33to65-Ex-SEER-18.1/instance-out.sql,536438.67,45742.38
CZ06/Htl&0&cDXGF&Ex&dxAC_equip/NE-dxAC-PkgAC-18to33-Ex-SEER-13.4/instance-out.sql,617184.83,37571.55
CZ06/Htl&0&cDXGF&Ex&dxAC_equip/NE-dxAC-PkgAC-18to33-Ex-SEER-15.2/instance-out.sql,612194.90,37571.55
CZ06/Htl&0&cDXGF&Ex&dxAC_equip/NE-dxAC-PkgAC-18to33-Ex-SEER-16.2/instance-out.sql,610179.61,37571.55
CZ06/Htl&0&cDXGF&Ex&dxAC_equip/NE-dxAC-PkgAC-18to33-Ex-SEER-17.1/instance-out.sql,608568.45,37571.55
CZ06/Htl&0&cDXGF&Ex&dxAC_equip/NE-dxAC-PkgAC-18to33-Ex-SEER-18.1/instance-out.sql,607036.76,37571.55
CZ06/Htl&0&cDXGF&Ex&dxAC_equip/NE-dxAC-PkgAC-33to65-Ex-SEER-13.4/instance-out.sql,573978.06,37508.99
CZ06/Htl&0&cDXGF&Ex&dxAC_equip/NE-dxAC-PkgAC-33to65-Ex-SEER-15.2/instance-out.sql,572036.73,37508.99
CZ06/Htl&0&cDXGF&Ex&dxAC_equip/NE-dxAC-PkgAC-33to65-Ex-SEER-16.2/instance-out.sql,571252.69,37508.99
CZ06/Htl&0&cDXGF&Ex&dxAC_equip/NE-dxAC-PkgAC-33to65-Ex-SEER-17.1/instance-out.sql,570625.87,37508.99
CZ06/Htl&0&cDXGF&Ex&dxAC_equip/NE-dxAC-PkgAC-33to65-Ex-SEER-18.1/instance-out.sql,570029.97,37508.99
CZ07/Htl&0&cDXGF&Ex&dxAC_equip/NE-dxAC-PkgAC-18to33-Ex-SEER-13.4/instance-out.sql,612798.97,37302.56
CZ07/Htl&0&cDXGF&Ex&dxAC_equip/NE-dxAC-PkgAC-18to33-Ex-SEER-15.2/instance-out.sql,607753.53,37302.56
CZ07/Htl&0&cDXGF&Ex&dxAC_equip/NE-dxAC-PkgAC-18to33-Ex-SEER-16.2/instance-out.sql,605715.82,37302.56
CZ07/Htl&0&cDXGF&Ex&dxAC_equip/NE-dxAC-PkgAC-18to33-Ex-SEER-17.1/instance-out.sql,604086.73,37302.56
CZ07/Htl&0&cDXGF&Ex&dxAC_equip/NE-dxAC-PkgAC-18to33-Ex-SEER-18.1/instance-out.sql,602538.01,37302.56
CZ07/Htl&0&cDXGF&Ex&dxAC_equip/NE-dxAC-PkgAC-33to65-Ex-SEER-13.4/instance-out.sql,578057.91,37294.20
CZ07/Htl&0&cDXGF&Ex&dxAC_equip/NE-dxAC-PkgAC-33to65-Ex-SEER-15.2/instance-out.sql,575463.71,37294.20
CZ07/Htl&0&cDXGF&Ex&dxAC_equip/NE-dxAC-PkgAC-33to65-Ex-SEER-16.2/instance-out.sql,574415.99,37294.20
CZ07/Htl&0&cDXGF&Ex&dxAC_equip/NE-dxAC-PkgAC-33to65-Ex-SEER-17.1/instance-out.sql,573578.37,37294.20
CZ07/Htl&0&cDXGF&Ex&dxAC_equip/NE-dxAC-PkgAC-33to65-Ex-SEER-18.1/instance-out.sql,572782.07,37294.20
CZ08/Htl&0&cDXGF&Ex&dxAC_equip/NE-dxAC-PkgAC-18to33-Ex-SEER-13.4/instance-out.sql,641154.08,38037.66
CZ08/Htl&0&cDXGF&Ex&dxAC_equip/NE-dxAC-PkgAC-18to33-Ex-SEER-15.2/instance-out.sql,635448.38,38037.66
CZ08/Htl&0&cDXGF&Ex&dxAC_equip/NE-dxAC-PkgAC-18to33-Ex-SEER-16.2/instance-out.sql,633144.01,38037.66
CZ08/Htl&0&cDXGF&Ex&dxAC_equip/NE-dxAC-PkgAC-18to33-Ex-SEER-17.1/instance-out.sql,631301.74,38037.66
CZ08/Htl&0&cDXGF&Ex&dxAC_equip/NE-dxAC-PkgAC-18to33-Ex-SEER-18.1/instance-out.sql,629550.34,38037.66
CZ08/Htl&0&cDXGF&Ex&dxAC_equip/NE-dxAC-PkgAC-33to65-Ex-SEER-13.4/instance-out.sql,605543.95,38043.45
CZ08/Htl&0&cDXGF&Ex&dxAC_equip/NE-dxAC-PkgAC-33to65-Ex-SEER-15.2/instance-out.sql,602350.84,38043.45
CZ08/Htl&0&cDXGF&Ex&dxAC_equip/NE-dxAC-PkgAC-33to65-Ex-SEER-16.2/instance-out.sql,601061.23,38043.45
CZ08/Htl&0&cDXGF&Ex&dxAC_equip/NE-dxAC-PkgAC-33to65-Ex-SEER-17.1/instance-out.sql,600030.23,38043.45
CZ08/Htl&0&cDXGF&Ex&dxAC_equip/NE-dxAC-PkgAC-33to65-Ex-SEER-18.1/instance-out.sql,599050.09,38043.45
CZ09/Htl&0&cDXGF&Ex&dxAC_equip/NE-dxAC-PkgAC-18to33-Ex-SEER-13.4/instance-out.sql,660849.13,37610.08
CZ09/Htl&0&cDXGF&Ex&dxAC_equip/NE-dxAC-PkgAC-18to33-Ex-SEER-15.2/instance-out.sql,654695.09,37610.08
CZ09/Htl&0&cDXGF&Ex&dxAC_equip/NE-dxAC-PkgAC-18to33-Ex-SEER-16.2/instance-out.sql,652209.65,37610.08
CZ09/Htl&0&cDXGF&Ex&dxAC_equip/NE-dxAC-PkgAC-18to33-Ex-SEER-17.1/instance-out.sql,650222.62,37610.08
CZ09/Htl&0&cDXGF&Ex&dxAC_equip/NE-dxAC-PkgAC-18to33-Ex-SEER-18.1/instance-out.sql,648333.60,37610.08
CZ09/Htl&0&cDXGF&Ex&dxAC_equip/NE-dxAC-PkgAC-33to65-Ex-SEER-13.4/instance-out.sql,625863.37,37528.24
CZ09/Htl&0&cDXGF&Ex&dxAC_equip/NE-dxAC-PkgAC-33to65-Ex-SEER-15.2/instance-out.sql,622177.87,37528.24
CZ09/Htl&0&cDXGF&Ex&dxAC_equip/NE-dxAC-PkgAC-33to65-Ex-SEER-16.2/instance-out.sql,620689.40,37528.24
CZ09/Htl&0&cDXGF&Ex&dxAC_equip/NE-dxAC-PkgAC-33to65-Ex-SEER-17.1/instance-out.sql,619499.42,37528.24
CZ09/Htl&0&cDXGF&Ex&dxAC_equip/NE-dxAC-PkgAC-33to65-Ex-SEER-18.1/instance-out.sql,618368.13,37528.24
CZ10/Htl&0&cDXGF&Ex&dxAC_equip/NE-dxAC-PkgAC-18to33-Ex-SEER-13.4/instance-out.sql,677516.40,41165.32
CZ10/Htl&0&cDXGF&Ex&dxAC_equip/NE-dxAC-PkgAC-18to33-Ex-SEER-15.2/instance-out.sql,670527.30,41165.32
CZ10/Htl&0&cDXGF&Ex&dxAC_equip/NE-dxAC-PkgAC-18to33-Ex-SEER-16.2/instance-out.sql,667704.60,41165.32
CZ10/Htl&0&cDXGF&Ex&dxAC_equip/NE-dxAC-PkgAC-18to33-Ex-SEER-17.1/instance-out.sql,665447.94,41165.32
CZ10/Htl&0&cDXGF&Ex&dxAC_equip/NE-dxAC-PkgAC-18to33-Ex-SEER-18.1/instance-out.sql,663302.60,41165.32
CZ10/Htl&0&cDXGF&Ex&dxAC_equip/NE-dxAC-PkgAC-33to65-Ex-SEER-13.4/instance-out.sql,650984.63,41170.93
CZ10/Htl&0&cDXGF&Ex&dxAC_equip/NE-dxAC-PkgAC-33to65-Ex-SEER-15.2/instance-out.sql,645867.57,41170.93
CZ10/Htl&0&cDXGF&Ex&dxAC_equip/NE-dxAC-PkgAC-33to65-Ex-SEER-16.2/instance-out.sql,643800.94,41170.93
CZ10/Htl&0&cDXGF&Ex&dxAC_equip/NE-dxAC-PkgAC-33to65-Ex-SEER-17.1/instance-out.sql,642148.73,41170.93
CZ10/Htl&0&cDXGF&Ex&dxAC_equip/NE-dxAC-PkgAC-33to65-Ex-SEER-18.1/instance-out.sql,640578.02,41170.93
CZ11/Htl&0&cDXGF&Ex&dxAC_equip/NE-dxAC-PkgAC-18to33-Ex-SEER-13.4/instance-out.sql,688693.43,64834.36
CZ11/Htl&0&cDXGF&Ex&dxAC_equip/NE-dxAC-PkgAC-18to33-Ex-SEER-15.2/instance-out.sql,681625.13,64834.36
CZ11/Htl&0&cDXGF&Ex&dxAC_equip/NE-dxAC-PkgAC-18to33-Ex-SEER-16.2/instance-out.sql,678770.45,64834.36
CZ11/Htl&0&cDXGF&Ex&dxAC_equip/NE-dxAC-PkgAC-18to33-Ex-SEER-17.1/instance-out.sql,676488.22,64834.36
CZ11/Htl&0&cDXGF&Ex&dxAC_equip/NE-dxAC-PkgAC-18to33-Ex-SEER-18.1/instance-out.sql,674318.56,64834.36
CZ11/Htl&0&cDXGF&Ex&dxAC_equip/NE-dxAC-PkgAC-33to65-Ex-SEER-13.4/instance-out.sql,668254.03,64945.37
CZ11/Htl&0&cDXGF&Ex&dxAC_equip/NE-dxAC-PkgAC-33to65-Ex-SEER-15.2/instance-out.sql,662627.90,64945.37
CZ11/Htl&0&cDXGF&Ex&dxAC_equip/NE-dxAC-PkgAC-33to65-Ex-SEER-16.2/instance-out.sql,660355.67,64945.37
CZ11/Htl&0&cDXGF&Ex&dxAC_equip/NE-dxAC-PkgAC-33to65-Ex-SEER-17.1/instance-out.sql,658539.10,64945.37
CZ11/Htl&0&cDXGF&Ex&dxAC_equip/NE-dxAC-PkgAC-33to65-Ex-SEER-18.1/instance-out.sql,656812.12,64945.37
CZ12/Htl&0&cDXGF&Ex&dxAC_equip/NE-dxAC-PkgAC-18to33-Ex-SEER-13.4/instance-out.sql,643531.99,63462.99
CZ12/Htl&0&cDXGF&Ex&dxAC_equip/NE-dxAC-PkgAC-18to33-Ex-SEER-15.2/instance-out.sql,637571.28,63462.99
CZ12/Htl&0&cDXGF&Ex&dxAC_equip/NE-dxAC-PkgAC-18to33-Ex-SEER-16.2/instance-out.sql,635163.92,63462.99
CZ12/Htl&0&cDXGF&Ex&dxAC_equip/NE-dxAC-PkgAC-18to33-Ex-SEER-17.1/instance-out.sql,633239.31,63462.99
CZ12/Htl&0&cDXGF&Ex&dxAC_equip/NE-dxAC-PkgAC-18to33-Ex-SEER-18.1/instance-out.sql,631409.64,63462.99
CZ12/Htl&0&cDXGF&Ex&dxAC_equip/NE-dxAC-PkgAC-33to65-Ex-SEER-13.4/instance-out.sql,620987.19,63451.22
CZ12/Htl&0&cDXGF&Ex&dxAC_equip/NE-dxAC-PkgAC-33to65-Ex-SEER-15.2/instance-out.sql,616617.22,63451.22
CZ12/Htl&0&cDXGF&Ex&dxAC_equip/NE-dxAC-PkgAC-33to65-Ex-SEER-16.2/instance-out.sql,614852.31,63451.22
CZ12/Htl&0&cDXGF&Ex&dxAC_equip/NE-dxAC-PkgAC-33to65-Ex-SEER-17.1/instance-out.sql,613441.32,63451.22
CZ12/Htl&0&cDXGF&Ex&dxAC_equip/NE-dxAC-PkgAC-33to65-Ex-SEER-18.1/instance-out.sql,612099.93,63451.22
CZ13/Htl&0&cDXGF&Ex&dxAC_equip/NE-dxAC-PkgAC-18to33-Ex-SEER-13.4/instance-out.sql,702877.09,56030.74
CZ13/Htl&0&cDXGF&Ex&dxAC_equip/NE-dxAC-PkgAC-18to33-Ex-SEER-15.2/instance-out.sql,695253.70,56030.74
CZ13/Htl&0&cDXGF&Ex&dxAC_equip/NE-dxAC-PkgAC-18to33-Ex-SEER-16.2/instance-out.sql,692174.83,56030.74
CZ13/Htl&0&cDXGF&Ex&dxAC_equip/NE-dxAC-PkgAC-18to33-Ex-SEER-17.1/instance-out.sql,689713.37,56030.74
CZ13/Htl&0&cDXGF&Ex&dxAC_equip/NE-dxAC-PkgAC-18to33-Ex-SEER-18.1/instance-out.sql,687373.32,56030.74
CZ13/Htl&0&cDXGF&Ex&dxAC_equip/NE-dxAC-PkgAC-33to65-Ex-SEER-13.4/instance-out.sql,681408.18,56089.38
CZ13/Htl&0&cDXGF&Ex&dxAC_equip/NE-dxAC-PkgAC-33to65-Ex-SEER-15.2/instance-out.sql,675299.60,56089.38
CZ13/Htl&0&cDXGF&Ex&dxAC_equip/NE-dxAC-PkgAC-33to65-Ex-SEER-16.2/instance-out.sql,672832.52,56089.38
CZ13/Htl&0&cDXGF&Ex&dxAC_equip/NE-dxAC-PkgAC-33to65-Ex-SEER-17.1/instance-out.sql,670860.16,56089.38
CZ13/Htl&0&cDXGF&Ex&dxAC_equip/NE-dxAC-PkgAC-33to65-Ex-SEER-18.1/instance-out.sql,668985.10,56089.38
CZ14/Htl&0&cDXGF&Ex&dxAC_equip/NE-dxAC-PkgAC-18to33-Ex-SEER-13.4/instance-out.sql,752543.60,42627.13
CZ14/Htl&0&cDXGF&Ex&dxAC_equip/NE-dxAC-PkgAC-18to33-Ex-SEER-15.2/instance-out.sql,743164.28,42627.13
CZ14/Htl&0&cDXGF&Ex&dxAC_equip/NE-dxAC-PkgAC-18to33-Ex-SEER-16.2/instance-out.sql,739376.24,42627.13
CZ14/Htl&0&cDXGF&Ex&dxAC_equip/NE-dxAC-PkgAC-18to33-Ex-SEER-17.1/instance-out.sql,736347.82,42627.13
CZ14/Htl&0&cDXGF&Ex&dxAC_equip/NE-dxAC-PkgAC-18to33-Ex-SEER-18.1/instance-out.sql,733468.78,42627.13
CZ14/Htl&0&cDXGF&Ex&dxAC_equip/NE-dxAC-PkgAC-33to65-Ex-SEER-13.4/instance-out.sql,730270.20,42647.45
CZ14/Htl&0&cDXGF&Ex&dxAC_equip/NE-dxAC-PkgAC-33to65-Ex-SEER-15.2/instance-out.sql,722462.46,42647.45
CZ14/Htl&0&cDXGF&Ex&dxAC_equip/NE-dxAC-PkgAC-33to65-Ex-SEER-16.2/instance-out.sql,719309.13,42647.45
CZ14/Htl&0&cDXGF&Ex&dxAC_equip/NE-dxAC-PkgAC-33to65-Ex-SEER-17.1/instance-out.sql,716788.15,42647.45
CZ14/Htl&0&cDXGF&Ex&dxAC_equip/NE-dxAC-PkgAC-33to65-Ex-SEER-18.1/instance-out.sql,714391.52,42647.45
CZ15/Htl&0&cDXGF&Ex&dxAC_equip/NE-dxAC-PkgAC-18to33-Ex-SEER-13.4/instance-out.sql,806435.87,36083.77
CZ15/Htl&0&cDXGF&Ex&dxAC_equip/NE-dxAC-PkgAC-18to33-Ex-SEER-15.2/instance-out.sql,794695.39,36083.77
CZ15/Htl&0&cDXGF&Ex&dxAC_equip/NE-dxAC-PkgAC-18to33-Ex-SEER-16.2/instance-out.sql,789953.74,36083.77
CZ15/Htl&0&cDXGF&Ex&dxAC_equip/NE-dxAC-PkgAC-18to33-Ex-SEER-17.1/instance-out.sql,786162.94,36083.77
CZ15/Htl&0&cDXGF&Ex&dxAC_equip/NE-dxAC-PkgAC-18to33-Ex-SEER-18.1/instance-out.sql,782559.13,36083.77
CZ15/Htl&0&cDXGF&Ex&dxAC_equip/NE-dxAC-PkgAC-33to65-Ex-SEER-13.4/instance-out.sql,788943.77,36057.51
CZ15/Htl&0&cDXGF&Ex&dxAC_equip/NE-dxAC-PkgAC-33to65-Ex-SEER-15.2/instance-out.sql,778437.50,36057.51
CZ15/Htl&0&cDXGF&Ex&dxAC_equip/NE-dxAC-PkgAC-33to65-Ex-SEER-16.2/instance-out.sql,774194.32,36057.51
CZ15/Htl&0&cDXGF&Ex&dxAC_equip/NE-dxAC-PkgAC-33to65-Ex-SEER-17.1/instance-out.sql,770802.03,36057.51
CZ15/Htl&0&cDXGF&Ex&dxAC_equip/NE-dxAC-PkgAC-33to65-Ex-SEER-18.1/instance-out.sql,767577.07,36057.51
CZ16/Htl&0&cDXGF&Ex&dxAC_equip/NE-dxAC-PkgAC-18to33-Ex-SEER-13.4/instance-out.sql,689395.51,76428.78
CZ16/Htl&0&cDXGF&Ex&dxAC_equip/NE-dxAC-PkgAC-18to33-Ex-SEER-15.2/instance-out.sql,682706.06,76428.78
CZ16/Htl&0&cDXGF&Ex&dxAC_equip/NE-dxAC-PkgAC-18to33-Ex-SEER-16.2/instance-out.sql,680004.38,76428.78
CZ16/Htl&0&cDXGF&Ex&dxAC_equip/NE-dxAC-PkgAC-18to33-Ex-SEER-17.1/instance-out.sql,677844.47,76428.78
CZ16/Htl&0&cDXGF&Ex&dxAC_equip/NE-dxAC-PkgAC-18to33-Ex-SEER-18.1/instance-out.sql,675791.11,76428.78
CZ16/Htl&0&cDXGF&Ex&dxAC_equip/NE-dxAC-PkgAC-33to65-Ex-SEER-13.4/instance-out.sql,667073.61,76379.69
CZ16/Htl&0&cDXGF&Ex&dxAC_equip/NE-dxAC-PkgAC-33to65-Ex-SEER-15.2/instance-out.sql,661959.16,76379.69
CZ16/Htl&0&cDXGF&Ex&dxAC_equip/NE-dxAC-PkgAC-33to65-Ex-SEER-16.2/instance-out.sql,659893.58,76379.69
CZ16/Htl&0&cDXGF&Ex&dxAC_equip/NE-dxAC-PkgAC-33to65-Ex-SEER-17.1/instance-out.sql,658242.22,76379.69
CZ16/Htl&0&cDXGF&Ex&dxAC_equip/NE-dxAC-PkgAC-33to65-Ex-SEER-18.1/instance-out.sql,656672.31,76379.69

File Name,Unmet Heating (Hours),Unmet Cooling (Hours)
CZ01/Htl&0&cDXGF&Ex&dxAC_equip/NE-dxAC-PkgAC-18to33-Ex-SEER-13.4/instance-out.sql,0.00,0.00
CZ01/Htl&0&cDXGF&Ex&dxAC_equip/NE-dxAC-PkgAC-18to33-Ex-SEER-15.2/instance-out.sql,0.00,0.00
CZ01/Htl&0&cDXGF&Ex&dxAC_equip/NE-dxAC-PkgAC-18to33-Ex-SEER-16.2/instance-out.sql,0.00,0.00
CZ01/Htl&0&cDXGF&Ex&dxAC_equip/NE-dxAC-PkgAC-18to33-Ex-SEER-17.1/instance-out.sql,0.00,0.00
CZ01/Htl&0&cDXGF&Ex&dxAC_equip/NE-dxAC-PkgAC-18to33-Ex-SEER-18.1/instance-out.sql,0.00,0.00
CZ01/Htl&0&cDXGF&Ex&dxAC_equip/NE-dxAC-PkgAC-33to65-Ex-SEER-13.4/instance-out.sql,0.00,0.00
CZ01/Htl&0&cDXGF&Ex&dxAC_equip/NE-dxAC-PkgAC-33to65-Ex-SEER-15.2/instance-out.sql,0.00,0.00
CZ01/Htl&0&cDXGF&Ex&dxAC_equip/NE-dxAC-PkgAC-33to65-Ex-SEER-16.2/instance-out.sql,0.00,0.00
CZ01/Htl&0&cDXGF&Ex&dxAC_equip/NE-dxAC-PkgAC-33to65-Ex-SEER-17.1/instance-out.sql,0.00,0.00
CZ01/Htl&0&cDXGF&Ex&dxAC_equip/NE-dxAC-PkgAC-33to65-Ex-SEER-18.1/instance-out.sql,0.00,0.00
CZ02/Htl&0&cDXGF&Ex&dxAC_equip/NE-dxAC-PkgAC-18to33-Ex-SEER-13.4/instance-out.sql,0.00,0.00
CZ02/Htl&0&cDXGF&Ex&dxAC_equip/NE-dxAC-PkgAC-18to33-Ex-SEER-15.2/instance-out.sql,0.00,0.00
CZ02/Htl&0&cDXGF&Ex&dxAC_equip/NE-dxAC-PkgAC-18to33-Ex-SEER-16.2/instance-out.sql,0.00,0.00
CZ02/Htl&0&cDXGF&Ex&dxAC_equip/NE-dxAC-PkgAC-18to33-Ex-SEER-17.1/instance-out.sql,0.00,0.00
CZ02/Htl&0&cDXGF&Ex&dxAC_equip/NE-dxAC-PkgAC-18to33-Ex-SEER-18.1/instance-out.sql,0.00,0.00
CZ02/Htl&0&cDXGF&Ex&dxAC_equip/NE-dxAC-PkgAC-33to65-Ex-SEER-13.4/instance-out.sql,0.00,0.00
CZ02/Htl&0&cDXGF&Ex&dxAC_equip/NE-dxAC-PkgAC-33to65-Ex-SEER-15.2/instance-out.sql,0.00,0.00
CZ02/Htl&0&cDXGF&Ex&dxAC_equip/NE-dxAC-PkgAC-33to65-Ex-SEER-16.2/instance-out.sql,0.00,0.00
CZ02/Htl&0&cDXGF&Ex&dxAC_equip/NE-dxAC-PkgAC-33to65-Ex-SEER-17.1/instance-out.sql,0.00,0.00
CZ02/Htl&0&cDXGF&Ex&dxAC_equip/NE-dxAC-PkgAC-33to65-Ex-SEER-18.1/instance-out.sql,0.00,0.00
CZ03/Htl&0&cDXGF&Ex&dxAC_equip/NE-dxAC-PkgAC-18to33-Ex-SEER-13.4/instance-out.sql,0.00,0.00
CZ03/Htl&0&cDXGF&Ex&dxAC_equip/NE-dxAC-PkgAC-18to33-Ex-SEER-15.2/instance-out.sql,0.00,0.00
CZ03/Htl&0&cDXGF&Ex&dxAC_equip/NE-dxAC-PkgAC-18to33-Ex-SEER-16.2/instance-out.sql,0.00,0.00
CZ03/Htl&0&cDXGF&Ex&dxAC_equip/NE-dxAC-PkgAC-18to33-Ex-SEER-17.1/instance-out.sql,0.00,0.00
CZ03/Htl&0&cDXGF&Ex&dxAC_equip/NE-dxAC-PkgAC-18to33-Ex-SEER-18.1/instance-out.sql,0.00,0.00
CZ03/Htl&0&cDXGF&Ex&dxAC_equip/NE-dxAC-PkgAC-33to65-Ex-SEER-13.4/instance-out.sql,0.00,0.00
CZ03/Htl&0&cDXGF&Ex&dxAC_equip/NE-dxAC-PkgAC-33to65-Ex-SEER-15.2/instance-out.sql,0.00,0.00
CZ03/Htl&0&cDXGF&Ex&dxAC_equip/NE-dxAC-PkgAC-33to65-Ex-SEER-16.2/instance-out.sql,0.00,0.00
CZ03/Htl&0&cDXGF&Ex&dxAC_equip/NE-dxAC-PkgAC-33to65-Ex-SEER-17.1/instance-out.sql,0.00,0.00
CZ03/Htl&0&cDXGF&Ex&dxAC_equip/NE-dxAC-PkgAC-33to65-Ex-SEER-18.1/instance-out.sql,0.00,0.00
CZ04/Htl&0&cDXGF&Ex&dxAC_equip/NE-dxAC-PkgAC-18to33-Ex-SEER-13.4/instance-out.sql,0.00,0.00
CZ04/Htl&0&cDXGF&Ex&dxAC_equip/NE-dxAC-PkgAC-18to33-Ex-SEER-15.2/instance-out.sql,0.00,0.00
CZ04/Htl&0&cDXGF&Ex&dxAC_equip/NE-dxAC-PkgAC-18to33-Ex-SEER-16.2/instance-out.sql,0.00,0.00
CZ04/Htl&0&cDXGF&Ex&dxAC_equip/NE-dxAC-PkgAC-18to33-Ex-SEER-17.1/instance-out.sql,0.00,0.00
CZ04/Htl&0&cDXGF&Ex&dxAC_equip/NE-dxAC-PkgAC-18to33-Ex-SEER-18.1/instance-out.sql,0.00,0.00
CZ04/Htl&0&cDXGF&Ex&dxAC_equip/NE-dxAC-PkgAC-33to65-Ex-SEER-13.4/instance-out.sql,0.00,0.00
CZ04/Htl&0&cDXGF&Ex&dxAC_equip/NE-dxAC-PkgAC-33to65-Ex-SEER-15.2/instance-out.sql,0.00,0.00
CZ04/Htl&0&cDXGF&Ex&dxAC_equip/NE-dxAC-PkgAC-33to65-Ex-SEER-16.2/instance-out.sql,0.00,0.00
CZ04/Htl&0&cDXGF&Ex&dxAC_equip/NE-dxAC-PkgAC-33to65-Ex-SEER-17.1/instance-out.sql,0.00,0.00
CZ04/Htl&0&cDXGF&Ex&dxAC_equip/NE-dxAC-PkgAC-33to65-Ex-SEER-18.1/instance-out.sql,0.00,0.00
CZ05/Htl&0&cDXGF&Ex&dxAC_equip/NE-dxAC-PkgAC-18to33-Ex-SEER-13.4/instance-out.sql,0.00,0.00
CZ05/Htl&0&cDXGF&Ex&dxAC_equip/NE-dxAC-PkgAC-18to33-Ex-SEER-15.2/instance-out.sql,0.00,0.00
CZ05/Htl&0&cDXGF&Ex&dxAC_equip/NE-dxAC-PkgAC-18to33-Ex-SEER-16.2/instance-out.sql,0.00,0.00
CZ05/Htl&0&cDXGF&Ex&dxAC_equip/NE-dxAC-PkgAC-18to33-Ex-SEER-17.1/instance-out.sql,0.00,0.00
CZ05/Htl&0&cDXGF&Ex&dxAC_equip/NE-dxAC-PkgAC-18to33-Ex-SEER-18.1/instance-out.sql,0.00,0.00
CZ05/Htl&0&cDXGF&Ex&dxAC_equip/NE-dxAC-PkgAC-33to65-Ex-SEER-13.4/instance-out.sql,0.00,0.00
CZ05/Htl&0&cDXGF&Ex&dxAC_equip/NE-dxAC-PkgAC-33to65-Ex-SEER-15.2/instance-out.sql,0.00,0.00
CZ05/Htl&0&cDXGF&Ex&dxAC_equip/NE-dxAC-PkgAC-33to65-Ex-SEER-16.2/instance-out.sql,0.00,0.00
CZ05/Htl&0&cDXGF&Ex&dxAC_equip/NE-dxAC-PkgAC-33to65-Ex-SEER-17.1/instance-out.sql,0.00,0.00
CZ05/Htl&0&cDXGF&Ex&dxAC_equip/NE-dxAC-PkgAC-33to65-Ex-SEER-18.1/instance-out.sql,0.00,0.00
CZ06/Htl&0&cDXGF&Ex&dxAC_equip/NE-dxAC-PkgAC-18to33-Ex-SEER-13.4/instance-out.sql,0.00,0.00
CZ06/Htl&0&cDXGF&Ex&dxAC_equip/NE-dxAC-PkgAC-18to33-Ex-SEER-15.2/instance-out.sql,0.00,0.00
CZ06/Htl&0&cDXGF&Ex&dxAC_equip/NE-dxAC-PkgAC-18to33-Ex-SEER-16.2/instance-out.sql,0.00,0.00
CZ06/Htl&0&cDXGF&Ex&dxAC_equip/NE-dxAC-PkgAC-18to33-Ex-SEER-17.1/instance-out.sql,0.00,0.00
CZ06/Htl&0&cDXGF&Ex&dxAC_equip/NE-dxAC-PkgAC-18to33-Ex-SEER-18.1/instance-out.sql,0.00,0.00
CZ06/Htl&0&cDXGF&Ex&dxAC_equip/NE-dxAC-PkgAC-33to65-Ex-SEER-13.4/instance-out.sql,0.00,0.00
CZ06/Htl&0&cDXGF&Ex&dxAC_equip/NE-dxAC-PkgAC-33to65-Ex-SEER-15.2/instance-out.sql,0.00,0.00
CZ06/Htl&0&cDXGF&Ex&dxAC_equip/NE-dxAC-PkgAC-33to65-Ex-SEER-16.2/instance-out.sql,0.00,0.00
CZ06/Htl&0&cDXGF&Ex&dxAC_equip/NE-dxAC-PkgAC-33to65-Ex-SEER-17.1/instance-out.sql,0.00,0.00
CZ06/Htl&0&cDXGF&Ex&dxAC_equip/NE-dxAC-PkgAC-33to65-Ex-SEER-18.1/instance-out.sql,0.00,0.00
CZ07/Htl&0&cDXGF&Ex&dxAC_equip/NE-dxAC-PkgAC-18to33-Ex-SEER-13.4/instance-out.sql,0.00,0.00
CZ07/Htl&0&cDXGF&Ex&dxAC_equip/NE-dxAC-PkgAC-18to33-Ex-SEER-15.2/instance-out.sql,0.00,0.00
CZ07/Htl&0&cDXGF&Ex&dxAC_equip/NE-dxAC-PkgAC-18to33-Ex-SEER-16.2/instance-out.sql,0.00,0.00
CZ07/Htl&0&cDXGF&Ex&dxAC_equip/NE-dxAC-PkgAC-18to33-Ex-SEER-17.1/instance-out.sql,0.00,0.00
CZ07/Htl&0&cDXGF&Ex&dxAC_equip/NE-dxAC-PkgAC-18to33-Ex-SEER-18.1/instance-out.sql,0.00,0.00
CZ07/Htl&0&cDXGF&Ex&dxAC_equip/NE-dxAC-PkgAC-33to65-Ex-SEER-13.4/instance-out.sql,0.00,0.00
CZ07/Htl&0&cDXGF&Ex&dxAC_equip/NE-dxAC-PkgAC-33to65-Ex-SEER-15.2/instance-out.sql,0.00,0.00
CZ07/Htl&0&cDXGF&Ex&dxAC_equip/NE-dxAC-PkgAC-33to65-Ex-SEER-16.2/instance-out.sql,0.00,0.00
CZ07/Htl&0&cDXGF&Ex&dxAC_equip/NE-dxAC-PkgAC-33to65-Ex-SEER-17.1/instance-out.sql,0.00,0.00
CZ07/Htl&0&cDXGF&Ex&dxAC_equip/NE-dxAC-PkgAC-33to65-Ex-SEER-18.1/instance-out.sql,0.00,0.00
CZ08/Htl&0&cDXGF&Ex&dxAC_equip/NE-dxAC-PkgAC-18to33-Ex-SEER-13.4/instance-out.sql,0.00,0.00
CZ08/Htl&0&cDXGF&Ex&dxAC_equip/NE-dxAC-PkgAC-18to33-Ex-SEER-15.2/instance-out.sql,0.00,0.00
CZ08/Htl&0&cDXGF&Ex&dxAC_equip/NE-dxAC-PkgAC-18to33-Ex-SEER-16.2/instance-out.sql,0.00,0.00
CZ08/Htl&0&cDXGF&Ex&dxAC_equip/NE-dxAC-PkgAC-18to33-Ex-SEER-17.1/instance-out.sql,0.00,0.00
CZ08/Htl&0&cDXGF&Ex&dxAC_equip/NE-dxAC-PkgAC-18to33-Ex-SEER-18.1/instance-out.sql,0.00,0.00
CZ08/Htl&0&cDXGF&Ex&dxAC_equip/NE-dxAC-PkgAC-33to65-Ex-SEER-13.4/instance-out.sql,0.00,0.00
CZ08/Htl&0&cDXGF&Ex&dxAC_equip/NE-dxAC-PkgAC-33to65-Ex-SEER-15.2/instance-out.sql,0.00,0.00
CZ08/Htl&0&cDXGF&Ex&dxAC_equip/NE-dxAC-PkgAC-33to65-Ex-SEER-16.2/instance-out.sql,0.00,0.00
CZ08/Htl&0&cDXGF&Ex&dxAC_equip/NE-dxAC-PkgAC-33to65-Ex-SEER-17.1/instance-out.sql,0.00,0.00
CZ08/Htl&0&cDXGF&Ex&dxAC_equip/NE-dxAC-PkgAC-33to65-Ex-SEER-18.1/instance-out.sql,0.00,0.00
CZ09/Htl&0&cDXGF&Ex&dxAC_equip/NE-dxAC-PkgAC-18to33-Ex-SEER-13.4/instance-out.sql,0.00,0.00
CZ09/Htl&0&cDXGF&Ex&dxAC_equip/NE-dxAC-PkgAC-18to33-Ex-SEER-15.2/instance-out.sql,0.00,0.00
CZ09/Htl&0&cDXGF&Ex&dxAC_equip/NE-dxAC-PkgAC-18to33-Ex-SEER-16.2/instance-out.sql,0.00,0.00
CZ09/Htl&0&cDXGF&Ex&dxAC_equip/NE-dxAC-PkgAC-18to33-Ex-SEER-17.1/instance-out.sql,0.00,0.00
CZ09/Htl&0&cDXGF&Ex&dxAC_equip/NE-dxAC-PkgAC-18to33-Ex-SEER-18.1/instance-out.sql,0.00,0.00
CZ09/Htl&0&cDXGF&Ex&dxAC_equip/NE-dxAC-PkgAC-33to65-Ex-SEER-13.4/instance-out.sql,0.00,0.00
CZ09/Htl&0&cDXGF&Ex&dxAC_equip/NE-dxAC-PkgAC-33to65-Ex-SEER-15.2/instance-out.sql,0.00,0.00
CZ09/Htl&0&cDXGF&Ex&dxAC_equip/NE-dxAC-PkgAC-33to65-Ex-SEER-16.2/instance-out.sql,0.00,0.00
CZ09/Htl&0&cDXGF&Ex&dxAC_equip/NE-dxAC-PkgAC-33to65-Ex-SEER-17.1/instance-out.sql,0.00,0.00
CZ09/Htl&0&cDXGF&Ex&dxAC_equip/NE-dxAC-PkgAC-33to65-Ex-SEER-18.1/instance-out.sql,0.00,0.00
CZ10/Htl&0&cDXGF&Ex&dxAC_equip/NE-dxAC-PkgAC-18to33-Ex-SEER-13.4/instance-out.sql,0.00,0.00
CZ10/Htl&0&cDXGF&Ex&dxAC_equip/NE-dxAC-PkgAC-18to33-Ex-SEER-15.2/instance-out.sql,0.00,0.00
CZ10/Htl&0&cDXGF&Ex&dxAC_equip/NE-dxAC-PkgAC-18to33-Ex-SEER-16.2/instance-out.sql,0.00,0.00
CZ10/Htl&0&cDXGF&Ex&dxAC_equip/NE-dxAC-PkgAC-18to33-Ex-SEER-17.1/instance-out.sql,0.00,0.00
CZ10/Htl&0&cDXGF&Ex&dxAC_equip/NE-dxAC-PkgAC-18to33-Ex-SEER-18.1/instance-out.sql,0.00,0.00
CZ10/Htl&0&cDXGF&Ex&dxAC_equip/NE-dxAC-PkgAC-33to65-Ex-SEER-13.4/instance-out.sql,0.00,0.00
CZ10/Htl&0&cDXGF&Ex&dxAC_equip/NE-dxAC-PkgAC-33to65-Ex-SEER-15.2/instance-out.sql,0.00,0.00
CZ10/Htl&0&cDXGF&Ex&dxAC_equip/NE-dxAC-PkgAC-33to65-Ex-SEER-16.2/instance-out.sql,0.00,0.00
CZ10/Htl&0&cDXGF&Ex&dxAC_equip/NE-dxAC-PkgAC-33to65-Ex-SEER-17.1/instance-out.sql,0.00,0.00
CZ10/Htl&0&cDXGF&Ex&dxAC_equip/NE-dxAC-PkgAC-33to65-Ex-SEER-18.1/instance-out.sql,0.00,0.00
CZ11/Htl&0&cDXGF&Ex&dxAC_equip/NE-dxAC-PkgAC-18to33-Ex-SEER-13.4/instance-out.sql,0.00,0.00
CZ11/Htl&0&cDXGF&Ex&dxAC_equip/NE-dxAC-PkgAC-18to33-Ex-SEER-15.2/instance-out.sql,0.00,0.00
CZ11/Htl&0&cDXGF&Ex&dxAC_equip/NE-dxAC-PkgAC-18to33-Ex-SEER-16.2/instance-out.sql,0.00,0.00
CZ11/Htl&0&cDXGF&Ex&dxAC_equip/NE-dxAC-PkgAC-18to33-Ex-SEER-17.1/instance-out.sql,0.00,0.00
CZ11/Htl&0&cDXGF&Ex&dxAC_equip/NE-dxAC-PkgAC-18to33-Ex-SEER-18.1/instance-out.sql,0.00,0.00
CZ11/Htl&0&cDXGF&Ex&dxAC_equip/NE-dxAC-PkgAC-33to65-Ex-SEER-13.4/instance-out.sql,0.00,0.00
CZ11/Htl&0&cDXGF&Ex&dxAC_equip/NE-dxAC-PkgAC-33to65-Ex-SEER-15.2/instance-out.sql,0.00,0.00
CZ11/Htl&0&cDXGF&Ex&dxAC_equip/NE-dxAC-PkgAC-33to65-Ex-SEER-16.2/instance-out.sql,0.00,0.00
CZ11/Htl&0&cDXGF&Ex&dxAC_equip/NE-dxAC-PkgAC-33to65-Ex-SEER-17.1/instance-out.sql,0.00,0.00
CZ11/Htl&0&cDXGF&Ex&dxAC_equip/NE-dxAC-PkgAC-33to65-Ex-SEER-18.1/instance-out.sql,0.00,0.00
CZ12/Htl&0&cDXGF&Ex&dxAC_equip/NE-dxAC-PkgAC-18to33-Ex-SEER-13.4/instance-out.sql,0.00,0.00
CZ12/Htl&0&cDXGF&Ex&dxAC_equip/NE-dxAC-PkgAC-18to33-Ex-SEER-15.2/instance-out.sql,0.00,0.00
CZ12/Htl&0&cDXGF&Ex&dxAC_equip/NE-dxAC-PkgAC-18to33-Ex-SEER-16.2/instance-out.sql,0.00,0.00
CZ12/Htl&0&cDXGF&Ex&dxAC_equip/NE-dxAC-PkgAC-18to33-Ex-SEER-17.1/instance-out.sql,0.00,0.00
CZ12/Htl&0&cDXGF&Ex&dxAC_equip/NE-dxAC-PkgAC-18to33-Ex-SEER-18.1/instance-out.sql,0.00,0.00
CZ12/Htl&0&cDXGF&Ex&dxAC_equip/NE-dxAC-PkgAC-33to65-Ex-SEER-13.4/instance-out.sql,0.00,0.00
CZ12/Htl&0&cDXGF&Ex&dxAC_equip/NE-dxAC-PkgAC-33to65-Ex-SEER-15.2/instance-out.sql,0.00,0.00
CZ12/Htl&0&cDXGF&Ex&dxAC_equip/NE-dxAC-PkgAC-33to65-Ex-SEER-16.2/instance-out.sql,0.00,0.00
CZ12/Htl&0&cDXGF&Ex&dxAC_equip/NE-dxAC-PkgAC-33to65-Ex-SEER-17.1/instance-out.sql,0.00,0.00
CZ12/Htl&0&cDXGF&Ex&dxAC_equip/NE-dxAC-PkgAC-33to65-Ex-SEER-18.1/instance-out.sql,0.00,0.00
CZ13/Htl&0&cDXGF&Ex&dxAC_equip/NE-dxAC-PkgAC-18to33-Ex-SEER-13.4/instance-out.sql,0.00,0.00
CZ13/Htl&0&cDXGF&Ex&dxAC_equip/NE-dxAC-PkgAC-18to33-Ex-SEER-15.2/instance-out.sql,0.00,0.00
CZ13/Htl&0&cDXGF&Ex&dxAC_equip/NE-dxAC-PkgAC-18to33-Ex-SEER-16.2/instance-out.sql,0.00,0.00
CZ13/Htl&0&cDXGF&Ex&dxAC_equip/NE-dxAC-PkgAC-18to33-Ex-SEER-17.1/instance-out.sql,0.00,0.00
CZ13/Htl&0&cDXGF&Ex&dxAC_equip/NE-dxAC-PkgAC-18to33-Ex-SEER-18.1/instance-out.sql,0.00,0.00
CZ13/Htl&0&cDXGF&Ex&dxAC_equip/NE-dxAC-PkgAC-33to65-Ex-SEER-13.4/instance-out.sql,0.00,0.00
CZ13/Htl&0&cDXGF&Ex&dxAC_equip/NE-dxAC-PkgAC-33to65-Ex-SEER-15.2/instance-out.sql,0.00,0.00
CZ13/Htl&0&cDXGF&Ex&dxAC_equip/NE-dxAC-PkgAC-33to65-Ex-SEER-16.2/instance-out.sql,0.00,0.00
CZ13/Htl&0&cDXGF&Ex&dxAC_equip/NE-dxAC-PkgAC-33to65-Ex-SEER-17.1/instance-out.sql,0.00,0.00
CZ13/Htl&0&cDXGF&Ex&dxAC_equip/NE-dxAC-PkgAC-33to65-Ex-SEER-18.1/instance-out.sql,0.00,0.00
CZ14/Htl&0&cDXGF&Ex&dxAC_equip/NE-dxAC-PkgAC-18to33-Ex-SEER-13.4/instance-out.sql,0.00,0.00
CZ14/Htl&0&cDXGF&Ex&dxAC_equip/NE-dxAC-PkgAC-18to33-Ex-SEER-15.2/instance-out.sql,0.00,0.00
CZ14/Htl&0&cDXGF&Ex&dxAC_equip/NE-dxAC-PkgAC-18to33-Ex-SEER-16.2/instance-out.sql,0.00,0.00
CZ14/Htl&0&cDXGF&Ex&dxAC_equip/NE-dxAC-PkgAC-18to33-Ex-SEER-17.1/instance-out.sql,0.00,0.00
CZ14/Htl&0&cDXGF&Ex&dxAC_equip/NE-dxAC-PkgAC-18to33-Ex-SEER-18.1/instance-out.sql,0.00,0.00
CZ14/Htl&0&cDXGF&Ex&dxAC_equip/NE-dxAC-PkgAC-33to65-Ex-SEER-13.4/instance-out.sql,0.00,0.00
CZ14/Htl&0&cDXGF&Ex&dxAC_equip/NE-dxAC-PkgAC-33to65-Ex-SEER-15.2/instance-out.sql,0.00,0.00
CZ14/Htl&0&cDXGF&Ex&dxAC_equip/NE-dxAC-PkgAC-33to65-Ex-SEER-16.2/instance-out.sql,0.00,0.00
CZ14/Htl&0&cDXGF&Ex&dxAC_equip/NE-dxAC-PkgAC-33to65-Ex-SEER-17.1/instance-out.sql,0.00,0.00
CZ14/Htl&0&cDXGF&Ex&dxAC_equip/NE-dxAC-PkgAC-33to65-Ex-SEER-18.1/instance-out.sql,0.00,0.00
CZ15/Htl&0&cDXGF&Ex&dxAC_equip/NE-dxAC-PkgAC-18to33-Ex-SEER-13.4/instance-out.sql,0.00,0.00
CZ15/Htl&0&cDXGF&Ex&dxAC_equip/NE-dxAC-PkgAC-18to33-Ex-SEER-15.2/instance-out.sql,0.00,0.00
CZ15/Htl&0&cDXGF&Ex&dxAC_equip/NE-dxAC-PkgAC-18to33-Ex-SEER-16.2/instance-out.sql,0.00,0.00
CZ15/Htl&0&cDXGF&Ex&dxAC_equip/NE-dxAC-PkgAC-18to33-Ex-SEER-17.1/instance-out.sql,0.00,0.00
CZ15/Htl&0&cDXGF&Ex&dxAC_equip/NE-dxAC-PkgAC-18to33-Ex-SEER-18.1/instance-out.sql,0.00,0.00
CZ15/Htl&0&cDXGF&Ex&dxAC_equip/NE-dxAC-PkgAC-33to65-Ex-SEER-13.4/instance-out.sql,0.00,0.00
CZ15/Htl&0&cDXGF&Ex&dxAC_equip/NE-dxAC-PkgAC-33to65-Ex-SEER-15.2/instance-out.sql,0.00,0.00
CZ15/Htl&0&cDXGF&Ex&dxAC_equip/NE-dxAC-PkgAC-33to65-Ex-SEER-16.2/instance-out.sql,0.00,0.00
CZ15/Htl&0&cDXGF&Ex&dxAC_equip/NE-dxAC-PkgAC-33to65-Ex-SEER-17.1/instance-out.sql,0.00,0.00
CZ15/Htl&0&cDXGF&Ex&dxAC_equip/NE-dxAC-PkgAC-33to65-Ex-SEER-18.1/instance-out.sql,0.00,0.00
CZ16/Htl&0&cDXGF&Ex&dxAC_equip/NE-dxAC-PkgAC-18to33-Ex-SEER-13.4/instance-out.sql,0.00,0.00
CZ16/Htl&0&cDXGF&Ex&dxAC_equip/NE-dxAC-PkgAC-18to33-Ex-SEER-15.2/instance-out.sql,0.00,0.00
CZ16/Htl&0&cDXGF&Ex&dxAC_equip/NE-dxAC-PkgAC-18to33-Ex-SEER-16.2/instance-out.sql,0.00,0.00
CZ16/Htl&0&cDXGF&Ex&dxAC_equip/NE-dxAC-PkgAC-18to33-Ex-SEER-17.1/instance-out.sql,0.00,0.00
CZ16/Htl&0&cDXGF&Ex&dxAC_equip/NE-dxAC-PkgAC-18to33-Ex-SEER-18.1/instance-out.sql,0.00,0.00
CZ16/Htl&0&cDXGF&Ex&dxAC_equip/NE-dxAC-PkgAC-33to65-Ex-SEER-13.4/instance-out.sql,0.00,0.00
CZ16/Htl&0&cDXGF&Ex&dxAC_equip/NE-dxAC-PkgAC-33to65-Ex-SEER-15.2/instance-out.sql,0.00,0.00
CZ16/Htl&0&cDXGF&Ex&dxAC_equip/NE-dxAC-PkgAC-33to65-Ex-SEER-16.2/instance-out.sql,0.00,0.00
CZ16/Htl&0&cDXGF&Ex&dxAC_equip/NE-dxAC-PkgAC-33to65-Ex-SEER-17.1/instance-out.sql,0.00,0.00
CZ16/Htl&0&cDXGF&Ex&dxAC_equip/NE-dxAC-PkgAC-33to65-Ex-SEER-18.1/instance-out.sql,0.00,0.00

