File Name,Net Site EUI (kWh/m2),Net Site Energy (kWh),Net Source EUI (kWh/m2),Net Source Energy (kWh)
CZ01/Htl&0&rDXHP&New&HV_AirDist__SupFanMtr/NE-HVAC-FanBelt-VBelt-Std/instance-out.sql,35.89,457150.67,111.76,1423657.54
CZ01/Htl&0&rDXHP&New&HV_AirDist__SupFanMtr/NE-HVAC-FanBelt-CoggedVBelt-Msr/instance-out.sql,35.78,455782.59,111.40,1419086.87
CZ01/Htl&0&rDXHP&New&HV_AirDist__SupFanMtr/NE-HVAC-FanBelt-SynchVBelt-Msr/instance-out.sql,35.63,453829.25,110.89,1412560.84
CZ02/Htl&0&rDXHP&New&HV_AirDist__SupFanMtr/NE-HVAC-FanBelt-VBelt-Std/instance-out.sql,39.12,498334.56,122.69,1562937.69
CZ02/Htl&0&rDXHP&New&HV_AirDist__SupFanMtr/NE-HVAC-FanBelt-CoggedVBelt-Msr/instance-out.sql,38.99,496728.60,122.27,1557573.31
CZ02/Htl&0&rDXHP&New&HV_AirDist__SupFanMtr/NE-HVAC-FanBelt-SynchVBelt-Msr/instance-out.sql,38.81,494436.08,121.67,1549915.54
CZ03/Htl&0&rDXHP&New&HV_AirDist__SupFanMtr/NE-HVAC-FanBelt-VBelt-Std/instance-out.sql,37.04,471893.98,115.82,1475440.45
CZ03/Htl&0&rDXHP&New&HV_AirDist__SupFanMtr/NE-HVAC-FanBelt-CoggedVBelt-Msr/instance-out.sql,36.92,470329.39,115.41,1470214.66
CZ03/Htl&0&rDXHP&New&HV_AirDist__SupFanMtr/NE-HVAC-FanBelt-SynchVBelt-Msr/instance-out.sql,36.75,468096.31,114.83,1462756.06
CZ04/Htl&0&rDXHP&New&HV_AirDist__SupFanMtr/NE-HVAC-FanBelt-VBelt-Std/instance-out.sql,41.60,529931.71,131.08,1669770.63
CZ04/Htl&0&rDXHP&New&HV_AirDist__SupFanMtr/NE-HVAC-FanBelt-CoggedVBelt-Msr/instance-out.sql,41.46,528167.86,130.62,1663878.93
CZ04/Htl&0&rDXHP&New&HV_AirDist__SupFanMtr/NE-HVAC-FanBelt-SynchVBelt-Msr/instance-out.sql,41.26,525649.27,129.96,1655466.24
CZ05/Htl&0&rDXHP&New&HV_AirDist__SupFanMtr/NE-HVAC-FanBelt-VBelt-Std/instance-out.sql,37.44,476914.29,117.13,1492077.76
CZ05/Htl&0&rDXHP&New&HV_AirDist__SupFanMtr/NE-HVAC-FanBelt-CoggedVBelt-Msr/instance-out.sql,37.31,475305.47,116.71,1486704.32
CZ05/Htl&0&rDXHP&New&HV_AirDist__SupFanMtr/NE-HVAC-FanBelt-SynchVBelt-Msr/instance-out.sql,37.13,473009.38,116.11,1479035.39
CZ06/Htl&0&rDXHP&New&HV_AirDist__SupFanMtr/NE-HVAC-FanBelt-VBelt-Std/instance-out.sql,39.47,502761.10,124.09,1580701.56
CZ06/Htl&0&rDXHP&New&HV_AirDist__SupFanMtr/NE-HVAC-FanBelt-CoggedVBelt-Msr/instance-out.sql,39.33,500944.36,123.61,1574633.65
CZ06/Htl&0&rDXHP&New&HV_AirDist__SupFanMtr/NE-HVAC-FanBelt-SynchVBelt-Msr/instance-out.sql,39.12,498351.93,122.93,1565974.92
CZ07/Htl&0&rDXHP&New&HV_AirDist__SupFanMtr/NE-HVAC-FanBelt-VBelt-Std/instance-out.sql,39.73,506136.34,124.99,1592241.67
CZ07/Htl&0&rDXHP&New&HV_AirDist__SupFanMtr/NE-HVAC-FanBelt-CoggedVBelt-Msr/instance-out.sql,39.59,504307.73,124.51,1586134.10
CZ07/Htl&0&rDXHP&New&HV_AirDist__SupFanMtr/NE-HVAC-FanBelt-SynchVBelt-Msr/instance-out.sql,39.38,501697.78,123.83,1577416.88
CZ08/Htl&0&rDXHP&New&HV_AirDist__SupFanMtr/NE-HVAC-FanBelt-VBelt-Std/instance-out.sql,42.25,538224.02,133.45,1699958.97
CZ08/Htl&0&rDXHP&New&HV_AirDist__SupFanMtr/NE-HVAC-FanBelt-CoggedVBelt-Msr/instance-out.sql,42.10,536332.09,132.95,1693639.91
CZ08/Htl&0&rDXHP&New&HV_AirDist__SupFanMtr/NE-HVAC-FanBelt-SynchVBelt-Msr/instance-out.sql,41.89,533631.41,132.25,1684619.64
CZ09/Htl&0&rDXHP&New&HV_AirDist__SupFanMtr/NE-HVAC-FanBelt-VBelt-Std/instance-out.sql,42.57,542301.64,134.50,1713400.27
CZ09/Htl&0&rDXHP&New&HV_AirDist__SupFanMtr/NE-HVAC-FanBelt-CoggedVBelt-Msr/instance-out.sql,42.42,540387.23,134.00,1707006.14
CZ09/Htl&0&rDXHP&New&HV_AirDist__SupFanMtr/NE-HVAC-FanBelt-SynchVBelt-Msr/instance-out.sql,42.21,537657.31,133.29,1697888.18
CZ10/Htl&0&rDXHP&New&HV_AirDist__SupFanMtr/NE-HVAC-FanBelt-VBelt-Std/instance-out.sql,43.63,555758.66,138.06,1758673.01
CZ10/Htl&0&rDXHP&New&HV_AirDist__SupFanMtr/NE-HVAC-FanBelt-CoggedVBelt-Msr/instance-out.sql,43.48,553827.05,137.55,1752221.41
CZ10/Htl&0&rDXHP&New&HV_AirDist__SupFanMtr/NE-HVAC-FanBelt-SynchVBelt-Msr/instance-out.sql,43.26,551066.86,136.83,1743002.40
CZ11/Htl&0&rDXHP&New&HV_AirDist__SupFanMtr/NE-HVAC-FanBelt-VBelt-Std/instance-out.sql,44.62,568417.47,141.14,1797941.81
CZ11/Htl&0&rDXHP&New&HV_AirDist__SupFanMtr/NE-HVAC-FanBelt-CoggedVBelt-Msr/instance-out.sql,44.48,566549.53,140.65,1791700.61
CZ11/Htl&0&rDXHP&New&HV_AirDist__SupFanMtr/NE-HVAC-FanBelt-SynchVBelt-Msr/instance-out.sql,44.27,563882.50,139.95,1782789.37
CZ12/Htl&0&rDXHP&New&HV_AirDist__SupFanMtr/NE-HVAC-FanBelt-VBelt-Std/instance-out.sql,41.66,530711.02,131.28,1672296.65
CZ12/Htl&0&rDXHP&New&HV_AirDist__SupFanMtr/NE-HVAC-FanBelt-CoggedVBelt-Msr/instance-out.sql,41.52,528965.68,130.82,1666465.82
CZ12/Htl&0&rDXHP&New&HV_AirDist__SupFanMtr/NE-HVAC-FanBelt-SynchVBelt-Msr/instance-out.sql,41.33,526473.58,130.17,1658140.15
CZ13/Htl&0&rDXHP&New&HV_AirDist__SupFanMtr/NE-HVAC-FanBelt-VBelt-Std/instance-out.sql,45.12,574783.13,143.00,1821562.49
CZ13/Htl&0&rDXHP&New&HV_AirDist__SupFanMtr/NE-HVAC-FanBelt-CoggedVBelt-Msr/instance-out.sql,44.97,572872.81,142.49,1815180.57
CZ13/Htl&0&rDXHP&New&HV_AirDist__SupFanMtr/NE-HVAC-FanBelt-SynchVBelt-Msr/instance-out.sql,44.76,570145.01,141.78,1806067.70
CZ14/Htl&0&rDXHP&New&HV_AirDist__SupFanMtr/NE-HVAC-FanBelt-VBelt-Std/instance-out.sql,45.05,573812.39,142.69,1817672.36
CZ14/Htl&0&rDXHP&New&HV_AirDist__SupFanMtr/NE-HVAC-FanBelt-CoggedVBelt-Msr/instance-out.sql,44.89,571783.33,142.16,1810894.68
CZ14/Htl&0&rDXHP&New&HV_AirDist__SupFanMtr/NE-HVAC-FanBelt-SynchVBelt-Msr/instance-out.sql,44.66,568886.31,141.40,1801217.70
CZ15/Htl&0&rDXHP&New&HV_AirDist__SupFanMtr/NE-HVAC-FanBelt-VBelt-Std/instance-out.sql,52.16,664504.78,166.88,2125786.28
CZ15/Htl&0&rDXHP&New&HV_AirDist__SupFanMtr/NE-HVAC-FanBelt-CoggedVBelt-Msr/instance-out.sql,51.99,662298.94,166.30,2118418.77
CZ15/Htl&0&rDXHP&New&HV_AirDist__SupFanMtr/NE-HVAC-FanBelt-SynchVBelt-Msr/instance-out.sql,51.74,659148.23,165.47,2107895.39
CZ16/Htl&0&rDXHP&New&HV_AirDist__SupFanMtr/NE-HVAC-FanBelt-VBelt-Std/instance-out.sql,41.38,527123.85,129.40,1648357.27
CZ16/Htl&0&rDXHP&New&HV_AirDist__SupFanMtr/NE-HVAC-FanBelt-CoggedVBelt-Msr/instance-out.sql,41.23,525209.65,128.90,1641949.89
CZ16/Htl&0&rDXHP&New&HV_AirDist__SupFanMtr/NE-HVAC-FanBelt-SynchVBelt-Msr/instance-out.sql,41.02,522478.69,128.18,1632809.04

File Name,Total (kWh),Heating (kWh),Cooling (kWh),Interior Lighting (kWh),Exterior Lighting (kWh),Interior Equipment (kWh),Exterior Equipment (kWh),Fans (kWh),Pumps (kWh),Heat Rejection (kWh),Humidification (kWh),Heat Recovery (kWh),Water Systems (kWh),Refrigeration (kWh),Generators (kWh),Heating Elec (kWh),Cooling Elec (kWh),Heating NG (kWh),Cooling NG (kWh),Interior Equipment Elec (kWh),Interior Equipment NG (kWh)
CZ01/Htl&0&rDXHP&New&HV_AirDist__SupFanMtr/NE-HVAC-FanBelt-VBelt-Std/instance-out.sql,457150.66,13997.92,11472.33,125660.91,0.0,205535.02000000002,0.0,81569.12,3.36,0.0,0.0,0.0,18912.01,0.0,0.0,13879.08,11472.33,118.84,0.00,179548.13,25986.89
CZ01/Htl&0&rDXHP&New&HV_AirDist__SupFanMtr/NE-HVAC-FanBelt-CoggedVBelt-Msr/instance-out.sql,455782.59,14135.63,11449.3,125660.91,0.0,205535.02000000002,0.0,80086.35,3.36,0.0,0.0,0.0,18912.01,0.0,0.0,14016.23,11449.30,119.40,0.00,179548.13,25986.89
CZ01/Htl&0&rDXHP&New&HV_AirDist__SupFanMtr/NE-HVAC-FanBelt-SynchVBelt-Msr/instance-out.sql,453829.25,14333.16,11416.68,125660.91,0.0,205535.02000000002,0.0,77968.1,3.36,0.0,0.0,0.0,18912.02,0.0,0.0,14212.94,11416.68,120.22,0.00,179548.13,25986.89
CZ02/Htl&0&rDXHP&New&HV_AirDist__SupFanMtr/NE-HVAC-FanBelt-VBelt-Std/instance-out.sql,498334.56,10000.51,51771.01,125660.91,0.0,205535.02000000002,0.0,87300.24,3.36,0.0,0.0,0.0,18063.51,0.0,0.0,9785.87,51771.01,214.64,0.00,179548.13,25986.89
CZ02/Htl&0&rDXHP&New&HV_AirDist__SupFanMtr/NE-HVAC-FanBelt-CoggedVBelt-Msr/instance-out.sql,496728.6,10088.74,51631.21,125660.91,0.0,205535.02000000002,0.0,85745.85,3.36,0.0,0.0,0.0,18063.51,0.0,0.0,9873.89,51631.21,214.85,0.00,179548.13,25986.89
CZ02/Htl&0&rDXHP&New&HV_AirDist__SupFanMtr/NE-HVAC-FanBelt-SynchVBelt-Msr/instance-out.sql,494436.08,10215.99,51432.01,125660.91,0.0,205535.02000000002,0.0,83525.28,3.36,0.0,0.0,0.0,18063.51,0.0,0.0,10000.81,51432.01,215.18,0.00,179548.13,25986.89
CZ03/Htl&0&rDXHP&New&HV_AirDist__SupFanMtr/NE-HVAC-FanBelt-VBelt-Std/instance-out.sql,471893.98,5014.58,32276.73,125660.91,0.0,205535.02000000002,0.0,85482.18,3.36,0.0,0.0,0.0,17921.19,0.0,0.0,5012.75,32276.73,1.83,0.00,179548.13,25986.89
CZ03/Htl&0&rDXHP&New&HV_AirDist__SupFanMtr/NE-HVAC-FanBelt-CoggedVBelt-Msr/instance-out.sql,470329.39,5076.889999999999,32172.77,125660.91,0.0,205535.02000000002,0.0,83959.24,3.36,0.0,0.0,0.0,17921.2,0.0,0.0,5075.03,32172.77,1.86,0.00,179548.13,25986.89
CZ03/Htl&0&rDXHP&New&HV_AirDist__SupFanMtr/NE-HVAC-FanBelt-SynchVBelt-Msr/instance-out.sql,468096.31,5166.87,32025.37,125660.91,0.0,205535.02000000002,0.0,81783.59,3.36,0.0,0.0,0.0,17921.19,0.0,0.0,5164.96,32025.37,1.91,0.00,179548.13,25986.89
CZ04/Htl&0&rDXHP&New&HV_AirDist__SupFanMtr/NE-HVAC-FanBelt-VBelt-Std/instance-out.sql,529931.71,8168.28,80134.13,125660.91,0.0,205535.02000000002,0.0,92862.52,3.36,0.0,0.0,0.0,17567.49,0.0,0.0,8023.90,80134.13,144.38,0.00,179548.13,25986.89
CZ04/Htl&0&rDXHP&New&HV_AirDist__SupFanMtr/NE-HVAC-FanBelt-CoggedVBelt-Msr/instance-out.sql,528167.86,8241.32,79940.74,125660.91,0.0,205535.02000000002,0.0,91219.01,3.36,0.0,0.0,0.0,17567.49,0.0,0.0,8096.74,79940.74,144.58,0.00,179548.13,25986.89
CZ04/Htl&0&rDXHP&New&HV_AirDist__SupFanMtr/NE-HVAC-FanBelt-SynchVBelt-Msr/instance-out.sql,525649.27,8346.4,79664.97,125660.91,0.0,205535.02000000002,0.0,88871.13,3.36,0.0,0.0,0.0,17567.49,0.0,0.0,8201.55,79664.97,144.85,0.00,179548.13,25986.89
CZ05/Htl&0&rDXHP&New&HV_AirDist__SupFanMtr/NE-HVAC-FanBelt-VBelt-Std/instance-out.sql,476914.3,4675.62,36405.64,125660.91,0.0,205535.02000000002,0.0,86653.8,3.36,0.0,0.0,0.0,17979.95,0.0,0.0,4675.62,36405.64,0.00,0.00,179548.13,25986.89
CZ05/Htl&0&rDXHP&New&HV_AirDist__SupFanMtr/NE-HVAC-FanBelt-CoggedVBelt-Msr/instance-out.sql,475305.48,4737.17,36279.47,125660.91,0.0,205535.02000000002,0.0,85109.6,3.36,0.0,0.0,0.0,17979.95,0.0,0.0,4737.17,36279.47,0.00,0.00,179548.13,25986.89
CZ05/Htl&0&rDXHP&New&HV_AirDist__SupFanMtr/NE-HVAC-FanBelt-SynchVBelt-Msr/instance-out.sql,473009.38,4826.14,36100.47,125660.91,0.0,205535.02000000002,0.0,82903.54,3.36,0.0,0.0,0.0,17979.94,0.0,0.0,4826.14,36100.47,0.00,0.00,179548.13,25986.89
CZ06/Htl&0&rDXHP&New&HV_AirDist__SupFanMtr/NE-HVAC-FanBelt-VBelt-Std/instance-out.sql,502761.10000000003,718.58,61473.91,125660.91,0.0,205535.02000000002,0.0,92390.44,3.36,0.0,0.0,0.0,16978.88,0.0,0.0,718.58,61473.91,0.00,0.00,179548.13,25986.89
CZ06/Htl&0&rDXHP&New&HV_AirDist__SupFanMtr/NE-HVAC-FanBelt-CoggedVBelt-Msr/instance-out.sql,500944.36000000004,736.4,61256.93,125660.91,0.0,205535.02000000002,0.0,90772.86,3.36,0.0,0.0,0.0,16978.88,0.0,0.0,736.40,61256.93,0.00,0.00,179548.13,25986.89
CZ06/Htl&0&rDXHP&New&HV_AirDist__SupFanMtr/NE-HVAC-FanBelt-SynchVBelt-Msr/instance-out.sql,498351.92000000004,762.38,60949.37,125660.91,0.0,205535.02000000002,0.0,88462.01,3.36,0.0,0.0,0.0,16978.88,0.0,0.0,762.38,60949.37,0.00,0.00,179548.13,25986.89
CZ07/Htl&0&rDXHP&New&HV_AirDist__SupFanMtr/NE-HVAC-FanBelt-VBelt-Std/instance-out.sql,506136.32999999996,680.89,64521.55,125660.91,0.0,205535.02000000002,0.0,92872.09,3.36,0.0,0.0,0.0,16862.52,0.0,0.0,680.89,64521.55,0.00,0.00,179548.13,25986.89
CZ07/Htl&0&rDXHP&New&HV_AirDist__SupFanMtr/NE-HVAC-FanBelt-CoggedVBelt-Msr/instance-out.sql,504307.72,698.9,64301.87,125660.91,0.0,205535.02000000002,0.0,91245.14,3.36,0.0,0.0,0.0,16862.52,0.0,0.0,698.90,64301.87,0.00,0.00,179548.13,25986.89
CZ07/Htl&0&rDXHP&New&HV_AirDist__SupFanMtr/NE-HVAC-FanBelt-SynchVBelt-Msr/instance-out.sql,501697.78,725.16,63989.89,125660.91,0.0,205535.02000000002,0.0,88920.92,3.36,0.0,0.0,0.0,16862.52,0.0,0.0,725.16,63989.89,0.00,0.00,179548.13,25986.89
CZ08/Htl&0&rDXHP&New&HV_AirDist__SupFanMtr/NE-HVAC-FanBelt-VBelt-Std/instance-out.sql,538224.03,1084.53,94928.39,125660.91,0.0,205535.02000000002,0.0,94386.73,3.36,0.0,0.0,0.0,16625.08,0.0,0.0,1084.53,94928.39,0.00,0.00,179548.13,25986.89
CZ08/Htl&0&rDXHP&New&HV_AirDist__SupFanMtr/NE-HVAC-FanBelt-CoggedVBelt-Msr/instance-out.sql,536332.09,1106.2,94661.2,125660.91,0.0,205535.02000000002,0.0,92740.31,3.36,0.0,0.0,0.0,16625.09,0.0,0.0,1106.20,94661.20,0.00,0.00,179548.13,25986.89
CZ08/Htl&0&rDXHP&New&HV_AirDist__SupFanMtr/NE-HVAC-FanBelt-SynchVBelt-Msr/instance-out.sql,533631.41,1137.66,94281.11,125660.91,0.0,205535.02000000002,0.0,90388.27,3.36,0.0,0.0,0.0,16625.09,0.0,0.0,1137.66,94281.11,0.00,0.00,179548.13,25986.89
CZ09/Htl&0&rDXHP&New&HV_AirDist__SupFanMtr/NE-HVAC-FanBelt-VBelt-Std/instance-out.sql,542301.64,1728.35,96011.33,125660.91,0.0,205535.02000000002,0.0,96659.98,3.36,0.0,0.0,0.0,16702.69,0.0,0.0,1728.35,96011.33,0.00,0.00,179548.13,25986.89
CZ09/Htl&0&rDXHP&New&HV_AirDist__SupFanMtr/NE-HVAC-FanBelt-CoggedVBelt-Msr/instance-out.sql,540387.23,1756.79,95759.04,125660.91,0.0,205535.02000000002,0.0,94969.43,3.36,0.0,0.0,0.0,16702.69,0.0,0.0,1756.79,95759.04,0.00,0.00,179548.13,25986.89
CZ09/Htl&0&rDXHP&New&HV_AirDist__SupFanMtr/NE-HVAC-FanBelt-SynchVBelt-Msr/instance-out.sql,537657.3099999999,1792.76,95407.31,125660.91,0.0,205535.02000000002,0.0,92555.25,3.36,0.0,0.0,0.0,16702.7,0.0,0.0,1792.76,95407.31,0.00,0.00,179548.13,25986.89
CZ10/Htl&0&rDXHP&New&HV_AirDist__SupFanMtr/NE-HVAC-FanBelt-VBelt-Std/instance-out.sql,555758.66,1930.74,108996.43,125660.91,0.0,205535.02000000002,0.0,97071.81,3.36,0.0,0.0,0.0,16560.39,0.0,0.0,1930.74,108996.43,0.00,0.00,179548.13,25986.89
CZ10/Htl&0&rDXHP&New&HV_AirDist__SupFanMtr/NE-HVAC-FanBelt-CoggedVBelt-Msr/instance-out.sql,553827.05,1959.11,108730.94,125660.91,0.0,205535.02000000002,0.0,95377.31,3.36,0.0,0.0,0.0,16560.4,0.0,0.0,1959.11,108730.94,0.00,0.00,179548.13,25986.89
CZ10/Htl&0&rDXHP&New&HV_AirDist__SupFanMtr/NE-HVAC-FanBelt-SynchVBelt-Msr/instance-out.sql,551066.86,2002.66,108348.36,125660.91,0.0,205535.02000000002,0.0,92956.16,3.36,0.0,0.0,0.0,16560.39,0.0,0.0,2002.66,108348.36,0.00,0.00,179548.13,25986.89
CZ11/Htl&0&rDXHP&New&HV_AirDist__SupFanMtr/NE-HVAC-FanBelt-VBelt-Std/instance-out.sql,568417.4700000001,9859.06,112583.1,125660.91,0.0,205535.02000000002,0.0,97923.61,3.36,0.0,0.0,0.0,16852.41,0.0,0.0,8837.68,112583.10,1021.38,0.00,179548.13,25986.89
CZ11/Htl&0&rDXHP&New&HV_AirDist__SupFanMtr/NE-HVAC-FanBelt-CoggedVBelt-Msr/instance-out.sql,566549.53,9939.619999999999,112347.58,125660.91,0.0,205535.02000000002,0.0,96210.64,3.36,0.0,0.0,0.0,16852.41,0.0,0.0,8917.24,112347.58,1022.38,0.00,179548.13,25986.89
CZ11/Htl&0&rDXHP&New&HV_AirDist__SupFanMtr/NE-HVAC-FanBelt-SynchVBelt-Msr/instance-out.sql,563882.5,10055.48,112011.79,125660.91,0.0,205535.02000000002,0.0,93763.52,3.36,0.0,0.0,0.0,16852.41,0.0,0.0,9031.65,112011.79,1023.83,0.00,179548.13,25986.89
CZ12/Htl&0&rDXHP&New&HV_AirDist__SupFanMtr/NE-HVAC-FanBelt-VBelt-Std/instance-out.sql,530711.02,8894.97,80623.62,125660.91,0.0,205535.02000000002,0.0,92605.91,3.36,0.0,0.0,0.0,17387.23,0.0,0.0,8536.80,80623.62,358.17,0.00,179548.13,25986.89
CZ12/Htl&0&rDXHP&New&HV_AirDist__SupFanMtr/NE-HVAC-FanBelt-CoggedVBelt-Msr/instance-out.sql,528965.6900000001,8974.650000000001,80431.97,125660.91,0.0,205535.02000000002,0.0,90972.55,3.36,0.0,0.0,0.0,17387.23,0.0,0.0,8615.86,80431.97,358.79,0.00,179548.13,25986.89
CZ12/Htl&0&rDXHP&New&HV_AirDist__SupFanMtr/NE-HVAC-FanBelt-SynchVBelt-Msr/instance-out.sql,526473.5800000001,9089.29,80158.6,125660.91,0.0,205535.02000000002,0.0,88639.18,3.36,0.0,0.0,0.0,17387.22,0.0,0.0,8729.60,80158.60,359.69,0.00,179548.13,25986.89
CZ13/Htl&0&rDXHP&New&HV_AirDist__SupFanMtr/NE-HVAC-FanBelt-VBelt-Std/instance-out.sql,574783.13,7262.9800000000005,120278.22,125660.91,0.0,205535.02000000002,0.0,99423.36,3.36,0.0,0.0,0.0,16619.28,0.0,0.0,7037.42,120278.22,225.56,0.00,179548.13,25986.89
CZ13/Htl&0&rDXHP&New&HV_AirDist__SupFanMtr/NE-HVAC-FanBelt-CoggedVBelt-Msr/instance-out.sql,572872.7999999999,7334.94,120028.52,125660.91,0.0,205535.02000000002,0.0,97690.78,3.36,0.0,0.0,0.0,16619.28,0.0,0.0,7108.75,120028.52,226.19,0.00,179548.13,25986.89
CZ13/Htl&0&rDXHP&New&HV_AirDist__SupFanMtr/NE-HVAC-FanBelt-SynchVBelt-Msr/instance-out.sql,570145.01,7438.53,119672.27,125660.91,0.0,205535.02000000002,0.0,95215.65,3.36,0.0,0.0,0.0,16619.28,0.0,0.0,7211.45,119672.27,227.08,0.00,179548.13,25986.89
CZ14/Htl&0&rDXHP&New&HV_AirDist__SupFanMtr/NE-HVAC-FanBelt-VBelt-Std/instance-out.sql,573812.39,7766.509999999999,113191.67,125660.91,0.0,205535.02000000002,0.0,104711.37,3.36,0.0,0.0,0.0,16943.56,0.0,0.0,7582.69,113191.67,183.82,0.00,179548.13,25986.89
CZ14/Htl&0&rDXHP&New&HV_AirDist__SupFanMtr/NE-HVAC-FanBelt-CoggedVBelt-Msr/instance-out.sql,571783.3400000001,7838.910000000001,112926.69,125660.91,0.0,205535.02000000002,0.0,102874.88,3.36,0.0,0.0,0.0,16943.56,0.0,0.0,7654.81,112926.69,184.10,0.00,179548.13,25986.89
CZ14/Htl&0&rDXHP&New&HV_AirDist__SupFanMtr/NE-HVAC-FanBelt-SynchVBelt-Msr/instance-out.sql,568886.3099999999,7943.39,112548.75,125660.91,0.0,205535.02000000002,0.0,100251.32,3.36,0.0,0.0,0.0,16943.56,0.0,0.0,7758.89,112548.75,184.50,0.00,179548.13,25986.89
CZ15/Htl&0&rDXHP&New&HV_AirDist__SupFanMtr/NE-HVAC-FanBelt-VBelt-Std/instance-out.sql,664504.78,702.12,209847.04,125660.91,0.0,205535.02000000002,0.0,107897.3,3.36,0.0,0.0,0.0,14859.03,0.0,0.0,702.12,209847.04,0.00,0.00,179548.13,25986.89
CZ15/Htl&0&rDXHP&New&HV_AirDist__SupFanMtr/NE-HVAC-FanBelt-CoggedVBelt-Msr/instance-out.sql,662298.9400000001,716.41,209459.49,125660.91,0.0,205535.02000000002,0.0,106064.73,3.36,0.0,0.0,0.0,14859.03,0.0,0.0,716.41,209459.49,0.00,0.00,179548.13,25986.89
CZ15/Htl&0&rDXHP&New&HV_AirDist__SupFanMtr/NE-HVAC-FanBelt-SynchVBelt-Msr/instance-out.sql,659148.2300000001,737.19,208905.96,125660.91,0.0,205535.02000000002,0.0,103446.76,3.36,0.0,0.0,0.0,14859.03,0.0,0.0,737.19,208905.96,0.00,0.00,179548.13,25986.89
CZ16/Htl&0&rDXHP&New&HV_AirDist__SupFanMtr/NE-HVAC-FanBelt-VBelt-Std/instance-out.sql,527123.84,25695.56,42950.68,125660.91,0.0,205535.02000000002,0.0,108644.89,3.36,0.0,0.0,0.0,18633.43,0.0,0.0,21368.49,42950.68,4327.07,0.00,179548.13,25986.89
CZ16/Htl&0&rDXHP&New&HV_AirDist__SupFanMtr/NE-HVAC-FanBelt-CoggedVBelt-Msr/instance-out.sql,525209.64,25884.39,42786.24,125660.91,0.0,205535.02000000002,0.0,106706.29,3.36,0.0,0.0,0.0,18633.43,0.0,0.0,21551.23,42786.24,4333.16,0.00,179548.13,25986.89
CZ16/Htl&0&rDXHP&New&HV_AirDist__SupFanMtr/NE-HVAC-FanBelt-SynchVBelt-Msr/instance-out.sql,522478.68999999994,26156.21,42552.91,125660.91,0.0,205535.02000000002,0.0,103936.85,3.36,0.0,0.0,0.0,18633.43,0.0,0.0,21814.56,42552.91,4341.65,0.00,179548.13,25986.89

File Name,Electricity (kWh),Natural Gas (kWh)
CZ01/Htl&0&rDXHP&New&HV_AirDist__SupFanMtr/NE-HVAC-FanBelt-VBelt-Std/instance-out.sql,412132.92,45017.74
CZ01/Htl&0&rDXHP&New&HV_AirDist__SupFanMtr/NE-HVAC-FanBelt-CoggedVBelt-Msr/instance-out.sql,410764.28,45018.31
CZ01/Htl&0&rDXHP&New&HV_AirDist__SupFanMtr/NE-HVAC-FanBelt-SynchVBelt-Msr/instance-out.sql,408810.12,45019.13
CZ02/Htl&0&rDXHP&New&HV_AirDist__SupFanMtr/NE-HVAC-FanBelt-VBelt-Std/instance-out.sql,454069.52,44265.04
CZ02/Htl&0&rDXHP&New&HV_AirDist__SupFanMtr/NE-HVAC-FanBelt-CoggedVBelt-Msr/instance-out.sql,452463.35,44265.25
CZ02/Htl&0&rDXHP&New&HV_AirDist__SupFanMtr/NE-HVAC-FanBelt-SynchVBelt-Msr/instance-out.sql,450170.50,44265.58
CZ03/Htl&0&rDXHP&New&HV_AirDist__SupFanMtr/NE-HVAC-FanBelt-VBelt-Std/instance-out.sql,427984.06,43909.92
CZ03/Htl&0&rDXHP&New&HV_AirDist__SupFanMtr/NE-HVAC-FanBelt-CoggedVBelt-Msr/instance-out.sql,426419.44,43909.95
CZ03/Htl&0&rDXHP&New&HV_AirDist__SupFanMtr/NE-HVAC-FanBelt-SynchVBelt-Msr/instance-out.sql,424186.32,43909.99
CZ04/Htl&0&rDXHP&New&HV_AirDist__SupFanMtr/NE-HVAC-FanBelt-VBelt-Std/instance-out.sql,486232.94,43698.77
CZ04/Htl&0&rDXHP&New&HV_AirDist__SupFanMtr/NE-HVAC-FanBelt-CoggedVBelt-Msr/instance-out.sql,484468.90,43698.96
CZ04/Htl&0&rDXHP&New&HV_AirDist__SupFanMtr/NE-HVAC-FanBelt-SynchVBelt-Msr/instance-out.sql,481950.04,43699.23
CZ05/Htl&0&rDXHP&New&HV_AirDist__SupFanMtr/NE-HVAC-FanBelt-VBelt-Std/instance-out.sql,432947.45,43966.85
CZ05/Htl&0&rDXHP&New&HV_AirDist__SupFanMtr/NE-HVAC-FanBelt-CoggedVBelt-Msr/instance-out.sql,431338.64,43966.84
CZ05/Htl&0&rDXHP&New&HV_AirDist__SupFanMtr/NE-HVAC-FanBelt-SynchVBelt-Msr/instance-out.sql,429042.55,43966.83
CZ06/Htl&0&rDXHP&New&HV_AirDist__SupFanMtr/NE-HVAC-FanBelt-VBelt-Std/instance-out.sql,459795.33,42965.77
CZ06/Htl&0&rDXHP&New&HV_AirDist__SupFanMtr/NE-HVAC-FanBelt-CoggedVBelt-Msr/instance-out.sql,457978.59,42965.77
CZ06/Htl&0&rDXHP&New&HV_AirDist__SupFanMtr/NE-HVAC-FanBelt-SynchVBelt-Msr/instance-out.sql,455386.15,42965.77
CZ07/Htl&0&rDXHP&New&HV_AirDist__SupFanMtr/NE-HVAC-FanBelt-VBelt-Std/instance-out.sql,463286.92,42849.41
CZ07/Htl&0&rDXHP&New&HV_AirDist__SupFanMtr/NE-HVAC-FanBelt-CoggedVBelt-Msr/instance-out.sql,461458.31,42849.41
CZ07/Htl&0&rDXHP&New&HV_AirDist__SupFanMtr/NE-HVAC-FanBelt-SynchVBelt-Msr/instance-out.sql,458848.37,42849.41
CZ08/Htl&0&rDXHP&New&HV_AirDist__SupFanMtr/NE-HVAC-FanBelt-VBelt-Std/instance-out.sql,495612.05,42611.98
CZ08/Htl&0&rDXHP&New&HV_AirDist__SupFanMtr/NE-HVAC-FanBelt-CoggedVBelt-Msr/instance-out.sql,493720.11,42611.98
CZ08/Htl&0&rDXHP&New&HV_AirDist__SupFanMtr/NE-HVAC-FanBelt-SynchVBelt-Msr/instance-out.sql,491019.43,42611.98
CZ09/Htl&0&rDXHP&New&HV_AirDist__SupFanMtr/NE-HVAC-FanBelt-VBelt-Std/instance-out.sql,499612.06,42689.58
CZ09/Htl&0&rDXHP&New&HV_AirDist__SupFanMtr/NE-HVAC-FanBelt-CoggedVBelt-Msr/instance-out.sql,497697.65,42689.58
CZ09/Htl&0&rDXHP&New&HV_AirDist__SupFanMtr/NE-HVAC-FanBelt-SynchVBelt-Msr/instance-out.sql,494967.72,42689.59
CZ10/Htl&0&rDXHP&New&HV_AirDist__SupFanMtr/NE-HVAC-FanBelt-VBelt-Std/instance-out.sql,513211.38,42547.28
CZ10/Htl&0&rDXHP&New&HV_AirDist__SupFanMtr/NE-HVAC-FanBelt-CoggedVBelt-Msr/instance-out.sql,511279.76,42547.29
CZ10/Htl&0&rDXHP&New&HV_AirDist__SupFanMtr/NE-HVAC-FanBelt-SynchVBelt-Msr/instance-out.sql,508519.58,42547.28
CZ11/Htl&0&rDXHP&New&HV_AirDist__SupFanMtr/NE-HVAC-FanBelt-VBelt-Std/instance-out.sql,524556.79,43860.68
CZ11/Htl&0&rDXHP&New&HV_AirDist__SupFanMtr/NE-HVAC-FanBelt-CoggedVBelt-Msr/instance-out.sql,522687.85,43861.68
CZ11/Htl&0&rDXHP&New&HV_AirDist__SupFanMtr/NE-HVAC-FanBelt-SynchVBelt-Msr/instance-out.sql,520019.36,43863.14
CZ12/Htl&0&rDXHP&New&HV_AirDist__SupFanMtr/NE-HVAC-FanBelt-VBelt-Std/instance-out.sql,486978.73,43732.29
CZ12/Htl&0&rDXHP&New&HV_AirDist__SupFanMtr/NE-HVAC-FanBelt-CoggedVBelt-Msr/instance-out.sql,485232.78,43732.91
CZ12/Htl&0&rDXHP&New&HV_AirDist__SupFanMtr/NE-HVAC-FanBelt-SynchVBelt-Msr/instance-out.sql,482739.78,43733.80
CZ13/Htl&0&rDXHP&New&HV_AirDist__SupFanMtr/NE-HVAC-FanBelt-VBelt-Std/instance-out.sql,531951.40,42831.73
CZ13/Htl&0&rDXHP&New&HV_AirDist__SupFanMtr/NE-HVAC-FanBelt-CoggedVBelt-Msr/instance-out.sql,530040.44,42832.36
CZ13/Htl&0&rDXHP&New&HV_AirDist__SupFanMtr/NE-HVAC-FanBelt-SynchVBelt-Msr/instance-out.sql,527311.76,42833.25
CZ14/Htl&0&rDXHP&New&HV_AirDist__SupFanMtr/NE-HVAC-FanBelt-VBelt-Std/instance-out.sql,530698.12,43114.27
CZ14/Htl&0&rDXHP&New&HV_AirDist__SupFanMtr/NE-HVAC-FanBelt-CoggedVBelt-Msr/instance-out.sql,528668.79,43114.55
CZ14/Htl&0&rDXHP&New&HV_AirDist__SupFanMtr/NE-HVAC-FanBelt-SynchVBelt-Msr/instance-out.sql,525771.36,43114.95
CZ15/Htl&0&rDXHP&New&HV_AirDist__SupFanMtr/NE-HVAC-FanBelt-VBelt-Std/instance-out.sql,623658.86,40845.92
CZ15/Htl&0&rDXHP&New&HV_AirDist__SupFanMtr/NE-HVAC-FanBelt-CoggedVBelt-Msr/instance-out.sql,621453.02,40845.92
CZ15/Htl&0&rDXHP&New&HV_AirDist__SupFanMtr/NE-HVAC-FanBelt-SynchVBelt-Msr/instance-out.sql,618302.31,40845.92
CZ16/Htl&0&rDXHP&New&HV_AirDist__SupFanMtr/NE-HVAC-FanBelt-VBelt-Std/instance-out.sql,478176.45,48947.39
CZ16/Htl&0&rDXHP&New&HV_AirDist__SupFanMtr/NE-HVAC-FanBelt-CoggedVBelt-Msr/instance-out.sql,476256.16,48953.48
CZ16/Htl&0&rDXHP&New&HV_AirDist__SupFanMtr/NE-HVAC-FanBelt-SynchVBelt-Msr/instance-out.sql,473516.72,48961.97

File Name,Unmet Heating (Hours),Unmet Cooling (Hours)
CZ01/Htl&0&rDXHP&New&HV_AirDist__SupFanMtr/NE-HVAC-FanBelt-VBelt-Std/instance-out.sql,2.00,0.00
CZ01/Htl&0&rDXHP&New&HV_AirDist__SupFanMtr/NE-HVAC-FanBelt-CoggedVBelt-Msr/instance-out.sql,2.17,0.00
CZ01/Htl&0&rDXHP&New&HV_AirDist__SupFanMtr/NE-HVAC-FanBelt-SynchVBelt-Msr/instance-out.sql,2.50,0.00
CZ02/Htl&0&rDXHP&New&HV_AirDist__SupFanMtr/NE-HVAC-FanBelt-VBelt-Std/instance-out.sql,0.67,0.00
CZ02/Htl&0&rDXHP&New&HV_AirDist__SupFanMtr/NE-HVAC-FanBelt-CoggedVBelt-Msr/instance-out.sql,0.67,0.00
CZ02/Htl&0&rDXHP&New&HV_AirDist__SupFanMtr/NE-HVAC-FanBelt-SynchVBelt-Msr/instance-out.sql,0.67,0.00
CZ03/Htl&0&rDXHP&New&HV_AirDist__SupFanMtr/NE-HVAC-FanBelt-VBelt-Std/instance-out.sql,0.00,0.00
CZ03/Htl&0&rDXHP&New&HV_AirDist__SupFanMtr/NE-HVAC-FanBelt-CoggedVBelt-Msr/instance-out.sql,0.00,0.00
CZ03/Htl&0&rDXHP&New&HV_AirDist__SupFanMtr/NE-HVAC-FanBelt-SynchVBelt-Msr/instance-out.sql,0.00,0.00
CZ04/Htl&0&rDXHP&New&HV_AirDist__SupFanMtr/NE-HVAC-FanBelt-VBelt-Std/instance-out.sql,0.17,0.00
CZ04/Htl&0&rDXHP&New&HV_AirDist__SupFanMtr/NE-HVAC-FanBelt-CoggedVBelt-Msr/instance-out.sql,0.17,0.00
CZ04/Htl&0&rDXHP&New&HV_AirDist__SupFanMtr/NE-HVAC-FanBelt-SynchVBelt-Msr/instance-out.sql,0.00,0.00
CZ05/Htl&0&rDXHP&New&HV_AirDist__SupFanMtr/NE-HVAC-FanBelt-VBelt-Std/instance-out.sql,0.00,0.00
CZ05/Htl&0&rDXHP&New&HV_AirDist__SupFanMtr/NE-HVAC-FanBelt-CoggedVBelt-Msr/instance-out.sql,0.00,0.00
CZ05/Htl&0&rDXHP&New&HV_AirDist__SupFanMtr/NE-HVAC-FanBelt-SynchVBelt-Msr/instance-out.sql,0.00,0.00
CZ06/Htl&0&rDXHP&New&HV_AirDist__SupFanMtr/NE-HVAC-FanBelt-VBelt-Std/instance-out.sql,0.00,0.00
CZ06/Htl&0&rDXHP&New&HV_AirDist__SupFanMtr/NE-HVAC-FanBelt-CoggedVBelt-Msr/instance-out.sql,0.00,0.00
CZ06/Htl&0&rDXHP&New&HV_AirDist__SupFanMtr/NE-HVAC-FanBelt-SynchVBelt-Msr/instance-out.sql,0.00,0.00
CZ07/Htl&0&rDXHP&New&HV_AirDist__SupFanMtr/NE-HVAC-FanBelt-VBelt-Std/instance-out.sql,0.00,0.00
CZ07/Htl&0&rDXHP&New&HV_AirDist__SupFanMtr/NE-HVAC-FanBelt-CoggedVBelt-Msr/instance-out.sql,0.00,0.00
CZ07/Htl&0&rDXHP&New&HV_AirDist__SupFanMtr/NE-HVAC-FanBelt-SynchVBelt-Msr/instance-out.sql,0.00,0.00
CZ08/Htl&0&rDXHP&New&HV_AirDist__SupFanMtr/NE-HVAC-FanBelt-VBelt-Std/instance-out.sql,0.00,0.00
CZ08/Htl&0&rDXHP&New&HV_AirDist__SupFanMtr/NE-HVAC-FanBelt-CoggedVBelt-Msr/instance-out.sql,0.00,0.00
CZ08/Htl&0&rDXHP&New&HV_AirDist__SupFanMtr/NE-HVAC-FanBelt-SynchVBelt-Msr/instance-out.sql,0.00,0.00
CZ09/Htl&0&rDXHP&New&HV_AirDist__SupFanMtr/NE-HVAC-FanBelt-VBelt-Std/instance-out.sql,0.00,0.00
CZ09/Htl&0&rDXHP&New&HV_AirDist__SupFanMtr/NE-HVAC-FanBelt-CoggedVBelt-Msr/instance-out.sql,0.00,0.00
CZ09/Htl&0&rDXHP&New&HV_AirDist__SupFanMtr/NE-HVAC-FanBelt-SynchVBelt-Msr/instance-out.sql,0.00,0.00
CZ10/Htl&0&rDXHP&New&HV_AirDist__SupFanMtr/NE-HVAC-FanBelt-VBelt-Std/instance-out.sql,0.00,0.00
CZ10/Htl&0&rDXHP&New&HV_AirDist__SupFanMtr/NE-HVAC-FanBelt-CoggedVBelt-Msr/instance-out.sql,0.00,0.00
CZ10/Htl&0&rDXHP&New&HV_AirDist__SupFanMtr/NE-HVAC-FanBelt-SynchVBelt-Msr/instance-out.sql,0.00,0.00
CZ11/Htl&0&rDXHP&New&HV_AirDist__SupFanMtr/NE-HVAC-FanBelt-VBelt-Std/instance-out.sql,0.00,0.00
CZ11/Htl&0&rDXHP&New&HV_AirDist__SupFanMtr/NE-HVAC-FanBelt-CoggedVBelt-Msr/instance-out.sql,0.00,0.00
CZ11/Htl&0&rDXHP&New&HV_AirDist__SupFanMtr/NE-HVAC-FanBelt-SynchVBelt-Msr/instance-out.sql,0.17,0.00
CZ12/Htl&0&rDXHP&New&HV_AirDist__SupFanMtr/NE-HVAC-FanBelt-VBelt-Std/instance-out.sql,0.00,0.00
CZ12/Htl&0&rDXHP&New&HV_AirDist__SupFanMtr/NE-HVAC-FanBelt-CoggedVBelt-Msr/instance-out.sql,0.00,0.00
CZ12/Htl&0&rDXHP&New&HV_AirDist__SupFanMtr/NE-HVAC-FanBelt-SynchVBelt-Msr/instance-out.sql,0.00,0.00
CZ13/Htl&0&rDXHP&New&HV_AirDist__SupFanMtr/NE-HVAC-FanBelt-VBelt-Std/instance-out.sql,0.00,0.00
CZ13/Htl&0&rDXHP&New&HV_AirDist__SupFanMtr/NE-HVAC-FanBelt-CoggedVBelt-Msr/instance-out.sql,0.00,0.00
CZ13/Htl&0&rDXHP&New&HV_AirDist__SupFanMtr/NE-HVAC-FanBelt-SynchVBelt-Msr/instance-out.sql,0.00,0.00
CZ14/Htl&0&rDXHP&New&HV_AirDist__SupFanMtr/NE-HVAC-FanBelt-VBelt-Std/instance-out.sql,0.00,0.00
CZ14/Htl&0&rDXHP&New&HV_AirDist__SupFanMtr/NE-HVAC-FanBelt-CoggedVBelt-Msr/instance-out.sql,0.00,0.00
CZ14/Htl&0&rDXHP&New&HV_AirDist__SupFanMtr/NE-HVAC-FanBelt-SynchVBelt-Msr/instance-out.sql,0.17,0.00
CZ15/Htl&0&rDXHP&New&HV_AirDist__SupFanMtr/NE-HVAC-FanBelt-VBelt-Std/instance-out.sql,0.00,10.67
CZ15/Htl&0&rDXHP&New&HV_AirDist__SupFanMtr/NE-HVAC-FanBelt-CoggedVBelt-Msr/instance-out.sql,0.00,10.50
CZ15/Htl&0&rDXHP&New&HV_AirDist__SupFanMtr/NE-HVAC-FanBelt-SynchVBelt-Msr/instance-out.sql,0.00,9.83
CZ16/Htl&0&rDXHP&New&HV_AirDist__SupFanMtr/NE-HVAC-FanBelt-VBelt-Std/instance-out.sql,0.33,0.00
CZ16/Htl&0&rDXHP&New&HV_AirDist__SupFanMtr/NE-HVAC-FanBelt-CoggedVBelt-Msr/instance-out.sql,0.17,0.00
CZ16/Htl&0&rDXHP&New&HV_AirDist__SupFanMtr/NE-HVAC-FanBelt-SynchVBelt-Msr/instance-out.sql,0.00,0.00

