File Name,Net Site EUI (kWh/m2),Net Site Energy (kWh),Net Source EUI (kWh/m2),Net Source Energy (kWh)
CZ01/Htl&0&cDXHP&Ex&dxHP_equip/NE-dxHP-PkgHP-65to134-Ex-EER-11.0/instance-out.sql,42.11,536471.85,132.24,1684537.84
CZ01/Htl&0&cDXHP&Ex&dxHP_equip/NE-dxHP-PkgHP-65to134-Ex-EER-11.5/instance-out.sql,42.09,536155.79,132.16,1683482.18
CZ01/Htl&0&cDXHP&Ex&dxHP_equip/NE-dxHP-PkgHP-65to134-Ex-EER-12.0/instance-out.sql,42.08,535997.72,132.11,1682954.23
CZ01/Htl&0&cDXHP&Ex&dxHP_equip/NE-dxHP-PkgHP-135to239-Ex-EER-10.4/instance-out.sql,42.14,536803.50,132.33,1685645.56
CZ01/Htl&0&cDXHP&Ex&dxHP_equip/NE-dxHP-PkgHP-135to239-Ex-EER-10.8/instance-out.sql,42.09,536228.92,132.18,1683726.43
CZ01/Htl&0&cDXHP&Ex&dxHP_equip/NE-dxHP-PkgHP-135to239-Ex-EER-12.0/instance-out.sql,42.09,536128.38,132.15,1683390.65
CZ01/Htl&0&cDXHP&Ex&dxHP_equip/NE-dxHP-PkgHP-240to759-Ex-EER-9.3/instance-out.sql,42.17,537159.30,132.42,1686833.91
CZ01/Htl&0&cDXHP&Ex&dxHP_equip/NE-dxHP-PkgHP-240to759-Ex-EER-9.7/instance-out.sql,42.14,536804.51,132.33,1685648.93
CZ01/Htl&0&cDXHP&Ex&dxHP_equip/NE-dxHP-PkgHP-240to759-Ex-EER-10.0/instance-out.sql,42.14,536793.69,132.32,1685612.79
CZ02/Htl&0&cDXHP&Ex&dxHP_equip/NE-dxHP-PkgHP-65to134-Ex-EER-11.0/instance-out.sql,47.50,605090.84,150.99,1923364.40
CZ02/Htl&0&cDXHP&Ex&dxHP_equip/NE-dxHP-PkgHP-65to134-Ex-EER-11.5/instance-out.sql,47.40,603824.04,150.66,1919133.29
CZ02/Htl&0&cDXHP&Ex&dxHP_equip/NE-dxHP-PkgHP-65to134-Ex-EER-12.0/instance-out.sql,47.32,602734.58,150.37,1915494.49
CZ02/Htl&0&cDXHP&Ex&dxHP_equip/NE-dxHP-PkgHP-135to239-Ex-EER-10.4/instance-out.sql,47.59,606177.73,151.27,1926994.61
CZ02/Htl&0&cDXHP&Ex&dxHP_equip/NE-dxHP-PkgHP-135to239-Ex-EER-10.8/instance-out.sql,47.48,604889.08,150.93,1922690.51
CZ02/Htl&0&cDXHP&Ex&dxHP_equip/NE-dxHP-PkgHP-135to239-Ex-EER-12.0/instance-out.sql,47.41,603932.34,150.68,1919495.02
CZ02/Htl&0&cDXHP&Ex&dxHP_equip/NE-dxHP-PkgHP-240to759-Ex-EER-9.3/instance-out.sql,47.70,607578.15,151.64,1931672.02
CZ02/Htl&0&cDXHP&Ex&dxHP_equip/NE-dxHP-PkgHP-240to759-Ex-EER-9.7/instance-out.sql,47.59,606250.39,151.29,1927237.30
CZ02/Htl&0&cDXHP&Ex&dxHP_equip/NE-dxHP-PkgHP-240to759-Ex-EER-10.0/instance-out.sql,47.53,605472.32,151.09,1924638.55
CZ03/Htl&0&cDXHP&Ex&dxHP_equip/NE-dxHP-PkgHP-65to134-Ex-EER-11.0/instance-out.sql,45.08,574192.43,143.41,1826838.16
CZ03/Htl&0&cDXHP&Ex&dxHP_equip/NE-dxHP-PkgHP-65to134-Ex-EER-11.5/instance-out.sql,45.03,573646.89,143.27,1825016.05
CZ03/Htl&0&cDXHP&Ex&dxHP_equip/NE-dxHP-PkgHP-65to134-Ex-EER-12.0/instance-out.sql,45.00,573179.14,143.14,1823453.78
CZ03/Htl&0&cDXHP&Ex&dxHP_equip/NE-dxHP-PkgHP-135to239-Ex-EER-10.4/instance-out.sql,45.11,574661.26,143.53,1828404.03
CZ03/Htl&0&cDXHP&Ex&dxHP_equip/NE-dxHP-PkgHP-135to239-Ex-EER-10.8/instance-out.sql,45.07,574103.13,143.39,1826539.89
CZ03/Htl&0&cDXHP&Ex&dxHP_equip/NE-dxHP-PkgHP-135to239-Ex-EER-12.0/instance-out.sql,45.04,573692.85,143.28,1825169.55
CZ03/Htl&0&cDXHP&Ex&dxHP_equip/NE-dxHP-PkgHP-240to759-Ex-EER-9.3/instance-out.sql,45.16,575264.42,143.69,1830418.61
CZ03/Htl&0&cDXHP&Ex&dxHP_equip/NE-dxHP-PkgHP-240to759-Ex-EER-9.7/instance-out.sql,45.11,574692.33,143.54,1828507.83
CZ03/Htl&0&cDXHP&Ex&dxHP_equip/NE-dxHP-PkgHP-240to759-Ex-EER-10.0/instance-out.sql,45.09,574359.56,143.45,1827396.36
CZ04/Htl&0&cDXHP&Ex&dxHP_equip/NE-dxHP-PkgHP-65to134-Ex-EER-11.0/instance-out.sql,48.45,617158.49,154.84,1972464.66
CZ04/Htl&0&cDXHP&Ex&dxHP_equip/NE-dxHP-PkgHP-65to134-Ex-EER-11.5/instance-out.sql,48.34,615735.03,154.47,1967710.30
CZ04/Htl&0&cDXHP&Ex&dxHP_equip/NE-dxHP-PkgHP-65to134-Ex-EER-12.0/instance-out.sql,48.24,614456.48,154.13,1963439.95
CZ04/Htl&0&cDXHP&Ex&dxHP_equip/NE-dxHP-PkgHP-135to239-Ex-EER-10.4/instance-out.sql,48.54,618350.89,155.15,1976447.27
CZ04/Htl&0&cDXHP&Ex&dxHP_equip/NE-dxHP-PkgHP-135to239-Ex-EER-10.8/instance-out.sql,48.44,617023.81,154.81,1972014.85
CZ04/Htl&0&cDXHP&Ex&dxHP_equip/NE-dxHP-PkgHP-135to239-Ex-EER-12.0/instance-out.sql,48.35,615882.73,154.51,1968203.64
CZ04/Htl&0&cDXHP&Ex&dxHP_equip/NE-dxHP-PkgHP-240to759-Ex-EER-9.3/instance-out.sql,48.66,619921.44,155.57,1981692.92
CZ04/Htl&0&cDXHP&Ex&dxHP_equip/NE-dxHP-PkgHP-240to759-Ex-EER-9.7/instance-out.sql,48.55,618440.71,155.18,1976747.30
CZ04/Htl&0&cDXHP&Ex&dxHP_equip/NE-dxHP-PkgHP-240to759-Ex-EER-10.0/instance-out.sql,48.47,617478.83,154.93,1973534.59
CZ05/Htl&0&cDXHP&Ex&dxHP_equip/NE-dxHP-PkgHP-65to134-Ex-EER-11.0/instance-out.sql,45.61,580996.96,145.44,1852683.64
CZ05/Htl&0&cDXHP&Ex&dxHP_equip/NE-dxHP-PkgHP-65to134-Ex-EER-11.5/instance-out.sql,45.55,580227.83,145.24,1850114.72
CZ05/Htl&0&cDXHP&Ex&dxHP_equip/NE-dxHP-PkgHP-65to134-Ex-EER-12.0/instance-out.sql,45.50,579548.47,145.06,1847845.67
CZ05/Htl&0&cDXHP&Ex&dxHP_equip/NE-dxHP-PkgHP-135to239-Ex-EER-10.4/instance-out.sql,45.66,581647.35,145.61,1854855.94
CZ05/Htl&0&cDXHP&Ex&dxHP_equip/NE-dxHP-PkgHP-135to239-Ex-EER-10.8/instance-out.sql,45.60,580904.76,145.41,1852375.69
CZ05/Htl&0&cDXHP&Ex&dxHP_equip/NE-dxHP-PkgHP-135to239-Ex-EER-12.0/instance-out.sql,45.55,580302.15,145.26,1850362.94
CZ05/Htl&0&cDXHP&Ex&dxHP_equip/NE-dxHP-PkgHP-240to759-Ex-EER-9.3/instance-out.sql,45.73,582496.61,145.83,1857692.47
CZ05/Htl&0&cDXHP&Ex&dxHP_equip/NE-dxHP-PkgHP-240to759-Ex-EER-9.7/instance-out.sql,45.66,581694.16,145.62,1855012.28
CZ05/Htl&0&cDXHP&Ex&dxHP_equip/NE-dxHP-PkgHP-240to759-Ex-EER-10.0/instance-out.sql,45.62,581192.92,145.49,1853338.14
CZ06/Htl&0&cDXHP&Ex&dxHP_equip/NE-dxHP-PkgHP-65to134-Ex-EER-11.0/instance-out.sql,48.01,611559.51,153.69,1957741.36
CZ06/Htl&0&cDXHP&Ex&dxHP_equip/NE-dxHP-PkgHP-65to134-Ex-EER-11.5/instance-out.sql,47.92,610380.44,153.38,1953803.26
CZ06/Htl&0&cDXHP&Ex&dxHP_equip/NE-dxHP-PkgHP-65to134-Ex-EER-12.0/instance-out.sql,47.83,609300.15,153.09,1950195.12
CZ06/Htl&0&cDXHP&Ex&dxHP_equip/NE-dxHP-PkgHP-135to239-Ex-EER-10.4/instance-out.sql,48.09,612535.89,153.94,1961002.49
CZ06/Htl&0&cDXHP&Ex&dxHP_equip/NE-dxHP-PkgHP-135to239-Ex-EER-10.8/instance-out.sql,48.00,611483.93,153.67,1957488.92
CZ06/Htl&0&cDXHP&Ex&dxHP_equip/NE-dxHP-PkgHP-135to239-Ex-EER-12.0/instance-out.sql,47.93,610512.95,153.41,1954245.85
CZ06/Htl&0&cDXHP&Ex&dxHP_equip/NE-dxHP-PkgHP-240to759-Ex-EER-9.3/instance-out.sql,48.19,613835.61,154.28,1965343.54
CZ06/Htl&0&cDXHP&Ex&dxHP_equip/NE-dxHP-PkgHP-240to759-Ex-EER-9.7/instance-out.sql,48.09,612613.50,153.96,1961261.68
CZ06/Htl&0&cDXHP&Ex&dxHP_equip/NE-dxHP-PkgHP-240to759-Ex-EER-10.0/instance-out.sql,48.03,611782.51,153.74,1958486.20
CZ07/Htl&0&cDXHP&Ex&dxHP_equip/NE-dxHP-PkgHP-65to134-Ex-EER-11.0/instance-out.sql,48.61,619275.16,155.74,1983927.70
CZ07/Htl&0&cDXHP&Ex&dxHP_equip/NE-dxHP-PkgHP-65to134-Ex-EER-11.5/instance-out.sql,48.49,617674.11,155.32,1978580.19
CZ07/Htl&0&cDXHP&Ex&dxHP_equip/NE-dxHP-PkgHP-65to134-Ex-EER-12.0/instance-out.sql,48.37,616206.22,154.94,1973677.41
CZ07/Htl&0&cDXHP&Ex&dxHP_equip/NE-dxHP-PkgHP-135to239-Ex-EER-10.4/instance-out.sql,48.72,620600.47,156.09,1988354.21
CZ07/Htl&0&cDXHP&Ex&dxHP_equip/NE-dxHP-PkgHP-135to239-Ex-EER-10.8/instance-out.sql,48.61,619174.20,155.72,1983590.49
CZ07/Htl&0&cDXHP&Ex&dxHP_equip/NE-dxHP-PkgHP-135to239-Ex-EER-12.0/instance-out.sql,48.50,617854.52,155.37,1979182.75
CZ07/Htl&0&cDXHP&Ex&dxHP_equip/NE-dxHP-PkgHP-240to759-Ex-EER-9.3/instance-out.sql,48.86,622365.29,156.55,1994248.72
CZ07/Htl&0&cDXHP&Ex&dxHP_equip/NE-dxHP-PkgHP-240to759-Ex-EER-9.7/instance-out.sql,48.73,620705.99,156.12,1988706.66
CZ07/Htl&0&cDXHP&Ex&dxHP_equip/NE-dxHP-PkgHP-240to759-Ex-EER-10.0/instance-out.sql,48.64,619576.02,155.82,1984932.55
CZ08/Htl&0&cDXHP&Ex&dxHP_equip/NE-dxHP-PkgHP-65to134-Ex-EER-11.0/instance-out.sql,50.41,642110.65,161.72,2060108.01
CZ08/Htl&0&cDXHP&Ex&dxHP_equip/NE-dxHP-PkgHP-65to134-Ex-EER-11.5/instance-out.sql,50.25,640161.39,161.21,2053597.47
CZ08/Htl&0&cDXHP&Ex&dxHP_equip/NE-dxHP-PkgHP-65to134-Ex-EER-12.0/instance-out.sql,50.11,638376.40,160.74,2047635.63
CZ08/Htl&0&cDXHP&Ex&dxHP_equip/NE-dxHP-PkgHP-135to239-Ex-EER-10.4/instance-out.sql,50.53,643725.35,162.15,2065501.10
CZ08/Htl&0&cDXHP&Ex&dxHP_equip/NE-dxHP-PkgHP-135to239-Ex-EER-10.8/instance-out.sql,50.40,641984.06,161.69,2059685.21
CZ08/Htl&0&cDXHP&Ex&dxHP_equip/NE-dxHP-PkgHP-135to239-Ex-EER-12.0/instance-out.sql,50.27,640379.99,161.27,2054327.62
CZ08/Htl&0&cDXHP&Ex&dxHP_equip/NE-dxHP-PkgHP-240to759-Ex-EER-9.3/instance-out.sql,50.70,645874.12,162.71,2072678.00
CZ08/Htl&0&cDXHP&Ex&dxHP_equip/NE-dxHP-PkgHP-240to759-Ex-EER-9.7/instance-out.sql,50.54,643853.50,162.18,2065929.11
CZ08/Htl&0&cDXHP&Ex&dxHP_equip/NE-dxHP-PkgHP-240to759-Ex-EER-10.0/instance-out.sql,50.44,642481.26,161.82,2061345.83
CZ09/Htl&0&cDXHP&Ex&dxHP_equip/NE-dxHP-PkgHP-65to134-Ex-EER-11.0/instance-out.sql,52.22,665145.28,167.79,2137348.31
CZ09/Htl&0&cDXHP&Ex&dxHP_equip/NE-dxHP-PkgHP-65to134-Ex-EER-11.5/instance-out.sql,52.04,662880.98,167.19,2129785.54
CZ09/Htl&0&cDXHP&Ex&dxHP_equip/NE-dxHP-PkgHP-65to134-Ex-EER-12.0/instance-out.sql,51.87,660805.55,166.65,2122853.60
CZ09/Htl&0&cDXHP&Ex&dxHP_equip/NE-dxHP-PkgHP-135to239-Ex-EER-10.4/instance-out.sql,52.36,667019.90,168.28,2143609.54
CZ09/Htl&0&cDXHP&Ex&dxHP_equip/NE-dxHP-PkgHP-135to239-Ex-EER-10.8/instance-out.sql,52.20,665001.56,167.75,2136868.28
CZ09/Htl&0&cDXHP&Ex&dxHP_equip/NE-dxHP-PkgHP-135to239-Ex-EER-12.0/instance-out.sql,52.06,663135.86,167.26,2130636.83
CZ09/Htl&0&cDXHP&Ex&dxHP_equip/NE-dxHP-PkgHP-240to759-Ex-EER-9.3/instance-out.sql,52.56,669515.85,168.93,2151946.00
CZ09/Htl&0&cDXHP&Ex&dxHP_equip/NE-dxHP-PkgHP-240to759-Ex-EER-9.7/instance-out.sql,52.37,667169.06,168.32,2144107.72
CZ09/Htl&0&cDXHP&Ex&dxHP_equip/NE-dxHP-PkgHP-240to759-Ex-EER-10.0/instance-out.sql,52.25,665571.87,167.90,2138773.13
CZ10/Htl&0&cDXHP&Ex&dxHP_equip/NE-dxHP-PkgHP-65to134-Ex-EER-11.0/instance-out.sql,53.59,682716.79,172.39,2195951.38
CZ10/Htl&0&cDXHP&Ex&dxHP_equip/NE-dxHP-PkgHP-65to134-Ex-EER-11.5/instance-out.sql,53.35,679604.87,171.57,2185557.58
CZ10/Htl&0&cDXHP&Ex&dxHP_equip/NE-dxHP-PkgHP-65to134-Ex-EER-12.0/instance-out.sql,53.13,676764.93,170.83,2176072.17
CZ10/Htl&0&cDXHP&Ex&dxHP_equip/NE-dxHP-PkgHP-135to239-Ex-EER-10.4/instance-out.sql,53.80,685299.74,173.06,2204578.43
CZ10/Htl&0&cDXHP&Ex&dxHP_equip/NE-dxHP-PkgHP-135to239-Ex-EER-10.8/instance-out.sql,53.58,682498.27,172.33,2195221.53
CZ10/Htl&0&cDXHP&Ex&dxHP_equip/NE-dxHP-PkgHP-135to239-Ex-EER-12.0/instance-out.sql,53.38,679949.23,171.66,2186707.73
CZ10/Htl&0&cDXHP&Ex&dxHP_equip/NE-dxHP-PkgHP-240to759-Ex-EER-9.3/instance-out.sql,54.07,688730.71,173.96,2216037.86
CZ10/Htl&0&cDXHP&Ex&dxHP_equip/NE-dxHP-PkgHP-240to759-Ex-EER-9.7/instance-out.sql,53.81,685502.86,173.12,2205256.86
CZ10/Htl&0&cDXHP&Ex&dxHP_equip/NE-dxHP-PkgHP-240to759-Ex-EER-10.0/instance-out.sql,53.64,683327.78,172.55,2197992.07
CZ11/Htl&0&cDXHP&Ex&dxHP_equip/NE-dxHP-PkgHP-65to134-Ex-EER-11.0/instance-out.sql,56.26,716622.55,180.02,2293203.76
CZ11/Htl&0&cDXHP&Ex&dxHP_equip/NE-dxHP-PkgHP-65to134-Ex-EER-11.5/instance-out.sql,55.97,713031.32,179.08,2281209.04
CZ11/Htl&0&cDXHP&Ex&dxHP_equip/NE-dxHP-PkgHP-65to134-Ex-EER-12.0/instance-out.sql,55.72,709810.40,178.23,2270451.17
CZ11/Htl&0&cDXHP&Ex&dxHP_equip/NE-dxHP-PkgHP-135to239-Ex-EER-10.4/instance-out.sql,56.49,719633.35,180.81,2303259.83
CZ11/Htl&0&cDXHP&Ex&dxHP_equip/NE-dxHP-PkgHP-135to239-Ex-EER-10.8/instance-out.sql,56.23,716274.80,179.93,2292042.26
CZ11/Htl&0&cDXHP&Ex&dxHP_equip/NE-dxHP-PkgHP-135to239-Ex-EER-12.0/instance-out.sql,56.00,713401.71,179.18,2282446.13
CZ11/Htl&0&cDXHP&Ex&dxHP_equip/NE-dxHP-PkgHP-240to759-Ex-EER-9.3/instance-out.sql,56.80,723595.95,181.85,2316494.91
CZ11/Htl&0&cDXHP&Ex&dxHP_equip/NE-dxHP-PkgHP-240to759-Ex-EER-9.7/instance-out.sql,56.51,719859.27,180.87,2304014.39
CZ11/Htl&0&cDXHP&Ex&dxHP_equip/NE-dxHP-PkgHP-240to759-Ex-EER-10.0/instance-out.sql,56.32,717440.13,180.23,2295934.47
CZ12/Htl&0&cDXHP&Ex&dxHP_equip/NE-dxHP-PkgHP-65to134-Ex-EER-11.0/instance-out.sql,52.72,671606.36,168.38,2144983.09
CZ12/Htl&0&cDXHP&Ex&dxHP_equip/NE-dxHP-PkgHP-65to134-Ex-EER-11.5/instance-out.sql,52.50,668760.54,167.64,2135478.07
CZ12/Htl&0&cDXHP&Ex&dxHP_equip/NE-dxHP-PkgHP-65to134-Ex-EER-12.0/instance-out.sql,52.30,666223.29,166.97,2127003.66
CZ12/Htl&0&cDXHP&Ex&dxHP_equip/NE-dxHP-PkgHP-135to239-Ex-EER-10.4/instance-out.sql,52.91,674000.25,169.01,2152978.70
CZ12/Htl&0&cDXHP&Ex&dxHP_equip/NE-dxHP-PkgHP-135to239-Ex-EER-10.8/instance-out.sql,52.70,671305.19,168.31,2143977.20
CZ12/Htl&0&cDXHP&Ex&dxHP_equip/NE-dxHP-PkgHP-135to239-Ex-EER-12.0/instance-out.sql,52.52,669046.82,167.71,2136434.23
CZ12/Htl&0&cDXHP&Ex&dxHP_equip/NE-dxHP-PkgHP-240to759-Ex-EER-9.3/instance-out.sql,53.16,677141.20,169.84,2163469.46
CZ12/Htl&0&cDXHP&Ex&dxHP_equip/NE-dxHP-PkgHP-240to759-Ex-EER-9.7/instance-out.sql,52.92,674177.00,169.06,2153569.04
CZ12/Htl&0&cDXHP&Ex&dxHP_equip/NE-dxHP-PkgHP-240to759-Ex-EER-10.0/instance-out.sql,52.78,672284.35,168.56,2147247.59
CZ13/Htl&0&cDXHP&Ex&dxHP_equip/NE-dxHP-PkgHP-65to134-Ex-EER-11.0/instance-out.sql,56.72,722545.22,182.31,2322366.00
CZ13/Htl&0&cDXHP&Ex&dxHP_equip/NE-dxHP-PkgHP-65to134-Ex-EER-11.5/instance-out.sql,56.42,718713.12,181.31,2309566.79
CZ13/Htl&0&cDXHP&Ex&dxHP_equip/NE-dxHP-PkgHP-65to134-Ex-EER-12.0/instance-out.sql,56.15,715254.22,180.40,2298014.04
CZ13/Htl&0&cDXHP&Ex&dxHP_equip/NE-dxHP-PkgHP-135to239-Ex-EER-10.4/instance-out.sql,56.97,725746.28,183.15,2333057.54
CZ13/Htl&0&cDXHP&Ex&dxHP_equip/NE-dxHP-PkgHP-135to239-Ex-EER-10.8/instance-out.sql,56.69,722211.33,182.22,2321250.80
CZ13/Htl&0&cDXHP&Ex&dxHP_equip/NE-dxHP-PkgHP-135to239-Ex-EER-12.0/instance-out.sql,56.45,719118.86,181.41,2310921.95
CZ13/Htl&0&cDXHP&Ex&dxHP_equip/NE-dxHP-PkgHP-240to759-Ex-EER-9.3/instance-out.sql,57.30,729973.42,184.26,2347176.17
CZ13/Htl&0&cDXHP&Ex&dxHP_equip/NE-dxHP-PkgHP-240to759-Ex-EER-9.7/instance-out.sql,56.99,725990.65,183.21,2333873.74
CZ13/Htl&0&cDXHP&Ex&dxHP_equip/NE-dxHP-PkgHP-240to759-Ex-EER-10.0/instance-out.sql,56.79,723373.87,182.53,2325133.69
CZ14/Htl&0&cDXHP&Ex&dxHP_equip/NE-dxHP-PkgHP-65to134-Ex-EER-11.0/instance-out.sql,60.81,774685.60,196.40,2501800.77
CZ14/Htl&0&cDXHP&Ex&dxHP_equip/NE-dxHP-PkgHP-65to134-Ex-EER-11.5/instance-out.sql,60.43,769830.38,195.12,2485584.33
CZ14/Htl&0&cDXHP&Ex&dxHP_equip/NE-dxHP-PkgHP-65to134-Ex-EER-12.0/instance-out.sql,60.09,765397.09,193.96,2470777.16
CZ14/Htl&0&cDXHP&Ex&dxHP_equip/NE-dxHP-PkgHP-135to239-Ex-EER-10.4/instance-out.sql,61.13,778714.25,197.45,2515256.46
CZ14/Htl&0&cDXHP&Ex&dxHP_equip/NE-dxHP-PkgHP-135to239-Ex-EER-10.8/instance-out.sql,60.79,774348.73,196.31,2500675.61
CZ14/Htl&0&cDXHP&Ex&dxHP_equip/NE-dxHP-PkgHP-135to239-Ex-EER-12.0/instance-out.sql,60.48,770368.79,195.26,2487382.63
CZ14/Htl&0&cDXHP&Ex&dxHP_equip/NE-dxHP-PkgHP-240to759-Ex-EER-9.3/instance-out.sql,61.55,784067.12,198.86,2533135.04
CZ14/Htl&0&cDXHP&Ex&dxHP_equip/NE-dxHP-PkgHP-240to759-Ex-EER-9.7/instance-out.sql,61.16,779031.52,197.54,2516316.15
CZ14/Htl&0&cDXHP&Ex&dxHP_equip/NE-dxHP-PkgHP-240to759-Ex-EER-10.0/instance-out.sql,60.89,775634.08,196.64,2504968.70
CZ15/Htl&0&cDXHP&Ex&dxHP_equip/NE-dxHP-PkgHP-65to134-Ex-EER-11.0/instance-out.sql,65.17,830185.68,211.37,2692517.64
CZ15/Htl&0&cDXHP&Ex&dxHP_equip/NE-dxHP-PkgHP-65to134-Ex-EER-11.5/instance-out.sql,64.66,823719.49,209.67,2670920.59
CZ15/Htl&0&cDXHP&Ex&dxHP_equip/NE-dxHP-PkgHP-65to134-Ex-EER-12.0/instance-out.sql,64.20,817788.52,208.12,2651111.15
CZ15/Htl&0&cDXHP&Ex&dxHP_equip/NE-dxHP-PkgHP-135to239-Ex-EER-10.4/instance-out.sql,65.59,835536.82,212.77,2710390.47
CZ15/Htl&0&cDXHP&Ex&dxHP_equip/NE-dxHP-PkgHP-135to239-Ex-EER-10.8/instance-out.sql,65.14,829782.27,211.26,2691170.27
CZ15/Htl&0&cDXHP&Ex&dxHP_equip/NE-dxHP-PkgHP-135to239-Ex-EER-12.0/instance-out.sql,64.72,824449.34,209.86,2673358.26
CZ15/Htl&0&cDXHP&Ex&dxHP_equip/NE-dxHP-PkgHP-240to759-Ex-EER-9.3/instance-out.sql,66.15,842664.27,214.64,2734196.15
CZ15/Htl&0&cDXHP&Ex&dxHP_equip/NE-dxHP-PkgHP-240to759-Ex-EER-9.7/instance-out.sql,65.62,835963.39,212.88,2711815.20
CZ15/Htl&0&cDXHP&Ex&dxHP_equip/NE-dxHP-PkgHP-240to759-Ex-EER-10.0/instance-out.sql,65.27,831395.62,211.68,2696558.84
CZ16/Htl&0&cDXHP&Ex&dxHP_equip/NE-dxHP-PkgHP-65to134-Ex-EER-11.0/instance-out.sql,56.87,724461.00,180.61,2300732.97
CZ16/Htl&0&cDXHP&Ex&dxHP_equip/NE-dxHP-PkgHP-65to134-Ex-EER-11.5/instance-out.sql,56.61,721081.20,179.73,2289444.44
CZ16/Htl&0&cDXHP&Ex&dxHP_equip/NE-dxHP-PkgHP-65to134-Ex-EER-12.0/instance-out.sql,56.37,718107.62,178.95,2279512.68
CZ16/Htl&0&cDXHP&Ex&dxHP_equip/NE-dxHP-PkgHP-135to239-Ex-EER-10.4/instance-out.sql,57.10,727325.22,181.36,2310299.48
CZ16/Htl&0&cDXHP&Ex&dxHP_equip/NE-dxHP-PkgHP-135to239-Ex-EER-10.8/instance-out.sql,56.84,724036.01,180.50,2299313.50
CZ16/Htl&0&cDXHP&Ex&dxHP_equip/NE-dxHP-PkgHP-135to239-Ex-EER-12.0/instance-out.sql,56.63,721402.17,179.81,2290516.47
CZ16/Htl&0&cDXHP&Ex&dxHP_equip/NE-dxHP-PkgHP-240to759-Ex-EER-9.3/instance-out.sql,57.39,731057.77,182.34,2322766.17
CZ16/Htl&0&cDXHP&Ex&dxHP_equip/NE-dxHP-PkgHP-240to759-Ex-EER-9.7/instance-out.sql,57.11,727529.15,181.42,2310980.60
CZ16/Htl&0&cDXHP&Ex&dxHP_equip/NE-dxHP-PkgHP-240to759-Ex-EER-10.0/instance-out.sql,56.94,725345.43,180.84,2303686.99

File Name,Total (kWh),Heating (kWh),Cooling (kWh),Interior Lighting (kWh),Exterior Lighting (kWh),Interior Equipment (kWh),Exterior Equipment (kWh),Fans (kWh),Pumps (kWh),Heat Rejection (kWh),Humidification (kWh),Heat Recovery (kWh),Water Systems (kWh),Refrigeration (kWh),Generators (kWh),Heating Elec (kWh),Cooling Elec (kWh),Heating NG (kWh),Cooling NG (kWh),Interior Equipment Elec (kWh),Interior Equipment NG (kWh)
CZ01/Htl&0&cDXHP&Ex&dxHP_equip/NE-dxHP-PkgHP-65to134-Ex-EER-11.0/instance-out.sql,536471.85,18604.920000000002,16730.66,125722.95,0.0,205621.82,0.0,156911.65,0.0,0.0,0.0,0.0,12879.86,0.0,0.0,10688.62,16730.66,7916.30,0.00,179632.92,25988.90
CZ01/Htl&0&cDXHP&Ex&dxHP_equip/NE-dxHP-PkgHP-65to134-Ex-EER-11.5/instance-out.sql,536155.78,18304.15,16715.36,125722.95,0.0,205621.82,0.0,156911.65,0.0,0.0,0.0,0.0,12879.86,0.0,0.0,10387.85,16715.36,7916.30,0.00,179632.92,25988.90
CZ01/Htl&0&cDXHP&Ex&dxHP_equip/NE-dxHP-PkgHP-65to134-Ex-EER-12.0/instance-out.sql,535997.71,18160.12,16701.32,125722.95,0.0,205621.82,0.0,156911.65,0.0,0.0,0.0,0.0,12879.86,0.0,0.0,10243.82,16701.32,7916.30,0.00,179632.92,25988.90
CZ01/Htl&0&cDXHP&Ex&dxHP_equip/NE-dxHP-PkgHP-135to239-Ex-EER-10.4/instance-out.sql,536803.5,18923.91,16743.31,125722.95,0.0,205621.82,0.0,156911.65,0.0,0.0,0.0,0.0,12879.86,0.0,0.0,11007.61,16743.31,7916.30,0.00,179632.92,25988.90
CZ01/Htl&0&cDXHP&Ex&dxHP_equip/NE-dxHP-PkgHP-135to239-Ex-EER-10.8/instance-out.sql,536228.9099999999,18362.920000000002,16729.72,125722.95,0.0,205621.82,0.0,156911.65,0.0,0.0,0.0,0.0,12879.86,0.0,0.0,10446.62,16729.72,7916.30,0.00,179632.92,25988.90
CZ01/Htl&0&cDXHP&Ex&dxHP_equip/NE-dxHP-PkgHP-135to239-Ex-EER-12.0/instance-out.sql,536128.38,18275.01,16717.09,125722.95,0.0,205621.82,0.0,156911.65,0.0,0.0,0.0,0.0,12879.86,0.0,0.0,10358.71,16717.09,7916.30,0.00,179632.92,25988.90
CZ01/Htl&0&cDXHP&Ex&dxHP_equip/NE-dxHP-PkgHP-240to759-Ex-EER-9.3/instance-out.sql,537159.3,19262.85,16760.17,125722.95,0.0,205621.82,0.0,156911.65,0.0,0.0,0.0,0.0,12879.86,0.0,0.0,11346.55,16760.17,7916.30,0.00,179632.92,25988.90
CZ01/Htl&0&cDXHP&Ex&dxHP_equip/NE-dxHP-PkgHP-240to759-Ex-EER-9.7/instance-out.sql,536804.51,18923.91,16744.32,125722.95,0.0,205621.82,0.0,156911.65,0.0,0.0,0.0,0.0,12879.86,0.0,0.0,11007.61,16744.32,7916.30,0.00,179632.92,25988.90
CZ01/Htl&0&cDXHP&Ex&dxHP_equip/NE-dxHP-PkgHP-240to759-Ex-EER-10.0/instance-out.sql,536793.69,18923.91,16733.5,125722.95,0.0,205621.82,0.0,156911.65,0.0,0.0,0.0,0.0,12879.86,0.0,0.0,11007.61,16733.50,7916.30,0.00,179632.92,25988.90
CZ02/Htl&0&cDXHP&Ex&dxHP_equip/NE-dxHP-PkgHP-65to134-Ex-EER-11.0/instance-out.sql,605090.84,11087.470000000001,65601.37,125722.95,0.0,205621.82,0.0,185196.51,0.0,0.0,0.0,0.0,11860.72,0.0,0.0,6355.75,65601.37,4731.72,0.00,179632.92,25988.90
CZ02/Htl&0&cDXHP&Ex&dxHP_equip/NE-dxHP-PkgHP-65to134-Ex-EER-11.5/instance-out.sql,603824.0399999999,10920.490000000002,64501.55,125722.95,0.0,205621.82,0.0,185196.51,0.0,0.0,0.0,0.0,11860.72,0.0,0.0,6188.77,64501.55,4731.72,0.00,179632.92,25988.90
CZ02/Htl&0&cDXHP&Ex&dxHP_equip/NE-dxHP-PkgHP-65to134-Ex-EER-12.0/instance-out.sql,602734.58,10840.53,63492.05,125722.95,0.0,205621.82,0.0,185196.51,0.0,0.0,0.0,0.0,11860.72,0.0,0.0,6108.81,63492.05,4731.72,0.00,179632.92,25988.90
CZ02/Htl&0&cDXHP&Ex&dxHP_equip/NE-dxHP-PkgHP-135to239-Ex-EER-10.4/instance-out.sql,606177.73,11264.57,66511.16,125722.95,0.0,205621.82,0.0,185196.51,0.0,0.0,0.0,0.0,11860.72,0.0,0.0,6532.85,66511.16,4731.72,0.00,179632.92,25988.90
CZ02/Htl&0&cDXHP&Ex&dxHP_equip/NE-dxHP-PkgHP-135to239-Ex-EER-10.8/instance-out.sql,604889.08,10953.119999999999,65533.96,125722.95,0.0,205621.82,0.0,185196.51,0.0,0.0,0.0,0.0,11860.72,0.0,0.0,6221.40,65533.96,4731.72,0.00,179632.92,25988.90
CZ02/Htl&0&cDXHP&Ex&dxHP_equip/NE-dxHP-PkgHP-135to239-Ex-EER-12.0/instance-out.sql,603932.35,10904.310000000001,64626.03,125722.95,0.0,205621.82,0.0,185196.51,0.0,0.0,0.0,0.0,11860.72,0.0,0.0,6172.59,64626.03,4731.72,0.00,179632.92,25988.90
CZ02/Htl&0&cDXHP&Ex&dxHP_equip/NE-dxHP-PkgHP-240to759-Ex-EER-9.3/instance-out.sql,607578.1599999999,11452.73,67723.42,125722.95,0.0,205621.82,0.0,185196.51,0.0,0.0,0.0,0.0,11860.72,0.0,0.0,6721.01,67723.42,4731.72,0.00,179632.92,25988.90
CZ02/Htl&0&cDXHP&Ex&dxHP_equip/NE-dxHP-PkgHP-240to759-Ex-EER-9.7/instance-out.sql,606250.39,11264.57,66583.82,125722.95,0.0,205621.82,0.0,185196.51,0.0,0.0,0.0,0.0,11860.72,0.0,0.0,6532.85,66583.82,4731.72,0.00,179632.92,25988.90
CZ02/Htl&0&cDXHP&Ex&dxHP_equip/NE-dxHP-PkgHP-240to759-Ex-EER-10.0/instance-out.sql,605472.33,11264.57,65805.75,125722.95,0.0,205621.82,0.0,185196.51,0.0,0.0,0.0,0.0,11860.72,0.0,0.0,6532.85,65805.75,4731.72,0.00,179632.92,25988.90
CZ03/Htl&0&cDXHP&Ex&dxHP_equip/NE-dxHP-PkgHP-65to134-Ex-EER-11.0/instance-out.sql,574192.4400000001,4538.9800000000005,48223.49,125722.95,0.0,205621.82,0.0,178225.2,0.0,0.0,0.0,0.0,11859.99,0.0,0.0,2717.32,48223.49,1821.66,0.00,179632.92,25988.90
CZ03/Htl&0&cDXHP&Ex&dxHP_equip/NE-dxHP-PkgHP-65to134-Ex-EER-11.5/instance-out.sql,573646.89,4463.83,47753.1,125722.95,0.0,205621.82,0.0,178225.2,0.0,0.0,0.0,0.0,11859.99,0.0,0.0,2642.17,47753.10,1821.66,0.00,179632.92,25988.90
CZ03/Htl&0&cDXHP&Ex&dxHP_equip/NE-dxHP-PkgHP-65to134-Ex-EER-12.0/instance-out.sql,573179.15,4427.84,47321.35,125722.95,0.0,205621.82,0.0,178225.2,0.0,0.0,0.0,0.0,11859.99,0.0,0.0,2606.18,47321.35,1821.66,0.00,179632.92,25988.90
CZ03/Htl&0&cDXHP&Ex&dxHP_equip/NE-dxHP-PkgHP-135to239-Ex-EER-10.4/instance-out.sql,574661.26,4618.7,48612.6,125722.95,0.0,205621.82,0.0,178225.2,0.0,0.0,0.0,0.0,11859.99,0.0,0.0,2797.04,48612.60,1821.66,0.00,179632.92,25988.90
CZ03/Htl&0&cDXHP&Ex&dxHP_equip/NE-dxHP-PkgHP-135to239-Ex-EER-10.8/instance-out.sql,574103.13,4478.51,48194.66,125722.95,0.0,205621.82,0.0,178225.2,0.0,0.0,0.0,0.0,11859.99,0.0,0.0,2656.85,48194.66,1821.66,0.00,179632.92,25988.90
CZ03/Htl&0&cDXHP&Ex&dxHP_equip/NE-dxHP-PkgHP-135to239-Ex-EER-12.0/instance-out.sql,573692.8500000001,4456.55,47806.34,125722.95,0.0,205621.82,0.0,178225.2,0.0,0.0,0.0,0.0,11859.99,0.0,0.0,2634.89,47806.34,1821.66,0.00,179632.92,25988.90
CZ03/Htl&0&cDXHP&Ex&dxHP_equip/NE-dxHP-PkgHP-240to759-Ex-EER-9.3/instance-out.sql,575264.43,4703.39,49131.07,125722.95,0.0,205621.82,0.0,178225.2,0.0,0.0,0.0,0.0,11859.99,0.0,0.0,2881.73,49131.07,1821.66,0.00,179632.92,25988.90
CZ03/Htl&0&cDXHP&Ex&dxHP_equip/NE-dxHP-PkgHP-240to759-Ex-EER-9.7/instance-out.sql,574692.3400000001,4618.7,48643.67,125722.95,0.0,205621.82,0.0,178225.2,0.0,0.0,0.0,0.0,11859.99,0.0,0.0,2797.04,48643.67,1821.66,0.00,179632.92,25988.90
CZ03/Htl&0&cDXHP&Ex&dxHP_equip/NE-dxHP-PkgHP-240to759-Ex-EER-10.0/instance-out.sql,574359.56,4618.7,48310.9,125722.95,0.0,205621.82,0.0,178225.2,0.0,0.0,0.0,0.0,11859.99,0.0,0.0,2797.04,48310.90,1821.66,0.00,179632.92,25988.90
CZ04/Htl&0&cDXHP&Ex&dxHP_equip/NE-dxHP-PkgHP-65to134-Ex-EER-11.0/instance-out.sql,617158.49,3660.26,81929.22,125722.95,0.0,205621.82,0.0,188811.31,0.0,0.0,0.0,0.0,11412.93,0.0,0.0,2316.04,81929.22,1344.22,0.00,179632.92,25988.90
CZ04/Htl&0&cDXHP&Ex&dxHP_equip/NE-dxHP-PkgHP-65to134-Ex-EER-11.5/instance-out.sql,615735.03,3596.45,80569.57,125722.95,0.0,205621.82,0.0,188811.31,0.0,0.0,0.0,0.0,11412.93,0.0,0.0,2252.23,80569.57,1344.22,0.00,179632.92,25988.90
CZ04/Htl&0&cDXHP&Ex&dxHP_equip/NE-dxHP-PkgHP-65to134-Ex-EER-12.0/instance-out.sql,614456.4800000001,3565.8999999999996,79321.57,125722.95,0.0,205621.82,0.0,188811.31,0.0,0.0,0.0,0.0,11412.93,0.0,0.0,2221.68,79321.57,1344.22,0.00,179632.92,25988.90
CZ04/Htl&0&cDXHP&Ex&dxHP_equip/NE-dxHP-PkgHP-135to239-Ex-EER-10.4/instance-out.sql,618350.89,3727.9300000000003,83053.95,125722.95,0.0,205621.82,0.0,188811.31,0.0,0.0,0.0,0.0,11412.93,0.0,0.0,2383.71,83053.95,1344.22,0.00,179632.92,25988.90
CZ04/Htl&0&cDXHP&Ex&dxHP_equip/NE-dxHP-PkgHP-135to239-Ex-EER-10.8/instance-out.sql,617023.8200000001,3608.92,81845.88,125722.95,0.0,205621.82,0.0,188811.31,0.0,0.0,0.0,0.0,11412.93,0.0,0.0,2264.70,81845.88,1344.22,0.00,179632.92,25988.90
CZ04/Htl&0&cDXHP&Ex&dxHP_equip/NE-dxHP-PkgHP-135to239-Ex-EER-12.0/instance-out.sql,615882.7300000001,3590.2700000000004,80723.45,125722.95,0.0,205621.82,0.0,188811.31,0.0,0.0,0.0,0.0,11412.93,0.0,0.0,2246.05,80723.45,1344.22,0.00,179632.92,25988.90
CZ04/Htl&0&cDXHP&Ex&dxHP_equip/NE-dxHP-PkgHP-240to759-Ex-EER-9.3/instance-out.sql,619921.4400000001,3799.8199999999997,84552.61,125722.95,0.0,205621.82,0.0,188811.31,0.0,0.0,0.0,0.0,11412.93,0.0,0.0,2455.60,84552.61,1344.22,0.00,179632.92,25988.90
CZ04/Htl&0&cDXHP&Ex&dxHP_equip/NE-dxHP-PkgHP-240to759-Ex-EER-9.7/instance-out.sql,618440.7200000001,3727.9300000000003,83143.78,125722.95,0.0,205621.82,0.0,188811.31,0.0,0.0,0.0,0.0,11412.93,0.0,0.0,2383.71,83143.78,1344.22,0.00,179632.92,25988.90
CZ04/Htl&0&cDXHP&Ex&dxHP_equip/NE-dxHP-PkgHP-240to759-Ex-EER-10.0/instance-out.sql,617478.8300000001,3727.9300000000003,82181.89,125722.95,0.0,205621.82,0.0,188811.31,0.0,0.0,0.0,0.0,11412.93,0.0,0.0,2383.71,82181.89,1344.22,0.00,179632.92,25988.90
CZ05/Htl&0&cDXHP&Ex&dxHP_equip/NE-dxHP-PkgHP-65to134-Ex-EER-11.0/instance-out.sql,580996.97,2721.11,58550.6,125722.95,0.0,205621.82,0.0,176514.88,0.0,0.0,0.0,0.0,11865.61,0.0,0.0,2265.01,58550.60,456.10,0.00,179632.92,25988.90
CZ05/Htl&0&cDXHP&Ex&dxHP_equip/NE-dxHP-PkgHP-65to134-Ex-EER-11.5/instance-out.sql,580227.83,2660.49,57842.08,125722.95,0.0,205621.82,0.0,176514.88,0.0,0.0,0.0,0.0,11865.61,0.0,0.0,2204.39,57842.08,456.10,0.00,179632.92,25988.90
CZ05/Htl&0&cDXHP&Ex&dxHP_equip/NE-dxHP-PkgHP-65to134-Ex-EER-12.0/instance-out.sql,579548.47,2631.46,57191.75,125722.95,0.0,205621.82,0.0,176514.88,0.0,0.0,0.0,0.0,11865.61,0.0,0.0,2175.36,57191.75,456.10,0.00,179632.92,25988.90
CZ05/Htl&0&cDXHP&Ex&dxHP_equip/NE-dxHP-PkgHP-135to239-Ex-EER-10.4/instance-out.sql,581647.36,2785.4,59136.7,125722.95,0.0,205621.82,0.0,176514.88,0.0,0.0,0.0,0.0,11865.61,0.0,0.0,2329.30,59136.70,456.10,0.00,179632.92,25988.90
CZ05/Htl&0&cDXHP&Ex&dxHP_equip/NE-dxHP-PkgHP-135to239-Ex-EER-10.8/instance-out.sql,580904.77,2672.33,58507.17,125722.95,0.0,205621.82,0.0,176514.88,0.0,0.0,0.0,0.0,11865.61,0.0,0.0,2216.23,58507.17,456.10,0.00,179632.92,25988.90
CZ05/Htl&0&cDXHP&Ex&dxHP_equip/NE-dxHP-PkgHP-135to239-Ex-EER-12.0/instance-out.sql,580302.15,2654.62,57922.27,125722.95,0.0,205621.82,0.0,176514.88,0.0,0.0,0.0,0.0,11865.61,0.0,0.0,2198.52,57922.27,456.10,0.00,179632.92,25988.90
CZ05/Htl&0&cDXHP&Ex&dxHP_equip/NE-dxHP-PkgHP-240to759-Ex-EER-9.3/instance-out.sql,582496.62,2853.71,59917.65,125722.95,0.0,205621.82,0.0,176514.88,0.0,0.0,0.0,0.0,11865.61,0.0,0.0,2397.61,59917.65,456.10,0.00,179632.92,25988.90
CZ05/Htl&0&cDXHP&Ex&dxHP_equip/NE-dxHP-PkgHP-240to759-Ex-EER-9.7/instance-out.sql,581694.17,2785.4,59183.51,125722.95,0.0,205621.82,0.0,176514.88,0.0,0.0,0.0,0.0,11865.61,0.0,0.0,2329.30,59183.51,456.10,0.00,179632.92,25988.90
CZ05/Htl&0&cDXHP&Ex&dxHP_equip/NE-dxHP-PkgHP-240to759-Ex-EER-10.0/instance-out.sql,581192.9299999999,2785.4,58682.27,125722.95,0.0,205621.82,0.0,176514.88,0.0,0.0,0.0,0.0,11865.61,0.0,0.0,2329.30,58682.27,456.10,0.00,179632.92,25988.90
CZ06/Htl&0&cDXHP&Ex&dxHP_equip/NE-dxHP-PkgHP-65to134-Ex-EER-11.0/instance-out.sql,611559.51,158.72,86212.09,125722.95,0.0,205621.82,0.0,182824.14,0.0,0.0,0.0,0.0,11019.8,0.0,0.0,155.90,86212.09,2.82,0.00,179632.92,25988.90
CZ06/Htl&0&cDXHP&Ex&dxHP_equip/NE-dxHP-PkgHP-65to134-Ex-EER-11.5/instance-out.sql,610380.4400000001,154.26,85037.47,125722.95,0.0,205621.82,0.0,182824.14,0.0,0.0,0.0,0.0,11019.8,0.0,0.0,151.44,85037.47,2.82,0.00,179632.92,25988.90
CZ06/Htl&0&cDXHP&Ex&dxHP_equip/NE-dxHP-PkgHP-65to134-Ex-EER-12.0/instance-out.sql,609300.15,152.13,83959.32,125722.95,0.0,205621.82,0.0,182824.14,0.0,0.0,0.0,0.0,11019.8,0.0,0.0,149.31,83959.32,2.82,0.00,179632.92,25988.90
CZ06/Htl&0&cDXHP&Ex&dxHP_equip/NE-dxHP-PkgHP-135to239-Ex-EER-10.4/instance-out.sql,612535.89,163.44,87183.75,125722.95,0.0,205621.82,0.0,182824.14,0.0,0.0,0.0,0.0,11019.8,0.0,0.0,160.62,87183.75,2.82,0.00,179632.92,25988.90
CZ06/Htl&0&cDXHP&Ex&dxHP_equip/NE-dxHP-PkgHP-135to239-Ex-EER-10.8/instance-out.sql,611483.93,155.13,86140.09,125722.95,0.0,205621.82,0.0,182824.14,0.0,0.0,0.0,0.0,11019.8,0.0,0.0,152.31,86140.09,2.82,0.00,179632.92,25988.90
CZ06/Htl&0&cDXHP&Ex&dxHP_equip/NE-dxHP-PkgHP-135to239-Ex-EER-12.0/instance-out.sql,610512.95,153.82999999999998,85170.41,125722.95,0.0,205621.82,0.0,182824.14,0.0,0.0,0.0,0.0,11019.8,0.0,0.0,151.01,85170.41,2.82,0.00,179632.92,25988.90
CZ06/Htl&0&cDXHP&Ex&dxHP_equip/NE-dxHP-PkgHP-240to759-Ex-EER-9.3/instance-out.sql,613835.61,168.45999999999998,88478.45,125722.95,0.0,205621.82,0.0,182824.14,0.0,0.0,0.0,0.0,11019.8,0.0,0.0,165.64,88478.45,2.82,0.00,179632.92,25988.90
CZ06/Htl&0&cDXHP&Ex&dxHP_equip/NE-dxHP-PkgHP-240to759-Ex-EER-9.7/instance-out.sql,612613.49,163.44,87261.35,125722.95,0.0,205621.82,0.0,182824.14,0.0,0.0,0.0,0.0,11019.8,0.0,0.0,160.62,87261.35,2.82,0.00,179632.92,25988.90
CZ06/Htl&0&cDXHP&Ex&dxHP_equip/NE-dxHP-PkgHP-240to759-Ex-EER-10.0/instance-out.sql,611782.51,163.44,86430.37,125722.95,0.0,205621.82,0.0,182824.14,0.0,0.0,0.0,0.0,11019.8,0.0,0.0,160.62,86430.37,2.82,0.00,179632.92,25988.90
CZ07/Htl&0&cDXHP&Ex&dxHP_equip/NE-dxHP-PkgHP-65to134-Ex-EER-11.0/instance-out.sql,619275.1699999999,133.06,97205.88,125722.95,0.0,205621.82,0.0,179750.28,0.0,0.0,0.0,0.0,10841.17,0.0,0.0,133.06,97205.88,0.00,0.00,179632.92,25988.90
CZ07/Htl&0&cDXHP&Ex&dxHP_equip/NE-dxHP-PkgHP-65to134-Ex-EER-11.5/instance-out.sql,617674.11,129.26,95608.63,125722.95,0.0,205621.82,0.0,179750.28,0.0,0.0,0.0,0.0,10841.17,0.0,0.0,129.26,95608.63,0.00,0.00,179632.92,25988.90
CZ07/Htl&0&cDXHP&Ex&dxHP_equip/NE-dxHP-PkgHP-65to134-Ex-EER-12.0/instance-out.sql,616206.22,127.44,94142.56,125722.95,0.0,205621.82,0.0,179750.28,0.0,0.0,0.0,0.0,10841.17,0.0,0.0,127.44,94142.56,0.00,0.00,179632.92,25988.90
CZ07/Htl&0&cDXHP&Ex&dxHP_equip/NE-dxHP-PkgHP-135to239-Ex-EER-10.4/instance-out.sql,620600.47,137.1,98527.15,125722.95,0.0,205621.82,0.0,179750.28,0.0,0.0,0.0,0.0,10841.17,0.0,0.0,137.10,98527.15,0.00,0.00,179632.92,25988.90
CZ07/Htl&0&cDXHP&Ex&dxHP_equip/NE-dxHP-PkgHP-135to239-Ex-EER-10.8/instance-out.sql,619174.21,130.0,97107.98,125722.95,0.0,205621.82,0.0,179750.28,0.0,0.0,0.0,0.0,10841.17,0.0,0.0,130.00,97107.98,0.00,0.00,179632.92,25988.90
CZ07/Htl&0&cDXHP&Ex&dxHP_equip/NE-dxHP-PkgHP-135to239-Ex-EER-12.0/instance-out.sql,617854.5199999999,128.89,95789.41,125722.95,0.0,205621.82,0.0,179750.28,0.0,0.0,0.0,0.0,10841.17,0.0,0.0,128.89,95789.41,0.00,0.00,179632.92,25988.90
CZ07/Htl&0&cDXHP&Ex&dxHP_equip/NE-dxHP-PkgHP-240to759-Ex-EER-9.3/instance-out.sql,622365.2899999999,141.38,100287.69,125722.95,0.0,205621.82,0.0,179750.28,0.0,0.0,0.0,0.0,10841.17,0.0,0.0,141.38,100287.69,0.00,0.00,179632.92,25988.90
CZ07/Htl&0&cDXHP&Ex&dxHP_equip/NE-dxHP-PkgHP-240to759-Ex-EER-9.7/instance-out.sql,620705.99,137.1,98632.68,125722.95,0.0,205621.82,0.0,179750.28,0.0,0.0,0.0,0.0,10841.17,0.0,0.0,137.10,98632.68,0.00,0.00,179632.92,25988.90
CZ07/Htl&0&cDXHP&Ex&dxHP_equip/NE-dxHP-PkgHP-240to759-Ex-EER-10.0/instance-out.sql,619576.0199999999,137.1,97502.7,125722.95,0.0,205621.82,0.0,179750.28,0.0,0.0,0.0,0.0,10841.17,0.0,0.0,137.10,97502.70,0.00,0.00,179632.92,25988.90
CZ08/Htl&0&cDXHP&Ex&dxHP_equip/NE-dxHP-PkgHP-65to134-Ex-EER-11.0/instance-out.sql,642110.65,352.72,110637.71,125722.95,0.0,205621.82,0.0,188911.42,0.0,0.0,0.0,0.0,10864.03,0.0,0.0,336.24,110637.71,16.48,0.00,179632.92,25988.90
CZ08/Htl&0&cDXHP&Ex&dxHP_equip/NE-dxHP-PkgHP-65to134-Ex-EER-11.5/instance-out.sql,640161.38,343.16,108698.01,125722.95,0.0,205621.82,0.0,188911.42,0.0,0.0,0.0,0.0,10864.03,0.0,0.0,326.68,108698.01,16.48,0.00,179632.92,25988.90
CZ08/Htl&0&cDXHP&Ex&dxHP_equip/NE-dxHP-PkgHP-65to134-Ex-EER-12.0/instance-out.sql,638376.4,338.58000000000004,106917.61,125722.95,0.0,205621.82,0.0,188911.42,0.0,0.0,0.0,0.0,10864.03,0.0,0.0,322.10,106917.61,16.48,0.00,179632.92,25988.90
CZ08/Htl&0&cDXHP&Ex&dxHP_equip/NE-dxHP-PkgHP-135to239-Ex-EER-10.4/instance-out.sql,643725.35,362.87,112242.26,125722.95,0.0,205621.82,0.0,188911.42,0.0,0.0,0.0,0.0,10864.03,0.0,0.0,346.39,112242.26,16.48,0.00,179632.92,25988.90
CZ08/Htl&0&cDXHP&Ex&dxHP_equip/NE-dxHP-PkgHP-135to239-Ex-EER-10.8/instance-out.sql,641984.06,345.03000000000003,110518.82,125722.95,0.0,205621.82,0.0,188911.42,0.0,0.0,0.0,0.0,10864.03,0.0,0.0,328.55,110518.82,16.48,0.00,179632.92,25988.90
CZ08/Htl&0&cDXHP&Ex&dxHP_equip/NE-dxHP-PkgHP-135to239-Ex-EER-12.0/instance-out.sql,640379.99,342.23,108917.54,125722.95,0.0,205621.82,0.0,188911.42,0.0,0.0,0.0,0.0,10864.03,0.0,0.0,325.75,108917.54,16.48,0.00,179632.92,25988.90
CZ08/Htl&0&cDXHP&Ex&dxHP_equip/NE-dxHP-PkgHP-240to759-Ex-EER-9.3/instance-out.sql,645874.12,373.64000000000004,114380.26,125722.95,0.0,205621.82,0.0,188911.42,0.0,0.0,0.0,0.0,10864.03,0.0,0.0,357.16,114380.26,16.48,0.00,179632.92,25988.90
CZ08/Htl&0&cDXHP&Ex&dxHP_equip/NE-dxHP-PkgHP-240to759-Ex-EER-9.7/instance-out.sql,643853.49,362.87,112370.41,125722.95,0.0,205621.82,0.0,188911.42,0.0,0.0,0.0,0.0,10864.03,0.0,0.0,346.39,112370.41,16.48,0.00,179632.92,25988.90
CZ08/Htl&0&cDXHP&Ex&dxHP_equip/NE-dxHP-PkgHP-240to759-Ex-EER-10.0/instance-out.sql,642481.25,362.87,110998.17,125722.95,0.0,205621.82,0.0,188911.42,0.0,0.0,0.0,0.0,10864.03,0.0,0.0,346.39,110998.17,16.48,0.00,179632.92,25988.90
CZ09/Htl&0&cDXHP&Ex&dxHP_equip/NE-dxHP-PkgHP-65to134-Ex-EER-11.0/instance-out.sql,665145.28,260.25,125833.15,125722.95,0.0,205621.82,0.0,196986.57,0.0,0.0,0.0,0.0,10720.54,0.0,0.0,233.13,125833.15,27.12,0.00,179632.92,25988.90
CZ09/Htl&0&cDXHP&Ex&dxHP_equip/NE-dxHP-PkgHP-65to134-Ex-EER-11.5/instance-out.sql,662880.98,253.61,123575.49,125722.95,0.0,205621.82,0.0,196986.57,0.0,0.0,0.0,0.0,10720.54,0.0,0.0,226.49,123575.49,27.12,0.00,179632.92,25988.90
CZ09/Htl&0&cDXHP&Ex&dxHP_equip/NE-dxHP-PkgHP-65to134-Ex-EER-12.0/instance-out.sql,660805.55,250.43,121503.24,125722.95,0.0,205621.82,0.0,196986.57,0.0,0.0,0.0,0.0,10720.54,0.0,0.0,223.31,121503.24,27.12,0.00,179632.92,25988.90
CZ09/Htl&0&cDXHP&Ex&dxHP_equip/NE-dxHP-PkgHP-135to239-Ex-EER-10.4/instance-out.sql,667019.8999999999,267.28999999999996,127700.73,125722.95,0.0,205621.82,0.0,196986.57,0.0,0.0,0.0,0.0,10720.54,0.0,0.0,240.17,127700.73,27.12,0.00,179632.92,25988.90
CZ09/Htl&0&cDXHP&Ex&dxHP_equip/NE-dxHP-PkgHP-135to239-Ex-EER-10.8/instance-out.sql,665001.56,254.91,125694.77,125722.95,0.0,205621.82,0.0,196986.57,0.0,0.0,0.0,0.0,10720.54,0.0,0.0,227.79,125694.77,27.12,0.00,179632.92,25988.90
CZ09/Htl&0&cDXHP&Ex&dxHP_equip/NE-dxHP-PkgHP-135to239-Ex-EER-12.0/instance-out.sql,663135.8600000001,252.97,123831.01,125722.95,0.0,205621.82,0.0,196986.57,0.0,0.0,0.0,0.0,10720.54,0.0,0.0,225.85,123831.01,27.12,0.00,179632.92,25988.90
CZ09/Htl&0&cDXHP&Ex&dxHP_equip/NE-dxHP-PkgHP-240to759-Ex-EER-9.3/instance-out.sql,669515.8500000001,274.78,130189.19,125722.95,0.0,205621.82,0.0,196986.57,0.0,0.0,0.0,0.0,10720.54,0.0,0.0,247.66,130189.19,27.12,0.00,179632.92,25988.90
CZ09/Htl&0&cDXHP&Ex&dxHP_equip/NE-dxHP-PkgHP-240to759-Ex-EER-9.7/instance-out.sql,667169.06,267.28999999999996,127849.88,125722.95,0.0,205621.82,0.0,196986.57,0.0,0.0,0.0,0.0,10720.54,0.0,0.0,240.17,127849.88,27.12,0.00,179632.92,25988.90
CZ09/Htl&0&cDXHP&Ex&dxHP_equip/NE-dxHP-PkgHP-240to759-Ex-EER-10.0/instance-out.sql,665571.8700000001,267.28999999999996,126252.7,125722.95,0.0,205621.82,0.0,196986.57,0.0,0.0,0.0,0.0,10720.54,0.0,0.0,240.17,126252.70,27.12,0.00,179632.92,25988.90
CZ10/Htl&0&cDXHP&Ex&dxHP_equip/NE-dxHP-PkgHP-65to134-Ex-EER-11.0/instance-out.sql,682716.7899999999,1613.72,144335.49,125722.95,0.0,205621.82,0.0,194804.04,0.0,0.0,0.0,0.0,10618.77,0.0,0.0,1447.43,144335.49,166.29,0.00,179632.92,25988.90
CZ10/Htl&0&cDXHP&Ex&dxHP_equip/NE-dxHP-PkgHP-65to134-Ex-EER-11.5/instance-out.sql,679604.87,1576.35,141260.94,125722.95,0.0,205621.82,0.0,194804.04,0.0,0.0,0.0,0.0,10618.77,0.0,0.0,1410.06,141260.94,166.29,0.00,179632.92,25988.90
CZ10/Htl&0&cDXHP&Ex&dxHP_equip/NE-dxHP-PkgHP-65to134-Ex-EER-12.0/instance-out.sql,676764.9299999999,1558.46,138438.89,125722.95,0.0,205621.82,0.0,194804.04,0.0,0.0,0.0,0.0,10618.77,0.0,0.0,1392.17,138438.89,166.29,0.00,179632.92,25988.90
CZ10/Htl&0&cDXHP&Ex&dxHP_equip/NE-dxHP-PkgHP-135to239-Ex-EER-10.4/instance-out.sql,685299.73,1653.36,146878.8,125722.95,0.0,205621.82,0.0,194804.04,0.0,0.0,0.0,0.0,10618.77,0.0,0.0,1487.07,146878.80,166.29,0.00,179632.92,25988.90
CZ10/Htl&0&cDXHP&Ex&dxHP_equip/NE-dxHP-PkgHP-135to239-Ex-EER-10.8/instance-out.sql,682498.27,1583.6499999999999,144147.03,125722.95,0.0,205621.82,0.0,194804.04,0.0,0.0,0.0,0.0,10618.77,0.0,0.0,1417.36,144147.03,166.29,0.00,179632.92,25988.90
CZ10/Htl&0&cDXHP&Ex&dxHP_equip/NE-dxHP-PkgHP-135to239-Ex-EER-12.0/instance-out.sql,679949.23,1572.73,141608.91,125722.95,0.0,205621.82,0.0,194804.04,0.0,0.0,0.0,0.0,10618.77,0.0,0.0,1406.44,141608.91,166.29,0.00,179632.92,25988.90
CZ10/Htl&0&cDXHP&Ex&dxHP_equip/NE-dxHP-PkgHP-240to759-Ex-EER-9.3/instance-out.sql,688730.7,1695.47,150267.65,125722.95,0.0,205621.82,0.0,194804.04,0.0,0.0,0.0,0.0,10618.77,0.0,0.0,1529.18,150267.65,166.29,0.00,179632.92,25988.90
CZ10/Htl&0&cDXHP&Ex&dxHP_equip/NE-dxHP-PkgHP-240to759-Ex-EER-9.7/instance-out.sql,685502.86,1653.36,147081.92,125722.95,0.0,205621.82,0.0,194804.04,0.0,0.0,0.0,0.0,10618.77,0.0,0.0,1487.07,147081.92,166.29,0.00,179632.92,25988.90
CZ10/Htl&0&cDXHP&Ex&dxHP_equip/NE-dxHP-PkgHP-240to759-Ex-EER-10.0/instance-out.sql,683327.77,1653.36,144906.84,125722.95,0.0,205621.82,0.0,194804.04,0.0,0.0,0.0,0.0,10618.77,0.0,0.0,1487.07,144906.84,166.29,0.00,179632.92,25988.90
CZ11/Htl&0&cDXHP&Ex&dxHP_equip/NE-dxHP-PkgHP-65to134-Ex-EER-11.0/instance-out.sql,716622.5499999999,13332.33,155850.71,125722.95,0.0,205621.82,0.0,205258.29,0.0,0.0,0.0,0.0,10836.46,0.0,0.0,6409.07,155850.71,6923.26,0.00,179632.92,25988.90
CZ11/Htl&0&cDXHP&Ex&dxHP_equip/NE-dxHP-PkgHP-65to134-Ex-EER-11.5/instance-out.sql,713031.32,13160.619999999999,152431.19,125722.95,0.0,205621.82,0.0,205258.29,0.0,0.0,0.0,0.0,10836.46,0.0,0.0,6237.36,152431.19,6923.26,0.00,179632.92,25988.90
CZ11/Htl&0&cDXHP&Ex&dxHP_equip/NE-dxHP-PkgHP-65to134-Ex-EER-12.0/instance-out.sql,709810.4,13078.39,149292.5,125722.95,0.0,205621.82,0.0,205258.29,0.0,0.0,0.0,0.0,10836.46,0.0,0.0,6155.13,149292.50,6923.26,0.00,179632.92,25988.90
CZ11/Htl&0&cDXHP&Ex&dxHP_equip/NE-dxHP-PkgHP-135to239-Ex-EER-10.4/instance-out.sql,719633.35,13514.45,158679.39,125722.95,0.0,205621.82,0.0,205258.29,0.0,0.0,0.0,0.0,10836.46,0.0,0.0,6591.19,158679.39,6923.26,0.00,179632.92,25988.90
CZ11/Htl&0&cDXHP&Ex&dxHP_equip/NE-dxHP-PkgHP-135to239-Ex-EER-10.8/instance-out.sql,716274.7999999999,13194.17,155641.11,125722.95,0.0,205621.82,0.0,205258.29,0.0,0.0,0.0,0.0,10836.46,0.0,0.0,6270.91,155641.11,6923.26,0.00,179632.92,25988.90
CZ11/Htl&0&cDXHP&Ex&dxHP_equip/NE-dxHP-PkgHP-135to239-Ex-EER-12.0/instance-out.sql,713401.7,13143.99,152818.21,125722.95,0.0,205621.82,0.0,205258.29,0.0,0.0,0.0,0.0,10836.46,0.0,0.0,6220.73,152818.21,6923.26,0.00,179632.92,25988.90
CZ11/Htl&0&cDXHP&Ex&dxHP_equip/NE-dxHP-PkgHP-240to759-Ex-EER-9.3/instance-out.sql,723595.95,13707.96,162448.49,125722.95,0.0,205621.82,0.0,205258.29,0.0,0.0,0.0,0.0,10836.46,0.0,0.0,6784.70,162448.49,6923.26,0.00,179632.92,25988.90
CZ11/Htl&0&cDXHP&Ex&dxHP_equip/NE-dxHP-PkgHP-240to759-Ex-EER-9.7/instance-out.sql,719859.27,13514.45,158905.3,125722.95,0.0,205621.82,0.0,205258.29,0.0,0.0,0.0,0.0,10836.46,0.0,0.0,6591.19,158905.30,6923.26,0.00,179632.92,25988.90
CZ11/Htl&0&cDXHP&Ex&dxHP_equip/NE-dxHP-PkgHP-240to759-Ex-EER-10.0/instance-out.sql,717440.13,13514.45,156486.17,125722.95,0.0,205621.82,0.0,205258.29,0.0,0.0,0.0,0.0,10836.46,0.0,0.0,6591.19,156486.17,6923.26,0.00,179632.92,25988.90
CZ12/Htl&0&cDXHP&Ex&dxHP_equip/NE-dxHP-PkgHP-65to134-Ex-EER-11.0/instance-out.sql,671606.35,12161.74,126578.08,125722.95,0.0,205621.82,0.0,190427.47,0.0,0.0,0.0,0.0,11094.3,0.0,0.0,6426.73,126578.08,5735.01,0.00,179632.92,25988.90
CZ12/Htl&0&cDXHP&Ex&dxHP_equip/NE-dxHP-PkgHP-65to134-Ex-EER-11.5/instance-out.sql,668760.5399999999,11991.24,123902.76,125722.95,0.0,205621.82,0.0,190427.47,0.0,0.0,0.0,0.0,11094.3,0.0,0.0,6256.23,123902.76,5735.01,0.00,179632.92,25988.90
CZ12/Htl&0&cDXHP&Ex&dxHP_equip/NE-dxHP-PkgHP-65to134-Ex-EER-12.0/instance-out.sql,666223.2899999999,11909.59,121447.16,125722.95,0.0,205621.82,0.0,190427.47,0.0,0.0,0.0,0.0,11094.3,0.0,0.0,6174.58,121447.16,5735.01,0.00,179632.92,25988.90
CZ12/Htl&0&cDXHP&Ex&dxHP_equip/NE-dxHP-PkgHP-135to239-Ex-EER-10.4/instance-out.sql,674000.25,12342.57,128791.14,125722.95,0.0,205621.82,0.0,190427.47,0.0,0.0,0.0,0.0,11094.3,0.0,0.0,6607.56,128791.14,5735.01,0.00,179632.92,25988.90
CZ12/Htl&0&cDXHP&Ex&dxHP_equip/NE-dxHP-PkgHP-135to239-Ex-EER-10.8/instance-out.sql,671305.19,12024.560000000001,126414.1,125722.95,0.0,205621.82,0.0,190427.47,0.0,0.0,0.0,0.0,11094.3,0.0,0.0,6289.55,126414.10,5735.01,0.00,179632.92,25988.90
CZ12/Htl&0&cDXHP&Ex&dxHP_equip/NE-dxHP-PkgHP-135to239-Ex-EER-12.0/instance-out.sql,669046.8099999999,11974.73,124205.56,125722.95,0.0,205621.82,0.0,190427.47,0.0,0.0,0.0,0.0,11094.3,0.0,0.0,6239.72,124205.56,5735.01,0.00,179632.92,25988.90
CZ12/Htl&0&cDXHP&Ex&dxHP_equip/NE-dxHP-PkgHP-240to759-Ex-EER-9.3/instance-out.sql,677141.19,12534.71,131739.95,125722.95,0.0,205621.82,0.0,190427.47,0.0,0.0,0.0,0.0,11094.3,0.0,0.0,6799.70,131739.95,5735.01,0.00,179632.92,25988.90
CZ12/Htl&0&cDXHP&Ex&dxHP_equip/NE-dxHP-PkgHP-240to759-Ex-EER-9.7/instance-out.sql,674177.0,12342.57,128967.89,125722.95,0.0,205621.82,0.0,190427.47,0.0,0.0,0.0,0.0,11094.3,0.0,0.0,6607.56,128967.89,5735.01,0.00,179632.92,25988.90
CZ12/Htl&0&cDXHP&Ex&dxHP_equip/NE-dxHP-PkgHP-240to759-Ex-EER-10.0/instance-out.sql,672284.35,12342.57,127075.24,125722.95,0.0,205621.82,0.0,190427.47,0.0,0.0,0.0,0.0,11094.3,0.0,0.0,6607.56,127075.24,5735.01,0.00,179632.92,25988.90
CZ13/Htl&0&cDXHP&Ex&dxHP_equip/NE-dxHP-PkgHP-65to134-Ex-EER-11.0/instance-out.sql,722545.2200000001,8143.17,172019.73,125722.95,0.0,205621.82,0.0,200523.29,0.0,0.0,0.0,0.0,10514.26,0.0,0.0,4988.66,172019.73,3154.51,0.00,179632.92,25988.90
CZ13/Htl&0&cDXHP&Ex&dxHP_equip/NE-dxHP-PkgHP-65to134-Ex-EER-11.5/instance-out.sql,718713.12,8009.97,168320.84,125722.95,0.0,205621.82,0.0,200523.29,0.0,0.0,0.0,0.0,10514.26,0.0,0.0,4855.46,168320.84,3154.51,0.00,179632.92,25988.90
CZ13/Htl&0&cDXHP&Ex&dxHP_equip/NE-dxHP-PkgHP-65to134-Ex-EER-12.0/instance-out.sql,715254.2100000001,7946.18,164925.71,125722.95,0.0,205621.82,0.0,200523.29,0.0,0.0,0.0,0.0,10514.26,0.0,0.0,4791.67,164925.71,3154.51,0.00,179632.92,25988.90
CZ13/Htl&0&cDXHP&Ex&dxHP_equip/NE-dxHP-PkgHP-135to239-Ex-EER-10.4/instance-out.sql,725746.28,8284.44,175079.52,125722.95,0.0,205621.82,0.0,200523.29,0.0,0.0,0.0,0.0,10514.26,0.0,0.0,5129.93,175079.52,3154.51,0.00,179632.92,25988.90
CZ13/Htl&0&cDXHP&Ex&dxHP_equip/NE-dxHP-PkgHP-135to239-Ex-EER-10.8/instance-out.sql,722211.3300000001,8036.0,171793.02,125722.95,0.0,205621.82,0.0,200523.29,0.0,0.0,0.0,0.0,10514.26,0.0,0.0,4881.49,171793.02,3154.51,0.00,179632.92,25988.90
CZ13/Htl&0&cDXHP&Ex&dxHP_equip/NE-dxHP-PkgHP-135to239-Ex-EER-12.0/instance-out.sql,719118.86,7997.070000000001,168739.48,125722.95,0.0,205621.82,0.0,200523.29,0.0,0.0,0.0,0.0,10514.26,0.0,0.0,4842.56,168739.48,3154.51,0.00,179632.92,25988.90
CZ13/Htl&0&cDXHP&Ex&dxHP_equip/NE-dxHP-PkgHP-240to759-Ex-EER-9.3/instance-out.sql,729973.42,8434.55,179156.55,125722.95,0.0,205621.82,0.0,200523.29,0.0,0.0,0.0,0.0,10514.26,0.0,0.0,5280.04,179156.55,3154.51,0.00,179632.92,25988.90
CZ13/Htl&0&cDXHP&Ex&dxHP_equip/NE-dxHP-PkgHP-240to759-Ex-EER-9.7/instance-out.sql,725990.65,8284.44,175323.89,125722.95,0.0,205621.82,0.0,200523.29,0.0,0.0,0.0,0.0,10514.26,0.0,0.0,5129.93,175323.89,3154.51,0.00,179632.92,25988.90
CZ13/Htl&0&cDXHP&Ex&dxHP_equip/NE-dxHP-PkgHP-240to759-Ex-EER-10.0/instance-out.sql,723373.87,8284.44,172707.11,125722.95,0.0,205621.82,0.0,200523.29,0.0,0.0,0.0,0.0,10514.26,0.0,0.0,5129.93,172707.11,3154.51,0.00,179632.92,25988.90
CZ14/Htl&0&cDXHP&Ex&dxHP_equip/NE-dxHP-PkgHP-65to134-Ex-EER-11.0/instance-out.sql,774685.6000000001,3408.69,211657.78,125722.95,0.0,205621.82,0.0,218266.76,0.0,0.0,0.0,0.0,10007.59,0.0,0.0,2052.75,211657.78,1355.94,0.00,179632.92,25988.90
CZ14/Htl&0&cDXHP&Ex&dxHP_equip/NE-dxHP-PkgHP-65to134-Ex-EER-11.5/instance-out.sql,769830.37,3355.8500000000004,206855.4,125722.95,0.0,205621.82,0.0,218266.76,0.0,0.0,0.0,0.0,10007.59,0.0,0.0,1999.91,206855.40,1355.94,0.00,179632.92,25988.90
CZ14/Htl&0&cDXHP&Ex&dxHP_equip/NE-dxHP-PkgHP-65to134-Ex-EER-12.0/instance-out.sql,765397.0900000001,3330.55,202447.42,125722.95,0.0,205621.82,0.0,218266.76,0.0,0.0,0.0,0.0,10007.59,0.0,0.0,1974.61,202447.42,1355.94,0.00,179632.92,25988.90
CZ14/Htl&0&cDXHP&Ex&dxHP_equip/NE-dxHP-PkgHP-135to239-Ex-EER-10.4/instance-out.sql,778714.2400000001,3464.7400000000002,215630.38,125722.95,0.0,205621.82,0.0,218266.76,0.0,0.0,0.0,0.0,10007.59,0.0,0.0,2108.80,215630.38,1355.94,0.00,179632.92,25988.90
CZ14/Htl&0&cDXHP&Ex&dxHP_equip/NE-dxHP-PkgHP-135to239-Ex-EER-10.8/instance-out.sql,774348.7200000001,3366.1800000000003,211363.42,125722.95,0.0,205621.82,0.0,218266.76,0.0,0.0,0.0,0.0,10007.59,0.0,0.0,2010.24,211363.42,1355.94,0.00,179632.92,25988.90
CZ14/Htl&0&cDXHP&Ex&dxHP_equip/NE-dxHP-PkgHP-135to239-Ex-EER-12.0/instance-out.sql,770368.79,3350.73,207398.93,125722.95,0.0,205621.82,0.0,218266.76,0.0,0.0,0.0,0.0,10007.59,0.0,0.0,1994.79,207398.93,1355.94,0.00,179632.92,25988.90
CZ14/Htl&0&cDXHP&Ex&dxHP_equip/NE-dxHP-PkgHP-240to759-Ex-EER-9.3/instance-out.sql,784067.1100000001,3524.29,220923.71,125722.95,0.0,205621.82,0.0,218266.76,0.0,0.0,0.0,0.0,10007.59,0.0,0.0,2168.35,220923.71,1355.94,0.00,179632.92,25988.90
CZ14/Htl&0&cDXHP&Ex&dxHP_equip/NE-dxHP-PkgHP-240to759-Ex-EER-9.7/instance-out.sql,779031.52,3464.7400000000002,215947.66,125722.95,0.0,205621.82,0.0,218266.76,0.0,0.0,0.0,0.0,10007.59,0.0,0.0,2108.80,215947.66,1355.94,0.00,179632.92,25988.90
CZ14/Htl&0&cDXHP&Ex&dxHP_equip/NE-dxHP-PkgHP-240to759-Ex-EER-10.0/instance-out.sql,775634.0800000001,3464.7400000000002,212550.22,125722.95,0.0,205621.82,0.0,218266.76,0.0,0.0,0.0,0.0,10007.59,0.0,0.0,2108.80,212550.22,1355.94,0.00,179632.92,25988.90
CZ15/Htl&0&cDXHP&Ex&dxHP_equip/NE-dxHP-PkgHP-65to134-Ex-EER-11.0/instance-out.sql,830185.6799999999,374.84999999999997,280872.1,125722.95,0.0,205621.82,0.0,208566.96,0.0,0.0,0.0,0.0,9027.0,0.0,0.0,370.02,280872.10,4.83,0.00,179632.92,25988.90
CZ15/Htl&0&cDXHP&Ex&dxHP_equip/NE-dxHP-PkgHP-65to134-Ex-EER-11.5/instance-out.sql,823719.5,365.34,274415.42,125722.95,0.0,205621.82,0.0,208566.96,0.0,0.0,0.0,0.0,9027.0,0.0,0.0,360.51,274415.42,4.83,0.00,179632.92,25988.90
CZ15/Htl&0&cDXHP&Ex&dxHP_equip/NE-dxHP-PkgHP-65to134-Ex-EER-12.0/instance-out.sql,817788.53,360.78999999999996,268489.0,125722.95,0.0,205621.82,0.0,208566.96,0.0,0.0,0.0,0.0,9027.0,0.0,0.0,355.96,268489.00,4.83,0.00,179632.92,25988.90
CZ15/Htl&0&cDXHP&Ex&dxHP_equip/NE-dxHP-PkgHP-135to239-Ex-EER-10.4/instance-out.sql,835536.83,384.93,286213.16,125722.95,0.0,205621.82,0.0,208566.96,0.0,0.0,0.0,0.0,9027.0,0.0,0.0,380.10,286213.16,4.83,0.00,179632.92,25988.90
CZ15/Htl&0&cDXHP&Ex&dxHP_equip/NE-dxHP-PkgHP-135to239-Ex-EER-10.8/instance-out.sql,829782.28,367.2,280476.34,125722.95,0.0,205621.82,0.0,208566.96,0.0,0.0,0.0,0.0,9027.0,0.0,0.0,362.37,280476.34,4.83,0.00,179632.92,25988.90
CZ15/Htl&0&cDXHP&Ex&dxHP_equip/NE-dxHP-PkgHP-135to239-Ex-EER-12.0/instance-out.sql,824449.34,364.41999999999996,275146.19,125722.95,0.0,205621.82,0.0,208566.96,0.0,0.0,0.0,0.0,9027.0,0.0,0.0,359.59,275146.19,4.83,0.00,179632.92,25988.90
CZ15/Htl&0&cDXHP&Ex&dxHP_equip/NE-dxHP-PkgHP-240to759-Ex-EER-9.3/instance-out.sql,842664.28,395.64,293329.9,125722.95,0.0,205621.82,0.0,208566.96,0.0,0.0,0.0,0.0,9027.0,0.0,0.0,390.81,293329.90,4.83,0.00,179632.92,25988.90
CZ15/Htl&0&cDXHP&Ex&dxHP_equip/NE-dxHP-PkgHP-240to759-Ex-EER-9.7/instance-out.sql,835963.4,384.93,286639.73,125722.95,0.0,205621.82,0.0,208566.96,0.0,0.0,0.0,0.0,9027.0,0.0,0.0,380.10,286639.73,4.83,0.00,179632.92,25988.90
CZ15/Htl&0&cDXHP&Ex&dxHP_equip/NE-dxHP-PkgHP-240to759-Ex-EER-10.0/instance-out.sql,831395.62,384.93,282071.96,125722.95,0.0,205621.82,0.0,208566.96,0.0,0.0,0.0,0.0,9027.0,0.0,0.0,380.10,282071.96,4.83,0.00,179632.92,25988.90
CZ16/Htl&0&cDXHP&Ex&dxHP_equip/NE-dxHP-PkgHP-65to134-Ex-EER-11.0/instance-out.sql,724461.0,26272.47,136811.81,125722.95,0.0,205621.82,0.0,218278.33,0.0,0.0,0.0,0.0,11753.63,0.0,0.0,12132.41,136811.81,14140.06,0.00,179632.92,25988.90
CZ16/Htl&0&cDXHP&Ex&dxHP_equip/NE-dxHP-PkgHP-65to134-Ex-EER-11.5/instance-out.sql,721081.19,25979.41,133725.07,125722.95,0.0,205621.82,0.0,218278.33,0.0,0.0,0.0,0.0,11753.63,0.0,0.0,11839.35,133725.07,14140.06,0.00,179632.92,25988.90
CZ16/Htl&0&cDXHP&Ex&dxHP_equip/NE-dxHP-PkgHP-65to134-Ex-EER-12.0/instance-out.sql,718107.61,25839.07,130891.82,125722.95,0.0,205621.82,0.0,218278.33,0.0,0.0,0.0,0.0,11753.63,0.0,0.0,11699.01,130891.82,14140.06,0.00,179632.92,25988.90
CZ16/Htl&0&cDXHP&Ex&dxHP_equip/NE-dxHP-PkgHP-135to239-Ex-EER-10.4/instance-out.sql,727325.22,26583.29,139365.21,125722.95,0.0,205621.82,0.0,218278.33,0.0,0.0,0.0,0.0,11753.63,0.0,0.0,12443.23,139365.21,14140.06,0.00,179632.92,25988.90
CZ16/Htl&0&cDXHP&Ex&dxHP_equip/NE-dxHP-PkgHP-135to239-Ex-EER-10.8/instance-out.sql,724036.0,26036.67,136622.61,125722.95,0.0,205621.82,0.0,218278.33,0.0,0.0,0.0,0.0,11753.63,0.0,0.0,11896.61,136622.61,14140.06,0.00,179632.92,25988.90
CZ16/Htl&0&cDXHP&Ex&dxHP_equip/NE-dxHP-PkgHP-135to239-Ex-EER-12.0/instance-out.sql,721402.1599999999,25951.019999999997,134074.42,125722.95,0.0,205621.82,0.0,218278.33,0.0,0.0,0.0,0.0,11753.63,0.0,0.0,11810.96,134074.42,14140.06,0.00,179632.92,25988.90
CZ16/Htl&0&cDXHP&Ex&dxHP_equip/NE-dxHP-PkgHP-240to759-Ex-EER-9.3/instance-out.sql,731057.76,26913.53,142767.52,125722.95,0.0,205621.82,0.0,218278.33,0.0,0.0,0.0,0.0,11753.63,0.0,0.0,12773.47,142767.52,14140.06,0.00,179632.92,25988.90
CZ16/Htl&0&cDXHP&Ex&dxHP_equip/NE-dxHP-PkgHP-240to759-Ex-EER-9.7/instance-out.sql,727529.1499999999,26583.29,139569.14,125722.95,0.0,205621.82,0.0,218278.33,0.0,0.0,0.0,0.0,11753.63,0.0,0.0,12443.23,139569.14,14140.06,0.00,179632.92,25988.90
CZ16/Htl&0&cDXHP&Ex&dxHP_equip/NE-dxHP-PkgHP-240to759-Ex-EER-10.0/instance-out.sql,725345.4299999999,26583.29,137385.43,125722.95,0.0,205621.82,0.0,218278.33,0.0,0.0,0.0,0.0,11753.63,0.0,0.0,12443.23,137385.43,14140.06,0.00,179632.92,25988.90

File Name,Electricity (kWh),Natural Gas (kWh)
CZ01/Htl&0&cDXHP&Ex&dxHP_equip/NE-dxHP-PkgHP-65to134-Ex-EER-11.0/instance-out.sql,489686.79,46785.06
CZ01/Htl&0&cDXHP&Ex&dxHP_equip/NE-dxHP-PkgHP-65to134-Ex-EER-11.5/instance-out.sql,489370.72,46785.06
CZ01/Htl&0&cDXHP&Ex&dxHP_equip/NE-dxHP-PkgHP-65to134-Ex-EER-12.0/instance-out.sql,489212.65,46785.06
CZ01/Htl&0&cDXHP&Ex&dxHP_equip/NE-dxHP-PkgHP-135to239-Ex-EER-10.4/instance-out.sql,490018.44,46785.06
CZ01/Htl&0&cDXHP&Ex&dxHP_equip/NE-dxHP-PkgHP-135to239-Ex-EER-10.8/instance-out.sql,489443.85,46785.06
CZ01/Htl&0&cDXHP&Ex&dxHP_equip/NE-dxHP-PkgHP-135to239-Ex-EER-12.0/instance-out.sql,489343.32,46785.06
CZ01/Htl&0&cDXHP&Ex&dxHP_equip/NE-dxHP-PkgHP-240to759-Ex-EER-9.3/instance-out.sql,490374.24,46785.06
CZ01/Htl&0&cDXHP&Ex&dxHP_equip/NE-dxHP-PkgHP-240to759-Ex-EER-9.7/instance-out.sql,490019.45,46785.06
CZ01/Htl&0&cDXHP&Ex&dxHP_equip/NE-dxHP-PkgHP-240to759-Ex-EER-10.0/instance-out.sql,490008.63,46785.06
CZ02/Htl&0&cDXHP&Ex&dxHP_equip/NE-dxHP-PkgHP-65to134-Ex-EER-11.0/instance-out.sql,562509.50,42581.34
CZ02/Htl&0&cDXHP&Ex&dxHP_equip/NE-dxHP-PkgHP-65to134-Ex-EER-11.5/instance-out.sql,561242.70,42581.34
CZ02/Htl&0&cDXHP&Ex&dxHP_equip/NE-dxHP-PkgHP-65to134-Ex-EER-12.0/instance-out.sql,560153.24,42581.34
CZ02/Htl&0&cDXHP&Ex&dxHP_equip/NE-dxHP-PkgHP-135to239-Ex-EER-10.4/instance-out.sql,563596.39,42581.34
CZ02/Htl&0&cDXHP&Ex&dxHP_equip/NE-dxHP-PkgHP-135to239-Ex-EER-10.8/instance-out.sql,562307.74,42581.34
CZ02/Htl&0&cDXHP&Ex&dxHP_equip/NE-dxHP-PkgHP-135to239-Ex-EER-12.0/instance-out.sql,561351.01,42581.34
CZ02/Htl&0&cDXHP&Ex&dxHP_equip/NE-dxHP-PkgHP-240to759-Ex-EER-9.3/instance-out.sql,564996.82,42581.34
CZ02/Htl&0&cDXHP&Ex&dxHP_equip/NE-dxHP-PkgHP-240to759-Ex-EER-9.7/instance-out.sql,563669.05,42581.34
CZ02/Htl&0&cDXHP&Ex&dxHP_equip/NE-dxHP-PkgHP-240to759-Ex-EER-10.0/instance-out.sql,562890.99,42581.34
CZ03/Htl&0&cDXHP&Ex&dxHP_equip/NE-dxHP-PkgHP-65to134-Ex-EER-11.0/instance-out.sql,534521.89,39670.55
CZ03/Htl&0&cDXHP&Ex&dxHP_equip/NE-dxHP-PkgHP-65to134-Ex-EER-11.5/instance-out.sql,533976.34,39670.55
CZ03/Htl&0&cDXHP&Ex&dxHP_equip/NE-dxHP-PkgHP-65to134-Ex-EER-12.0/instance-out.sql,533508.60,39670.55
CZ03/Htl&0&cDXHP&Ex&dxHP_equip/NE-dxHP-PkgHP-135to239-Ex-EER-10.4/instance-out.sql,534990.71,39670.55
CZ03/Htl&0&cDXHP&Ex&dxHP_equip/NE-dxHP-PkgHP-135to239-Ex-EER-10.8/instance-out.sql,534432.58,39670.55
CZ03/Htl&0&cDXHP&Ex&dxHP_equip/NE-dxHP-PkgHP-135to239-Ex-EER-12.0/instance-out.sql,534022.30,39670.55
CZ03/Htl&0&cDXHP&Ex&dxHP_equip/NE-dxHP-PkgHP-240to759-Ex-EER-9.3/instance-out.sql,535593.88,39670.55
CZ03/Htl&0&cDXHP&Ex&dxHP_equip/NE-dxHP-PkgHP-240to759-Ex-EER-9.7/instance-out.sql,535021.79,39670.55
CZ03/Htl&0&cDXHP&Ex&dxHP_equip/NE-dxHP-PkgHP-240to759-Ex-EER-10.0/instance-out.sql,534689.01,39670.55
CZ04/Htl&0&cDXHP&Ex&dxHP_equip/NE-dxHP-PkgHP-65to134-Ex-EER-11.0/instance-out.sql,578412.44,38746.05
CZ04/Htl&0&cDXHP&Ex&dxHP_equip/NE-dxHP-PkgHP-65to134-Ex-EER-11.5/instance-out.sql,576988.98,38746.05
CZ04/Htl&0&cDXHP&Ex&dxHP_equip/NE-dxHP-PkgHP-65to134-Ex-EER-12.0/instance-out.sql,575710.43,38746.05
CZ04/Htl&0&cDXHP&Ex&dxHP_equip/NE-dxHP-PkgHP-135to239-Ex-EER-10.4/instance-out.sql,579604.84,38746.05
CZ04/Htl&0&cDXHP&Ex&dxHP_equip/NE-dxHP-PkgHP-135to239-Ex-EER-10.8/instance-out.sql,578277.77,38746.05
CZ04/Htl&0&cDXHP&Ex&dxHP_equip/NE-dxHP-PkgHP-135to239-Ex-EER-12.0/instance-out.sql,577136.68,38746.05
CZ04/Htl&0&cDXHP&Ex&dxHP_equip/NE-dxHP-PkgHP-240to759-Ex-EER-9.3/instance-out.sql,581175.39,38746.05
CZ04/Htl&0&cDXHP&Ex&dxHP_equip/NE-dxHP-PkgHP-240to759-Ex-EER-9.7/instance-out.sql,579694.67,38746.05
CZ04/Htl&0&cDXHP&Ex&dxHP_equip/NE-dxHP-PkgHP-240to759-Ex-EER-10.0/instance-out.sql,578732.78,38746.05
CZ05/Htl&0&cDXHP&Ex&dxHP_equip/NE-dxHP-PkgHP-65to134-Ex-EER-11.0/instance-out.sql,542686.36,38310.61
CZ05/Htl&0&cDXHP&Ex&dxHP_equip/NE-dxHP-PkgHP-65to134-Ex-EER-11.5/instance-out.sql,541917.22,38310.61
CZ05/Htl&0&cDXHP&Ex&dxHP_equip/NE-dxHP-PkgHP-65to134-Ex-EER-12.0/instance-out.sql,541237.86,38310.61
CZ05/Htl&0&cDXHP&Ex&dxHP_equip/NE-dxHP-PkgHP-135to239-Ex-EER-10.4/instance-out.sql,543336.75,38310.61
CZ05/Htl&0&cDXHP&Ex&dxHP_equip/NE-dxHP-PkgHP-135to239-Ex-EER-10.8/instance-out.sql,542594.16,38310.61
CZ05/Htl&0&cDXHP&Ex&dxHP_equip/NE-dxHP-PkgHP-135to239-Ex-EER-12.0/instance-out.sql,541991.54,38310.61
CZ05/Htl&0&cDXHP&Ex&dxHP_equip/NE-dxHP-PkgHP-240to759-Ex-EER-9.3/instance-out.sql,544186.01,38310.61
CZ05/Htl&0&cDXHP&Ex&dxHP_equip/NE-dxHP-PkgHP-240to759-Ex-EER-9.7/instance-out.sql,543383.56,38310.61
CZ05/Htl&0&cDXHP&Ex&dxHP_equip/NE-dxHP-PkgHP-240to759-Ex-EER-10.0/instance-out.sql,542882.32,38310.61
CZ06/Htl&0&cDXHP&Ex&dxHP_equip/NE-dxHP-PkgHP-65to134-Ex-EER-11.0/instance-out.sql,574548.00,37011.51
CZ06/Htl&0&cDXHP&Ex&dxHP_equip/NE-dxHP-PkgHP-65to134-Ex-EER-11.5/instance-out.sql,573368.93,37011.51
CZ06/Htl&0&cDXHP&Ex&dxHP_equip/NE-dxHP-PkgHP-65to134-Ex-EER-12.0/instance-out.sql,572288.64,37011.51
CZ06/Htl&0&cDXHP&Ex&dxHP_equip/NE-dxHP-PkgHP-135to239-Ex-EER-10.4/instance-out.sql,575524.38,37011.51
CZ06/Htl&0&cDXHP&Ex&dxHP_equip/NE-dxHP-PkgHP-135to239-Ex-EER-10.8/instance-out.sql,574472.42,37011.51
CZ06/Htl&0&cDXHP&Ex&dxHP_equip/NE-dxHP-PkgHP-135to239-Ex-EER-12.0/instance-out.sql,573501.44,37011.51
CZ06/Htl&0&cDXHP&Ex&dxHP_equip/NE-dxHP-PkgHP-240to759-Ex-EER-9.3/instance-out.sql,576824.10,37011.51
CZ06/Htl&0&cDXHP&Ex&dxHP_equip/NE-dxHP-PkgHP-240to759-Ex-EER-9.7/instance-out.sql,575601.98,37011.51
CZ06/Htl&0&cDXHP&Ex&dxHP_equip/NE-dxHP-PkgHP-240to759-Ex-EER-10.0/instance-out.sql,574771.00,37011.51
CZ07/Htl&0&cDXHP&Ex&dxHP_equip/NE-dxHP-PkgHP-65to134-Ex-EER-11.0/instance-out.sql,582445.10,36830.07
CZ07/Htl&0&cDXHP&Ex&dxHP_equip/NE-dxHP-PkgHP-65to134-Ex-EER-11.5/instance-out.sql,580844.04,36830.07
CZ07/Htl&0&cDXHP&Ex&dxHP_equip/NE-dxHP-PkgHP-65to134-Ex-EER-12.0/instance-out.sql,579376.15,36830.07
CZ07/Htl&0&cDXHP&Ex&dxHP_equip/NE-dxHP-PkgHP-135to239-Ex-EER-10.4/instance-out.sql,583770.40,36830.07
CZ07/Htl&0&cDXHP&Ex&dxHP_equip/NE-dxHP-PkgHP-135to239-Ex-EER-10.8/instance-out.sql,582344.14,36830.07
CZ07/Htl&0&cDXHP&Ex&dxHP_equip/NE-dxHP-PkgHP-135to239-Ex-EER-12.0/instance-out.sql,581024.45,36830.07
CZ07/Htl&0&cDXHP&Ex&dxHP_equip/NE-dxHP-PkgHP-240to759-Ex-EER-9.3/instance-out.sql,585535.22,36830.07
CZ07/Htl&0&cDXHP&Ex&dxHP_equip/NE-dxHP-PkgHP-240to759-Ex-EER-9.7/instance-out.sql,583875.92,36830.07
CZ07/Htl&0&cDXHP&Ex&dxHP_equip/NE-dxHP-PkgHP-240to759-Ex-EER-10.0/instance-out.sql,582745.95,36830.07
CZ08/Htl&0&cDXHP&Ex&dxHP_equip/NE-dxHP-PkgHP-65to134-Ex-EER-11.0/instance-out.sql,605241.24,36869.41
CZ08/Htl&0&cDXHP&Ex&dxHP_equip/NE-dxHP-PkgHP-65to134-Ex-EER-11.5/instance-out.sql,603291.97,36869.41
CZ08/Htl&0&cDXHP&Ex&dxHP_equip/NE-dxHP-PkgHP-65to134-Ex-EER-12.0/instance-out.sql,601506.99,36869.41
CZ08/Htl&0&cDXHP&Ex&dxHP_equip/NE-dxHP-PkgHP-135to239-Ex-EER-10.4/instance-out.sql,606855.94,36869.41
CZ08/Htl&0&cDXHP&Ex&dxHP_equip/NE-dxHP-PkgHP-135to239-Ex-EER-10.8/instance-out.sql,605114.65,36869.41
CZ08/Htl&0&cDXHP&Ex&dxHP_equip/NE-dxHP-PkgHP-135to239-Ex-EER-12.0/instance-out.sql,603510.58,36869.41
CZ08/Htl&0&cDXHP&Ex&dxHP_equip/NE-dxHP-PkgHP-240to759-Ex-EER-9.3/instance-out.sql,609004.71,36869.41
CZ08/Htl&0&cDXHP&Ex&dxHP_equip/NE-dxHP-PkgHP-240to759-Ex-EER-9.7/instance-out.sql,606984.08,36869.41
CZ08/Htl&0&cDXHP&Ex&dxHP_equip/NE-dxHP-PkgHP-240to759-Ex-EER-10.0/instance-out.sql,605611.84,36869.41
CZ09/Htl&0&cDXHP&Ex&dxHP_equip/NE-dxHP-PkgHP-65to134-Ex-EER-11.0/instance-out.sql,628408.72,36736.56
CZ09/Htl&0&cDXHP&Ex&dxHP_equip/NE-dxHP-PkgHP-65to134-Ex-EER-11.5/instance-out.sql,626144.42,36736.56
CZ09/Htl&0&cDXHP&Ex&dxHP_equip/NE-dxHP-PkgHP-65to134-Ex-EER-12.0/instance-out.sql,624068.99,36736.56
CZ09/Htl&0&cDXHP&Ex&dxHP_equip/NE-dxHP-PkgHP-135to239-Ex-EER-10.4/instance-out.sql,630283.34,36736.56
CZ09/Htl&0&cDXHP&Ex&dxHP_equip/NE-dxHP-PkgHP-135to239-Ex-EER-10.8/instance-out.sql,628265.00,36736.56
CZ09/Htl&0&cDXHP&Ex&dxHP_equip/NE-dxHP-PkgHP-135to239-Ex-EER-12.0/instance-out.sql,626399.30,36736.56
CZ09/Htl&0&cDXHP&Ex&dxHP_equip/NE-dxHP-PkgHP-240to759-Ex-EER-9.3/instance-out.sql,632779.29,36736.56
CZ09/Htl&0&cDXHP&Ex&dxHP_equip/NE-dxHP-PkgHP-240to759-Ex-EER-9.7/instance-out.sql,630432.50,36736.56
CZ09/Htl&0&cDXHP&Ex&dxHP_equip/NE-dxHP-PkgHP-240to759-Ex-EER-10.0/instance-out.sql,628835.31,36736.56
CZ10/Htl&0&cDXHP&Ex&dxHP_equip/NE-dxHP-PkgHP-65to134-Ex-EER-11.0/instance-out.sql,645942.83,36773.96
CZ10/Htl&0&cDXHP&Ex&dxHP_equip/NE-dxHP-PkgHP-65to134-Ex-EER-11.5/instance-out.sql,642830.91,36773.96
CZ10/Htl&0&cDXHP&Ex&dxHP_equip/NE-dxHP-PkgHP-65to134-Ex-EER-12.0/instance-out.sql,639990.97,36773.96
CZ10/Htl&0&cDXHP&Ex&dxHP_equip/NE-dxHP-PkgHP-135to239-Ex-EER-10.4/instance-out.sql,648525.77,36773.96
CZ10/Htl&0&cDXHP&Ex&dxHP_equip/NE-dxHP-PkgHP-135to239-Ex-EER-10.8/instance-out.sql,645724.31,36773.96
CZ10/Htl&0&cDXHP&Ex&dxHP_equip/NE-dxHP-PkgHP-135to239-Ex-EER-12.0/instance-out.sql,643175.27,36773.96
CZ10/Htl&0&cDXHP&Ex&dxHP_equip/NE-dxHP-PkgHP-240to759-Ex-EER-9.3/instance-out.sql,651956.74,36773.96
CZ10/Htl&0&cDXHP&Ex&dxHP_equip/NE-dxHP-PkgHP-240to759-Ex-EER-9.7/instance-out.sql,648728.90,36773.96
CZ10/Htl&0&cDXHP&Ex&dxHP_equip/NE-dxHP-PkgHP-240to759-Ex-EER-10.0/instance-out.sql,646553.81,36773.96
CZ11/Htl&0&cDXHP&Ex&dxHP_equip/NE-dxHP-PkgHP-65to134-Ex-EER-11.0/instance-out.sql,672873.94,43748.61
CZ11/Htl&0&cDXHP&Ex&dxHP_equip/NE-dxHP-PkgHP-65to134-Ex-EER-11.5/instance-out.sql,669282.71,43748.61
CZ11/Htl&0&cDXHP&Ex&dxHP_equip/NE-dxHP-PkgHP-65to134-Ex-EER-12.0/instance-out.sql,666061.79,43748.61
CZ11/Htl&0&cDXHP&Ex&dxHP_equip/NE-dxHP-PkgHP-135to239-Ex-EER-10.4/instance-out.sql,675884.74,43748.61
CZ11/Htl&0&cDXHP&Ex&dxHP_equip/NE-dxHP-PkgHP-135to239-Ex-EER-10.8/instance-out.sql,672526.19,43748.61
CZ11/Htl&0&cDXHP&Ex&dxHP_equip/NE-dxHP-PkgHP-135to239-Ex-EER-12.0/instance-out.sql,669653.09,43748.61
CZ11/Htl&0&cDXHP&Ex&dxHP_equip/NE-dxHP-PkgHP-240to759-Ex-EER-9.3/instance-out.sql,679847.34,43748.61
CZ11/Htl&0&cDXHP&Ex&dxHP_equip/NE-dxHP-PkgHP-240to759-Ex-EER-9.7/instance-out.sql,676110.66,43748.61
CZ11/Htl&0&cDXHP&Ex&dxHP_equip/NE-dxHP-PkgHP-240to759-Ex-EER-10.0/instance-out.sql,673691.52,43748.61
CZ12/Htl&0&cDXHP&Ex&dxHP_equip/NE-dxHP-PkgHP-65to134-Ex-EER-11.0/instance-out.sql,628788.15,42818.20
CZ12/Htl&0&cDXHP&Ex&dxHP_equip/NE-dxHP-PkgHP-65to134-Ex-EER-11.5/instance-out.sql,625942.34,42818.20
CZ12/Htl&0&cDXHP&Ex&dxHP_equip/NE-dxHP-PkgHP-65to134-Ex-EER-12.0/instance-out.sql,623405.09,42818.20
CZ12/Htl&0&cDXHP&Ex&dxHP_equip/NE-dxHP-PkgHP-135to239-Ex-EER-10.4/instance-out.sql,631182.05,42818.20
CZ12/Htl&0&cDXHP&Ex&dxHP_equip/NE-dxHP-PkgHP-135to239-Ex-EER-10.8/instance-out.sql,628486.99,42818.20
CZ12/Htl&0&cDXHP&Ex&dxHP_equip/NE-dxHP-PkgHP-135to239-Ex-EER-12.0/instance-out.sql,626228.61,42818.20
CZ12/Htl&0&cDXHP&Ex&dxHP_equip/NE-dxHP-PkgHP-240to759-Ex-EER-9.3/instance-out.sql,634322.99,42818.20
CZ12/Htl&0&cDXHP&Ex&dxHP_equip/NE-dxHP-PkgHP-240to759-Ex-EER-9.7/instance-out.sql,631358.80,42818.20
CZ12/Htl&0&cDXHP&Ex&dxHP_equip/NE-dxHP-PkgHP-240to759-Ex-EER-10.0/instance-out.sql,629466.15,42818.20
CZ13/Htl&0&cDXHP&Ex&dxHP_equip/NE-dxHP-PkgHP-65to134-Ex-EER-11.0/instance-out.sql,682887.55,39657.67
CZ13/Htl&0&cDXHP&Ex&dxHP_equip/NE-dxHP-PkgHP-65to134-Ex-EER-11.5/instance-out.sql,679055.45,39657.67
CZ13/Htl&0&cDXHP&Ex&dxHP_equip/NE-dxHP-PkgHP-65to134-Ex-EER-12.0/instance-out.sql,675596.54,39657.67
CZ13/Htl&0&cDXHP&Ex&dxHP_equip/NE-dxHP-PkgHP-135to239-Ex-EER-10.4/instance-out.sql,686088.61,39657.67
CZ13/Htl&0&cDXHP&Ex&dxHP_equip/NE-dxHP-PkgHP-135to239-Ex-EER-10.8/instance-out.sql,682553.66,39657.67
CZ13/Htl&0&cDXHP&Ex&dxHP_equip/NE-dxHP-PkgHP-135to239-Ex-EER-12.0/instance-out.sql,679461.19,39657.67
CZ13/Htl&0&cDXHP&Ex&dxHP_equip/NE-dxHP-PkgHP-240to759-Ex-EER-9.3/instance-out.sql,690315.75,39657.67
CZ13/Htl&0&cDXHP&Ex&dxHP_equip/NE-dxHP-PkgHP-240to759-Ex-EER-9.7/instance-out.sql,686332.98,39657.67
CZ13/Htl&0&cDXHP&Ex&dxHP_equip/NE-dxHP-PkgHP-240to759-Ex-EER-10.0/instance-out.sql,683716.20,39657.67
CZ14/Htl&0&cDXHP&Ex&dxHP_equip/NE-dxHP-PkgHP-65to134-Ex-EER-11.0/instance-out.sql,737333.17,37352.43
CZ14/Htl&0&cDXHP&Ex&dxHP_equip/NE-dxHP-PkgHP-65to134-Ex-EER-11.5/instance-out.sql,732477.94,37352.43
CZ14/Htl&0&cDXHP&Ex&dxHP_equip/NE-dxHP-PkgHP-65to134-Ex-EER-12.0/instance-out.sql,728044.66,37352.43
CZ14/Htl&0&cDXHP&Ex&dxHP_equip/NE-dxHP-PkgHP-135to239-Ex-EER-10.4/instance-out.sql,741361.81,37352.43
CZ14/Htl&0&cDXHP&Ex&dxHP_equip/NE-dxHP-PkgHP-135to239-Ex-EER-10.8/instance-out.sql,736996.29,37352.43
CZ14/Htl&0&cDXHP&Ex&dxHP_equip/NE-dxHP-PkgHP-135to239-Ex-EER-12.0/instance-out.sql,733016.36,37352.43
CZ14/Htl&0&cDXHP&Ex&dxHP_equip/NE-dxHP-PkgHP-240to759-Ex-EER-9.3/instance-out.sql,746714.68,37352.43
CZ14/Htl&0&cDXHP&Ex&dxHP_equip/NE-dxHP-PkgHP-240to759-Ex-EER-9.7/instance-out.sql,741679.09,37352.43
CZ14/Htl&0&cDXHP&Ex&dxHP_equip/NE-dxHP-PkgHP-240to759-Ex-EER-10.0/instance-out.sql,738281.65,37352.43
CZ15/Htl&0&cDXHP&Ex&dxHP_equip/NE-dxHP-PkgHP-65to134-Ex-EER-11.0/instance-out.sql,795164.95,35020.73
CZ15/Htl&0&cDXHP&Ex&dxHP_equip/NE-dxHP-PkgHP-65to134-Ex-EER-11.5/instance-out.sql,788698.77,35020.73
CZ15/Htl&0&cDXHP&Ex&dxHP_equip/NE-dxHP-PkgHP-65to134-Ex-EER-12.0/instance-out.sql,782767.80,35020.73
CZ15/Htl&0&cDXHP&Ex&dxHP_equip/NE-dxHP-PkgHP-135to239-Ex-EER-10.4/instance-out.sql,800516.10,35020.73
CZ15/Htl&0&cDXHP&Ex&dxHP_equip/NE-dxHP-PkgHP-135to239-Ex-EER-10.8/instance-out.sql,794761.55,35020.73
CZ15/Htl&0&cDXHP&Ex&dxHP_equip/NE-dxHP-PkgHP-135to239-Ex-EER-12.0/instance-out.sql,789428.61,35020.73
CZ15/Htl&0&cDXHP&Ex&dxHP_equip/NE-dxHP-PkgHP-240to759-Ex-EER-9.3/instance-out.sql,807643.55,35020.73
CZ15/Htl&0&cDXHP&Ex&dxHP_equip/NE-dxHP-PkgHP-240to759-Ex-EER-9.7/instance-out.sql,800942.67,35020.73
CZ15/Htl&0&cDXHP&Ex&dxHP_equip/NE-dxHP-PkgHP-240to759-Ex-EER-10.0/instance-out.sql,796374.89,35020.73
CZ16/Htl&0&cDXHP&Ex&dxHP_equip/NE-dxHP-PkgHP-65to134-Ex-EER-11.0/instance-out.sql,672578.42,51882.58
CZ16/Htl&0&cDXHP&Ex&dxHP_equip/NE-dxHP-PkgHP-65to134-Ex-EER-11.5/instance-out.sql,669198.61,51882.58
CZ16/Htl&0&cDXHP&Ex&dxHP_equip/NE-dxHP-PkgHP-65to134-Ex-EER-12.0/instance-out.sql,666225.03,51882.58
CZ16/Htl&0&cDXHP&Ex&dxHP_equip/NE-dxHP-PkgHP-135to239-Ex-EER-10.4/instance-out.sql,675442.64,51882.58
CZ16/Htl&0&cDXHP&Ex&dxHP_equip/NE-dxHP-PkgHP-135to239-Ex-EER-10.8/instance-out.sql,672153.42,51882.58
CZ16/Htl&0&cDXHP&Ex&dxHP_equip/NE-dxHP-PkgHP-135to239-Ex-EER-12.0/instance-out.sql,669519.58,51882.58
CZ16/Htl&0&cDXHP&Ex&dxHP_equip/NE-dxHP-PkgHP-240to759-Ex-EER-9.3/instance-out.sql,679175.18,51882.58
CZ16/Htl&0&cDXHP&Ex&dxHP_equip/NE-dxHP-PkgHP-240to759-Ex-EER-9.7/instance-out.sql,675646.57,51882.58
CZ16/Htl&0&cDXHP&Ex&dxHP_equip/NE-dxHP-PkgHP-240to759-Ex-EER-10.0/instance-out.sql,673462.85,51882.58

File Name,Unmet Heating (Hours),Unmet Cooling (Hours)
CZ01/Htl&0&cDXHP&Ex&dxHP_equip/NE-dxHP-PkgHP-65to134-Ex-EER-11.0/instance-out.sql,0.00,0.00
CZ01/Htl&0&cDXHP&Ex&dxHP_equip/NE-dxHP-PkgHP-65to134-Ex-EER-11.5/instance-out.sql,0.00,0.00
CZ01/Htl&0&cDXHP&Ex&dxHP_equip/NE-dxHP-PkgHP-65to134-Ex-EER-12.0/instance-out.sql,0.00,0.00
CZ01/Htl&0&cDXHP&Ex&dxHP_equip/NE-dxHP-PkgHP-135to239-Ex-EER-10.4/instance-out.sql,0.00,0.00
CZ01/Htl&0&cDXHP&Ex&dxHP_equip/NE-dxHP-PkgHP-135to239-Ex-EER-10.8/instance-out.sql,0.00,0.00
CZ01/Htl&0&cDXHP&Ex&dxHP_equip/NE-dxHP-PkgHP-135to239-Ex-EER-12.0/instance-out.sql,0.00,0.00
CZ01/Htl&0&cDXHP&Ex&dxHP_equip/NE-dxHP-PkgHP-240to759-Ex-EER-9.3/instance-out.sql,0.00,0.00
CZ01/Htl&0&cDXHP&Ex&dxHP_equip/NE-dxHP-PkgHP-240to759-Ex-EER-9.7/instance-out.sql,0.00,0.00
CZ01/Htl&0&cDXHP&Ex&dxHP_equip/NE-dxHP-PkgHP-240to759-Ex-EER-10.0/instance-out.sql,0.00,0.00
CZ02/Htl&0&cDXHP&Ex&dxHP_equip/NE-dxHP-PkgHP-65to134-Ex-EER-11.0/instance-out.sql,0.00,0.00
CZ02/Htl&0&cDXHP&Ex&dxHP_equip/NE-dxHP-PkgHP-65to134-Ex-EER-11.5/instance-out.sql,0.00,0.00
CZ02/Htl&0&cDXHP&Ex&dxHP_equip/NE-dxHP-PkgHP-65to134-Ex-EER-12.0/instance-out.sql,0.00,0.00
CZ02/Htl&0&cDXHP&Ex&dxHP_equip/NE-dxHP-PkgHP-135to239-Ex-EER-10.4/instance-out.sql,0.00,0.00
CZ02/Htl&0&cDXHP&Ex&dxHP_equip/NE-dxHP-PkgHP-135to239-Ex-EER-10.8/instance-out.sql,0.00,0.00
CZ02/Htl&0&cDXHP&Ex&dxHP_equip/NE-dxHP-PkgHP-135to239-Ex-EER-12.0/instance-out.sql,0.00,0.00
CZ02/Htl&0&cDXHP&Ex&dxHP_equip/NE-dxHP-PkgHP-240to759-Ex-EER-9.3/instance-out.sql,0.00,0.00
CZ02/Htl&0&cDXHP&Ex&dxHP_equip/NE-dxHP-PkgHP-240to759-Ex-EER-9.7/instance-out.sql,0.00,0.00
CZ02/Htl&0&cDXHP&Ex&dxHP_equip/NE-dxHP-PkgHP-240to759-Ex-EER-10.0/instance-out.sql,0.00,0.00
CZ03/Htl&0&cDXHP&Ex&dxHP_equip/NE-dxHP-PkgHP-65to134-Ex-EER-11.0/instance-out.sql,0.00,0.00
CZ03/Htl&0&cDXHP&Ex&dxHP_equip/NE-dxHP-PkgHP-65to134-Ex-EER-11.5/instance-out.sql,0.00,0.00
CZ03/Htl&0&cDXHP&Ex&dxHP_equip/NE-dxHP-PkgHP-65to134-Ex-EER-12.0/instance-out.sql,0.00,0.00
CZ03/Htl&0&cDXHP&Ex&dxHP_equip/NE-dxHP-PkgHP-135to239-Ex-EER-10.4/instance-out.sql,0.00,0.00
CZ03/Htl&0&cDXHP&Ex&dxHP_equip/NE-dxHP-PkgHP-135to239-Ex-EER-10.8/instance-out.sql,0.00,0.00
CZ03/Htl&0&cDXHP&Ex&dxHP_equip/NE-dxHP-PkgHP-135to239-Ex-EER-12.0/instance-out.sql,0.00,0.00
CZ03/Htl&0&cDXHP&Ex&dxHP_equip/NE-dxHP-PkgHP-240to759-Ex-EER-9.3/instance-out.sql,0.00,0.00
CZ03/Htl&0&cDXHP&Ex&dxHP_equip/NE-dxHP-PkgHP-240to759-Ex-EER-9.7/instance-out.sql,0.00,0.00
CZ03/Htl&0&cDXHP&Ex&dxHP_equip/NE-dxHP-PkgHP-240to759-Ex-EER-10.0/instance-out.sql,0.00,0.00
CZ04/Htl&0&cDXHP&Ex&dxHP_equip/NE-dxHP-PkgHP-65to134-Ex-EER-11.0/instance-out.sql,0.00,0.00
CZ04/Htl&0&cDXHP&Ex&dxHP_equip/NE-dxHP-PkgHP-65to134-Ex-EER-11.5/instance-out.sql,0.00,0.00
CZ04/Htl&0&cDXHP&Ex&dxHP_equip/NE-dxHP-PkgHP-65to134-Ex-EER-12.0/instance-out.sql,0.00,0.00
CZ04/Htl&0&cDXHP&Ex&dxHP_equip/NE-dxHP-PkgHP-135to239-Ex-EER-10.4/instance-out.sql,0.00,0.00
CZ04/Htl&0&cDXHP&Ex&dxHP_equip/NE-dxHP-PkgHP-135to239-Ex-EER-10.8/instance-out.sql,0.00,0.00
CZ04/Htl&0&cDXHP&Ex&dxHP_equip/NE-dxHP-PkgHP-135to239-Ex-EER-12.0/instance-out.sql,0.00,0.00
CZ04/Htl&0&cDXHP&Ex&dxHP_equip/NE-dxHP-PkgHP-240to759-Ex-EER-9.3/instance-out.sql,0.00,0.00
CZ04/Htl&0&cDXHP&Ex&dxHP_equip/NE-dxHP-PkgHP-240to759-Ex-EER-9.7/instance-out.sql,0.00,0.00
CZ04/Htl&0&cDXHP&Ex&dxHP_equip/NE-dxHP-PkgHP-240to759-Ex-EER-10.0/instance-out.sql,0.00,0.00
CZ05/Htl&0&cDXHP&Ex&dxHP_equip/NE-dxHP-PkgHP-65to134-Ex-EER-11.0/instance-out.sql,0.00,0.00
CZ05/Htl&0&cDXHP&Ex&dxHP_equip/NE-dxHP-PkgHP-65to134-Ex-EER-11.5/instance-out.sql,0.00,0.00
CZ05/Htl&0&cDXHP&Ex&dxHP_equip/NE-dxHP-PkgHP-65to134-Ex-EER-12.0/instance-out.sql,0.00,0.00
CZ05/Htl&0&cDXHP&Ex&dxHP_equip/NE-dxHP-PkgHP-135to239-Ex-EER-10.4/instance-out.sql,0.00,0.00
CZ05/Htl&0&cDXHP&Ex&dxHP_equip/NE-dxHP-PkgHP-135to239-Ex-EER-10.8/instance-out.sql,0.00,0.00
CZ05/Htl&0&cDXHP&Ex&dxHP_equip/NE-dxHP-PkgHP-135to239-Ex-EER-12.0/instance-out.sql,0.00,0.00
CZ05/Htl&0&cDXHP&Ex&dxHP_equip/NE-dxHP-PkgHP-240to759-Ex-EER-9.3/instance-out.sql,0.00,0.00
CZ05/Htl&0&cDXHP&Ex&dxHP_equip/NE-dxHP-PkgHP-240to759-Ex-EER-9.7/instance-out.sql,0.00,0.00
CZ05/Htl&0&cDXHP&Ex&dxHP_equip/NE-dxHP-PkgHP-240to759-Ex-EER-10.0/instance-out.sql,0.00,0.00
CZ06/Htl&0&cDXHP&Ex&dxHP_equip/NE-dxHP-PkgHP-65to134-Ex-EER-11.0/instance-out.sql,0.00,0.00
CZ06/Htl&0&cDXHP&Ex&dxHP_equip/NE-dxHP-PkgHP-65to134-Ex-EER-11.5/instance-out.sql,0.00,0.00
CZ06/Htl&0&cDXHP&Ex&dxHP_equip/NE-dxHP-PkgHP-65to134-Ex-EER-12.0/instance-out.sql,0.00,0.00
CZ06/Htl&0&cDXHP&Ex&dxHP_equip/NE-dxHP-PkgHP-135to239-Ex-EER-10.4/instance-out.sql,0.00,0.00
CZ06/Htl&0&cDXHP&Ex&dxHP_equip/NE-dxHP-PkgHP-135to239-Ex-EER-10.8/instance-out.sql,0.00,0.00
CZ06/Htl&0&cDXHP&Ex&dxHP_equip/NE-dxHP-PkgHP-135to239-Ex-EER-12.0/instance-out.sql,0.00,0.00
CZ06/Htl&0&cDXHP&Ex&dxHP_equip/NE-dxHP-PkgHP-240to759-Ex-EER-9.3/instance-out.sql,0.00,0.00
CZ06/Htl&0&cDXHP&Ex&dxHP_equip/NE-dxHP-PkgHP-240to759-Ex-EER-9.7/instance-out.sql,0.00,0.00
CZ06/Htl&0&cDXHP&Ex&dxHP_equip/NE-dxHP-PkgHP-240to759-Ex-EER-10.0/instance-out.sql,0.00,0.00
CZ07/Htl&0&cDXHP&Ex&dxHP_equip/NE-dxHP-PkgHP-65to134-Ex-EER-11.0/instance-out.sql,0.00,0.00
CZ07/Htl&0&cDXHP&Ex&dxHP_equip/NE-dxHP-PkgHP-65to134-Ex-EER-11.5/instance-out.sql,0.00,0.00
CZ07/Htl&0&cDXHP&Ex&dxHP_equip/NE-dxHP-PkgHP-65to134-Ex-EER-12.0/instance-out.sql,0.00,0.00
CZ07/Htl&0&cDXHP&Ex&dxHP_equip/NE-dxHP-PkgHP-135to239-Ex-EER-10.4/instance-out.sql,0.00,0.00
CZ07/Htl&0&cDXHP&Ex&dxHP_equip/NE-dxHP-PkgHP-135to239-Ex-EER-10.8/instance-out.sql,0.00,0.00
CZ07/Htl&0&cDXHP&Ex&dxHP_equip/NE-dxHP-PkgHP-135to239-Ex-EER-12.0/instance-out.sql,0.00,0.00
CZ07/Htl&0&cDXHP&Ex&dxHP_equip/NE-dxHP-PkgHP-240to759-Ex-EER-9.3/instance-out.sql,0.00,0.00
CZ07/Htl&0&cDXHP&Ex&dxHP_equip/NE-dxHP-PkgHP-240to759-Ex-EER-9.7/instance-out.sql,0.00,0.00
CZ07/Htl&0&cDXHP&Ex&dxHP_equip/NE-dxHP-PkgHP-240to759-Ex-EER-10.0/instance-out.sql,0.00,0.00
CZ08/Htl&0&cDXHP&Ex&dxHP_equip/NE-dxHP-PkgHP-65to134-Ex-EER-11.0/instance-out.sql,0.00,0.00
CZ08/Htl&0&cDXHP&Ex&dxHP_equip/NE-dxHP-PkgHP-65to134-Ex-EER-11.5/instance-out.sql,0.00,0.00
CZ08/Htl&0&cDXHP&Ex&dxHP_equip/NE-dxHP-PkgHP-65to134-Ex-EER-12.0/instance-out.sql,0.00,0.00
CZ08/Htl&0&cDXHP&Ex&dxHP_equip/NE-dxHP-PkgHP-135to239-Ex-EER-10.4/instance-out.sql,0.00,0.00
CZ08/Htl&0&cDXHP&Ex&dxHP_equip/NE-dxHP-PkgHP-135to239-Ex-EER-10.8/instance-out.sql,0.00,0.00
CZ08/Htl&0&cDXHP&Ex&dxHP_equip/NE-dxHP-PkgHP-135to239-Ex-EER-12.0/instance-out.sql,0.00,0.00
CZ08/Htl&0&cDXHP&Ex&dxHP_equip/NE-dxHP-PkgHP-240to759-Ex-EER-9.3/instance-out.sql,0.00,0.00
CZ08/Htl&0&cDXHP&Ex&dxHP_equip/NE-dxHP-PkgHP-240to759-Ex-EER-9.7/instance-out.sql,0.00,0.00
CZ08/Htl&0&cDXHP&Ex&dxHP_equip/NE-dxHP-PkgHP-240to759-Ex-EER-10.0/instance-out.sql,0.00,0.00
CZ09/Htl&0&cDXHP&Ex&dxHP_equip/NE-dxHP-PkgHP-65to134-Ex-EER-11.0/instance-out.sql,0.00,0.00
CZ09/Htl&0&cDXHP&Ex&dxHP_equip/NE-dxHP-PkgHP-65to134-Ex-EER-11.5/instance-out.sql,0.00,0.00
CZ09/Htl&0&cDXHP&Ex&dxHP_equip/NE-dxHP-PkgHP-65to134-Ex-EER-12.0/instance-out.sql,0.00,0.00
CZ09/Htl&0&cDXHP&Ex&dxHP_equip/NE-dxHP-PkgHP-135to239-Ex-EER-10.4/instance-out.sql,0.00,0.00
CZ09/Htl&0&cDXHP&Ex&dxHP_equip/NE-dxHP-PkgHP-135to239-Ex-EER-10.8/instance-out.sql,0.00,0.00
CZ09/Htl&0&cDXHP&Ex&dxHP_equip/NE-dxHP-PkgHP-135to239-Ex-EER-12.0/instance-out.sql,0.00,0.00
CZ09/Htl&0&cDXHP&Ex&dxHP_equip/NE-dxHP-PkgHP-240to759-Ex-EER-9.3/instance-out.sql,0.00,0.00
CZ09/Htl&0&cDXHP&Ex&dxHP_equip/NE-dxHP-PkgHP-240to759-Ex-EER-9.7/instance-out.sql,0.00,0.00
CZ09/Htl&0&cDXHP&Ex&dxHP_equip/NE-dxHP-PkgHP-240to759-Ex-EER-10.0/instance-out.sql,0.00,0.00
CZ10/Htl&0&cDXHP&Ex&dxHP_equip/NE-dxHP-PkgHP-65to134-Ex-EER-11.0/instance-out.sql,0.00,0.00
CZ10/Htl&0&cDXHP&Ex&dxHP_equip/NE-dxHP-PkgHP-65to134-Ex-EER-11.5/instance-out.sql,0.00,0.00
CZ10/Htl&0&cDXHP&Ex&dxHP_equip/NE-dxHP-PkgHP-65to134-Ex-EER-12.0/instance-out.sql,0.00,0.00
CZ10/Htl&0&cDXHP&Ex&dxHP_equip/NE-dxHP-PkgHP-135to239-Ex-EER-10.4/instance-out.sql,0.00,0.00
CZ10/Htl&0&cDXHP&Ex&dxHP_equip/NE-dxHP-PkgHP-135to239-Ex-EER-10.8/instance-out.sql,0.00,0.00
CZ10/Htl&0&cDXHP&Ex&dxHP_equip/NE-dxHP-PkgHP-135to239-Ex-EER-12.0/instance-out.sql,0.00,0.00
CZ10/Htl&0&cDXHP&Ex&dxHP_equip/NE-dxHP-PkgHP-240to759-Ex-EER-9.3/instance-out.sql,0.00,0.00
CZ10/Htl&0&cDXHP&Ex&dxHP_equip/NE-dxHP-PkgHP-240to759-Ex-EER-9.7/instance-out.sql,0.00,0.00
CZ10/Htl&0&cDXHP&Ex&dxHP_equip/NE-dxHP-PkgHP-240to759-Ex-EER-10.0/instance-out.sql,0.00,0.00
CZ11/Htl&0&cDXHP&Ex&dxHP_equip/NE-dxHP-PkgHP-65to134-Ex-EER-11.0/instance-out.sql,0.00,0.00
CZ11/Htl&0&cDXHP&Ex&dxHP_equip/NE-dxHP-PkgHP-65to134-Ex-EER-11.5/instance-out.sql,0.00,0.00
CZ11/Htl&0&cDXHP&Ex&dxHP_equip/NE-dxHP-PkgHP-65to134-Ex-EER-12.0/instance-out.sql,0.00,0.00
CZ11/Htl&0&cDXHP&Ex&dxHP_equip/NE-dxHP-PkgHP-135to239-Ex-EER-10.4/instance-out.sql,0.00,0.00
CZ11/Htl&0&cDXHP&Ex&dxHP_equip/NE-dxHP-PkgHP-135to239-Ex-EER-10.8/instance-out.sql,0.00,0.00
CZ11/Htl&0&cDXHP&Ex&dxHP_equip/NE-dxHP-PkgHP-135to239-Ex-EER-12.0/instance-out.sql,0.00,0.00
CZ11/Htl&0&cDXHP&Ex&dxHP_equip/NE-dxHP-PkgHP-240to759-Ex-EER-9.3/instance-out.sql,0.00,0.00
CZ11/Htl&0&cDXHP&Ex&dxHP_equip/NE-dxHP-PkgHP-240to759-Ex-EER-9.7/instance-out.sql,0.00,0.00
CZ11/Htl&0&cDXHP&Ex&dxHP_equip/NE-dxHP-PkgHP-240to759-Ex-EER-10.0/instance-out.sql,0.00,0.00
CZ12/Htl&0&cDXHP&Ex&dxHP_equip/NE-dxHP-PkgHP-65to134-Ex-EER-11.0/instance-out.sql,0.00,0.00
CZ12/Htl&0&cDXHP&Ex&dxHP_equip/NE-dxHP-PkgHP-65to134-Ex-EER-11.5/instance-out.sql,0.00,0.00
CZ12/Htl&0&cDXHP&Ex&dxHP_equip/NE-dxHP-PkgHP-65to134-Ex-EER-12.0/instance-out.sql,0.00,0.00
CZ12/Htl&0&cDXHP&Ex&dxHP_equip/NE-dxHP-PkgHP-135to239-Ex-EER-10.4/instance-out.sql,0.00,0.00
CZ12/Htl&0&cDXHP&Ex&dxHP_equip/NE-dxHP-PkgHP-135to239-Ex-EER-10.8/instance-out.sql,0.00,0.00
CZ12/Htl&0&cDXHP&Ex&dxHP_equip/NE-dxHP-PkgHP-135to239-Ex-EER-12.0/instance-out.sql,0.00,0.00
CZ12/Htl&0&cDXHP&Ex&dxHP_equip/NE-dxHP-PkgHP-240to759-Ex-EER-9.3/instance-out.sql,0.00,0.00
CZ12/Htl&0&cDXHP&Ex&dxHP_equip/NE-dxHP-PkgHP-240to759-Ex-EER-9.7/instance-out.sql,0.00,0.00
CZ12/Htl&0&cDXHP&Ex&dxHP_equip/NE-dxHP-PkgHP-240to759-Ex-EER-10.0/instance-out.sql,0.00,0.00
CZ13/Htl&0&cDXHP&Ex&dxHP_equip/NE-dxHP-PkgHP-65to134-Ex-EER-11.0/instance-out.sql,0.00,0.00
CZ13/Htl&0&cDXHP&Ex&dxHP_equip/NE-dxHP-PkgHP-65to134-Ex-EER-11.5/instance-out.sql,0.00,0.00
CZ13/Htl&0&cDXHP&Ex&dxHP_equip/NE-dxHP-PkgHP-65to134-Ex-EER-12.0/instance-out.sql,0.00,0.00
CZ13/Htl&0&cDXHP&Ex&dxHP_equip/NE-dxHP-PkgHP-135to239-Ex-EER-10.4/instance-out.sql,0.00,0.00
CZ13/Htl&0&cDXHP&Ex&dxHP_equip/NE-dxHP-PkgHP-135to239-Ex-EER-10.8/instance-out.sql,0.00,0.00
CZ13/Htl&0&cDXHP&Ex&dxHP_equip/NE-dxHP-PkgHP-135to239-Ex-EER-12.0/instance-out.sql,0.00,0.00
CZ13/Htl&0&cDXHP&Ex&dxHP_equip/NE-dxHP-PkgHP-240to759-Ex-EER-9.3/instance-out.sql,0.00,0.00
CZ13/Htl&0&cDXHP&Ex&dxHP_equip/NE-dxHP-PkgHP-240to759-Ex-EER-9.7/instance-out.sql,0.00,0.00
CZ13/Htl&0&cDXHP&Ex&dxHP_equip/NE-dxHP-PkgHP-240to759-Ex-EER-10.0/instance-out.sql,0.00,0.00
CZ14/Htl&0&cDXHP&Ex&dxHP_equip/NE-dxHP-PkgHP-65to134-Ex-EER-11.0/instance-out.sql,0.00,0.00
CZ14/Htl&0&cDXHP&Ex&dxHP_equip/NE-dxHP-PkgHP-65to134-Ex-EER-11.5/instance-out.sql,0.00,0.00
CZ14/Htl&0&cDXHP&Ex&dxHP_equip/NE-dxHP-PkgHP-65to134-Ex-EER-12.0/instance-out.sql,0.00,0.00
CZ14/Htl&0&cDXHP&Ex&dxHP_equip/NE-dxHP-PkgHP-135to239-Ex-EER-10.4/instance-out.sql,0.00,0.00
CZ14/Htl&0&cDXHP&Ex&dxHP_equip/NE-dxHP-PkgHP-135to239-Ex-EER-10.8/instance-out.sql,0.00,0.00
CZ14/Htl&0&cDXHP&Ex&dxHP_equip/NE-dxHP-PkgHP-135to239-Ex-EER-12.0/instance-out.sql,0.00,0.00
CZ14/Htl&0&cDXHP&Ex&dxHP_equip/NE-dxHP-PkgHP-240to759-Ex-EER-9.3/instance-out.sql,0.00,0.00
CZ14/Htl&0&cDXHP&Ex&dxHP_equip/NE-dxHP-PkgHP-240to759-Ex-EER-9.7/instance-out.sql,0.00,0.00
CZ14/Htl&0&cDXHP&Ex&dxHP_equip/NE-dxHP-PkgHP-240to759-Ex-EER-10.0/instance-out.sql,0.00,0.00
CZ15/Htl&0&cDXHP&Ex&dxHP_equip/NE-dxHP-PkgHP-65to134-Ex-EER-11.0/instance-out.sql,0.00,0.00
CZ15/Htl&0&cDXHP&Ex&dxHP_equip/NE-dxHP-PkgHP-65to134-Ex-EER-11.5/instance-out.sql,0.00,0.00
CZ15/Htl&0&cDXHP&Ex&dxHP_equip/NE-dxHP-PkgHP-65to134-Ex-EER-12.0/instance-out.sql,0.00,0.00
CZ15/Htl&0&cDXHP&Ex&dxHP_equip/NE-dxHP-PkgHP-135to239-Ex-EER-10.4/instance-out.sql,0.00,0.00
CZ15/Htl&0&cDXHP&Ex&dxHP_equip/NE-dxHP-PkgHP-135to239-Ex-EER-10.8/instance-out.sql,0.00,0.00
CZ15/Htl&0&cDXHP&Ex&dxHP_equip/NE-dxHP-PkgHP-135to239-Ex-EER-12.0/instance-out.sql,0.00,0.00
CZ15/Htl&0&cDXHP&Ex&dxHP_equip/NE-dxHP-PkgHP-240to759-Ex-EER-9.3/instance-out.sql,0.00,0.00
CZ15/Htl&0&cDXHP&Ex&dxHP_equip/NE-dxHP-PkgHP-240to759-Ex-EER-9.7/instance-out.sql,0.00,0.00
CZ15/Htl&0&cDXHP&Ex&dxHP_equip/NE-dxHP-PkgHP-240to759-Ex-EER-10.0/instance-out.sql,0.00,0.00
CZ16/Htl&0&cDXHP&Ex&dxHP_equip/NE-dxHP-PkgHP-65to134-Ex-EER-11.0/instance-out.sql,1.33,0.00
CZ16/Htl&0&cDXHP&Ex&dxHP_equip/NE-dxHP-PkgHP-65to134-Ex-EER-11.5/instance-out.sql,1.33,0.00
CZ16/Htl&0&cDXHP&Ex&dxHP_equip/NE-dxHP-PkgHP-65to134-Ex-EER-12.0/instance-out.sql,1.33,0.00
CZ16/Htl&0&cDXHP&Ex&dxHP_equip/NE-dxHP-PkgHP-135to239-Ex-EER-10.4/instance-out.sql,1.33,0.00
CZ16/Htl&0&cDXHP&Ex&dxHP_equip/NE-dxHP-PkgHP-135to239-Ex-EER-10.8/instance-out.sql,1.33,0.00
CZ16/Htl&0&cDXHP&Ex&dxHP_equip/NE-dxHP-PkgHP-135to239-Ex-EER-12.0/instance-out.sql,1.33,0.00
CZ16/Htl&0&cDXHP&Ex&dxHP_equip/NE-dxHP-PkgHP-240to759-Ex-EER-9.3/instance-out.sql,1.33,0.00
CZ16/Htl&0&cDXHP&Ex&dxHP_equip/NE-dxHP-PkgHP-240to759-Ex-EER-9.7/instance-out.sql,1.33,0.00
CZ16/Htl&0&cDXHP&Ex&dxHP_equip/NE-dxHP-PkgHP-240to759-Ex-EER-10.0/instance-out.sql,1.33,0.00

