skip,climate,hz_cz,weather_file,climate_zone,codes_file
,CZ01,,CA_EUREKA_725940S_CZ2022.epw,1,T24_2022_SFm.csv
,CZ02,,CA_NAPA-CO_724955S_CZ2022.epw,2,T24_2022_SFm.csv
,CZ03,,CA_OAKLAND-METRO-AP_724930S_CZ2022.epw,3,T24_2022_SFm.csv
,CZ04,,CA_SAN-JOSE-IAP_724945S_CZ2022.epw,4,T24_2022_SFm.csv
,CZ05,,CA_SANTA-MARIA-PUBLIC-AP_723940S_CZ2022.epw,5,T24_2022_SFm.csv
,CZ06,,CA_LOS-ANGELES-IAP_722950S_CZ2022.epw,6,T24_2022_SFm.csv
,CZ07,,CA_SAN-DIEGO-LINDBERGH-FLD_722900S_CZ2022.epw,7,T24_2022_SFm.csv
,CZ08,,CA_LONG-BEACH-DAUGHERTY-FLD_722970S_CZ2022.epw,8,T24_2022_SFm.csv
,CZ09,,CA_LOS-ANGELES-DOWNTOWN-USC_722874S_CZ2022.epw,9,T24_2022_SFm.csv
,CZ10,,CA_RIVERSIDE-MUNI_722869S_CZ2022.epw,10,T24_2022_SFm.csv
,CZ11,,CA_RED-BLUFF-MUNI-AP_725910S_CZ2022.epw,11,T24_2022_SFm.csv
,CZ12,,CA_STOCKTON-METRO-AP_724920S_CZ2022.epw,12,T24_2022_SFm.csv
,CZ13,,CA_FRESNO-YOSEMITE-IAP_723890S_CZ2022.epw,13,T24_2022_SFm.csv
,CZ14,,CA_DAGGETT-BARSTOW-AP_723815S_CZ2022.epw,14,T24_2022_SFm.csv
,CZ15,,CA_EL-CENTRO-NAF_722810S_CZ2022.epw,15,T24_2022_SFm.csv
,CZ16,,CA_BISHOP-AP_724800S_CZ2022.epw,16,T24_2022_SFm.csv
