File Name,Net Site EUI (kWh/m2),Net Site Energy (kWh),Net Source EUI (kWh/m2),Net Source Energy (kWh)
CZ01/Htl&0&cDXGF&Ex&dxAC_equip/NE-dxAC-PkgAC-65to134-Ex-EER-11.0/instance-out.sql,43.84,558424.75,132.57,1688763.55
CZ01/Htl&0&cDXGF&Ex&dxAC_equip/NE-dxAC-PkgAC-65to134-Ex-EER-12.0/instance-out.sql,43.83,558325.75,132.54,1688432.88
CZ01/Htl&0&cDXGF&Ex&dxAC_equip/NE-dxAC-PkgAC-65to134-Ex-EER-13.0/instance-out.sql,43.83,558305.04,132.54,1688363.72
CZ01/Htl&0&cDXGF&Ex&dxAC_equip/NE-dxAC-PkgAC-135to240-Ex-EER-10.8/instance-out.sql,43.84,558423.78,132.57,1688760.31
CZ01/Htl&0&cDXGF&Ex&dxAC_equip/NE-dxAC-PkgAC-135to240-Ex-EER-12.0/instance-out.sql,43.83,558320.63,132.54,1688415.79
CZ01/Htl&0&cDXGF&Ex&dxAC_equip/NE-dxAC-PkgAC-135to240-Ex-EER-12.5/instance-out.sql,43.83,558310.03,132.54,1688380.38
CZ02/Htl&0&cDXGF&Ex&dxAC_equip/NE-dxAC-PkgAC-65to134-Ex-EER-11.0/instance-out.sql,48.54,618269.08,150.99,1923427.91
CZ02/Htl&0&cDXGF&Ex&dxAC_equip/NE-dxAC-PkgAC-65to134-Ex-EER-12.0/instance-out.sql,47.99,611383.55,149.19,1900430.25
CZ02/Htl&0&cDXGF&Ex&dxAC_equip/NE-dxAC-PkgAC-65to134-Ex-EER-13.0/instance-out.sql,47.88,609943.30,148.81,1895619.81
CZ02/Htl&0&cDXGF&Ex&dxAC_equip/NE-dxAC-PkgAC-135to240-Ex-EER-10.8/instance-out.sql,48.53,618201.60,150.97,1923202.53
CZ02/Htl&0&cDXGF&Ex&dxAC_equip/NE-dxAC-PkgAC-135to240-Ex-EER-12.0/instance-out.sql,47.97,611027.71,149.09,1899241.76
CZ02/Htl&0&cDXGF&Ex&dxAC_equip/NE-dxAC-PkgAC-135to240-Ex-EER-12.5/instance-out.sql,47.91,610290.34,148.90,1896778.92
CZ03/Htl&0&cDXGF&Ex&dxAC_equip/NE-dxAC-PkgAC-65to134-Ex-EER-11.0/instance-out.sql,45.75,582807.03,144.04,1834901.61
CZ03/Htl&0&cDXGF&Ex&dxAC_equip/NE-dxAC-PkgAC-65to134-Ex-EER-12.0/instance-out.sql,45.52,579832.18,143.26,1824965.59
CZ03/Htl&0&cDXGF&Ex&dxAC_equip/NE-dxAC-PkgAC-65to134-Ex-EER-13.0/instance-out.sql,45.47,579209.92,143.10,1822887.26
CZ03/Htl&0&cDXGF&Ex&dxAC_equip/NE-dxAC-PkgAC-135to240-Ex-EER-10.8/instance-out.sql,45.75,582777.88,144.04,1834804.23
CZ03/Htl&0&cDXGF&Ex&dxAC_equip/NE-dxAC-PkgAC-135to240-Ex-EER-12.0/instance-out.sql,45.51,579678.44,143.22,1824452.11
CZ03/Htl&0&cDXGF&Ex&dxAC_equip/NE-dxAC-PkgAC-135to240-Ex-EER-12.5/instance-out.sql,45.48,579359.86,143.14,1823388.05
CZ04/Htl&0&cDXGF&Ex&dxAC_equip/NE-dxAC-PkgAC-65to134-Ex-EER-11.0/instance-out.sql,48.84,622198.28,154.78,1971655.07
CZ04/Htl&0&cDXGF&Ex&dxAC_equip/NE-dxAC-PkgAC-65to134-Ex-EER-12.0/instance-out.sql,48.18,613716.96,152.55,1943327.46
CZ04/Htl&0&cDXGF&Ex&dxAC_equip/NE-dxAC-PkgAC-65to134-Ex-EER-13.0/instance-out.sql,48.04,611942.92,152.09,1937402.15
CZ04/Htl&0&cDXGF&Ex&dxAC_equip/NE-dxAC-PkgAC-135to240-Ex-EER-10.8/instance-out.sql,48.84,622115.17,154.76,1971377.46
CZ04/Htl&0&cDXGF&Ex&dxAC_equip/NE-dxAC-PkgAC-135to240-Ex-EER-12.0/instance-out.sql,48.14,613278.66,152.44,1941863.52
CZ04/Htl&0&cDXGF&Ex&dxAC_equip/NE-dxAC-PkgAC-135to240-Ex-EER-12.5/instance-out.sql,48.07,612370.39,152.20,1938829.89
CZ05/Htl&0&cDXGF&Ex&dxAC_equip/NE-dxAC-PkgAC-65to134-Ex-EER-11.0/instance-out.sql,45.89,584600.36,145.05,1847677.94
CZ05/Htl&0&cDXGF&Ex&dxAC_equip/NE-dxAC-PkgAC-65to134-Ex-EER-12.0/instance-out.sql,45.55,580221.80,143.90,1833053.56
CZ05/Htl&0&cDXGF&Ex&dxAC_equip/NE-dxAC-PkgAC-65to134-Ex-EER-13.0/instance-out.sql,45.48,579305.94,143.66,1829994.56
CZ05/Htl&0&cDXGF&Ex&dxAC_equip/NE-dxAC-PkgAC-135to240-Ex-EER-10.8/instance-out.sql,45.89,584557.45,145.03,1847534.62
CZ05/Htl&0&cDXGF&Ex&dxAC_equip/NE-dxAC-PkgAC-135to240-Ex-EER-12.0/instance-out.sql,45.53,579995.52,143.84,1832297.78
CZ05/Htl&0&cDXGF&Ex&dxAC_equip/NE-dxAC-PkgAC-135to240-Ex-EER-12.5/instance-out.sql,45.49,579526.62,143.72,1830731.65
CZ06/Htl&0&cDXGF&Ex&dxAC_equip/NE-dxAC-PkgAC-65to134-Ex-EER-11.0/instance-out.sql,48.01,611631.85,153.62,1956842.27
CZ06/Htl&0&cDXGF&Ex&dxAC_equip/NE-dxAC-PkgAC-65to134-Ex-EER-12.0/instance-out.sql,47.43,604224.40,151.67,1932101.39
CZ06/Htl&0&cDXGF&Ex&dxAC_equip/NE-dxAC-PkgAC-65to134-Ex-EER-13.0/instance-out.sql,47.31,602674.98,151.27,1926926.32
CZ06/Htl&0&cDXGF&Ex&dxAC_equip/NE-dxAC-PkgAC-135to240-Ex-EER-10.8/instance-out.sql,48.01,611559.26,153.60,1956599.81
CZ06/Htl&0&cDXGF&Ex&dxAC_equip/NE-dxAC-PkgAC-135to240-Ex-EER-12.0/instance-out.sql,47.40,603841.59,151.57,1930822.81
CZ06/Htl&0&cDXGF&Ex&dxAC_equip/NE-dxAC-PkgAC-135to240-Ex-EER-12.5/instance-out.sql,47.34,603048.32,151.37,1928173.29
CZ07/Htl&0&cDXGF&Ex&dxAC_equip/NE-dxAC-PkgAC-65to134-Ex-EER-11.0/instance-out.sql,48.32,615545.62,154.68,1970406.76
CZ07/Htl&0&cDXGF&Ex&dxAC_equip/NE-dxAC-PkgAC-65to134-Ex-EER-12.0/instance-out.sql,47.54,605647.02,152.09,1937345.44
CZ07/Htl&0&cDXGF&Ex&dxAC_equip/NE-dxAC-PkgAC-65to134-Ex-EER-13.0/instance-out.sql,47.38,603576.52,151.54,1930429.98
CZ07/Htl&0&cDXGF&Ex&dxAC_equip/NE-dxAC-PkgAC-135to240-Ex-EER-10.8/instance-out.sql,48.31,615448.61,154.66,1970082.75
CZ07/Htl&0&cDXGF&Ex&dxAC_equip/NE-dxAC-PkgAC-135to240-Ex-EER-12.0/instance-out.sql,47.50,605135.47,151.95,1935636.87
CZ07/Htl&0&cDXGF&Ex&dxAC_equip/NE-dxAC-PkgAC-135to240-Ex-EER-12.5/instance-out.sql,47.42,604075.42,151.67,1932096.31
CZ08/Htl&0&cDXGF&Ex&dxAC_equip/NE-dxAC-PkgAC-65to134-Ex-EER-11.0/instance-out.sql,50.54,643825.58,161.96,2063143.81
CZ08/Htl&0&cDXGF&Ex&dxAC_equip/NE-dxAC-PkgAC-65to134-Ex-EER-12.0/instance-out.sql,49.58,631641.71,158.77,2022449.69
CZ08/Htl&0&cDXGF&Ex&dxAC_equip/NE-dxAC-PkgAC-65to134-Ex-EER-13.0/instance-out.sql,49.38,629093.20,158.10,2013937.67
CZ08/Htl&0&cDXGF&Ex&dxAC_equip/NE-dxAC-PkgAC-135to240-Ex-EER-10.8/instance-out.sql,50.53,643706.18,161.93,2062745.01
CZ08/Htl&0&cDXGF&Ex&dxAC_equip/NE-dxAC-PkgAC-135to240-Ex-EER-12.0/instance-out.sql,49.54,631012.06,158.60,2020346.66
CZ08/Htl&0&cDXGF&Ex&dxAC_equip/NE-dxAC-PkgAC-135to240-Ex-EER-12.5/instance-out.sql,49.43,629707.29,158.26,2015988.70
CZ09/Htl&0&cDXGF&Ex&dxAC_equip/NE-dxAC-PkgAC-65to134-Ex-EER-11.0/instance-out.sql,52.10,663666.51,167.26,2130593.92
CZ09/Htl&0&cDXGF&Ex&dxAC_equip/NE-dxAC-PkgAC-65to134-Ex-EER-12.0/instance-out.sql,51.00,649603.85,163.57,2083624.62
CZ09/Htl&0&cDXGF&Ex&dxAC_equip/NE-dxAC-PkgAC-65to134-Ex-EER-13.0/instance-out.sql,50.76,646662.35,162.80,2073800.02
CZ09/Htl&0&cDXGF&Ex&dxAC_equip/NE-dxAC-PkgAC-135to240-Ex-EER-10.8/instance-out.sql,52.09,663528.70,167.22,2130133.61
CZ09/Htl&0&cDXGF&Ex&dxAC_equip/NE-dxAC-PkgAC-135to240-Ex-EER-12.0/instance-out.sql,50.94,648877.11,163.38,2081197.30
CZ09/Htl&0&cDXGF&Ex&dxAC_equip/NE-dxAC-PkgAC-135to240-Ex-EER-12.5/instance-out.sql,50.82,647371.13,162.98,2076167.33
CZ10/Htl&0&cDXGF&Ex&dxAC_equip/NE-dxAC-PkgAC-65to134-Ex-EER-11.0/instance-out.sql,54.37,692537.24,174.17,2218669.45
CZ10/Htl&0&cDXGF&Ex&dxAC_equip/NE-dxAC-PkgAC-65to134-Ex-EER-12.0/instance-out.sql,52.83,673012.24,169.05,2153455.93
CZ10/Htl&0&cDXGF&Ex&dxAC_equip/NE-dxAC-PkgAC-65to134-Ex-EER-13.0/instance-out.sql,52.51,668928.18,167.98,2139815.17
CZ10/Htl&0&cDXGF&Ex&dxAC_equip/NE-dxAC-PkgAC-135to240-Ex-EER-10.8/instance-out.sql,54.35,692345.90,174.12,2218030.36
CZ10/Htl&0&cDXGF&Ex&dxAC_equip/NE-dxAC-PkgAC-135to240-Ex-EER-12.0/instance-out.sql,52.75,672003.21,168.79,2150085.77
CZ10/Htl&0&cDXGF&Ex&dxAC_equip/NE-dxAC-PkgAC-135to240-Ex-EER-12.5/instance-out.sql,52.59,669912.26,168.24,2143102.01
CZ11/Htl&0&cDXGF&Ex&dxAC_equip/NE-dxAC-PkgAC-65to134-Ex-EER-11.0/instance-out.sql,57.59,733619.06,180.66,2301367.94
CZ11/Htl&0&cDXGF&Ex&dxAC_equip/NE-dxAC-PkgAC-65to134-Ex-EER-12.0/instance-out.sql,55.91,712151.61,175.03,2229666.65
CZ11/Htl&0&cDXGF&Ex&dxAC_equip/NE-dxAC-PkgAC-65to134-Ex-EER-13.0/instance-out.sql,55.55,707661.25,173.86,2214668.83
CZ11/Htl&0&cDXGF&Ex&dxAC_equip/NE-dxAC-PkgAC-135to240-Ex-EER-10.8/instance-out.sql,57.57,733408.68,180.61,2300665.26
CZ11/Htl&0&cDXGF&Ex&dxAC_equip/NE-dxAC-PkgAC-135to240-Ex-EER-12.0/instance-out.sql,55.82,711042.20,174.74,2225961.20
CZ11/Htl&0&cDXGF&Ex&dxAC_equip/NE-dxAC-PkgAC-135to240-Ex-EER-12.5/instance-out.sql,55.64,708743.23,174.14,2218282.66
CZ12/Htl&0&cDXGF&Ex&dxAC_equip/NE-dxAC-PkgAC-65to134-Ex-EER-11.0/instance-out.sql,53.76,684764.37,168.12,2141619.36
CZ12/Htl&0&cDXGF&Ex&dxAC_equip/NE-dxAC-PkgAC-65to134-Ex-EER-12.0/instance-out.sql,52.45,668089.98,163.75,2085926.89
CZ12/Htl&0&cDXGF&Ex&dxAC_equip/NE-dxAC-PkgAC-65to134-Ex-EER-13.0/instance-out.sql,52.17,664602.19,162.83,2074277.66
CZ12/Htl&0&cDXGF&Ex&dxAC_equip/NE-dxAC-PkgAC-135to240-Ex-EER-10.8/instance-out.sql,53.74,684600.96,168.08,2141073.57
CZ12/Htl&0&cDXGF&Ex&dxAC_equip/NE-dxAC-PkgAC-135to240-Ex-EER-12.0/instance-out.sql,52.38,667228.27,163.52,2083048.77
CZ12/Htl&0&cDXGF&Ex&dxAC_equip/NE-dxAC-PkgAC-135to240-Ex-EER-12.5/instance-out.sql,52.24,665442.59,163.05,2077084.63
CZ13/Htl&0&cDXGF&Ex&dxAC_equip/NE-dxAC-PkgAC-65to134-Ex-EER-11.0/instance-out.sql,57.93,737953.21,183.39,2336150.77
CZ13/Htl&0&cDXGF&Ex&dxAC_equip/NE-dxAC-PkgAC-65to134-Ex-EER-12.0/instance-out.sql,56.10,714644.86,177.28,2258300.89
CZ13/Htl&0&cDXGF&Ex&dxAC_equip/NE-dxAC-PkgAC-65to134-Ex-EER-13.0/instance-out.sql,55.72,709769.43,176.00,2242016.97
CZ13/Htl&0&cDXGF&Ex&dxAC_equip/NE-dxAC-PkgAC-135to240-Ex-EER-10.8/instance-out.sql,57.91,737724.78,183.33,2335387.84
CZ13/Htl&0&cDXGF&Ex&dxAC_equip/NE-dxAC-PkgAC-135to240-Ex-EER-12.0/instance-out.sql,56.01,713440.31,176.96,2254277.69
CZ13/Htl&0&cDXGF&Ex&dxAC_equip/NE-dxAC-PkgAC-135to240-Ex-EER-12.5/instance-out.sql,55.81,710944.20,176.31,2245940.70
CZ14/Htl&0&cDXGF&Ex&dxAC_equip/NE-dxAC-PkgAC-65to134-Ex-EER-11.0/instance-out.sql,60.72,773500.04,195.13,2485699.54
CZ14/Htl&0&cDXGF&Ex&dxAC_equip/NE-dxAC-PkgAC-65to134-Ex-EER-12.0/instance-out.sql,58.38,743708.25,187.32,2386194.95
CZ14/Htl&0&cDXGF&Ex&dxAC_equip/NE-dxAC-PkgAC-65to134-Ex-EER-13.0/instance-out.sql,57.89,737476.68,185.69,2365381.50
CZ14/Htl&0&cDXGF&Ex&dxAC_equip/NE-dxAC-PkgAC-135to240-Ex-EER-10.8/instance-out.sql,60.70,773208.08,195.06,2484724.39
CZ14/Htl&0&cDXGF&Ex&dxAC_equip/NE-dxAC-PkgAC-135to240-Ex-EER-12.0/instance-out.sql,58.26,742168.64,186.92,2381052.66
CZ14/Htl&0&cDXGF&Ex&dxAC_equip/NE-dxAC-PkgAC-135to240-Ex-EER-12.5/instance-out.sql,58.01,738978.22,186.08,2370396.65
CZ15/Htl&0&cDXGF&Ex&dxAC_equip/NE-dxAC-PkgAC-65to134-Ex-EER-11.0/instance-out.sql,64.83,825784.95,210.03,2675441.88
CZ15/Htl&0&cDXGF&Ex&dxAC_equip/NE-dxAC-PkgAC-65to134-Ex-EER-12.0/instance-out.sql,61.68,785696.49,199.52,2541546.42
CZ15/Htl&0&cDXGF&Ex&dxAC_equip/NE-dxAC-PkgAC-65to134-Ex-EER-13.0/instance-out.sql,61.02,777311.16,197.32,2513539.41
CZ15/Htl&0&cDXGF&Ex&dxAC_equip/NE-dxAC-PkgAC-135to240-Ex-EER-10.8/instance-out.sql,64.79,825392.08,209.92,2674129.70
CZ15/Htl&0&cDXGF&Ex&dxAC_equip/NE-dxAC-PkgAC-135to240-Ex-EER-12.0/instance-out.sql,61.52,783624.76,198.97,2534626.85
CZ15/Htl&0&cDXGF&Ex&dxAC_equip/NE-dxAC-PkgAC-135to240-Ex-EER-12.5/instance-out.sql,61.18,779331.67,197.85,2520287.90
CZ16/Htl&0&cDXGF&Ex&dxAC_equip/NE-dxAC-PkgAC-65to134-Ex-EER-11.0/instance-out.sql,58.39,743834.80,181.28,2309269.59
CZ16/Htl&0&cDXGF&Ex&dxAC_equip/NE-dxAC-PkgAC-65to134-Ex-EER-12.0/instance-out.sql,56.86,724319.74,176.17,2244089.30
CZ16/Htl&0&cDXGF&Ex&dxAC_equip/NE-dxAC-PkgAC-65to134-Ex-EER-13.0/instance-out.sql,56.54,720237.76,175.09,2230455.49
CZ16/Htl&0&cDXGF&Ex&dxAC_equip/NE-dxAC-PkgAC-135to240-Ex-EER-10.8/instance-out.sql,58.38,743643.55,181.23,2308630.82
CZ16/Htl&0&cDXGF&Ex&dxAC_equip/NE-dxAC-PkgAC-135to240-Ex-EER-12.0/instance-out.sql,56.78,723311.23,175.90,2240720.86
CZ16/Htl&0&cDXGF&Ex&dxAC_equip/NE-dxAC-PkgAC-135to240-Ex-EER-12.5/instance-out.sql,56.62,721221.35,175.35,2233740.66

File Name,Total (kWh),Heating (kWh),Cooling (kWh),Interior Lighting (kWh),Exterior Lighting (kWh),Interior Equipment (kWh),Exterior Equipment (kWh),Fans (kWh),Pumps (kWh),Heat Rejection (kWh),Humidification (kWh),Heat Recovery (kWh),Water Systems (kWh),Refrigeration (kWh),Generators (kWh),Heating Elec (kWh),Cooling Elec (kWh),Heating NG (kWh),Cooling NG (kWh),Interior Equipment Elec (kWh),Interior Equipment NG (kWh)
CZ01/Htl&0&cDXGF&Ex&dxAC_equip/NE-dxAC-PkgAC-65to134-Ex-EER-11.0/instance-out.sql,558424.75,38019.57,19191.67,125722.95,0.0,205621.82,0.0,156958.28,0.0,0.0,0.0,0.0,12910.46,0.0,0.0,0.00,19191.67,38019.57,0.00,179632.92,25988.90
CZ01/Htl&0&cDXGF&Ex&dxAC_equip/NE-dxAC-PkgAC-65to134-Ex-EER-12.0/instance-out.sql,558325.74,38019.57,19092.67,125722.95,0.0,205621.82,0.0,156958.28,0.0,0.0,0.0,0.0,12910.46,0.0,0.0,0.00,19092.67,38019.57,0.00,179632.92,25988.90
CZ01/Htl&0&cDXGF&Ex&dxAC_equip/NE-dxAC-PkgAC-65to134-Ex-EER-13.0/instance-out.sql,558305.04,38019.57,19071.96,125722.95,0.0,205621.82,0.0,156958.28,0.0,0.0,0.0,0.0,12910.46,0.0,0.0,0.00,19071.96,38019.57,0.00,179632.92,25988.90
CZ01/Htl&0&cDXGF&Ex&dxAC_equip/NE-dxAC-PkgAC-135to240-Ex-EER-10.8/instance-out.sql,558423.78,38019.57,19190.7,125722.95,0.0,205621.82,0.0,156958.28,0.0,0.0,0.0,0.0,12910.46,0.0,0.0,0.00,19190.70,38019.57,0.00,179632.92,25988.90
CZ01/Htl&0&cDXGF&Ex&dxAC_equip/NE-dxAC-PkgAC-135to240-Ex-EER-12.0/instance-out.sql,558320.63,38019.57,19087.55,125722.95,0.0,205621.82,0.0,156958.28,0.0,0.0,0.0,0.0,12910.46,0.0,0.0,0.00,19087.55,38019.57,0.00,179632.92,25988.90
CZ01/Htl&0&cDXGF&Ex&dxAC_equip/NE-dxAC-PkgAC-135to240-Ex-EER-12.5/instance-out.sql,558310.03,38019.57,19076.95,125722.95,0.0,205621.82,0.0,156958.28,0.0,0.0,0.0,0.0,12910.46,0.0,0.0,0.00,19076.95,38019.57,0.00,179632.92,25988.90
CZ02/Htl&0&cDXGF&Ex&dxAC_equip/NE-dxAC-PkgAC-65to134-Ex-EER-11.0/instance-out.sql,618269.0700000001,23904.71,66667.58,125722.95,0.0,205621.82,0.0,184496.48,0.0,0.0,0.0,0.0,11855.55,0.0,0.0,0.00,66667.58,23904.71,0.00,179632.92,25988.90
CZ02/Htl&0&cDXGF&Ex&dxAC_equip/NE-dxAC-PkgAC-65to134-Ex-EER-12.0/instance-out.sql,611383.55,23904.71,59782.05,125722.95,0.0,205621.82,0.0,184496.48,0.0,0.0,0.0,0.0,11855.55,0.0,0.0,0.00,59782.05,23904.71,0.00,179632.92,25988.90
CZ02/Htl&0&cDXGF&Ex&dxAC_equip/NE-dxAC-PkgAC-65to134-Ex-EER-13.0/instance-out.sql,609943.3,23904.71,58341.8,125722.95,0.0,205621.82,0.0,184496.48,0.0,0.0,0.0,0.0,11855.55,0.0,0.0,0.00,58341.80,23904.71,0.00,179632.92,25988.90
CZ02/Htl&0&cDXGF&Ex&dxAC_equip/NE-dxAC-PkgAC-135to240-Ex-EER-10.8/instance-out.sql,618201.6,23904.71,66600.1,125722.95,0.0,205621.82,0.0,184496.48,0.0,0.0,0.0,0.0,11855.55,0.0,0.0,0.00,66600.10,23904.71,0.00,179632.92,25988.90
CZ02/Htl&0&cDXGF&Ex&dxAC_equip/NE-dxAC-PkgAC-135to240-Ex-EER-12.0/instance-out.sql,611027.7100000001,23904.71,59426.21,125722.95,0.0,205621.82,0.0,184496.48,0.0,0.0,0.0,0.0,11855.55,0.0,0.0,0.00,59426.21,23904.71,0.00,179632.92,25988.90
CZ02/Htl&0&cDXGF&Ex&dxAC_equip/NE-dxAC-PkgAC-135to240-Ex-EER-12.5/instance-out.sql,610290.3300000001,23904.71,58688.84,125722.95,0.0,205621.82,0.0,184496.48,0.0,0.0,0.0,0.0,11855.55,0.0,0.0,0.00,58688.84,23904.71,0.00,179632.92,25988.90
CZ03/Htl&0&cDXGF&Ex&dxAC_equip/NE-dxAC-PkgAC-65to134-Ex-EER-11.0/instance-out.sql,582807.0399999999,10803.63,49868.23,125722.95,0.0,205621.82,0.0,178880.85,0.0,0.0,0.0,0.0,11909.56,0.0,0.0,0.00,49868.23,10803.63,0.00,179632.92,25988.90
CZ03/Htl&0&cDXGF&Ex&dxAC_equip/NE-dxAC-PkgAC-65to134-Ex-EER-12.0/instance-out.sql,579832.1799999999,10803.63,46893.38,125722.95,0.0,205621.82,0.0,178880.85,0.0,0.0,0.0,0.0,11909.56,0.0,0.0,0.00,46893.38,10803.63,0.00,179632.92,25988.90
CZ03/Htl&0&cDXGF&Ex&dxAC_equip/NE-dxAC-PkgAC-65to134-Ex-EER-13.0/instance-out.sql,579209.9299999999,10803.63,46271.12,125722.95,0.0,205621.82,0.0,178880.85,0.0,0.0,0.0,0.0,11909.56,0.0,0.0,0.00,46271.12,10803.63,0.00,179632.92,25988.90
CZ03/Htl&0&cDXGF&Ex&dxAC_equip/NE-dxAC-PkgAC-135to240-Ex-EER-10.8/instance-out.sql,582777.88,10803.63,49839.08,125722.95,0.0,205621.82,0.0,178880.85,0.0,0.0,0.0,0.0,11909.56,0.0,0.0,0.00,49839.08,10803.63,0.00,179632.92,25988.90
CZ03/Htl&0&cDXGF&Ex&dxAC_equip/NE-dxAC-PkgAC-135to240-Ex-EER-12.0/instance-out.sql,579678.44,10803.63,46739.64,125722.95,0.0,205621.82,0.0,178880.85,0.0,0.0,0.0,0.0,11909.56,0.0,0.0,0.00,46739.64,10803.63,0.00,179632.92,25988.90
CZ03/Htl&0&cDXGF&Ex&dxAC_equip/NE-dxAC-PkgAC-135to240-Ex-EER-12.5/instance-out.sql,579359.86,10803.63,46421.06,125722.95,0.0,205621.82,0.0,178880.85,0.0,0.0,0.0,0.0,11909.56,0.0,0.0,0.00,46421.06,10803.63,0.00,179632.92,25988.90
CZ04/Htl&0&cDXGF&Ex&dxAC_equip/NE-dxAC-PkgAC-65to134-Ex-EER-11.0/instance-out.sql,622198.28,9004.54,82437.39,125722.95,0.0,205621.82,0.0,187964.9,0.0,0.0,0.0,0.0,11446.68,0.0,0.0,0.00,82437.39,9004.54,0.00,179632.92,25988.90
CZ04/Htl&0&cDXGF&Ex&dxAC_equip/NE-dxAC-PkgAC-65to134-Ex-EER-12.0/instance-out.sql,613716.96,9004.54,73956.07,125722.95,0.0,205621.82,0.0,187964.9,0.0,0.0,0.0,0.0,11446.68,0.0,0.0,0.00,73956.07,9004.54,0.00,179632.92,25988.90
CZ04/Htl&0&cDXGF&Ex&dxAC_equip/NE-dxAC-PkgAC-65to134-Ex-EER-13.0/instance-out.sql,611942.92,9004.54,72182.03,125722.95,0.0,205621.82,0.0,187964.9,0.0,0.0,0.0,0.0,11446.68,0.0,0.0,0.00,72182.03,9004.54,0.00,179632.92,25988.90
CZ04/Htl&0&cDXGF&Ex&dxAC_equip/NE-dxAC-PkgAC-135to240-Ex-EER-10.8/instance-out.sql,622115.17,9004.54,82354.27,125722.95,0.0,205621.82,0.0,187964.9,0.0,0.0,0.0,0.0,11446.68,0.0,0.0,0.00,82354.27,9004.54,0.00,179632.92,25988.90
CZ04/Htl&0&cDXGF&Ex&dxAC_equip/NE-dxAC-PkgAC-135to240-Ex-EER-12.0/instance-out.sql,613278.66,9004.54,73517.76,125722.95,0.0,205621.82,0.0,187964.9,0.0,0.0,0.0,0.0,11446.68,0.0,0.0,0.00,73517.76,9004.54,0.00,179632.92,25988.90
CZ04/Htl&0&cDXGF&Ex&dxAC_equip/NE-dxAC-PkgAC-135to240-Ex-EER-12.5/instance-out.sql,612370.39,9004.54,72609.49,125722.95,0.0,205621.82,0.0,187964.9,0.0,0.0,0.0,0.0,11446.68,0.0,0.0,0.00,72609.49,9004.54,0.00,179632.92,25988.90
CZ05/Htl&0&cDXGF&Ex&dxAC_equip/NE-dxAC-PkgAC-65to134-Ex-EER-11.0/instance-out.sql,584600.37,7867.82,58239.01,125722.95,0.0,205621.82,0.0,175263.1,0.0,0.0,0.0,0.0,11885.66,0.0,0.0,0.00,58239.01,7867.82,0.00,179632.92,25988.90
CZ05/Htl&0&cDXGF&Ex&dxAC_equip/NE-dxAC-PkgAC-65to134-Ex-EER-12.0/instance-out.sql,580221.81,7867.82,53860.46,125722.95,0.0,205621.82,0.0,175263.1,0.0,0.0,0.0,0.0,11885.66,0.0,0.0,0.00,53860.46,7867.82,0.00,179632.92,25988.90
CZ05/Htl&0&cDXGF&Ex&dxAC_equip/NE-dxAC-PkgAC-65to134-Ex-EER-13.0/instance-out.sql,579305.9400000001,7867.82,52944.59,125722.95,0.0,205621.82,0.0,175263.1,0.0,0.0,0.0,0.0,11885.66,0.0,0.0,0.00,52944.59,7867.82,0.00,179632.92,25988.90
CZ05/Htl&0&cDXGF&Ex&dxAC_equip/NE-dxAC-PkgAC-135to240-Ex-EER-10.8/instance-out.sql,584557.46,7867.82,58196.1,125722.95,0.0,205621.82,0.0,175263.1,0.0,0.0,0.0,0.0,11885.66,0.0,0.0,0.00,58196.10,7867.82,0.00,179632.92,25988.90
CZ05/Htl&0&cDXGF&Ex&dxAC_equip/NE-dxAC-PkgAC-135to240-Ex-EER-12.0/instance-out.sql,579995.53,7867.82,53634.18,125722.95,0.0,205621.82,0.0,175263.1,0.0,0.0,0.0,0.0,11885.66,0.0,0.0,0.00,53634.18,7867.82,0.00,179632.92,25988.90
CZ05/Htl&0&cDXGF&Ex&dxAC_equip/NE-dxAC-PkgAC-135to240-Ex-EER-12.5/instance-out.sql,579526.63,7867.82,53165.27,125722.95,0.0,205621.82,0.0,175263.1,0.0,0.0,0.0,0.0,11885.66,0.0,0.0,0.00,53165.27,7867.82,0.00,179632.92,25988.90
CZ06/Htl&0&cDXGF&Ex&dxAC_equip/NE-dxAC-PkgAC-65to134-Ex-EER-11.0/instance-out.sql,611631.85,545.57,86786.77,125722.95,0.0,205621.82,0.0,181980.23,0.0,0.0,0.0,0.0,10974.52,0.0,0.0,0.00,86786.77,545.57,0.00,179632.92,25988.90
CZ06/Htl&0&cDXGF&Ex&dxAC_equip/NE-dxAC-PkgAC-65to134-Ex-EER-12.0/instance-out.sql,604224.4,545.57,79379.32,125722.95,0.0,205621.82,0.0,181980.23,0.0,0.0,0.0,0.0,10974.52,0.0,0.0,0.00,79379.32,545.57,0.00,179632.92,25988.90
CZ06/Htl&0&cDXGF&Ex&dxAC_equip/NE-dxAC-PkgAC-65to134-Ex-EER-13.0/instance-out.sql,602674.98,545.57,77829.89,125722.95,0.0,205621.82,0.0,181980.23,0.0,0.0,0.0,0.0,10974.52,0.0,0.0,0.00,77829.89,545.57,0.00,179632.92,25988.90
CZ06/Htl&0&cDXGF&Ex&dxAC_equip/NE-dxAC-PkgAC-135to240-Ex-EER-10.8/instance-out.sql,611559.26,545.57,86714.17,125722.95,0.0,205621.82,0.0,181980.23,0.0,0.0,0.0,0.0,10974.52,0.0,0.0,0.00,86714.17,545.57,0.00,179632.92,25988.90
CZ06/Htl&0&cDXGF&Ex&dxAC_equip/NE-dxAC-PkgAC-135to240-Ex-EER-12.0/instance-out.sql,603841.59,545.57,78996.51,125722.95,0.0,205621.82,0.0,181980.23,0.0,0.0,0.0,0.0,10974.52,0.0,0.0,0.00,78996.51,545.57,0.00,179632.92,25988.90
CZ06/Htl&0&cDXGF&Ex&dxAC_equip/NE-dxAC-PkgAC-135to240-Ex-EER-12.5/instance-out.sql,603048.33,545.57,78203.24,125722.95,0.0,205621.82,0.0,181980.23,0.0,0.0,0.0,0.0,10974.52,0.0,0.0,0.00,78203.24,545.57,0.00,179632.92,25988.90
CZ07/Htl&0&cDXGF&Ex&dxAC_equip/NE-dxAC-PkgAC-65to134-Ex-EER-11.0/instance-out.sql,615545.62,471.61,95780.91,125722.95,0.0,205621.82,0.0,177114.64,0.0,0.0,0.0,0.0,10833.69,0.0,0.0,0.00,95780.91,471.61,0.00,179632.92,25988.90
CZ07/Htl&0&cDXGF&Ex&dxAC_equip/NE-dxAC-PkgAC-65to134-Ex-EER-12.0/instance-out.sql,605647.0199999999,471.61,85882.31,125722.95,0.0,205621.82,0.0,177114.64,0.0,0.0,0.0,0.0,10833.69,0.0,0.0,0.00,85882.31,471.61,0.00,179632.92,25988.90
CZ07/Htl&0&cDXGF&Ex&dxAC_equip/NE-dxAC-PkgAC-65to134-Ex-EER-13.0/instance-out.sql,603576.5199999999,471.61,83811.82,125722.95,0.0,205621.82,0.0,177114.64,0.0,0.0,0.0,0.0,10833.69,0.0,0.0,0.00,83811.82,471.61,0.00,179632.92,25988.90
CZ07/Htl&0&cDXGF&Ex&dxAC_equip/NE-dxAC-PkgAC-135to240-Ex-EER-10.8/instance-out.sql,615448.61,471.61,95683.9,125722.95,0.0,205621.82,0.0,177114.64,0.0,0.0,0.0,0.0,10833.69,0.0,0.0,0.00,95683.90,471.61,0.00,179632.92,25988.90
CZ07/Htl&0&cDXGF&Ex&dxAC_equip/NE-dxAC-PkgAC-135to240-Ex-EER-12.0/instance-out.sql,605135.47,471.61,85370.76,125722.95,0.0,205621.82,0.0,177114.64,0.0,0.0,0.0,0.0,10833.69,0.0,0.0,0.00,85370.76,471.61,0.00,179632.92,25988.90
CZ07/Htl&0&cDXGF&Ex&dxAC_equip/NE-dxAC-PkgAC-135to240-Ex-EER-12.5/instance-out.sql,604075.4199999999,471.61,84310.72,125722.95,0.0,205621.82,0.0,177114.64,0.0,0.0,0.0,0.0,10833.69,0.0,0.0,0.00,84310.72,471.61,0.00,179632.92,25988.90
CZ08/Htl&0&cDXGF&Ex&dxAC_equip/NE-dxAC-PkgAC-65to134-Ex-EER-11.0/instance-out.sql,643825.58,1164.94,111782.28,125722.95,0.0,205621.82,0.0,188643.98,0.0,0.0,0.0,0.0,10889.62,0.0,0.0,0.00,111782.28,1164.94,0.00,179632.92,25988.90
CZ08/Htl&0&cDXGF&Ex&dxAC_equip/NE-dxAC-PkgAC-65to134-Ex-EER-12.0/instance-out.sql,631641.71,1164.94,99598.41,125722.95,0.0,205621.82,0.0,188643.98,0.0,0.0,0.0,0.0,10889.62,0.0,0.0,0.00,99598.41,1164.94,0.00,179632.92,25988.90
CZ08/Htl&0&cDXGF&Ex&dxAC_equip/NE-dxAC-PkgAC-65to134-Ex-EER-13.0/instance-out.sql,629093.2,1164.94,97049.9,125722.95,0.0,205621.82,0.0,188643.98,0.0,0.0,0.0,0.0,10889.62,0.0,0.0,0.00,97049.90,1164.94,0.00,179632.92,25988.90
CZ08/Htl&0&cDXGF&Ex&dxAC_equip/NE-dxAC-PkgAC-135to240-Ex-EER-10.8/instance-out.sql,643706.1799999999,1164.94,111662.88,125722.95,0.0,205621.82,0.0,188643.98,0.0,0.0,0.0,0.0,10889.62,0.0,0.0,0.00,111662.88,1164.94,0.00,179632.92,25988.90
CZ08/Htl&0&cDXGF&Ex&dxAC_equip/NE-dxAC-PkgAC-135to240-Ex-EER-12.0/instance-out.sql,631012.0599999999,1164.94,98968.76,125722.95,0.0,205621.82,0.0,188643.98,0.0,0.0,0.0,0.0,10889.62,0.0,0.0,0.00,98968.76,1164.94,0.00,179632.92,25988.90
CZ08/Htl&0&cDXGF&Ex&dxAC_equip/NE-dxAC-PkgAC-135to240-Ex-EER-12.5/instance-out.sql,629707.2799999999,1164.94,97663.98,125722.95,0.0,205621.82,0.0,188643.98,0.0,0.0,0.0,0.0,10889.62,0.0,0.0,0.00,97663.98,1164.94,0.00,179632.92,25988.90
CZ09/Htl&0&cDXGF&Ex&dxAC_equip/NE-dxAC-PkgAC-65to134-Ex-EER-11.0/instance-out.sql,663666.52,852.11,125247.73,125722.95,0.0,205621.82,0.0,195534.69,0.0,0.0,0.0,0.0,10687.22,0.0,0.0,0.00,125247.73,852.11,0.00,179632.92,25988.90
CZ09/Htl&0&cDXGF&Ex&dxAC_equip/NE-dxAC-PkgAC-65to134-Ex-EER-12.0/instance-out.sql,649603.86,852.11,111185.06,125722.95,0.0,205621.82,0.0,195534.69,0.0,0.0,0.0,0.0,10687.22,0.0,0.0,0.00,111185.06,852.11,0.00,179632.92,25988.90
CZ09/Htl&0&cDXGF&Ex&dxAC_equip/NE-dxAC-PkgAC-65to134-Ex-EER-13.0/instance-out.sql,646662.36,852.11,108243.56,125722.95,0.0,205621.82,0.0,195534.69,0.0,0.0,0.0,0.0,10687.22,0.0,0.0,0.00,108243.56,852.11,0.00,179632.92,25988.90
CZ09/Htl&0&cDXGF&Ex&dxAC_equip/NE-dxAC-PkgAC-135to240-Ex-EER-10.8/instance-out.sql,663528.7,852.11,125109.91,125722.95,0.0,205621.82,0.0,195534.69,0.0,0.0,0.0,0.0,10687.22,0.0,0.0,0.00,125109.91,852.11,0.00,179632.92,25988.90
CZ09/Htl&0&cDXGF&Ex&dxAC_equip/NE-dxAC-PkgAC-135to240-Ex-EER-12.0/instance-out.sql,648877.11,852.11,110458.32,125722.95,0.0,205621.82,0.0,195534.69,0.0,0.0,0.0,0.0,10687.22,0.0,0.0,0.00,110458.32,852.11,0.00,179632.92,25988.90
CZ09/Htl&0&cDXGF&Ex&dxAC_equip/NE-dxAC-PkgAC-135to240-Ex-EER-12.5/instance-out.sql,647371.13,852.11,108952.34,125722.95,0.0,205621.82,0.0,195534.69,0.0,0.0,0.0,0.0,10687.22,0.0,0.0,0.00,108952.34,852.11,0.00,179632.92,25988.90
CZ10/Htl&0&cDXGF&Ex&dxAC_equip/NE-dxAC-PkgAC-65to134-Ex-EER-11.0/instance-out.sql,692537.2400000001,4564.43,148431.22,125722.95,0.0,205621.82,0.0,197579.23,0.0,0.0,0.0,0.0,10617.6,0.0,0.0,0.00,148431.22,4564.43,0.00,179632.92,25988.90
CZ10/Htl&0&cDXGF&Ex&dxAC_equip/NE-dxAC-PkgAC-65to134-Ex-EER-12.0/instance-out.sql,673012.2400000001,4564.43,128906.21,125722.95,0.0,205621.82,0.0,197579.23,0.0,0.0,0.0,0.0,10617.6,0.0,0.0,0.00,128906.21,4564.43,0.00,179632.92,25988.90
CZ10/Htl&0&cDXGF&Ex&dxAC_equip/NE-dxAC-PkgAC-65to134-Ex-EER-13.0/instance-out.sql,668928.18,4564.43,124822.15,125722.95,0.0,205621.82,0.0,197579.23,0.0,0.0,0.0,0.0,10617.6,0.0,0.0,0.00,124822.15,4564.43,0.00,179632.92,25988.90
CZ10/Htl&0&cDXGF&Ex&dxAC_equip/NE-dxAC-PkgAC-135to240-Ex-EER-10.8/instance-out.sql,692345.9,4564.43,148239.87,125722.95,0.0,205621.82,0.0,197579.23,0.0,0.0,0.0,0.0,10617.6,0.0,0.0,0.00,148239.87,4564.43,0.00,179632.92,25988.90
CZ10/Htl&0&cDXGF&Ex&dxAC_equip/NE-dxAC-PkgAC-135to240-Ex-EER-12.0/instance-out.sql,672003.2100000001,4564.43,127897.18,125722.95,0.0,205621.82,0.0,197579.23,0.0,0.0,0.0,0.0,10617.6,0.0,0.0,0.00,127897.18,4564.43,0.00,179632.92,25988.90
CZ10/Htl&0&cDXGF&Ex&dxAC_equip/NE-dxAC-PkgAC-135to240-Ex-EER-12.5/instance-out.sql,669912.26,4564.43,125806.24,125722.95,0.0,205621.82,0.0,197579.23,0.0,0.0,0.0,0.0,10617.6,0.0,0.0,0.00,125806.24,4564.43,0.00,179632.92,25988.90
CZ11/Htl&0&cDXGF&Ex&dxAC_equip/NE-dxAC-PkgAC-65to134-Ex-EER-11.0/instance-out.sql,733619.0599999999,28065.59,157334.23,125722.95,0.0,205621.82,0.0,205983.59,0.0,0.0,0.0,0.0,10890.88,0.0,0.0,0.00,157334.23,28065.59,0.00,179632.92,25988.90
CZ11/Htl&0&cDXGF&Ex&dxAC_equip/NE-dxAC-PkgAC-65to134-Ex-EER-12.0/instance-out.sql,712151.61,28065.59,135866.78,125722.95,0.0,205621.82,0.0,205983.59,0.0,0.0,0.0,0.0,10890.88,0.0,0.0,0.00,135866.78,28065.59,0.00,179632.92,25988.90
CZ11/Htl&0&cDXGF&Ex&dxAC_equip/NE-dxAC-PkgAC-65to134-Ex-EER-13.0/instance-out.sql,707661.25,28065.59,131376.42,125722.95,0.0,205621.82,0.0,205983.59,0.0,0.0,0.0,0.0,10890.88,0.0,0.0,0.00,131376.42,28065.59,0.00,179632.92,25988.90
CZ11/Htl&0&cDXGF&Ex&dxAC_equip/NE-dxAC-PkgAC-135to240-Ex-EER-10.8/instance-out.sql,733408.68,28065.59,157123.85,125722.95,0.0,205621.82,0.0,205983.59,0.0,0.0,0.0,0.0,10890.88,0.0,0.0,0.00,157123.85,28065.59,0.00,179632.92,25988.90
CZ11/Htl&0&cDXGF&Ex&dxAC_equip/NE-dxAC-PkgAC-135to240-Ex-EER-12.0/instance-out.sql,711042.2,28065.59,134757.37,125722.95,0.0,205621.82,0.0,205983.59,0.0,0.0,0.0,0.0,10890.88,0.0,0.0,0.00,134757.37,28065.59,0.00,179632.92,25988.90
CZ11/Htl&0&cDXGF&Ex&dxAC_equip/NE-dxAC-PkgAC-135to240-Ex-EER-12.5/instance-out.sql,708743.23,28065.59,132458.4,125722.95,0.0,205621.82,0.0,205983.59,0.0,0.0,0.0,0.0,10890.88,0.0,0.0,0.00,132458.40,28065.59,0.00,179632.92,25988.90
CZ12/Htl&0&cDXGF&Ex&dxAC_equip/NE-dxAC-PkgAC-65to134-Ex-EER-11.0/instance-out.sql,684764.37,26348.35,126270.93,125722.95,0.0,205621.82,0.0,189686.35,0.0,0.0,0.0,0.0,11113.96,0.0,0.0,0.00,126270.93,26348.35,0.00,179632.92,25988.90
CZ12/Htl&0&cDXGF&Ex&dxAC_equip/NE-dxAC-PkgAC-65to134-Ex-EER-12.0/instance-out.sql,668089.98,26348.35,109596.54,125722.95,0.0,205621.82,0.0,189686.35,0.0,0.0,0.0,0.0,11113.96,0.0,0.0,0.00,109596.54,26348.35,0.00,179632.92,25988.90
CZ12/Htl&0&cDXGF&Ex&dxAC_equip/NE-dxAC-PkgAC-65to134-Ex-EER-13.0/instance-out.sql,664602.19,26348.35,106108.75,125722.95,0.0,205621.82,0.0,189686.35,0.0,0.0,0.0,0.0,11113.96,0.0,0.0,0.00,106108.75,26348.35,0.00,179632.92,25988.90
CZ12/Htl&0&cDXGF&Ex&dxAC_equip/NE-dxAC-PkgAC-135to240-Ex-EER-10.8/instance-out.sql,684600.96,26348.35,126107.52,125722.95,0.0,205621.82,0.0,189686.35,0.0,0.0,0.0,0.0,11113.96,0.0,0.0,0.00,126107.52,26348.35,0.00,179632.92,25988.90
CZ12/Htl&0&cDXGF&Ex&dxAC_equip/NE-dxAC-PkgAC-135to240-Ex-EER-12.0/instance-out.sql,667228.27,26348.35,108734.83,125722.95,0.0,205621.82,0.0,189686.35,0.0,0.0,0.0,0.0,11113.96,0.0,0.0,0.00,108734.83,26348.35,0.00,179632.92,25988.90
CZ12/Htl&0&cDXGF&Ex&dxAC_equip/NE-dxAC-PkgAC-135to240-Ex-EER-12.5/instance-out.sql,665442.6,26348.35,106949.16,125722.95,0.0,205621.82,0.0,189686.35,0.0,0.0,0.0,0.0,11113.96,0.0,0.0,0.00,106949.16,26348.35,0.00,179632.92,25988.90
CZ13/Htl&0&cDXGF&Ex&dxAC_equip/NE-dxAC-PkgAC-65to134-Ex-EER-11.0/instance-out.sql,737953.21,19561.83,174582.3,125722.95,0.0,205621.82,0.0,201925.66,0.0,0.0,0.0,0.0,10538.65,0.0,0.0,0.00,174582.30,19561.83,0.00,179632.92,25988.90
CZ13/Htl&0&cDXGF&Ex&dxAC_equip/NE-dxAC-PkgAC-65to134-Ex-EER-12.0/instance-out.sql,714644.86,19561.83,151273.95,125722.95,0.0,205621.82,0.0,201925.66,0.0,0.0,0.0,0.0,10538.65,0.0,0.0,0.00,151273.95,19561.83,0.00,179632.92,25988.90
CZ13/Htl&0&cDXGF&Ex&dxAC_equip/NE-dxAC-PkgAC-65to134-Ex-EER-13.0/instance-out.sql,709769.4400000001,19561.83,146398.52,125722.95,0.0,205621.82,0.0,201925.66,0.0,0.0,0.0,0.0,10538.65,0.0,0.0,0.00,146398.52,19561.83,0.00,179632.92,25988.90
CZ13/Htl&0&cDXGF&Ex&dxAC_equip/NE-dxAC-PkgAC-135to240-Ex-EER-10.8/instance-out.sql,737724.79,19561.83,174353.87,125722.95,0.0,205621.82,0.0,201925.66,0.0,0.0,0.0,0.0,10538.65,0.0,0.0,0.00,174353.87,19561.83,0.00,179632.92,25988.90
CZ13/Htl&0&cDXGF&Ex&dxAC_equip/NE-dxAC-PkgAC-135to240-Ex-EER-12.0/instance-out.sql,713440.31,19561.83,150069.4,125722.95,0.0,205621.82,0.0,201925.66,0.0,0.0,0.0,0.0,10538.65,0.0,0.0,0.00,150069.40,19561.83,0.00,179632.92,25988.90
CZ13/Htl&0&cDXGF&Ex&dxAC_equip/NE-dxAC-PkgAC-135to240-Ex-EER-12.5/instance-out.sql,710944.21,19561.83,147573.29,125722.95,0.0,205621.82,0.0,201925.66,0.0,0.0,0.0,0.0,10538.65,0.0,0.0,0.00,147573.29,19561.83,0.00,179632.92,25988.90
CZ14/Htl&0&cDXGF&Ex&dxAC_equip/NE-dxAC-PkgAC-65to134-Ex-EER-11.0/instance-out.sql,773500.0399999999,6600.64,210628.42,125722.95,0.0,205621.82,0.0,214868.3,0.0,0.0,0.0,0.0,10057.91,0.0,0.0,0.00,210628.42,6600.64,0.00,179632.92,25988.90
CZ14/Htl&0&cDXGF&Ex&dxAC_equip/NE-dxAC-PkgAC-65to134-Ex-EER-12.0/instance-out.sql,743708.25,6600.64,180836.63,125722.95,0.0,205621.82,0.0,214868.3,0.0,0.0,0.0,0.0,10057.91,0.0,0.0,0.00,180836.63,6600.64,0.00,179632.92,25988.90
CZ14/Htl&0&cDXGF&Ex&dxAC_equip/NE-dxAC-PkgAC-65to134-Ex-EER-13.0/instance-out.sql,737476.6799999999,6600.64,174605.06,125722.95,0.0,205621.82,0.0,214868.3,0.0,0.0,0.0,0.0,10057.91,0.0,0.0,0.00,174605.06,6600.64,0.00,179632.92,25988.90
CZ14/Htl&0&cDXGF&Ex&dxAC_equip/NE-dxAC-PkgAC-135to240-Ex-EER-10.8/instance-out.sql,773208.08,6600.64,210336.46,125722.95,0.0,205621.82,0.0,214868.3,0.0,0.0,0.0,0.0,10057.91,0.0,0.0,0.00,210336.46,6600.64,0.00,179632.92,25988.90
CZ14/Htl&0&cDXGF&Ex&dxAC_equip/NE-dxAC-PkgAC-135to240-Ex-EER-12.0/instance-out.sql,742168.6399999999,6600.64,179297.02,125722.95,0.0,205621.82,0.0,214868.3,0.0,0.0,0.0,0.0,10057.91,0.0,0.0,0.00,179297.02,6600.64,0.00,179632.92,25988.90
CZ14/Htl&0&cDXGF&Ex&dxAC_equip/NE-dxAC-PkgAC-135to240-Ex-EER-12.5/instance-out.sql,738978.22,6600.64,176106.6,125722.95,0.0,205621.82,0.0,214868.3,0.0,0.0,0.0,0.0,10057.91,0.0,0.0,0.00,176106.60,6600.64,0.00,179632.92,25988.90
CZ15/Htl&0&cDXGF&Ex&dxAC_equip/NE-dxAC-PkgAC-65to134-Ex-EER-11.0/instance-out.sql,825784.96,1069.26,278982.81,125722.95,0.0,205621.82,0.0,205388.76,0.0,0.0,0.0,0.0,8999.35,0.0,0.0,0.00,278982.81,1069.26,0.00,179632.92,25988.90
CZ15/Htl&0&cDXGF&Ex&dxAC_equip/NE-dxAC-PkgAC-65to134-Ex-EER-12.0/instance-out.sql,785696.49,1069.26,238894.35,125722.95,0.0,205621.82,0.0,205388.76,0.0,0.0,0.0,0.0,8999.35,0.0,0.0,0.00,238894.35,1069.26,0.00,179632.92,25988.90
CZ15/Htl&0&cDXGF&Ex&dxAC_equip/NE-dxAC-PkgAC-65to134-Ex-EER-13.0/instance-out.sql,777311.16,1069.26,230509.02,125722.95,0.0,205621.82,0.0,205388.76,0.0,0.0,0.0,0.0,8999.35,0.0,0.0,0.00,230509.02,1069.26,0.00,179632.92,25988.90
CZ15/Htl&0&cDXGF&Ex&dxAC_equip/NE-dxAC-PkgAC-135to240-Ex-EER-10.8/instance-out.sql,825392.09,1069.26,278589.94,125722.95,0.0,205621.82,0.0,205388.76,0.0,0.0,0.0,0.0,8999.35,0.0,0.0,0.00,278589.94,1069.26,0.00,179632.92,25988.90
CZ15/Htl&0&cDXGF&Ex&dxAC_equip/NE-dxAC-PkgAC-135to240-Ex-EER-12.0/instance-out.sql,783624.77,1069.26,236822.63,125722.95,0.0,205621.82,0.0,205388.76,0.0,0.0,0.0,0.0,8999.35,0.0,0.0,0.00,236822.63,1069.26,0.00,179632.92,25988.90
CZ15/Htl&0&cDXGF&Ex&dxAC_equip/NE-dxAC-PkgAC-135to240-Ex-EER-12.5/instance-out.sql,779331.67,1069.26,232529.53,125722.95,0.0,205621.82,0.0,205388.76,0.0,0.0,0.0,0.0,8999.35,0.0,0.0,0.00,232529.53,1069.26,0.00,179632.92,25988.90
CZ16/Htl&0&cDXGF&Ex&dxAC_equip/NE-dxAC-PkgAC-65to134-Ex-EER-11.0/instance-out.sql,743834.8,38656.42,142526.77,125722.95,0.0,205621.82,0.0,219572.46,0.0,0.0,0.0,0.0,11734.38,0.0,0.0,0.00,142526.77,38656.42,0.00,179632.92,25988.90
CZ16/Htl&0&cDXGF&Ex&dxAC_equip/NE-dxAC-PkgAC-65to134-Ex-EER-12.0/instance-out.sql,724319.74,38656.42,123011.72,125722.95,0.0,205621.82,0.0,219572.46,0.0,0.0,0.0,0.0,11734.38,0.0,0.0,0.00,123011.72,38656.42,0.00,179632.92,25988.90
CZ16/Htl&0&cDXGF&Ex&dxAC_equip/NE-dxAC-PkgAC-65to134-Ex-EER-13.0/instance-out.sql,720237.76,38656.42,118929.74,125722.95,0.0,205621.82,0.0,219572.46,0.0,0.0,0.0,0.0,11734.38,0.0,0.0,0.00,118929.74,38656.42,0.00,179632.92,25988.90
CZ16/Htl&0&cDXGF&Ex&dxAC_equip/NE-dxAC-PkgAC-135to240-Ex-EER-10.8/instance-out.sql,743643.55,38656.42,142335.53,125722.95,0.0,205621.82,0.0,219572.46,0.0,0.0,0.0,0.0,11734.38,0.0,0.0,0.00,142335.53,38656.42,0.00,179632.92,25988.90
CZ16/Htl&0&cDXGF&Ex&dxAC_equip/NE-dxAC-PkgAC-135to240-Ex-EER-12.0/instance-out.sql,723311.22,38656.42,122003.2,125722.95,0.0,205621.82,0.0,219572.46,0.0,0.0,0.0,0.0,11734.38,0.0,0.0,0.00,122003.20,38656.42,0.00,179632.92,25988.90
CZ16/Htl&0&cDXGF&Ex&dxAC_equip/NE-dxAC-PkgAC-135to240-Ex-EER-12.5/instance-out.sql,721221.3400000001,38656.42,119913.32,125722.95,0.0,205621.82,0.0,219572.46,0.0,0.0,0.0,0.0,11734.38,0.0,0.0,0.00,119913.32,38656.42,0.00,179632.92,25988.90

File Name,Electricity (kWh),Natural Gas (kWh)
CZ01/Htl&0&cDXGF&Ex&dxAC_equip/NE-dxAC-PkgAC-65to134-Ex-EER-11.0/instance-out.sql,481505.82,76918.93
CZ01/Htl&0&cDXGF&Ex&dxAC_equip/NE-dxAC-PkgAC-65to134-Ex-EER-12.0/instance-out.sql,481406.81,76918.93
CZ01/Htl&0&cDXGF&Ex&dxAC_equip/NE-dxAC-PkgAC-65to134-Ex-EER-13.0/instance-out.sql,481386.11,76918.93
CZ01/Htl&0&cDXGF&Ex&dxAC_equip/NE-dxAC-PkgAC-135to240-Ex-EER-10.8/instance-out.sql,481504.85,76918.93
CZ01/Htl&0&cDXGF&Ex&dxAC_equip/NE-dxAC-PkgAC-135to240-Ex-EER-12.0/instance-out.sql,481401.70,76918.93
CZ01/Htl&0&cDXGF&Ex&dxAC_equip/NE-dxAC-PkgAC-135to240-Ex-EER-12.5/instance-out.sql,481391.10,76918.93
CZ02/Htl&0&cDXGF&Ex&dxAC_equip/NE-dxAC-PkgAC-65to134-Ex-EER-11.0/instance-out.sql,556519.92,61749.15
CZ02/Htl&0&cDXGF&Ex&dxAC_equip/NE-dxAC-PkgAC-65to134-Ex-EER-12.0/instance-out.sql,549634.40,61749.15
CZ02/Htl&0&cDXGF&Ex&dxAC_equip/NE-dxAC-PkgAC-65to134-Ex-EER-13.0/instance-out.sql,548194.15,61749.15
CZ02/Htl&0&cDXGF&Ex&dxAC_equip/NE-dxAC-PkgAC-135to240-Ex-EER-10.8/instance-out.sql,556452.45,61749.15
CZ02/Htl&0&cDXGF&Ex&dxAC_equip/NE-dxAC-PkgAC-135to240-Ex-EER-12.0/instance-out.sql,549278.56,61749.15
CZ02/Htl&0&cDXGF&Ex&dxAC_equip/NE-dxAC-PkgAC-135to240-Ex-EER-12.5/instance-out.sql,548541.18,61749.15
CZ03/Htl&0&cDXGF&Ex&dxAC_equip/NE-dxAC-PkgAC-65to134-Ex-EER-11.0/instance-out.sql,534104.95,48702.09
CZ03/Htl&0&cDXGF&Ex&dxAC_equip/NE-dxAC-PkgAC-65to134-Ex-EER-12.0/instance-out.sql,531130.09,48702.09
CZ03/Htl&0&cDXGF&Ex&dxAC_equip/NE-dxAC-PkgAC-65to134-Ex-EER-13.0/instance-out.sql,530507.84,48702.09
CZ03/Htl&0&cDXGF&Ex&dxAC_equip/NE-dxAC-PkgAC-135to240-Ex-EER-10.8/instance-out.sql,534075.79,48702.09
CZ03/Htl&0&cDXGF&Ex&dxAC_equip/NE-dxAC-PkgAC-135to240-Ex-EER-12.0/instance-out.sql,530976.35,48702.09
CZ03/Htl&0&cDXGF&Ex&dxAC_equip/NE-dxAC-PkgAC-135to240-Ex-EER-12.5/instance-out.sql,530657.77,48702.09
CZ04/Htl&0&cDXGF&Ex&dxAC_equip/NE-dxAC-PkgAC-65to134-Ex-EER-11.0/instance-out.sql,575758.16,46440.12
CZ04/Htl&0&cDXGF&Ex&dxAC_equip/NE-dxAC-PkgAC-65to134-Ex-EER-12.0/instance-out.sql,567276.84,46440.12
CZ04/Htl&0&cDXGF&Ex&dxAC_equip/NE-dxAC-PkgAC-65to134-Ex-EER-13.0/instance-out.sql,565502.80,46440.12
CZ04/Htl&0&cDXGF&Ex&dxAC_equip/NE-dxAC-PkgAC-135to240-Ex-EER-10.8/instance-out.sql,575675.05,46440.12
CZ04/Htl&0&cDXGF&Ex&dxAC_equip/NE-dxAC-PkgAC-135to240-Ex-EER-12.0/instance-out.sql,566838.54,46440.12
CZ04/Htl&0&cDXGF&Ex&dxAC_equip/NE-dxAC-PkgAC-135to240-Ex-EER-12.5/instance-out.sql,565930.27,46440.12
CZ05/Htl&0&cDXGF&Ex&dxAC_equip/NE-dxAC-PkgAC-65to134-Ex-EER-11.0/instance-out.sql,538857.99,45742.38
CZ05/Htl&0&cDXGF&Ex&dxAC_equip/NE-dxAC-PkgAC-65to134-Ex-EER-12.0/instance-out.sql,534479.43,45742.38
CZ05/Htl&0&cDXGF&Ex&dxAC_equip/NE-dxAC-PkgAC-65to134-Ex-EER-13.0/instance-out.sql,533563.56,45742.38
CZ05/Htl&0&cDXGF&Ex&dxAC_equip/NE-dxAC-PkgAC-135to240-Ex-EER-10.8/instance-out.sql,538815.08,45742.38
CZ05/Htl&0&cDXGF&Ex&dxAC_equip/NE-dxAC-PkgAC-135to240-Ex-EER-12.0/instance-out.sql,534253.15,45742.38
CZ05/Htl&0&cDXGF&Ex&dxAC_equip/NE-dxAC-PkgAC-135to240-Ex-EER-12.5/instance-out.sql,533784.25,45742.38
CZ06/Htl&0&cDXGF&Ex&dxAC_equip/NE-dxAC-PkgAC-65to134-Ex-EER-11.0/instance-out.sql,574122.86,37508.99
CZ06/Htl&0&cDXGF&Ex&dxAC_equip/NE-dxAC-PkgAC-65to134-Ex-EER-12.0/instance-out.sql,566715.41,37508.99
CZ06/Htl&0&cDXGF&Ex&dxAC_equip/NE-dxAC-PkgAC-65to134-Ex-EER-13.0/instance-out.sql,565165.99,37508.99
CZ06/Htl&0&cDXGF&Ex&dxAC_equip/NE-dxAC-PkgAC-135to240-Ex-EER-10.8/instance-out.sql,574050.27,37508.99
CZ06/Htl&0&cDXGF&Ex&dxAC_equip/NE-dxAC-PkgAC-135to240-Ex-EER-12.0/instance-out.sql,566332.60,37508.99
CZ06/Htl&0&cDXGF&Ex&dxAC_equip/NE-dxAC-PkgAC-135to240-Ex-EER-12.5/instance-out.sql,565539.34,37508.99
CZ07/Htl&0&cDXGF&Ex&dxAC_equip/NE-dxAC-PkgAC-65to134-Ex-EER-11.0/instance-out.sql,578251.42,37294.20
CZ07/Htl&0&cDXGF&Ex&dxAC_equip/NE-dxAC-PkgAC-65to134-Ex-EER-12.0/instance-out.sql,568352.82,37294.20
CZ07/Htl&0&cDXGF&Ex&dxAC_equip/NE-dxAC-PkgAC-65to134-Ex-EER-13.0/instance-out.sql,566282.32,37294.20
CZ07/Htl&0&cDXGF&Ex&dxAC_equip/NE-dxAC-PkgAC-135to240-Ex-EER-10.8/instance-out.sql,578154.41,37294.20
CZ07/Htl&0&cDXGF&Ex&dxAC_equip/NE-dxAC-PkgAC-135to240-Ex-EER-12.0/instance-out.sql,567841.27,37294.20
CZ07/Htl&0&cDXGF&Ex&dxAC_equip/NE-dxAC-PkgAC-135to240-Ex-EER-12.5/instance-out.sql,566781.22,37294.20
CZ08/Htl&0&cDXGF&Ex&dxAC_equip/NE-dxAC-PkgAC-65to134-Ex-EER-11.0/instance-out.sql,605782.13,38043.45
CZ08/Htl&0&cDXGF&Ex&dxAC_equip/NE-dxAC-PkgAC-65to134-Ex-EER-12.0/instance-out.sql,593598.26,38043.45
CZ08/Htl&0&cDXGF&Ex&dxAC_equip/NE-dxAC-PkgAC-65to134-Ex-EER-13.0/instance-out.sql,591049.75,38043.45
CZ08/Htl&0&cDXGF&Ex&dxAC_equip/NE-dxAC-PkgAC-135to240-Ex-EER-10.8/instance-out.sql,605662.73,38043.45
CZ08/Htl&0&cDXGF&Ex&dxAC_equip/NE-dxAC-PkgAC-135to240-Ex-EER-12.0/instance-out.sql,592968.61,38043.45
CZ08/Htl&0&cDXGF&Ex&dxAC_equip/NE-dxAC-PkgAC-135to240-Ex-EER-12.5/instance-out.sql,591663.83,38043.45
CZ09/Htl&0&cDXGF&Ex&dxAC_equip/NE-dxAC-PkgAC-65to134-Ex-EER-11.0/instance-out.sql,626138.28,37528.24
CZ09/Htl&0&cDXGF&Ex&dxAC_equip/NE-dxAC-PkgAC-65to134-Ex-EER-12.0/instance-out.sql,612075.62,37528.24
CZ09/Htl&0&cDXGF&Ex&dxAC_equip/NE-dxAC-PkgAC-65to134-Ex-EER-13.0/instance-out.sql,609134.12,37528.24
CZ09/Htl&0&cDXGF&Ex&dxAC_equip/NE-dxAC-PkgAC-135to240-Ex-EER-10.8/instance-out.sql,626000.46,37528.24
CZ09/Htl&0&cDXGF&Ex&dxAC_equip/NE-dxAC-PkgAC-135to240-Ex-EER-12.0/instance-out.sql,611348.87,37528.24
CZ09/Htl&0&cDXGF&Ex&dxAC_equip/NE-dxAC-PkgAC-135to240-Ex-EER-12.5/instance-out.sql,609842.89,37528.24
CZ10/Htl&0&cDXGF&Ex&dxAC_equip/NE-dxAC-PkgAC-65to134-Ex-EER-11.0/instance-out.sql,651366.31,41170.93
CZ10/Htl&0&cDXGF&Ex&dxAC_equip/NE-dxAC-PkgAC-65to134-Ex-EER-12.0/instance-out.sql,631841.31,41170.93
CZ10/Htl&0&cDXGF&Ex&dxAC_equip/NE-dxAC-PkgAC-65to134-Ex-EER-13.0/instance-out.sql,627757.25,41170.93
CZ10/Htl&0&cDXGF&Ex&dxAC_equip/NE-dxAC-PkgAC-135to240-Ex-EER-10.8/instance-out.sql,651174.97,41170.93
CZ10/Htl&0&cDXGF&Ex&dxAC_equip/NE-dxAC-PkgAC-135to240-Ex-EER-12.0/instance-out.sql,630832.28,41170.93
CZ10/Htl&0&cDXGF&Ex&dxAC_equip/NE-dxAC-PkgAC-135to240-Ex-EER-12.5/instance-out.sql,628741.33,41170.93
CZ11/Htl&0&cDXGF&Ex&dxAC_equip/NE-dxAC-PkgAC-65to134-Ex-EER-11.0/instance-out.sql,668673.69,64945.37
CZ11/Htl&0&cDXGF&Ex&dxAC_equip/NE-dxAC-PkgAC-65to134-Ex-EER-12.0/instance-out.sql,647206.24,64945.37
CZ11/Htl&0&cDXGF&Ex&dxAC_equip/NE-dxAC-PkgAC-65to134-Ex-EER-13.0/instance-out.sql,642715.88,64945.37
CZ11/Htl&0&cDXGF&Ex&dxAC_equip/NE-dxAC-PkgAC-135to240-Ex-EER-10.8/instance-out.sql,668463.31,64945.37
CZ11/Htl&0&cDXGF&Ex&dxAC_equip/NE-dxAC-PkgAC-135to240-Ex-EER-12.0/instance-out.sql,646096.83,64945.37
CZ11/Htl&0&cDXGF&Ex&dxAC_equip/NE-dxAC-PkgAC-135to240-Ex-EER-12.5/instance-out.sql,643797.86,64945.37
CZ12/Htl&0&cDXGF&Ex&dxAC_equip/NE-dxAC-PkgAC-65to134-Ex-EER-11.0/instance-out.sql,621313.15,63451.22
CZ12/Htl&0&cDXGF&Ex&dxAC_equip/NE-dxAC-PkgAC-65to134-Ex-EER-12.0/instance-out.sql,604638.76,63451.22
CZ12/Htl&0&cDXGF&Ex&dxAC_equip/NE-dxAC-PkgAC-65to134-Ex-EER-13.0/instance-out.sql,601150.97,63451.22
CZ12/Htl&0&cDXGF&Ex&dxAC_equip/NE-dxAC-PkgAC-135to240-Ex-EER-10.8/instance-out.sql,621149.74,63451.22
CZ12/Htl&0&cDXGF&Ex&dxAC_equip/NE-dxAC-PkgAC-135to240-Ex-EER-12.0/instance-out.sql,603777.05,63451.22
CZ12/Htl&0&cDXGF&Ex&dxAC_equip/NE-dxAC-PkgAC-135to240-Ex-EER-12.5/instance-out.sql,601991.38,63451.22
CZ13/Htl&0&cDXGF&Ex&dxAC_equip/NE-dxAC-PkgAC-65to134-Ex-EER-11.0/instance-out.sql,681863.83,56089.38
CZ13/Htl&0&cDXGF&Ex&dxAC_equip/NE-dxAC-PkgAC-65to134-Ex-EER-12.0/instance-out.sql,658555.48,56089.38
CZ13/Htl&0&cDXGF&Ex&dxAC_equip/NE-dxAC-PkgAC-65to134-Ex-EER-13.0/instance-out.sql,653680.06,56089.38
CZ13/Htl&0&cDXGF&Ex&dxAC_equip/NE-dxAC-PkgAC-135to240-Ex-EER-10.8/instance-out.sql,681635.41,56089.38
CZ13/Htl&0&cDXGF&Ex&dxAC_equip/NE-dxAC-PkgAC-135to240-Ex-EER-12.0/instance-out.sql,657350.93,56089.38
CZ13/Htl&0&cDXGF&Ex&dxAC_equip/NE-dxAC-PkgAC-135to240-Ex-EER-12.5/instance-out.sql,654854.83,56089.38
CZ14/Htl&0&cDXGF&Ex&dxAC_equip/NE-dxAC-PkgAC-65to134-Ex-EER-11.0/instance-out.sql,730852.59,42647.45
CZ14/Htl&0&cDXGF&Ex&dxAC_equip/NE-dxAC-PkgAC-65to134-Ex-EER-12.0/instance-out.sql,701060.80,42647.45
CZ14/Htl&0&cDXGF&Ex&dxAC_equip/NE-dxAC-PkgAC-65to134-Ex-EER-13.0/instance-out.sql,694829.23,42647.45
CZ14/Htl&0&cDXGF&Ex&dxAC_equip/NE-dxAC-PkgAC-135to240-Ex-EER-10.8/instance-out.sql,730560.63,42647.45
CZ14/Htl&0&cDXGF&Ex&dxAC_equip/NE-dxAC-PkgAC-135to240-Ex-EER-12.0/instance-out.sql,699521.19,42647.45
CZ14/Htl&0&cDXGF&Ex&dxAC_equip/NE-dxAC-PkgAC-135to240-Ex-EER-12.5/instance-out.sql,696330.77,42647.45
CZ15/Htl&0&cDXGF&Ex&dxAC_equip/NE-dxAC-PkgAC-65to134-Ex-EER-11.0/instance-out.sql,789727.45,36057.51
CZ15/Htl&0&cDXGF&Ex&dxAC_equip/NE-dxAC-PkgAC-65to134-Ex-EER-12.0/instance-out.sql,749638.98,36057.51
CZ15/Htl&0&cDXGF&Ex&dxAC_equip/NE-dxAC-PkgAC-65to134-Ex-EER-13.0/instance-out.sql,741253.65,36057.51
CZ15/Htl&0&cDXGF&Ex&dxAC_equip/NE-dxAC-PkgAC-135to240-Ex-EER-10.8/instance-out.sql,789334.58,36057.51
CZ15/Htl&0&cDXGF&Ex&dxAC_equip/NE-dxAC-PkgAC-135to240-Ex-EER-12.0/instance-out.sql,747567.26,36057.51
CZ15/Htl&0&cDXGF&Ex&dxAC_equip/NE-dxAC-PkgAC-135to240-Ex-EER-12.5/instance-out.sql,743274.16,36057.51
CZ16/Htl&0&cDXGF&Ex&dxAC_equip/NE-dxAC-PkgAC-65to134-Ex-EER-11.0/instance-out.sql,667455.11,76379.69
CZ16/Htl&0&cDXGF&Ex&dxAC_equip/NE-dxAC-PkgAC-65to134-Ex-EER-12.0/instance-out.sql,647940.05,76379.69
CZ16/Htl&0&cDXGF&Ex&dxAC_equip/NE-dxAC-PkgAC-65to134-Ex-EER-13.0/instance-out.sql,643858.07,76379.69
CZ16/Htl&0&cDXGF&Ex&dxAC_equip/NE-dxAC-PkgAC-135to240-Ex-EER-10.8/instance-out.sql,667263.86,76379.69
CZ16/Htl&0&cDXGF&Ex&dxAC_equip/NE-dxAC-PkgAC-135to240-Ex-EER-12.0/instance-out.sql,646931.53,76379.69
CZ16/Htl&0&cDXGF&Ex&dxAC_equip/NE-dxAC-PkgAC-135to240-Ex-EER-12.5/instance-out.sql,644841.65,76379.69

File Name,Unmet Heating (Hours),Unmet Cooling (Hours)
CZ01/Htl&0&cDXGF&Ex&dxAC_equip/NE-dxAC-PkgAC-65to134-Ex-EER-11.0/instance-out.sql,0.00,0.00
CZ01/Htl&0&cDXGF&Ex&dxAC_equip/NE-dxAC-PkgAC-65to134-Ex-EER-12.0/instance-out.sql,0.00,0.00
CZ01/Htl&0&cDXGF&Ex&dxAC_equip/NE-dxAC-PkgAC-65to134-Ex-EER-13.0/instance-out.sql,0.00,0.00
CZ01/Htl&0&cDXGF&Ex&dxAC_equip/NE-dxAC-PkgAC-135to240-Ex-EER-10.8/instance-out.sql,0.00,0.00
CZ01/Htl&0&cDXGF&Ex&dxAC_equip/NE-dxAC-PkgAC-135to240-Ex-EER-12.0/instance-out.sql,0.00,0.00
CZ01/Htl&0&cDXGF&Ex&dxAC_equip/NE-dxAC-PkgAC-135to240-Ex-EER-12.5/instance-out.sql,0.00,0.00
CZ02/Htl&0&cDXGF&Ex&dxAC_equip/NE-dxAC-PkgAC-65to134-Ex-EER-11.0/instance-out.sql,0.00,0.00
CZ02/Htl&0&cDXGF&Ex&dxAC_equip/NE-dxAC-PkgAC-65to134-Ex-EER-12.0/instance-out.sql,0.00,0.00
CZ02/Htl&0&cDXGF&Ex&dxAC_equip/NE-dxAC-PkgAC-65to134-Ex-EER-13.0/instance-out.sql,0.00,0.00
CZ02/Htl&0&cDXGF&Ex&dxAC_equip/NE-dxAC-PkgAC-135to240-Ex-EER-10.8/instance-out.sql,0.00,0.00
CZ02/Htl&0&cDXGF&Ex&dxAC_equip/NE-dxAC-PkgAC-135to240-Ex-EER-12.0/instance-out.sql,0.00,0.00
CZ02/Htl&0&cDXGF&Ex&dxAC_equip/NE-dxAC-PkgAC-135to240-Ex-EER-12.5/instance-out.sql,0.00,0.00
CZ03/Htl&0&cDXGF&Ex&dxAC_equip/NE-dxAC-PkgAC-65to134-Ex-EER-11.0/instance-out.sql,0.00,0.00
CZ03/Htl&0&cDXGF&Ex&dxAC_equip/NE-dxAC-PkgAC-65to134-Ex-EER-12.0/instance-out.sql,0.00,0.00
CZ03/Htl&0&cDXGF&Ex&dxAC_equip/NE-dxAC-PkgAC-65to134-Ex-EER-13.0/instance-out.sql,0.00,0.00
CZ03/Htl&0&cDXGF&Ex&dxAC_equip/NE-dxAC-PkgAC-135to240-Ex-EER-10.8/instance-out.sql,0.00,0.00
CZ03/Htl&0&cDXGF&Ex&dxAC_equip/NE-dxAC-PkgAC-135to240-Ex-EER-12.0/instance-out.sql,0.00,0.00
CZ03/Htl&0&cDXGF&Ex&dxAC_equip/NE-dxAC-PkgAC-135to240-Ex-EER-12.5/instance-out.sql,0.00,0.00
CZ04/Htl&0&cDXGF&Ex&dxAC_equip/NE-dxAC-PkgAC-65to134-Ex-EER-11.0/instance-out.sql,0.00,0.00
CZ04/Htl&0&cDXGF&Ex&dxAC_equip/NE-dxAC-PkgAC-65to134-Ex-EER-12.0/instance-out.sql,0.00,0.00
CZ04/Htl&0&cDXGF&Ex&dxAC_equip/NE-dxAC-PkgAC-65to134-Ex-EER-13.0/instance-out.sql,0.00,0.00
CZ04/Htl&0&cDXGF&Ex&dxAC_equip/NE-dxAC-PkgAC-135to240-Ex-EER-10.8/instance-out.sql,0.00,0.00
CZ04/Htl&0&cDXGF&Ex&dxAC_equip/NE-dxAC-PkgAC-135to240-Ex-EER-12.0/instance-out.sql,0.00,0.00
CZ04/Htl&0&cDXGF&Ex&dxAC_equip/NE-dxAC-PkgAC-135to240-Ex-EER-12.5/instance-out.sql,0.00,0.00
CZ05/Htl&0&cDXGF&Ex&dxAC_equip/NE-dxAC-PkgAC-65to134-Ex-EER-11.0/instance-out.sql,0.00,0.00
CZ05/Htl&0&cDXGF&Ex&dxAC_equip/NE-dxAC-PkgAC-65to134-Ex-EER-12.0/instance-out.sql,0.00,0.00
CZ05/Htl&0&cDXGF&Ex&dxAC_equip/NE-dxAC-PkgAC-65to134-Ex-EER-13.0/instance-out.sql,0.00,0.00
CZ05/Htl&0&cDXGF&Ex&dxAC_equip/NE-dxAC-PkgAC-135to240-Ex-EER-10.8/instance-out.sql,0.00,0.00
CZ05/Htl&0&cDXGF&Ex&dxAC_equip/NE-dxAC-PkgAC-135to240-Ex-EER-12.0/instance-out.sql,0.00,0.00
CZ05/Htl&0&cDXGF&Ex&dxAC_equip/NE-dxAC-PkgAC-135to240-Ex-EER-12.5/instance-out.sql,0.00,0.00
CZ06/Htl&0&cDXGF&Ex&dxAC_equip/NE-dxAC-PkgAC-65to134-Ex-EER-11.0/instance-out.sql,0.00,0.00
CZ06/Htl&0&cDXGF&Ex&dxAC_equip/NE-dxAC-PkgAC-65to134-Ex-EER-12.0/instance-out.sql,0.00,0.00
CZ06/Htl&0&cDXGF&Ex&dxAC_equip/NE-dxAC-PkgAC-65to134-Ex-EER-13.0/instance-out.sql,0.00,0.00
CZ06/Htl&0&cDXGF&Ex&dxAC_equip/NE-dxAC-PkgAC-135to240-Ex-EER-10.8/instance-out.sql,0.00,0.00
CZ06/Htl&0&cDXGF&Ex&dxAC_equip/NE-dxAC-PkgAC-135to240-Ex-EER-12.0/instance-out.sql,0.00,0.00
CZ06/Htl&0&cDXGF&Ex&dxAC_equip/NE-dxAC-PkgAC-135to240-Ex-EER-12.5/instance-out.sql,0.00,0.00
CZ07/Htl&0&cDXGF&Ex&dxAC_equip/NE-dxAC-PkgAC-65to134-Ex-EER-11.0/instance-out.sql,0.00,0.00
CZ07/Htl&0&cDXGF&Ex&dxAC_equip/NE-dxAC-PkgAC-65to134-Ex-EER-12.0/instance-out.sql,0.00,0.00
CZ07/Htl&0&cDXGF&Ex&dxAC_equip/NE-dxAC-PkgAC-65to134-Ex-EER-13.0/instance-out.sql,0.00,0.00
CZ07/Htl&0&cDXGF&Ex&dxAC_equip/NE-dxAC-PkgAC-135to240-Ex-EER-10.8/instance-out.sql,0.00,0.00
CZ07/Htl&0&cDXGF&Ex&dxAC_equip/NE-dxAC-PkgAC-135to240-Ex-EER-12.0/instance-out.sql,0.00,0.00
CZ07/Htl&0&cDXGF&Ex&dxAC_equip/NE-dxAC-PkgAC-135to240-Ex-EER-12.5/instance-out.sql,0.00,0.00
CZ08/Htl&0&cDXGF&Ex&dxAC_equip/NE-dxAC-PkgAC-65to134-Ex-EER-11.0/instance-out.sql,0.00,0.00
CZ08/Htl&0&cDXGF&Ex&dxAC_equip/NE-dxAC-PkgAC-65to134-Ex-EER-12.0/instance-out.sql,0.00,0.00
CZ08/Htl&0&cDXGF&Ex&dxAC_equip/NE-dxAC-PkgAC-65to134-Ex-EER-13.0/instance-out.sql,0.00,0.00
CZ08/Htl&0&cDXGF&Ex&dxAC_equip/NE-dxAC-PkgAC-135to240-Ex-EER-10.8/instance-out.sql,0.00,0.00
CZ08/Htl&0&cDXGF&Ex&dxAC_equip/NE-dxAC-PkgAC-135to240-Ex-EER-12.0/instance-out.sql,0.00,0.00
CZ08/Htl&0&cDXGF&Ex&dxAC_equip/NE-dxAC-PkgAC-135to240-Ex-EER-12.5/instance-out.sql,0.00,0.00
CZ09/Htl&0&cDXGF&Ex&dxAC_equip/NE-dxAC-PkgAC-65to134-Ex-EER-11.0/instance-out.sql,0.00,0.00
CZ09/Htl&0&cDXGF&Ex&dxAC_equip/NE-dxAC-PkgAC-65to134-Ex-EER-12.0/instance-out.sql,0.00,0.00
CZ09/Htl&0&cDXGF&Ex&dxAC_equip/NE-dxAC-PkgAC-65to134-Ex-EER-13.0/instance-out.sql,0.00,0.00
CZ09/Htl&0&cDXGF&Ex&dxAC_equip/NE-dxAC-PkgAC-135to240-Ex-EER-10.8/instance-out.sql,0.00,0.00
CZ09/Htl&0&cDXGF&Ex&dxAC_equip/NE-dxAC-PkgAC-135to240-Ex-EER-12.0/instance-out.sql,0.00,0.00
CZ09/Htl&0&cDXGF&Ex&dxAC_equip/NE-dxAC-PkgAC-135to240-Ex-EER-12.5/instance-out.sql,0.00,0.00
CZ10/Htl&0&cDXGF&Ex&dxAC_equip/NE-dxAC-PkgAC-65to134-Ex-EER-11.0/instance-out.sql,0.00,0.00
CZ10/Htl&0&cDXGF&Ex&dxAC_equip/NE-dxAC-PkgAC-65to134-Ex-EER-12.0/instance-out.sql,0.00,0.00
CZ10/Htl&0&cDXGF&Ex&dxAC_equip/NE-dxAC-PkgAC-65to134-Ex-EER-13.0/instance-out.sql,0.00,0.00
CZ10/Htl&0&cDXGF&Ex&dxAC_equip/NE-dxAC-PkgAC-135to240-Ex-EER-10.8/instance-out.sql,0.00,0.00
CZ10/Htl&0&cDXGF&Ex&dxAC_equip/NE-dxAC-PkgAC-135to240-Ex-EER-12.0/instance-out.sql,0.00,0.00
CZ10/Htl&0&cDXGF&Ex&dxAC_equip/NE-dxAC-PkgAC-135to240-Ex-EER-12.5/instance-out.sql,0.00,0.00
CZ11/Htl&0&cDXGF&Ex&dxAC_equip/NE-dxAC-PkgAC-65to134-Ex-EER-11.0/instance-out.sql,0.00,0.00
CZ11/Htl&0&cDXGF&Ex&dxAC_equip/NE-dxAC-PkgAC-65to134-Ex-EER-12.0/instance-out.sql,0.00,0.00
CZ11/Htl&0&cDXGF&Ex&dxAC_equip/NE-dxAC-PkgAC-65to134-Ex-EER-13.0/instance-out.sql,0.00,0.00
CZ11/Htl&0&cDXGF&Ex&dxAC_equip/NE-dxAC-PkgAC-135to240-Ex-EER-10.8/instance-out.sql,0.00,0.00
CZ11/Htl&0&cDXGF&Ex&dxAC_equip/NE-dxAC-PkgAC-135to240-Ex-EER-12.0/instance-out.sql,0.00,0.00
CZ11/Htl&0&cDXGF&Ex&dxAC_equip/NE-dxAC-PkgAC-135to240-Ex-EER-12.5/instance-out.sql,0.00,0.00
CZ12/Htl&0&cDXGF&Ex&dxAC_equip/NE-dxAC-PkgAC-65to134-Ex-EER-11.0/instance-out.sql,0.00,0.00
CZ12/Htl&0&cDXGF&Ex&dxAC_equip/NE-dxAC-PkgAC-65to134-Ex-EER-12.0/instance-out.sql,0.00,0.00
CZ12/Htl&0&cDXGF&Ex&dxAC_equip/NE-dxAC-PkgAC-65to134-Ex-EER-13.0/instance-out.sql,0.00,0.00
CZ12/Htl&0&cDXGF&Ex&dxAC_equip/NE-dxAC-PkgAC-135to240-Ex-EER-10.8/instance-out.sql,0.00,0.00
CZ12/Htl&0&cDXGF&Ex&dxAC_equip/NE-dxAC-PkgAC-135to240-Ex-EER-12.0/instance-out.sql,0.00,0.00
CZ12/Htl&0&cDXGF&Ex&dxAC_equip/NE-dxAC-PkgAC-135to240-Ex-EER-12.5/instance-out.sql,0.00,0.00
CZ13/Htl&0&cDXGF&Ex&dxAC_equip/NE-dxAC-PkgAC-65to134-Ex-EER-11.0/instance-out.sql,0.00,0.00
CZ13/Htl&0&cDXGF&Ex&dxAC_equip/NE-dxAC-PkgAC-65to134-Ex-EER-12.0/instance-out.sql,0.00,0.00
CZ13/Htl&0&cDXGF&Ex&dxAC_equip/NE-dxAC-PkgAC-65to134-Ex-EER-13.0/instance-out.sql,0.00,0.00
CZ13/Htl&0&cDXGF&Ex&dxAC_equip/NE-dxAC-PkgAC-135to240-Ex-EER-10.8/instance-out.sql,0.00,0.00
CZ13/Htl&0&cDXGF&Ex&dxAC_equip/NE-dxAC-PkgAC-135to240-Ex-EER-12.0/instance-out.sql,0.00,0.00
CZ13/Htl&0&cDXGF&Ex&dxAC_equip/NE-dxAC-PkgAC-135to240-Ex-EER-12.5/instance-out.sql,0.00,0.00
CZ14/Htl&0&cDXGF&Ex&dxAC_equip/NE-dxAC-PkgAC-65to134-Ex-EER-11.0/instance-out.sql,0.00,0.00
CZ14/Htl&0&cDXGF&Ex&dxAC_equip/NE-dxAC-PkgAC-65to134-Ex-EER-12.0/instance-out.sql,0.00,0.00
CZ14/Htl&0&cDXGF&Ex&dxAC_equip/NE-dxAC-PkgAC-65to134-Ex-EER-13.0/instance-out.sql,0.00,0.00
CZ14/Htl&0&cDXGF&Ex&dxAC_equip/NE-dxAC-PkgAC-135to240-Ex-EER-10.8/instance-out.sql,0.00,0.00
CZ14/Htl&0&cDXGF&Ex&dxAC_equip/NE-dxAC-PkgAC-135to240-Ex-EER-12.0/instance-out.sql,0.00,0.00
CZ14/Htl&0&cDXGF&Ex&dxAC_equip/NE-dxAC-PkgAC-135to240-Ex-EER-12.5/instance-out.sql,0.00,0.00
CZ15/Htl&0&cDXGF&Ex&dxAC_equip/NE-dxAC-PkgAC-65to134-Ex-EER-11.0/instance-out.sql,0.00,0.00
CZ15/Htl&0&cDXGF&Ex&dxAC_equip/NE-dxAC-PkgAC-65to134-Ex-EER-12.0/instance-out.sql,0.00,0.00
CZ15/Htl&0&cDXGF&Ex&dxAC_equip/NE-dxAC-PkgAC-65to134-Ex-EER-13.0/instance-out.sql,0.00,0.00
CZ15/Htl&0&cDXGF&Ex&dxAC_equip/NE-dxAC-PkgAC-135to240-Ex-EER-10.8/instance-out.sql,0.00,0.00
CZ15/Htl&0&cDXGF&Ex&dxAC_equip/NE-dxAC-PkgAC-135to240-Ex-EER-12.0/instance-out.sql,0.00,0.00
CZ15/Htl&0&cDXGF&Ex&dxAC_equip/NE-dxAC-PkgAC-135to240-Ex-EER-12.5/instance-out.sql,0.00,0.00
CZ16/Htl&0&cDXGF&Ex&dxAC_equip/NE-dxAC-PkgAC-65to134-Ex-EER-11.0/instance-out.sql,0.00,0.00
CZ16/Htl&0&cDXGF&Ex&dxAC_equip/NE-dxAC-PkgAC-65to134-Ex-EER-12.0/instance-out.sql,0.00,0.00
CZ16/Htl&0&cDXGF&Ex&dxAC_equip/NE-dxAC-PkgAC-65to134-Ex-EER-13.0/instance-out.sql,0.00,0.00
CZ16/Htl&0&cDXGF&Ex&dxAC_equip/NE-dxAC-PkgAC-135to240-Ex-EER-10.8/instance-out.sql,0.00,0.00
CZ16/Htl&0&cDXGF&Ex&dxAC_equip/NE-dxAC-PkgAC-135to240-Ex-EER-12.0/instance-out.sql,0.00,0.00
CZ16/Htl&0&cDXGF&Ex&dxAC_equip/NE-dxAC-PkgAC-135to240-Ex-EER-12.5/instance-out.sql,0.00,0.00

