File Name,Net Site EUI (kWh/m2),Net Source EUI (kWh/m2),Total Energy/Net Site Energy (kWh),Total Energy/Net Source Energy (kWh)
CZ01/MFm&0&rDXGF&Ex&Fenes__ManufWin/Default/instance-out.sql,71.98,109.10,369764.93,560490.25
CZ01/MFm&0&rDXGF&Ex&Fenes__ManufWin/Base1.23/instance-out.sql,74.86,112.26,384588.48,576708.09
CZ01/MFm&0&rDXGF&Ex&Fenes__ManufWin/Msr-0.25-0.40/instance-out.sql
CZ01/MFm&0&rDXGF&Ex&Fenes__ManufWin/Msr-0.28-0.23/instance-out.sql
CZ01/MFm&0&rDXHP&Ex&Fenes__ManufWin/Default/instance-out.sql,75.47,131.63,387722.22,676222.90
CZ01/MFm&0&rDXHP&Ex&Fenes__ManufWin/Base1.23/instance-out.sql,77.25,137.17,396842.54,704672.93
CZ01/MFm&0&rDXHP&Ex&Fenes__ManufWin/Msr-0.25-0.40/instance-out.sql
CZ01/MFm&0&rDXHP&Ex&Fenes__ManufWin/Msr-0.28-0.23/instance-out.sql
CZ02/MFm&0&rDXGF&Ex&Fenes__ManufWin/Default/instance-out.sql,73.86,113.76,379406.81,584378.94
CZ02/MFm&0&rDXGF&Ex&Fenes__ManufWin/Base1.23/instance-out.sql,78.06,118.45,401014.44,608480.22
CZ02/MFm&0&rDXGF&Ex&Fenes__ManufWin/Msr-0.25-0.40/instance-out.sql,70.42,109.85,361775.44,564298.31
CZ02/MFm&0&rDXGF&Ex&Fenes__ManufWin/Msr-0.28-0.23/instance-out.sql,70.96,109.77,364544.91,563909.70
CZ02/MFm&0&rDXHP&Ex&Fenes__ManufWin/Default/instance-out.sql,76.46,135.47,392785.05,695927.27
CZ02/MFm&0&rDXHP&Ex&Fenes__ManufWin/Base1.23/instance-out.sql,78.72,142.55,404405.76,732295.41
CZ02/MFm&0&rDXHP&Ex&Fenes__ManufWin/Msr-0.25-0.40/instance-out.sql,73.84,127.29,379311.76,653897.59
CZ02/MFm&0&rDXHP&Ex&Fenes__ManufWin/Msr-0.28-0.23/instance-out.sql,74.54,129.42,382911.48,664868.94
CZ03/MFm&0&rDXGF&Ex&Fenes__ManufWin/Default/instance-out.sql,77.33,119.53,397279.71,614038.28
CZ03/MFm&0&rDXGF&Ex&Fenes__ManufWin/Base1.23/instance-out.sql,80.56,122.96,413829.31,631656.90
CZ03/MFm&0&rDXGF&Ex&Fenes__ManufWin/Msr-0.25-0.40/instance-out.sql,73.29,114.95,376497.52,590497.92
CZ03/MFm&0&rDXGF&Ex&Fenes__ManufWin/Msr-0.28-0.23/instance-out.sql,73.31,113.22,376601.97,581605.78
CZ03/MFm&0&rDXHP&Ex&Fenes__ManufWin/Default/instance-out.sql,73.51,125.96,377611.92,647099.62
CZ03/MFm&0&rDXHP&Ex&Fenes__ManufWin/Base1.23/instance-out.sql,74.56,129.27,383041.50,664086.48
CZ03/MFm&0&rDXHP&Ex&Fenes__ManufWin/Msr-0.25-0.40/instance-out.sql,72.06,121.46,370192.27,623979.91
CZ03/MFm&0&rDXHP&Ex&Fenes__ManufWin/Msr-0.28-0.23/instance-out.sql,71.63,120.03,367950.99,616639.35
CZ04/MFm&0&rDXGF&Ex&Fenes__ManufWin/Default/instance-out.sql,75.75,117.74,389142.81,604843.25
CZ04/MFm&0&rDXGF&Ex&Fenes__ManufWin/Base1.23/instance-out.sql,80.56,123.25,413856.27,633156.59
CZ04/MFm&0&rDXGF&Ex&Fenes__ManufWin/Msr-0.25-0.40/instance-out.sql,71.62,112.95,367907.62,580220.07
CZ04/MFm&0&rDXGF&Ex&Fenes__ManufWin/Msr-0.28-0.23/instance-out.sql,72.08,112.56,370269.69,578217.03
CZ04/MFm&0&rDXHP&Ex&Fenes__ManufWin/Default/instance-out.sql,73.44,126.23,377253.86,648466.98
CZ04/MFm&0&rDXHP&Ex&Fenes__ManufWin/Base1.23/instance-out.sql,75.17,131.66,386157.38,676366.61
CZ04/MFm&0&rDXHP&Ex&Fenes__ManufWin/Msr-0.25-0.40/instance-out.sql,71.71,120.87,368398.33,620933.29
CZ04/MFm&0&rDXHP&Ex&Fenes__ManufWin/Msr-0.28-0.23/instance-out.sql,71.80,121.09,368866.44,622034.83
CZ05/MFm&0&rDXGF&Ex&Fenes__ManufWin/Default/instance-out.sql,78.27,120.42,402086.47,618628.75
CZ05/MFm&0&rDXGF&Ex&Fenes__ManufWin/Base1.23/instance-out.sql,81.39,123.76,418114.94,635757.83
CZ05/MFm&0&rDXGF&Ex&Fenes__ManufWin/Msr-0.25-0.40/instance-out.sql,73.62,114.82,378182.39,589837.16
CZ05/MFm&0&rDXGF&Ex&Fenes__ManufWin/Msr-0.28-0.23/instance-out.sql,73.72,113.29,378697.62,581985.31
CZ05/MFm&0&rDXHP&Ex&Fenes__ManufWin/Default/instance-out.sql,76.52,135.65,393109.42,696841.61
CZ05/MFm&0&rDXHP&Ex&Fenes__ManufWin/Base1.23/instance-out.sql,77.77,139.54,399502.05,716857.37
CZ05/MFm&0&rDXHP&Ex&Fenes__ManufWin/Msr-0.25-0.40/instance-out.sql,74.44,129.15,382430.76,663445.87
CZ05/MFm&0&rDXHP&Ex&Fenes__ManufWin/Msr-0.28-0.23/instance-out.sql,74.36,128.82,382009.93,661790.63
CZ06/MFm&0&rDXGF&Ex&Fenes__ManufWin/Default/instance-out.sql,73.00,114.98,375016.23,590671.73
CZ06/MFm&0&rDXGF&Ex&Fenes__ManufWin/Base1.23/instance-out.sql,74.53,116.42,382863.38,598075.40
CZ06/MFm&0&rDXGF&Ex&Fenes__ManufWin/Msr-0.25-0.40/instance-out.sql,70.67,112.38,363035.35,577292.24
CZ06/MFm&0&rDXGF&Ex&Fenes__ManufWin/Msr-0.28-0.23/instance-out.sql,70.41,110.42,361704.63,567251.22
CZ06/MFm&0&rDXHP&Ex&Fenes__ManufWin/Default/instance-out.sql,69.83,114.67,358739.54,589062.48
CZ06/MFm&0&rDXHP&Ex&Fenes__ManufWin/Base1.23/instance-out.sql,70.23,115.89,360784.99,595343.66
CZ06/MFm&0&rDXHP&Ex&Fenes__ManufWin/Msr-0.25-0.40/instance-out.sql,69.10,112.41,354957.55,577462.07
CZ06/MFm&0&rDXHP&Ex&Fenes__ManufWin/Msr-0.28-0.23/instance-out.sql,68.47,110.36,351717.45,566931.49
CZ07/MFm&0&rDXGF&Ex&Fenes__ManufWin/Default/instance-out.sql,71.17,111.91,365592.79,574899.48
CZ07/MFm&0&rDXGF&Ex&Fenes__ManufWin/Base1.23/instance-out.sql,72.54,113.24,372630.23,581725.96
CZ07/MFm&0&rDXGF&Ex&Fenes__ManufWin/Msr-0.25-0.40/instance-out.sql,69.31,109.97,356057.59,564951.96
CZ07/MFm&0&rDXGF&Ex&Fenes__ManufWin/Msr-0.28-0.23/instance-out.sql,69.23,108.76,355639.48,558721.13
CZ07/MFm&0&rDXHP&Ex&Fenes__ManufWin/Default/instance-out.sql,68.88,111.88,353852.61,574725.11
CZ07/MFm&0&rDXHP&Ex&Fenes__ManufWin/Base1.23/instance-out.sql,69.25,113.00,355764.62,580513.00
CZ07/MFm&0&rDXHP&Ex&Fenes__ManufWin/Msr-0.25-0.40/instance-out.sql,68.34,110.25,351054.05,566358.13
CZ07/MFm&0&rDXHP&Ex&Fenes__ManufWin/Msr-0.28-0.23/instance-out.sql,67.96,108.98,349109.89,559850.21
CZ08/MFm&0&rDXGF&Ex&Fenes__ManufWin/Default/instance-out.sql,73.73,117.88,378742.30,605584.32
CZ08/MFm&0&rDXGF&Ex&Fenes__ManufWin/Base1.23/instance-out.sql,75.13,119.34,385976.11,613046.46
CZ08/MFm&0&rDXGF&Ex&Fenes__ManufWin/Msr-0.25-0.40/instance-out.sql,71.23,114.81,365904.74,589804.61
CZ08/MFm&0&rDXGF&Ex&Fenes__ManufWin/Msr-0.28-0.23/instance-out.sql,70.90,112.83,364221.44,579622.00
CZ08/MFm&0&rDXHP&Ex&Fenes__ManufWin/Default/instance-out.sql,70.97,118.47,364573.30,608588.31
CZ08/MFm&0&rDXHP&Ex&Fenes__ManufWin/Base1.23/instance-out.sql,71.39,119.76,366729.65,615208.22
CZ08/MFm&0&rDXHP&Ex&Fenes__ManufWin/Msr-0.25-0.40/instance-out.sql,70.07,115.71,359954.06,594434.75
CZ08/MFm&0&rDXHP&Ex&Fenes__ManufWin/Msr-0.28-0.23/instance-out.sql,69.45,113.69,356765.68,584026.37
CZ09/MFm&0&rDXGF&Ex&Fenes__ManufWin/Default/instance-out.sql,76.00,123.32,390407.26,633497.48
CZ09/MFm&0&rDXGF&Ex&Fenes__ManufWin/Base1.23/instance-out.sql,77.74,125.35,399350.33,643919.18
CZ09/MFm&0&rDXGF&Ex&Fenes__ManufWin/Msr-0.25-0.40/instance-out.sql,72.99,119.54,374967.52,614079.97
CZ09/MFm&0&rDXGF&Ex&Fenes__ManufWin/Msr-0.28-0.23/instance-out.sql,72.55,117.01,372683.86,601097.08
CZ09/MFm&0&rDXHP&Ex&Fenes__ManufWin/Default/instance-out.sql,72.40,123.23,371922.36,633027.52
CZ09/MFm&0&rDXHP&Ex&Fenes__ManufWin/Base1.23/instance-out.sql,72.97,125.01,374875.79,642207.75
CZ09/MFm&0&rDXHP&Ex&Fenes__ManufWin/Msr-0.25-0.40/instance-out.sql,71.32,119.89,366391.63,615917.91
CZ09/MFm&0&rDXHP&Ex&Fenes__ManufWin/Msr-0.28-0.23/instance-out.sql,70.52,117.31,362284.42,602653.64
CZ10/MFm&0&rDXGF&Ex&Fenes__ManufWin/Default/instance-out.sql,75.87,123.90,389769.50,636494.16
CZ10/MFm&0&rDXGF&Ex&Fenes__ManufWin/Base1.23/instance-out.sql,78.08,126.77,401119.72,651251.36
CZ10/MFm&0&rDXGF&Ex&Fenes__ManufWin/Msr-0.25-0.40/instance-out.sql,72.75,119.54,373728.01,614096.65
CZ10/MFm&0&rDXGF&Ex&Fenes__ManufWin/Msr-0.28-0.23/instance-out.sql,72.57,117.75,372813.46,604888.93
CZ10/MFm&0&rDXHP&Ex&Fenes__ManufWin/Default/instance-out.sql,75.48,132.93,387764.60,682877.54
CZ10/MFm&0&rDXHP&Ex&Fenes__ManufWin/Base1.23/instance-out.sql,76.59,136.37,393430.03,700560.61
CZ10/MFm&0&rDXHP&Ex&Fenes__ManufWin/Msr-0.25-0.40/instance-out.sql,73.62,127.15,378217.80,653189.40
CZ10/MFm&0&rDXHP&Ex&Fenes__ManufWin/Msr-0.28-0.23/instance-out.sql,73.38,126.30,376946.26,648831.76
CZ11/MFm&0&rDXGF&Ex&Fenes__ManufWin/Default/instance-out.sql,79.62,131.75,409002.89,676834.41
CZ11/MFm&0&rDXGF&Ex&Fenes__ManufWin/Base1.23/instance-out.sql,83.98,138.07,431438.00,709287.79
CZ11/MFm&0&rDXGF&Ex&Fenes__ManufWin/Msr-0.25-0.40/instance-out.sql,75.43,125.91,387510.85,646796.94
CZ11/MFm&0&rDXGF&Ex&Fenes__ManufWin/Msr-0.28-0.23/instance-out.sql,75.50,124.52,387865.18,639661.06
CZ11/MFm&0&rDXHP&Ex&Fenes__ManufWin/Default/instance-out.sql,79.96,146.79,410745.20,754086.34
CZ11/MFm&0&rDXHP&Ex&Fenes__ManufWin/Base1.23/instance-out.sql,82.42,154.54,423411.34,793900.23
CZ11/MFm&0&rDXHP&Ex&Fenes__ManufWin/Msr-0.25-0.40/instance-out.sql,77.34,138.59,397292.53,711942.45
CZ11/MFm&0&rDXHP&Ex&Fenes__ManufWin/Msr-0.28-0.23/instance-out.sql,77.29,138.39,397076.18,710952.46
CZ12/MFm&0&rDXGF&Ex&Fenes__ManufWin/Default/instance-out.sql,76.77,121.47,394363.39,624028.33
CZ12/MFm&0&rDXGF&Ex&Fenes__ManufWin/Base1.23/instance-out.sql,80.05,125.54,411247.97,644919.26
CZ12/MFm&0&rDXGF&Ex&Fenes__ManufWin/Msr-0.25-0.40/instance-out.sql,73.38,117.19,376980.27,602012.41
CZ12/MFm&0&rDXGF&Ex&Fenes__ManufWin/Msr-0.28-0.23/instance-out.sql,73.59,116.00,378064.41,595888.64
CZ12/MFm&0&rDXHP&Ex&Fenes__ManufWin/Default/instance-out.sql,78.44,142.05,402971.69,729729.50
CZ12/MFm&0&rDXHP&Ex&Fenes__ManufWin/Base1.23/instance-out.sql,80.15,147.40,411755.26,757226.62
CZ12/MFm&0&rDXHP&Ex&Fenes__ManufWin/Msr-0.25-0.40/instance-out.sql,76.32,135.41,392055.33,695629.89
CZ12/MFm&0&rDXHP&Ex&Fenes__ManufWin/Msr-0.28-0.23/instance-out.sql,76.60,136.23,393496.99,699841.89
CZ13/MFm&0&rDXGF&Ex&Fenes__ManufWin/Default/instance-out.sql,86.39,144.20,443776.92,740779.89
CZ13/MFm&0&rDXGF&Ex&Fenes__ManufWin/Base1.23/instance-out.sql,88.96,147.76,456990.03,759082.98
CZ13/MFm&0&rDXGF&Ex&Fenes__ManufWin/Msr-0.25-0.40/instance-out.sql,80.88,135.51,415508.16,696131.81
CZ13/MFm&0&rDXGF&Ex&Fenes__ManufWin/Msr-0.28-0.23/instance-out.sql,80.89,133.76,415564.73,687159.28
CZ13/MFm&0&rDXHP&Ex&Fenes__ManufWin/Default/instance-out.sql,83.37,157.70,428285.57,810142.26
CZ13/MFm&0&rDXHP&Ex&Fenes__ManufWin/Base1.23/instance-out.sql,84.63,161.67,434755.42,830510.58
CZ13/MFm&0&rDXHP&Ex&Fenes__ManufWin/Msr-0.25-0.40/instance-out.sql,80.32,148.09,412602.22,760738.31
CZ13/MFm&0&rDXHP&Ex&Fenes__ManufWin/Msr-0.28-0.23/instance-out.sql,80.06,147.22,411267.85,756289.17
CZ14/MFm&0&rDXGF&Ex&Fenes__ManufWin/Default/instance-out.sql,80.21,134.98,412059.83,693411.27
CZ14/MFm&0&rDXGF&Ex&Fenes__ManufWin/Base1.23/instance-out.sql,83.51,139.78,428987.38,718057.85
CZ14/MFm&0&rDXGF&Ex&Fenes__ManufWin/Msr-0.25-0.40/instance-out.sql,75.53,127.31,388009.94,654019.45
CZ14/MFm&0&rDXGF&Ex&Fenes__ManufWin/Msr-0.28-0.23/instance-out.sql,75.54,125.66,388082.92,645515.61
CZ14/MFm&0&rDXHP&Ex&Fenes__ManufWin/Default/instance-out.sql,79.64,146.25,409146.80,751322.10
CZ14/MFm&0&rDXHP&Ex&Fenes__ManufWin/Base1.23/instance-out.sql,81.40,151.76,418152.53,779618.18
CZ14/MFm&0&rDXHP&Ex&Fenes__ManufWin/Msr-0.25-0.40/instance-out.sql,76.57,136.60,393352.85,701749.86
CZ14/MFm&0&rDXHP&Ex&Fenes__ManufWin/Msr-0.28-0.23/instance-out.sql,76.48,136.25,392871.00,699914.90
CZ15/MFm&0&rDXGF&Ex&Fenes__ManufWin/Default/instance-out.sql,83.96,153.06,431321.13,786271.41
CZ15/MFm&0&rDXGF&Ex&Fenes__ManufWin/Base1.23/instance-out.sql,86.78,158.93,445795.67,816469.11
CZ15/MFm&0&rDXGF&Ex&Fenes__ManufWin/Msr-0.25-0.40/instance-out.sql,80.63,146.07,414193.61,750395.96
CZ15/MFm&0&rDXGF&Ex&Fenes__ManufWin/Msr-0.28-0.23/instance-out.sql,79.77,142.67,409776.69,732943.17
CZ15/MFm&0&rDXHP&Ex&Fenes__ManufWin/Default/instance-out.sql,82.51,155.34,423875.17,798016.68
CZ15/MFm&0&rDXHP&Ex&Fenes__ManufWin/Base1.23/instance-out.sql,84.35,161.15,433339.01,827853.07
CZ15/MFm&0&rDXHP&Ex&Fenes__ManufWin/Msr-0.25-0.40/instance-out.sql,80.28,148.32,412395.88,761934.98
CZ15/MFm&0&rDXHP&Ex&Fenes__ManufWin/Msr-0.28-0.23/instance-out.sql,79.25,145.02,407103.43,745015.11
CZ16/MFm&0&rDXGF&Ex&Fenes__ManufWin/Default/instance-out.sql,83.82,133.77,430600.55,687179.72
CZ16/MFm&0&rDXGF&Ex&Fenes__ManufWin/Base1.23/instance-out.sql,89.24,140.77,458451.34,723159.27
CZ16/MFm&0&rDXGF&Ex&Fenes__ManufWin/Msr-0.25-0.40/instance-out.sql,77.79,125.96,399618.03,647076.27
CZ16/MFm&0&rDXGF&Ex&Fenes__ManufWin/Msr-0.28-0.23/instance-out.sql,78.27,124.95,402082.47,641893.39
CZ16/MFm&0&rDXHP&Ex&Fenes__ManufWin/Default/instance-out.sql,89.67,177.31,460664.10,910867.51
CZ16/MFm&0&rDXHP&Ex&Fenes__ManufWin/Base1.23/instance-out.sql,93.76,190.20,481680.63,977110.92
CZ16/MFm&0&rDXHP&Ex&Fenes__ManufWin/Msr-0.25-0.40/instance-out.sql,84.01,159.49,431576.05,819317.04
CZ16/MFm&0&rDXHP&Ex&Fenes__ManufWin/Msr-0.28-0.23/instance-out.sql,85.26,163.35,437976.20,839180.25

File Name,Total (kWh),Heating (kWh),Cooling (kWh),Interior Lighting (kWh),Exterior Lighting (kWh),Interior Equipment (kWh),Exterior Equipment (kWh),Fans (kWh),Pumps (kWh),Heat Rejection (kWh),Humidification (kWh),Heat Recovery (kWh),Water Systems (kWh),Refrigeration (kWh),Generators (kWh),Heating Elec (kWh),Cooling Elec (kWh),Heating NG (kWh),Cooling NG (kWh),Interior Equipment Elec (kWh),Interior Equipment NG (kWh)
CZ01/MFm&0&rDXGF&Ex&Fenes__ManufWin/Default/instance-out.sql,369764.93,28289.45,1109.77,14740.46,0.0,73887.41,0.0,1136.67,0.0,0.0,0.0,0.0,250601.17,0.0,0.0,0.00,1109.77,28289.45,0.00,59664.59,14222.82
CZ01/MFm&0&rDXGF&Ex&Fenes__ManufWin/Base1.23/instance-out.sql,384588.48000000004,42841.45,912.24,14740.46,0.0,73887.41,0.0,1405.8,0.0,0.0,0.0,0.0,250801.14,0.0,0.0,0.00,912.24,42841.45,0.00,59664.59,14222.82
CZ01/MFm&0&rDXGF&Ex&Fenes__ManufWin/Msr-0.25-0.40/instance-out.sql
CZ01/MFm&0&rDXGF&Ex&Fenes__ManufWin/Msr-0.28-0.23/instance-out.sql
CZ01/MFm&0&rDXHP&Ex&Fenes__ManufWin/Default/instance-out.sql,387722.22000000003,46071.8,1104.13,14740.46,0.0,73887.41,0.0,1286.05,0.0,0.0,0.0,0.0,250632.38,0.0,0.0,46071.80,1104.13,0.00,0.00,59664.59,14222.82
CZ01/MFm&0&rDXHP&Ex&Fenes__ManufWin/Base1.23/instance-out.sql,396842.54000000004,54723.57,906.62,14740.46,0.0,73887.41,0.0,1743.75,0.0,0.0,0.0,0.0,250840.74,0.0,0.0,54723.57,906.62,0.00,0.00,59664.59,14222.82
CZ01/MFm&0&rDXHP&Ex&Fenes__ManufWin/Msr-0.25-0.40/instance-out.sql
CZ01/MFm&0&rDXHP&Ex&Fenes__ManufWin/Msr-0.28-0.23/instance-out.sql
CZ02/MFm&0&rDXGF&Ex&Fenes__ManufWin/Default/instance-out.sql,379406.81,33119.86,4838.23,14740.46,0.0,73887.41,0.0,3858.96,0.0,0.0,0.0,0.0,248961.91,0.0,0.0,0.00,4838.23,33119.86,0.00,59664.59,14222.82
CZ02/MFm&0&rDXGF&Ex&Fenes__ManufWin/Base1.23/instance-out.sql,401014.45,54228.35,4643.49,14740.46,0.0,73887.41,0.0,4379.48,0.0,0.0,0.0,0.0,249135.27,0.0,0.0,0.00,4643.49,54228.35,0.00,59664.59,14222.82
CZ02/MFm&0&rDXGF&Ex&Fenes__ManufWin/Msr-0.25-0.40/instance-out.sql,361775.43000000005,16259.56,5119.02,14740.46,0.0,73887.41,0.0,3113.35,0.0,0.0,0.0,0.0,248655.65,0.0,0.0,0.00,5119.02,16259.56,0.00,59664.59,14222.82
CZ02/MFm&0&rDXGF&Ex&Fenes__ManufWin/Msr-0.28-0.23/instance-out.sql,364544.89999999997,20434.77,3777.86,14740.46,0.0,73887.41,0.0,2826.7,0.0,0.0,0.0,0.0,248877.71,0.0,0.0,0.00,3777.86,20434.77,0.00,59664.59,14222.82
CZ02/MFm&0&rDXHP&Ex&Fenes__ManufWin/Default/instance-out.sql,392785.05,47437.93,4841.51,14740.46,0.0,73887.41,0.0,3007.44,0.0,0.0,0.0,0.0,248870.31,0.0,0.0,47437.93,4841.51,0.00,0.00,59664.59,14222.82
CZ02/MFm&0&rDXHP&Ex&Fenes__ManufWin/Base1.23/instance-out.sql,404405.75,58196.4,4645.85,14740.46,0.0,73887.41,0.0,3856.67,0.0,0.0,0.0,0.0,249078.97,0.0,0.0,58196.40,4645.85,0.00,0.00,59664.59,14222.82
CZ02/MFm&0&rDXHP&Ex&Fenes__ManufWin/Msr-0.25-0.40/instance-out.sql,379311.75,34777.56,5122.43,14740.46,0.0,73887.41,0.0,2220.96,0.0,0.0,0.0,0.0,248562.95,0.0,0.0,34777.56,5122.43,0.00,0.00,59664.59,14222.82
CZ02/MFm&0&rDXHP&Ex&Fenes__ManufWin/Msr-0.28-0.23/instance-out.sql,382911.49,39570.36,3782.81,14740.46,0.0,73887.41,0.0,2161.56,0.0,0.0,0.0,0.0,248768.89,0.0,0.0,39570.36,3782.81,0.00,0.00,59664.59,14222.82
CZ03/MFm&0&rDXGF&Ex&Fenes__ManufWin/Default/instance-out.sql,397279.71,45783.72,9023.28,14740.46,0.0,73887.41,0.0,4611.56,0.0,0.0,0.0,0.0,249233.3,0.0,0.0,0.00,9023.28,45783.72,0.00,59664.59,14222.82
CZ03/MFm&0&rDXGF&Ex&Fenes__ManufWin/Base1.23/instance-out.sql,413829.31,62387.68,8374.55,14740.46,0.0,73887.41,0.0,5106.11,0.0,0.0,0.0,0.0,249333.12,0.0,0.0,0.00,8374.55,62387.68,0.00,59664.59,14222.82
CZ03/MFm&0&rDXGF&Ex&Fenes__ManufWin/Msr-0.25-0.40/instance-out.sql,376497.52,25666.27,9304.91,14740.46,0.0,73887.41,0.0,3843.86,0.0,0.0,0.0,0.0,249054.61,0.0,0.0,0.00,9304.91,25666.27,0.00,59664.59,14222.82
CZ03/MFm&0&rDXGF&Ex&Fenes__ManufWin/Msr-0.28-0.23/instance-out.sql,376601.97,29979.74,5989.73,14740.46,0.0,73887.41,0.0,2835.78,0.0,0.0,0.0,0.0,249168.85,0.0,0.0,0.00,5989.73,29979.74,0.00,59664.59,14222.82
CZ03/MFm&0&rDXHP&Ex&Fenes__ManufWin/Default/instance-out.sql,377611.92,26427.67,9012.21,14740.46,0.0,73887.41,0.0,4302.12,0.0,0.0,0.0,0.0,249242.05,0.0,0.0,26427.67,9012.21,0.00,0.00,59664.59,14222.82
CZ03/MFm&0&rDXHP&Ex&Fenes__ManufWin/Base1.23/instance-out.sql,383041.5,31835.33,8363.22,14740.46,0.0,73887.41,0.0,4872.88,0.0,0.0,0.0,0.0,249342.22,0.0,0.0,31835.33,8363.22,0.00,0.00,59664.59,14222.82
CZ03/MFm&0&rDXHP&Ex&Fenes__ManufWin/Msr-0.25-0.40/instance-out.sql,370192.27,19735.33,9295.81,14740.46,0.0,73887.41,0.0,3472.84,0.0,0.0,0.0,0.0,249060.43,0.0,0.0,19735.33,9295.81,0.00,0.00,59664.59,14222.82
CZ03/MFm&0&rDXHP&Ex&Fenes__ManufWin/Msr-0.28-0.23/instance-out.sql,367950.99,21411.82,5978.85,14740.46,0.0,73887.41,0.0,2755.64,0.0,0.0,0.0,0.0,249176.81,0.0,0.0,21411.82,5978.85,0.00,0.00,59664.59,14222.82
CZ04/MFm&0&rDXGF&Ex&Fenes__ManufWin/Default/instance-out.sql,389142.81000000006,38917.01,7682.2,14740.46,0.0,73887.41,0.0,5772.79,0.0,0.0,0.0,0.0,248142.95,0.0,0.0,0.00,7682.20,38917.01,0.00,59664.59,14222.82
CZ04/MFm&0&rDXGF&Ex&Fenes__ManufWin/Base1.23/instance-out.sql,413856.27,62788.93,7487.95,14740.46,0.0,73887.41,0.0,6698.64,0.0,0.0,0.0,0.0,248252.88,0.0,0.0,0.00,7487.95,62788.93,0.00,59664.59,14222.82
CZ04/MFm&0&rDXGF&Ex&Fenes__ManufWin/Msr-0.25-0.40/instance-out.sql,367907.62,18687.19,8009.74,14740.46,0.0,73887.41,0.0,4675.09,0.0,0.0,0.0,0.0,247907.74,0.0,0.0,0.00,8009.74,18687.19,0.00,59664.59,14222.82
CZ04/MFm&0&rDXGF&Ex&Fenes__ManufWin/Msr-0.28-0.23/instance-out.sql,370269.68999999994,23041.38,6123.1,14740.46,0.0,73887.41,0.0,4370.89,0.0,0.0,0.0,0.0,248106.46,0.0,0.0,0.00,6123.10,23041.38,0.00,59664.59,14222.82
CZ04/MFm&0&rDXHP&Ex&Fenes__ManufWin/Default/instance-out.sql,377253.85000000003,29282.98,7702.36,14740.46,0.0,73887.41,0.0,3599.44,0.0,0.0,0.0,0.0,248041.22,0.0,0.0,29282.98,7702.36,0.00,0.00,59664.59,14222.82
CZ04/MFm&0&rDXHP&Ex&Fenes__ManufWin/Base1.23/instance-out.sql,386157.39,37367.33,7502.77,14740.46,0.0,73887.41,0.0,4475.22,0.0,0.0,0.0,0.0,248184.2,0.0,0.0,37367.33,7502.77,0.00,0.00,59664.59,14222.82
CZ04/MFm&0&rDXHP&Ex&Fenes__ManufWin/Msr-0.25-0.40/instance-out.sql,368398.32,21159.45,8029.98,14740.46,0.0,73887.41,0.0,2785.51,0.0,0.0,0.0,0.0,247795.53,0.0,0.0,21159.45,8029.98,0.00,0.00,59664.59,14222.82
CZ04/MFm&0&rDXHP&Ex&Fenes__ManufWin/Msr-0.28-0.23/instance-out.sql,368866.44,23498.63,6142.21,14740.46,0.0,73887.41,0.0,2619.31,0.0,0.0,0.0,0.0,247978.42,0.0,0.0,23498.63,6142.21,0.00,0.00,59664.59,14222.82
CZ05/MFm&0&rDXGF&Ex&Fenes__ManufWin/Default/instance-out.sql,402086.47000000003,51211.13,8992.24,14740.46,0.0,73887.41,0.0,4344.92,0.0,0.0,0.0,0.0,248910.31,0.0,0.0,0.00,8992.24,51211.13,0.00,59664.59,14222.82
CZ05/MFm&0&rDXGF&Ex&Fenes__ManufWin/Base1.23/instance-out.sql,418114.94,67246.03,8527.98,14740.46,0.0,73887.41,0.0,4691.19,0.0,0.0,0.0,0.0,249021.88,0.0,0.0,0.00,8527.98,67246.03,0.00,59664.59,14222.82
CZ05/MFm&0&rDXGF&Ex&Fenes__ManufWin/Msr-0.25-0.40/instance-out.sql,378182.38,28886.97,8581.07,14740.46,0.0,73887.41,0.0,3373.68,0.0,0.0,0.0,0.0,248712.8,0.0,0.0,0.00,8581.07,28886.97,0.00,59664.59,14222.82
CZ05/MFm&0&rDXGF&Ex&Fenes__ManufWin/Msr-0.28-0.23/instance-out.sql,378697.63,33286.69,5378.52,14740.46,0.0,73887.41,0.0,2538.61,0.0,0.0,0.0,0.0,248865.94,0.0,0.0,0.00,5378.52,33286.69,0.00,59664.59,14222.82
CZ05/MFm&0&rDXHP&Ex&Fenes__ManufWin/Default/instance-out.sql,393109.42,42008.08,8971.71,14740.46,0.0,73887.41,0.0,4577.24,0.0,0.0,0.0,0.0,248924.54,0.0,0.0,42008.08,8971.71,0.00,0.00,59664.59,14222.82
CZ05/MFm&0&rDXHP&Ex&Fenes__ManufWin/Base1.23/instance-out.sql,399502.05,48145.12,8508.32,14740.46,0.0,73887.41,0.0,5185.95,0.0,0.0,0.0,0.0,249034.81,0.0,0.0,48145.12,8508.32,0.00,0.00,59664.59,14222.82
CZ05/MFm&0&rDXHP&Ex&Fenes__ManufWin/Msr-0.25-0.40/instance-out.sql,382430.76,33083.07,8564.62,14740.46,0.0,73887.41,0.0,3434.03,0.0,0.0,0.0,0.0,248721.18,0.0,0.0,33083.07,8564.62,0.00,0.00,59664.59,14222.82
CZ05/MFm&0&rDXHP&Ex&Fenes__ManufWin/Msr-0.28-0.23/instance-out.sql,382009.94,36295.71,5367.33,14740.46,0.0,73887.41,0.0,2843.04,0.0,0.0,0.0,0.0,248876.0,0.0,0.0,36295.71,5367.33,0.00,0.00,59664.59,14222.82
CZ06/MFm&0&rDXGF&Ex&Fenes__ManufWin/Default/instance-out.sql,375016.23,23976.89,10065.61,14740.46,0.0,73887.41,0.0,3937.47,0.0,0.0,0.0,0.0,248408.39,0.0,0.0,0.00,10065.61,23976.89,0.00,59664.59,14222.82
CZ06/MFm&0&rDXGF&Ex&Fenes__ManufWin/Base1.23/instance-out.sql,382863.37,32259.04,9285.41,14740.46,0.0,73887.41,0.0,4188.32,0.0,0.0,0.0,0.0,248502.74,0.0,0.0,0.00,9285.41,32259.04,0.00,59664.59,14222.82
CZ06/MFm&0&rDXGF&Ex&Fenes__ManufWin/Msr-0.25-0.40/instance-out.sql,363035.36,12363.3,10453.6,14740.46,0.0,73887.41,0.0,3361.18,0.0,0.0,0.0,0.0,248229.4,0.0,0.0,0.00,10453.60,12363.30,0.00,59664.59,14222.82
CZ06/MFm&0&rDXGF&Ex&Fenes__ManufWin/Msr-0.28-0.23/instance-out.sql,361704.64,15032.91,7155.52,14740.46,0.0,73887.41,0.0,2531.32,0.0,0.0,0.0,0.0,248357.02,0.0,0.0,0.00,7155.52,15032.91,0.00,59664.59,14222.82
CZ06/MFm&0&rDXHP&Ex&Fenes__ManufWin/Default/instance-out.sql,358739.54000000004,8260.76,10065.36,14740.46,0.0,73887.41,0.0,3374.84,0.0,0.0,0.0,0.0,248410.71,0.0,0.0,8260.76,10065.36,0.00,0.00,59664.59,14222.82
CZ06/MFm&0&rDXHP&Ex&Fenes__ManufWin/Base1.23/instance-out.sql,360784.99,10829.87,9284.76,14740.46,0.0,73887.41,0.0,3537.33,0.0,0.0,0.0,0.0,248505.17,0.0,0.0,10829.87,9284.76,0.00,0.00,59664.59,14222.82
CZ06/MFm&0&rDXHP&Ex&Fenes__ManufWin/Msr-0.25-0.40/instance-out.sql,354957.55,4678.33,10454.16,14740.46,0.0,73887.41,0.0,2967.54,0.0,0.0,0.0,0.0,248229.65,0.0,0.0,4678.33,10454.16,0.00,0.00,59664.59,14222.82
CZ06/MFm&0&rDXHP&Ex&Fenes__ManufWin/Msr-0.28-0.23/instance-out.sql,351717.46,5306.96,7155.36,14740.46,0.0,73887.41,0.0,2268.38,0.0,0.0,0.0,0.0,248358.89,0.0,0.0,5306.96,7155.36,0.00,0.00,59664.59,14222.82
CZ07/MFm&0&rDXGF&Ex&Fenes__ManufWin/Default/instance-out.sql,365592.79,17767.69,8474.39,14740.46,0.0,73887.41,0.0,2860.79,0.0,0.0,0.0,0.0,247862.05,0.0,0.0,0.00,8474.39,17767.69,0.00,59664.59,14222.82
CZ07/MFm&0&rDXGF&Ex&Fenes__ManufWin/Base1.23/instance-out.sql,372630.23,25061.95,7882.02,14740.46,0.0,73887.41,0.0,3068.09,0.0,0.0,0.0,0.0,247990.3,0.0,0.0,0.00,7882.02,25061.95,0.00,59664.59,14222.82
CZ07/MFm&0&rDXGF&Ex&Fenes__ManufWin/Msr-0.25-0.40/instance-out.sql,356057.59,8282.37,9017.44,14740.46,0.0,73887.41,0.0,2504.32,0.0,0.0,0.0,0.0,247625.6,0.0,0.0,0.00,9017.44,8282.37,0.00,59664.59,14222.82
CZ07/MFm&0&rDXGF&Ex&Fenes__ManufWin/Msr-0.28-0.23/instance-out.sql,355639.47,10470.21,6711.42,14740.46,0.0,73887.41,0.0,2036.65,0.0,0.0,0.0,0.0,247793.34,0.0,0.0,0.00,6711.42,10470.21,0.00,59664.59,14222.82
CZ07/MFm&0&rDXHP&Ex&Fenes__ManufWin/Default/instance-out.sql,353852.61,6401.97,8474.36,14740.46,0.0,73887.41,0.0,2484.76,0.0,0.0,0.0,0.0,247863.65,0.0,0.0,6401.97,8474.36,0.00,0.00,59664.59,14222.82
CZ07/MFm&0&rDXHP&Ex&Fenes__ManufWin/Base1.23/instance-out.sql,355764.62,8627.89,7881.73,14740.46,0.0,73887.41,0.0,2635.09,0.0,0.0,0.0,0.0,247992.05,0.0,0.0,8627.89,7881.73,0.00,0.00,59664.59,14222.82
CZ07/MFm&0&rDXHP&Ex&Fenes__ManufWin/Msr-0.25-0.40/instance-out.sql,351054.05,3552.56,9017.67,14740.46,0.0,73887.41,0.0,2230.46,0.0,0.0,0.0,0.0,247625.51,0.0,0.0,3552.56,9017.67,0.00,0.00,59664.59,14222.82
CZ07/MFm&0&rDXHP&Ex&Fenes__ManufWin/Msr-0.28-0.23/instance-out.sql,349109.89,4163.07,6711.84,14740.46,0.0,73887.41,0.0,1813.23,0.0,0.0,0.0,0.0,247793.9,0.0,0.0,4163.07,6711.84,0.00,0.00,59664.59,14222.82
CZ08/MFm&0&rDXGF&Ex&Fenes__ManufWin/Default/instance-out.sql,378742.3,22985.79,14527.56,14740.46,0.0,73887.41,0.0,4695.65,0.0,0.0,0.0,0.0,247905.44,0.0,0.0,0.00,14527.56,22985.79,0.00,59664.59,14222.82
CZ08/MFm&0&rDXGF&Ex&Fenes__ManufWin/Base1.23/instance-out.sql,385976.11,30300.45,14052.76,14740.46,0.0,73887.41,0.0,4988.36,0.0,0.0,0.0,0.0,248006.68,0.0,0.0,0.00,14052.76,30300.45,0.00,59664.59,14222.82
CZ08/MFm&0&rDXGF&Ex&Fenes__ManufWin/Msr-0.25-0.40/instance-out.sql,365904.74,11268.7,14340.66,14740.46,0.0,73887.41,0.0,3987.78,0.0,0.0,0.0,0.0,247679.73,0.0,0.0,0.00,14340.66,11268.70,0.00,59664.59,14222.82
CZ08/MFm&0&rDXGF&Ex&Fenes__ManufWin/Msr-0.28-0.23/instance-out.sql,364221.44,13449.43,11008.25,14740.46,0.0,73887.41,0.0,3307.76,0.0,0.0,0.0,0.0,247828.14,0.0,0.0,0.00,11008.25,13449.43,0.00,59664.59,14222.82
CZ08/MFm&0&rDXHP&Ex&Fenes__ManufWin/Default/instance-out.sql,364573.3,9599.55,14526.45,14740.46,0.0,73887.41,0.0,3912.95,0.0,0.0,0.0,0.0,247906.49,0.0,0.0,9599.55,14526.45,0.00,0.00,59664.59,14222.82
CZ08/MFm&0&rDXHP&Ex&Fenes__ManufWin/Base1.23/instance-out.sql,366729.65,11932.41,14052.39,14740.46,0.0,73887.41,0.0,4110.04,0.0,0.0,0.0,0.0,248006.94,0.0,0.0,11932.41,14052.39,0.00,0.00,59664.59,14222.82
CZ08/MFm&0&rDXHP&Ex&Fenes__ManufWin/Msr-0.25-0.40/instance-out.sql,359954.06,5865.79,14341.18,14740.46,0.0,73887.41,0.0,3441.05,0.0,0.0,0.0,0.0,247678.17,0.0,0.0,5865.79,14341.18,0.00,0.00,59664.59,14222.82
CZ08/MFm&0&rDXHP&Ex&Fenes__ManufWin/Msr-0.28-0.23/instance-out.sql,356765.68,6488.75,11008.15,14740.46,0.0,73887.41,0.0,2813.55,0.0,0.0,0.0,0.0,247827.37,0.0,0.0,6488.75,11008.15,0.00,0.00,59664.59,14222.82
CZ09/MFm&0&rDXGF&Ex&Fenes__ManufWin/Default/instance-out.sql,390407.26,27879.45,20232.54,14740.46,0.0,73887.41,0.0,6320.65,0.0,0.0,0.0,0.0,247346.75,0.0,0.0,0.00,20232.54,27879.45,0.00,59664.59,14222.82
CZ09/MFm&0&rDXGF&Ex&Fenes__ManufWin/Base1.23/instance-out.sql,399350.32,36390.58,20062.17,14740.46,0.0,73887.41,0.0,6840.24,0.0,0.0,0.0,0.0,247429.48,0.0,0.0,0.00,20062.17,36390.58,0.00,59664.59,14222.82
CZ09/MFm&0&rDXGF&Ex&Fenes__ManufWin/Msr-0.25-0.40/instance-out.sql,374967.51999999996,13921.89,19934.68,14740.46,0.0,73887.41,0.0,5331.5,0.0,0.0,0.0,0.0,247151.59,0.0,0.0,0.00,19934.68,13921.89,0.00,59664.59,14222.82
CZ09/MFm&0&rDXGF&Ex&Fenes__ManufWin/Msr-0.28-0.23/instance-out.sql,372683.86,16559.42,15743.02,14740.46,0.0,73887.41,0.0,4478.81,0.0,0.0,0.0,0.0,247274.75,0.0,0.0,0.00,15743.02,16559.42,0.00,59664.59,14222.82
CZ09/MFm&0&rDXHP&Ex&Fenes__ManufWin/Default/instance-out.sql,371922.36,10512.81,20229.78,14740.46,0.0,73887.41,0.0,5204.59,0.0,0.0,0.0,0.0,247347.33,0.0,0.0,10512.81,20229.78,0.00,0.00,59664.59,14222.82
CZ09/MFm&0&rDXHP&Ex&Fenes__ManufWin/Base1.23/instance-out.sql,374875.79000000004,13243.44,20059.2,14740.46,0.0,73887.41,0.0,5514.78,0.0,0.0,0.0,0.0,247430.51,0.0,0.0,13243.44,20059.20,0.00,0.00,59664.59,14222.82
CZ09/MFm&0&rDXHP&Ex&Fenes__ManufWin/Msr-0.25-0.40/instance-out.sql,366391.63,6062.0,19932.55,14740.46,0.0,73887.41,0.0,4616.91,0.0,0.0,0.0,0.0,247152.3,0.0,0.0,6062.00,19932.55,0.00,0.00,59664.59,14222.82
CZ09/MFm&0&rDXHP&Ex&Fenes__ManufWin/Msr-0.28-0.23/instance-out.sql,362284.42,6806.17,15741.41,14740.46,0.0,73887.41,0.0,3833.41,0.0,0.0,0.0,0.0,247275.55,0.0,0.0,6806.17,15741.41,0.00,0.00,59664.59,14222.82
CZ10/MFm&0&rDXGF&Ex&Fenes__ManufWin/Default/instance-out.sql,389769.5,25317.91,22538.93,14740.46,0.0,73887.41,0.0,5784.78,0.0,0.0,0.0,0.0,247500.02,0.0,0.0,0.00,22538.93,25317.91,0.00,59664.59,14222.82
CZ10/MFm&0&rDXGF&Ex&Fenes__ManufWin/Base1.23/instance-out.sql,401119.72,35364.64,23064.99,14740.46,0.0,73887.41,0.0,6436.63,0.0,0.0,0.0,0.0,247625.59,0.0,0.0,0.00,23064.99,35364.64,0.00,59664.59,14222.82
CZ10/MFm&0&rDXGF&Ex&Fenes__ManufWin/Msr-0.25-0.40/instance-out.sql,373728.01,11941.77,21159.98,14740.46,0.0,73887.41,0.0,4759.26,0.0,0.0,0.0,0.0,247239.14,0.0,0.0,0.00,21159.98,11941.77,0.00,59664.59,14222.82
CZ10/MFm&0&rDXGF&Ex&Fenes__ManufWin/Msr-0.28-0.23/instance-out.sql,372813.46,14813.34,17748.07,14740.46,0.0,73887.41,0.0,4226.69,0.0,0.0,0.0,0.0,247397.5,0.0,0.0,0.00,17748.07,14813.34,0.00,59664.59,14222.82
CZ10/MFm&0&rDXHP&Ex&Fenes__ManufWin/Default/instance-out.sql,387764.59,23954.64,22540.11,14740.46,0.0,73887.41,0.0,5139.91,0.0,0.0,0.0,0.0,247502.07,0.0,0.0,23954.64,22540.11,0.00,0.00,59664.59,14222.82
CZ10/MFm&0&rDXHP&Ex&Fenes__ManufWin/Base1.23/instance-out.sql,393430.03,28452.28,23066.5,14740.46,0.0,73887.41,0.0,5656.8,0.0,0.0,0.0,0.0,247626.58,0.0,0.0,28452.28,23066.50,0.00,0.00,59664.59,14222.82
CZ10/MFm&0&rDXHP&Ex&Fenes__ManufWin/Msr-0.25-0.40/instance-out.sql,378217.8,16844.44,21161.1,14740.46,0.0,73887.41,0.0,4344.72,0.0,0.0,0.0,0.0,247239.68,0.0,0.0,16844.44,21161.10,0.00,0.00,59664.59,14222.82
CZ10/MFm&0&rDXHP&Ex&Fenes__ManufWin/Msr-0.28-0.23/instance-out.sql,376946.26,19297.32,17748.83,14740.46,0.0,73887.41,0.0,3873.83,0.0,0.0,0.0,0.0,247398.43,0.0,0.0,19297.32,17748.83,0.00,0.00,59664.59,14222.82
CZ11/MFm&0&rDXGF&Ex&Fenes__ManufWin/Default/instance-out.sql,409002.89,34411.26,28380.8,14740.46,0.0,73887.41,0.0,9300.22,0.0,0.0,0.0,0.0,248282.74,0.0,0.0,0.00,28380.80,34411.26,0.00,59664.59,14222.82
CZ11/MFm&0&rDXGF&Ex&Fenes__ManufWin/Base1.23/instance-out.sql,431438.0,52795.49,30680.89,14740.46,0.0,73887.41,0.0,10904.94,0.0,0.0,0.0,0.0,248428.81,0.0,0.0,0.00,30680.89,52795.49,0.00,59664.59,14222.82
CZ11/MFm&0&rDXGF&Ex&Fenes__ManufWin/Msr-0.25-0.40/instance-out.sql,387510.85,16347.39,26423.64,14740.46,0.0,73887.41,0.0,8021.62,0.0,0.0,0.0,0.0,248090.33,0.0,0.0,0.00,26423.64,16347.39,0.00,59664.59,14222.82
CZ11/MFm&0&rDXGF&Ex&Fenes__ManufWin/Msr-0.28-0.23/instance-out.sql,387865.18,20168.05,23341.05,14740.46,0.0,73887.41,0.0,7494.04,0.0,0.0,0.0,0.0,248234.18,0.0,0.0,0.00,23341.05,20168.05,0.00,59664.59,14222.82
CZ11/MFm&0&rDXHP&Ex&Fenes__ManufWin/Default/instance-out.sql,410745.18999999994,38197.66,28384.89,14740.46,0.0,73887.41,0.0,7278.63,0.0,0.0,0.0,0.0,248256.16,0.0,0.0,38197.66,28384.89,0.00,0.00,59664.59,14222.82
CZ11/MFm&0&rDXHP&Ex&Fenes__ManufWin/Base1.23/instance-out.sql,423411.34,47245.37,30685.21,14740.46,0.0,73887.41,0.0,8452.82,0.0,0.0,0.0,0.0,248400.07,0.0,0.0,47245.37,30685.21,0.00,0.00,59664.59,14222.82
CZ11/MFm&0&rDXHP&Ex&Fenes__ManufWin/Msr-0.25-0.40/instance-out.sql,397292.52,28074.51,26430.27,14740.46,0.0,73887.41,0.0,6124.91,0.0,0.0,0.0,0.0,248034.98,0.0,0.0,28074.51,26430.27,0.00,0.00,59664.59,14222.82
CZ11/MFm&0&rDXHP&Ex&Fenes__ManufWin/Msr-0.28-0.23/instance-out.sql,397076.18,31223.55,23348.36,14740.46,0.0,73887.41,0.0,5695.1,0.0,0.0,0.0,0.0,248181.32,0.0,0.0,31223.55,23348.36,0.00,0.00,59664.59,14222.82
CZ12/MFm&0&rDXGF&Ex&Fenes__ManufWin/Default/instance-out.sql,394363.39,37660.86,15722.76,14740.46,0.0,73887.41,0.0,4225.73,0.0,0.0,0.0,0.0,248126.18,0.0,0.0,0.00,15722.76,37660.86,0.00,59664.59,14222.82
CZ12/MFm&0&rDXGF&Ex&Fenes__ManufWin/Base1.23/instance-out.sql,411247.97,53149.38,16320.83,14740.46,0.0,73887.41,0.0,4870.12,0.0,0.0,0.0,0.0,248279.77,0.0,0.0,0.00,16320.83,53149.38,0.00,59664.59,14222.82
CZ12/MFm&0&rDXGF&Ex&Fenes__ManufWin/Msr-0.25-0.40/instance-out.sql,376980.27,22026.79,14926.27,14740.46,0.0,73887.41,0.0,3499.12,0.0,0.0,0.0,0.0,247900.24,0.0,0.0,0.00,14926.27,22026.79,0.00,59664.59,14222.82
CZ12/MFm&0&rDXGF&Ex&Fenes__ManufWin/Msr-0.28-0.23/instance-out.sql,378064.41,26445.52,11926.6,14740.46,0.0,73887.41,0.0,2994.71,0.0,0.0,0.0,0.0,248069.71,0.0,0.0,0.00,11926.60,26445.52,0.00,59664.59,14222.82
CZ12/MFm&0&rDXHP&Ex&Fenes__ManufWin/Default/instance-out.sql,402971.69,46236.95,15722.04,14740.46,0.0,73887.41,0.0,4254.39,0.0,0.0,0.0,0.0,248130.44,0.0,0.0,46236.95,15722.04,0.00,0.00,59664.59,14222.82
CZ12/MFm&0&rDXHP&Ex&Fenes__ManufWin/Base1.23/instance-out.sql,411755.25,53527.67,16319.81,14740.46,0.0,73887.41,0.0,4995.63,0.0,0.0,0.0,0.0,248284.28,0.0,0.0,53527.67,16319.81,0.00,0.00,59664.59,14222.82
CZ12/MFm&0&rDXHP&Ex&Fenes__ManufWin/Msr-0.25-0.40/instance-out.sql,392055.32999999996,37131.77,14925.66,14740.46,0.0,73887.41,0.0,3466.43,0.0,0.0,0.0,0.0,247903.61,0.0,0.0,37131.77,14925.66,0.00,0.00,59664.59,14222.82
CZ12/MFm&0&rDXHP&Ex&Fenes__ManufWin/Msr-0.28-0.23/instance-out.sql,393496.99,41758.23,11926.24,14740.46,0.0,73887.41,0.0,3111.23,0.0,0.0,0.0,0.0,248073.42,0.0,0.0,41758.23,11926.24,0.00,0.00,59664.59,14222.82
CZ13/MFm&0&rDXGF&Ex&Fenes__ManufWin/Default/instance-out.sql,443776.92,56852.51,38897.98,14740.46,0.0,73887.41,0.0,11385.26,0.0,0.0,0.0,0.0,248013.3,0.0,0.0,0.00,38897.98,56852.51,0.00,59664.59,14222.82
CZ13/MFm&0&rDXGF&Ex&Fenes__ManufWin/Base1.23/instance-out.sql,456990.02,68094.02,40030.46,14740.46,0.0,73887.41,0.0,12163.53,0.0,0.0,0.0,0.0,248074.15,0.0,0.0,0.00,40030.46,68094.02,0.00,59664.59,14222.82
CZ13/MFm&0&rDXGF&Ex&Fenes__ManufWin/Msr-0.25-0.40/instance-out.sql,415508.16,35433.7,34343.24,14740.46,0.0,73887.41,0.0,9216.65,0.0,0.0,0.0,0.0,247886.71,0.0,0.0,0.00,34343.24,35433.70,0.00,59664.59,14222.82
CZ13/MFm&0&rDXGF&Ex&Fenes__ManufWin/Msr-0.28-0.23/instance-out.sql,415564.73,39721.96,30689.0,14740.46,0.0,73887.41,0.0,8533.95,0.0,0.0,0.0,0.0,247991.96,0.0,0.0,0.00,30689.00,39721.96,0.00,59664.59,14222.82
CZ13/MFm&0&rDXHP&Ex&Fenes__ManufWin/Default/instance-out.sql,428285.57,42745.1,38898.84,14740.46,0.0,73887.41,0.0,10000.31,0.0,0.0,0.0,0.0,248013.45,0.0,0.0,42745.10,38898.84,0.00,0.00,59664.59,14222.82
CZ13/MFm&0&rDXHP&Ex&Fenes__ManufWin/Base1.23/instance-out.sql,434755.42,47307.75,40031.25,14740.46,0.0,73887.41,0.0,10716.69,0.0,0.0,0.0,0.0,248071.86,0.0,0.0,47307.75,40031.25,0.00,0.00,59664.59,14222.82
CZ13/MFm&0&rDXHP&Ex&Fenes__ManufWin/Msr-0.25-0.40/instance-out.sql,412602.22,33614.23,34343.54,14740.46,0.0,73887.41,0.0,8130.46,0.0,0.0,0.0,0.0,247886.12,0.0,0.0,33614.23,34343.54,0.00,0.00,59664.59,14222.82
CZ13/MFm&0&rDXHP&Ex&Fenes__ManufWin/Msr-0.28-0.23/instance-out.sql,411267.85000000003,36367.84,30689.53,14740.46,0.0,73887.41,0.0,7589.35,0.0,0.0,0.0,0.0,247993.28,0.0,0.0,36367.84,30689.53,0.00,0.00,59664.59,14222.82
CZ14/MFm&0&rDXGF&Ex&Fenes__ManufWin/Default/instance-out.sql,412059.83,32214.68,35463.4,14740.46,0.0,73887.41,0.0,8584.94,0.0,0.0,0.0,0.0,247168.95,0.0,0.0,0.00,35463.40,32214.68,0.00,59664.59,14222.82
CZ14/MFm&0&rDXGF&Ex&Fenes__ManufWin/Base1.23/instance-out.sql,428987.38,46013.45,37447.04,14740.46,0.0,73887.41,0.0,9624.41,0.0,0.0,0.0,0.0,247274.62,0.0,0.0,0.00,37447.04,46013.45,0.00,59664.59,14222.82
CZ14/MFm&0&rDXGF&Ex&Fenes__ManufWin/Msr-0.25-0.40/instance-out.sql,388009.94,14781.19,31050.66,14740.46,0.0,73887.41,0.0,6602.22,0.0,0.0,0.0,0.0,246948.01,0.0,0.0,0.00,31050.66,14781.19,0.00,59664.59,14222.82
CZ14/MFm&0&rDXGF&Ex&Fenes__ManufWin/Msr-0.28-0.23/instance-out.sql,388082.92000000004,18825.56,27501.57,14740.46,0.0,73887.41,0.0,6030.84,0.0,0.0,0.0,0.0,247097.08,0.0,0.0,0.00,27501.57,18825.56,0.00,59664.59,14222.82
CZ14/MFm&0&rDXHP&Ex&Fenes__ManufWin/Default/instance-out.sql,409146.8,30647.8,35469.1,14740.46,0.0,73887.41,0.0,7249.04,0.0,0.0,0.0,0.0,247152.99,0.0,0.0,30647.80,35469.10,0.00,0.00,59664.59,14222.82
CZ14/MFm&0&rDXHP&Ex&Fenes__ManufWin/Base1.23/instance-out.sql,418152.53,36745.08,37451.79,14740.46,0.0,73887.41,0.0,8066.75,0.0,0.0,0.0,0.0,247261.04,0.0,0.0,36745.08,37451.79,0.00,0.00,59664.59,14222.82
CZ14/MFm&0&rDXHP&Ex&Fenes__ManufWin/Msr-0.25-0.40/instance-out.sql,393352.85,20940.73,31055.7,14740.46,0.0,73887.41,0.0,5790.25,0.0,0.0,0.0,0.0,246938.31,0.0,0.0,20940.73,31055.70,0.00,0.00,59664.59,14222.82
CZ14/MFm&0&rDXHP&Ex&Fenes__ManufWin/Msr-0.28-0.23/instance-out.sql,392871.0,24354.72,27504.52,14740.46,0.0,73887.41,0.0,5297.28,0.0,0.0,0.0,0.0,247086.62,0.0,0.0,24354.72,27504.52,0.00,0.00,59664.59,14222.82
CZ15/MFm&0&rDXGF&Ex&Fenes__ManufWin/Default/instance-out.sql,431321.13,16956.71,65745.13,14740.46,0.0,73887.41,0.0,12859.58,0.0,0.0,0.0,0.0,247131.86,0.0,0.0,0.00,65745.13,16956.71,0.00,59664.59,14222.82
CZ15/MFm&0&rDXGF&Ex&Fenes__ManufWin/Base1.23/instance-out.sql,445795.67,24400.93,71311.01,14740.46,0.0,73887.41,0.0,14258.31,0.0,0.0,0.0,0.0,247197.56,0.0,0.0,0.00,71311.01,24400.93,0.00,59664.59,14222.82
CZ15/MFm&0&rDXGF&Ex&Fenes__ManufWin/Msr-0.25-0.40/instance-out.sql,414193.61,8270.96,59142.04,14740.46,0.0,73887.41,0.0,11152.91,0.0,0.0,0.0,0.0,246999.83,0.0,0.0,0.00,59142.04,8270.96,0.00,59664.59,14222.82
CZ15/MFm&0&rDXGF&Ex&Fenes__ManufWin/Msr-0.28-0.23/instance-out.sql,409776.7,9858.05,53942.85,14740.46,0.0,73887.41,0.0,10271.99,0.0,0.0,0.0,0.0,247075.94,0.0,0.0,0.00,53942.85,9858.05,0.00,59664.59,14222.82
CZ15/MFm&0&rDXHP&Ex&Fenes__ManufWin/Default/instance-out.sql,423875.17000000004,10548.06,65751.5,14740.46,0.0,73887.41,0.0,11818.67,0.0,0.0,0.0,0.0,247129.08,0.0,0.0,10548.06,65751.50,0.00,0.00,59664.59,14222.82
CZ15/MFm&0&rDXHP&Ex&Fenes__ManufWin/Base1.23/instance-out.sql,433339.01,13294.47,71314.85,14740.46,0.0,73887.41,0.0,12907.67,0.0,0.0,0.0,0.0,247194.16,0.0,0.0,13294.47,71314.85,0.00,0.00,59664.59,14222.82
CZ15/MFm&0&rDXHP&Ex&Fenes__ManufWin/Msr-0.25-0.40/instance-out.sql,412395.88,7118.87,59146.25,14740.46,0.0,73887.41,0.0,10504.98,0.0,0.0,0.0,0.0,246997.91,0.0,0.0,7118.87,59146.25,0.00,0.00,59664.59,14222.82
CZ15/MFm&0&rDXHP&Ex&Fenes__ManufWin/Msr-0.28-0.23/instance-out.sql,407103.43,7824.75,53946.43,14740.46,0.0,73887.41,0.0,9630.31,0.0,0.0,0.0,0.0,247074.08,0.0,0.0,7824.75,53946.43,0.00,0.00,59664.59,14222.82
CZ16/MFm&0&rDXGF&Ex&Fenes__ManufWin/Default/instance-out.sql,430600.55,61684.73,22842.3,14740.46,0.0,73887.41,0.0,8565.78,0.0,0.0,0.0,0.0,248879.89,0.0,0.0,0.00,22842.30,61684.73,0.00,59664.59,14222.82
CZ16/MFm&0&rDXGF&Ex&Fenes__ManufWin/Base1.23/instance-out.sql,458451.33999999997,86603.82,24356.97,14740.46,0.0,73887.41,0.0,9830.4,0.0,0.0,0.0,0.0,249032.28,0.0,0.0,0.00,24356.97,86603.82,0.00,59664.59,14222.82
CZ16/MFm&0&rDXGF&Ex&Fenes__ManufWin/Msr-0.25-0.40/instance-out.sql,399618.03,34105.41,21158.34,14740.46,0.0,73887.41,0.0,7120.4,0.0,0.0,0.0,0.0,248606.02,0.0,0.0,0.00,21158.34,34105.41,0.00,59664.59,14222.82
CZ16/MFm&0&rDXGF&Ex&Fenes__ManufWin/Msr-0.28-0.23/instance-out.sql,402082.47,40146.64,18018.64,14740.46,0.0,73887.41,0.0,6489.42,0.0,0.0,0.0,0.0,248799.91,0.0,0.0,0.00,18018.64,40146.64,0.00,59664.59,14222.82
CZ16/MFm&0&rDXHP&Ex&Fenes__ManufWin/Default/instance-out.sql,460664.1,90774.29,22839.84,14740.46,0.0,73887.41,0.0,9536.09,0.0,0.0,0.0,0.0,248886.01,0.0,0.0,90774.29,22839.84,0.00,0.00,59664.59,14222.82
CZ16/MFm&0&rDXHP&Ex&Fenes__ManufWin/Base1.23/instance-out.sql,481680.62,108430.47,24353.87,14740.46,0.0,73887.41,0.0,11230.74,0.0,0.0,0.0,0.0,249037.69,0.0,0.0,108430.47,24353.87,0.00,0.00,59664.59,14222.82
CZ16/MFm&0&rDXHP&Ex&Fenes__ManufWin/Msr-0.25-0.40/instance-out.sql,431576.05000000005,65561.23,21156.74,14740.46,0.0,73887.41,0.0,7618.51,0.0,0.0,0.0,0.0,248611.71,0.0,0.0,65561.23,21156.74,0.00,0.00,59664.59,14222.82
CZ16/MFm&0&rDXHP&Ex&Fenes__ManufWin/Msr-0.28-0.23/instance-out.sql,437976.19999999995,75366.39,18016.93,14740.46,0.0,73887.41,0.0,7158.37,0.0,0.0,0.0,0.0,248806.65,0.0,0.0,75366.39,18016.93,0.00,0.00,59664.59,14222.82

File Name,Unmet Heating (Hours),Unmet Cooling (Hours)
CZ01/MFm&0&rDXGF&Ex&Fenes__ManufWin/Default/instance-out.sql,1864.60,67.00
CZ01/MFm&0&rDXGF&Ex&Fenes__ManufWin/Base1.23/instance-out.sql,1584.80,53.20
CZ01/MFm&0&rDXGF&Ex&Fenes__ManufWin/Msr-0.25-0.40/instance-out.sql
CZ01/MFm&0&rDXGF&Ex&Fenes__ManufWin/Msr-0.28-0.23/instance-out.sql
CZ01/MFm&0&rDXHP&Ex&Fenes__ManufWin/Default/instance-out.sql,1450.30,66.40
CZ01/MFm&0&rDXHP&Ex&Fenes__ManufWin/Base1.23/instance-out.sql,1423.40,51.10
CZ01/MFm&0&rDXHP&Ex&Fenes__ManufWin/Msr-0.25-0.40/instance-out.sql
CZ01/MFm&0&rDXHP&Ex&Fenes__ManufWin/Msr-0.28-0.23/instance-out.sql
CZ02/MFm&0&rDXGF&Ex&Fenes__ManufWin/Default/instance-out.sql,1642.20,28.40
CZ02/MFm&0&rDXGF&Ex&Fenes__ManufWin/Base1.23/instance-out.sql,1879.80,20.10
CZ02/MFm&0&rDXGF&Ex&Fenes__ManufWin/Msr-0.25-0.40/instance-out.sql,1264.80,56.40
CZ02/MFm&0&rDXGF&Ex&Fenes__ManufWin/Msr-0.28-0.23/instance-out.sql,1531.70,42.90
CZ02/MFm&0&rDXHP&Ex&Fenes__ManufWin/Default/instance-out.sql,858.90,28.50
CZ02/MFm&0&rDXHP&Ex&Fenes__ManufWin/Base1.23/instance-out.sql,1332.20,20.10
CZ02/MFm&0&rDXHP&Ex&Fenes__ManufWin/Msr-0.25-0.40/instance-out.sql,363.30,56.60
CZ02/MFm&0&rDXHP&Ex&Fenes__ManufWin/Msr-0.28-0.23/instance-out.sql,477.10,43.40
CZ03/MFm&0&rDXGF&Ex&Fenes__ManufWin/Default/instance-out.sql,371.00,87.50
CZ03/MFm&0&rDXGF&Ex&Fenes__ManufWin/Base1.23/instance-out.sql,825.00,76.40
CZ03/MFm&0&rDXGF&Ex&Fenes__ManufWin/Msr-0.25-0.40/instance-out.sql,114.00,131.40
CZ03/MFm&0&rDXGF&Ex&Fenes__ManufWin/Msr-0.28-0.23/instance-out.sql,127.60,102.80
CZ03/MFm&0&rDXHP&Ex&Fenes__ManufWin/Default/instance-out.sql,450.30,89.10
CZ03/MFm&0&rDXHP&Ex&Fenes__ManufWin/Base1.23/instance-out.sql,992.30,79.80
CZ03/MFm&0&rDXHP&Ex&Fenes__ManufWin/Msr-0.25-0.40/instance-out.sql,122.10,132.90
CZ03/MFm&0&rDXHP&Ex&Fenes__ManufWin/Msr-0.28-0.23/instance-out.sql,129.10,102.60
CZ04/MFm&0&rDXGF&Ex&Fenes__ManufWin/Default/instance-out.sql,1407.20,61.00
CZ04/MFm&0&rDXGF&Ex&Fenes__ManufWin/Base1.23/instance-out.sql,1765.30,51.00
CZ04/MFm&0&rDXGF&Ex&Fenes__ManufWin/Msr-0.25-0.40/instance-out.sql,1308.80,95.60
CZ04/MFm&0&rDXGF&Ex&Fenes__ManufWin/Msr-0.28-0.23/instance-out.sql,1649.40,71.90
CZ04/MFm&0&rDXHP&Ex&Fenes__ManufWin/Default/instance-out.sql,802.50,61.40
CZ04/MFm&0&rDXHP&Ex&Fenes__ManufWin/Base1.23/instance-out.sql,1520.70,51.10
CZ04/MFm&0&rDXHP&Ex&Fenes__ManufWin/Msr-0.25-0.40/instance-out.sql,336.10,95.80
CZ04/MFm&0&rDXHP&Ex&Fenes__ManufWin/Msr-0.28-0.23/instance-out.sql,437.60,72.30
CZ05/MFm&0&rDXGF&Ex&Fenes__ManufWin/Default/instance-out.sql,545.90,63.80
CZ05/MFm&0&rDXGF&Ex&Fenes__ManufWin/Base1.23/instance-out.sql,1279.70,61.40
CZ05/MFm&0&rDXGF&Ex&Fenes__ManufWin/Msr-0.25-0.40/instance-out.sql,74.80,75.10
CZ05/MFm&0&rDXGF&Ex&Fenes__ManufWin/Msr-0.28-0.23/instance-out.sql,80.70,37.30
CZ05/MFm&0&rDXHP&Ex&Fenes__ManufWin/Default/instance-out.sql,587.60,63.70
CZ05/MFm&0&rDXHP&Ex&Fenes__ManufWin/Base1.23/instance-out.sql,1326.90,60.90
CZ05/MFm&0&rDXHP&Ex&Fenes__ManufWin/Msr-0.25-0.40/instance-out.sql,77.70,73.30
CZ05/MFm&0&rDXHP&Ex&Fenes__ManufWin/Msr-0.28-0.23/instance-out.sql,79.60,35.80
CZ06/MFm&0&rDXGF&Ex&Fenes__ManufWin/Default/instance-out.sql,144.00,112.20
CZ06/MFm&0&rDXGF&Ex&Fenes__ManufWin/Base1.23/instance-out.sql,273.30,115.70
CZ06/MFm&0&rDXGF&Ex&Fenes__ManufWin/Msr-0.25-0.40/instance-out.sql,22.50,116.70
CZ06/MFm&0&rDXGF&Ex&Fenes__ManufWin/Msr-0.28-0.23/instance-out.sql,37.20,71.10
CZ06/MFm&0&rDXHP&Ex&Fenes__ManufWin/Default/instance-out.sql,175.50,114.10
CZ06/MFm&0&rDXHP&Ex&Fenes__ManufWin/Base1.23/instance-out.sql,363.50,118.40
CZ06/MFm&0&rDXHP&Ex&Fenes__ManufWin/Msr-0.25-0.40/instance-out.sql,22.70,118.50
CZ06/MFm&0&rDXHP&Ex&Fenes__ManufWin/Msr-0.28-0.23/instance-out.sql,37.60,71.10
CZ07/MFm&0&rDXGF&Ex&Fenes__ManufWin/Default/instance-out.sql,301.70,42.10
CZ07/MFm&0&rDXGF&Ex&Fenes__ManufWin/Base1.23/instance-out.sql,507.20,42.00
CZ07/MFm&0&rDXGF&Ex&Fenes__ManufWin/Msr-0.25-0.40/instance-out.sql,38.30,81.80
CZ07/MFm&0&rDXGF&Ex&Fenes__ManufWin/Msr-0.28-0.23/instance-out.sql,62.10,37.80
CZ07/MFm&0&rDXHP&Ex&Fenes__ManufWin/Default/instance-out.sql,312.60,41.90
CZ07/MFm&0&rDXHP&Ex&Fenes__ManufWin/Base1.23/instance-out.sql,556.60,41.80
CZ07/MFm&0&rDXHP&Ex&Fenes__ManufWin/Msr-0.25-0.40/instance-out.sql,39.70,81.60
CZ07/MFm&0&rDXHP&Ex&Fenes__ManufWin/Msr-0.28-0.23/instance-out.sql,63.50,37.80
CZ08/MFm&0&rDXGF&Ex&Fenes__ManufWin/Default/instance-out.sql,246.80,68.80
CZ08/MFm&0&rDXGF&Ex&Fenes__ManufWin/Base1.23/instance-out.sql,424.40,66.30
CZ08/MFm&0&rDXGF&Ex&Fenes__ManufWin/Msr-0.25-0.40/instance-out.sql,56.40,184.00
CZ08/MFm&0&rDXGF&Ex&Fenes__ManufWin/Msr-0.28-0.23/instance-out.sql,82.30,86.70
CZ08/MFm&0&rDXHP&Ex&Fenes__ManufWin/Default/instance-out.sql,376.60,68.80
CZ08/MFm&0&rDXHP&Ex&Fenes__ManufWin/Base1.23/instance-out.sql,648.10,67.00
CZ08/MFm&0&rDXHP&Ex&Fenes__ManufWin/Msr-0.25-0.40/instance-out.sql,57.90,184.10
CZ08/MFm&0&rDXHP&Ex&Fenes__ManufWin/Msr-0.28-0.23/instance-out.sql,82.10,86.70
CZ09/MFm&0&rDXGF&Ex&Fenes__ManufWin/Default/instance-out.sql,312.00,108.50
CZ09/MFm&0&rDXGF&Ex&Fenes__ManufWin/Base1.23/instance-out.sql,545.10,111.20
CZ09/MFm&0&rDXGF&Ex&Fenes__ManufWin/Msr-0.25-0.40/instance-out.sql,76.80,200.30
CZ09/MFm&0&rDXGF&Ex&Fenes__ManufWin/Msr-0.28-0.23/instance-out.sql,100.50,100.20
CZ09/MFm&0&rDXHP&Ex&Fenes__ManufWin/Default/instance-out.sql,509.90,109.00
CZ09/MFm&0&rDXHP&Ex&Fenes__ManufWin/Base1.23/instance-out.sql,893.20,112.50
CZ09/MFm&0&rDXHP&Ex&Fenes__ManufWin/Msr-0.25-0.40/instance-out.sql,76.70,200.10
CZ09/MFm&0&rDXHP&Ex&Fenes__ManufWin/Msr-0.28-0.23/instance-out.sql,104.10,101.00
CZ10/MFm&0&rDXGF&Ex&Fenes__ManufWin/Default/instance-out.sql,486.60,276.40
CZ10/MFm&0&rDXGF&Ex&Fenes__ManufWin/Base1.23/instance-out.sql,712.60,250.90
CZ10/MFm&0&rDXGF&Ex&Fenes__ManufWin/Msr-0.25-0.40/instance-out.sql,122.10,339.90
CZ10/MFm&0&rDXGF&Ex&Fenes__ManufWin/Msr-0.28-0.23/instance-out.sql,185.50,220.10
CZ10/MFm&0&rDXHP&Ex&Fenes__ManufWin/Default/instance-out.sql,571.20,276.30
CZ10/MFm&0&rDXHP&Ex&Fenes__ManufWin/Base1.23/instance-out.sql,878.10,251.10
CZ10/MFm&0&rDXHP&Ex&Fenes__ManufWin/Msr-0.25-0.40/instance-out.sql,124.00,339.90
CZ10/MFm&0&rDXHP&Ex&Fenes__ManufWin/Msr-0.28-0.23/instance-out.sql,188.10,220.50
CZ11/MFm&0&rDXGF&Ex&Fenes__ManufWin/Default/instance-out.sql,947.60,593.80
CZ11/MFm&0&rDXGF&Ex&Fenes__ManufWin/Base1.23/instance-out.sql,1270.50,598.00
CZ11/MFm&0&rDXGF&Ex&Fenes__ManufWin/Msr-0.25-0.40/instance-out.sql,860.30,723.90
CZ11/MFm&0&rDXGF&Ex&Fenes__ManufWin/Msr-0.28-0.23/instance-out.sql,861.80,506.40
CZ11/MFm&0&rDXHP&Ex&Fenes__ManufWin/Default/instance-out.sql,638.20,594.20
CZ11/MFm&0&rDXHP&Ex&Fenes__ManufWin/Base1.23/instance-out.sql,981.10,597.90
CZ11/MFm&0&rDXHP&Ex&Fenes__ManufWin/Msr-0.25-0.40/instance-out.sql,290.00,723.90
CZ11/MFm&0&rDXHP&Ex&Fenes__ManufWin/Msr-0.28-0.23/instance-out.sql,367.70,506.60
CZ12/MFm&0&rDXGF&Ex&Fenes__ManufWin/Default/instance-out.sql,439.20,139.40
CZ12/MFm&0&rDXGF&Ex&Fenes__ManufWin/Base1.23/instance-out.sql,911.80,118.30
CZ12/MFm&0&rDXGF&Ex&Fenes__ManufWin/Msr-0.25-0.40/instance-out.sql,130.10,261.10
CZ12/MFm&0&rDXGF&Ex&Fenes__ManufWin/Msr-0.28-0.23/instance-out.sql,140.10,122.20
CZ12/MFm&0&rDXHP&Ex&Fenes__ManufWin/Default/instance-out.sql,464.10,139.40
CZ12/MFm&0&rDXHP&Ex&Fenes__ManufWin/Base1.23/instance-out.sql,938.60,118.30
CZ12/MFm&0&rDXHP&Ex&Fenes__ManufWin/Msr-0.25-0.40/instance-out.sql,133.10,261.20
CZ12/MFm&0&rDXHP&Ex&Fenes__ManufWin/Msr-0.28-0.23/instance-out.sql,140.70,122.20
CZ13/MFm&0&rDXGF&Ex&Fenes__ManufWin/Default/instance-out.sql,245.10,601.50
CZ13/MFm&0&rDXGF&Ex&Fenes__ManufWin/Base1.23/instance-out.sql,358.70,583.80
CZ13/MFm&0&rDXGF&Ex&Fenes__ManufWin/Msr-0.25-0.40/instance-out.sql,84.90,610.00
CZ13/MFm&0&rDXGF&Ex&Fenes__ManufWin/Msr-0.28-0.23/instance-out.sql,94.80,343.40
CZ13/MFm&0&rDXHP&Ex&Fenes__ManufWin/Default/instance-out.sql,264.50,600.90
CZ13/MFm&0&rDXHP&Ex&Fenes__ManufWin/Base1.23/instance-out.sql,422.80,583.70
CZ13/MFm&0&rDXHP&Ex&Fenes__ManufWin/Msr-0.25-0.40/instance-out.sql,87.90,611.50
CZ13/MFm&0&rDXHP&Ex&Fenes__ManufWin/Msr-0.28-0.23/instance-out.sql,99.80,343.30
CZ14/MFm&0&rDXGF&Ex&Fenes__ManufWin/Default/instance-out.sql,748.80,734.50
CZ14/MFm&0&rDXGF&Ex&Fenes__ManufWin/Base1.23/instance-out.sql,905.30,686.90
CZ14/MFm&0&rDXGF&Ex&Fenes__ManufWin/Msr-0.25-0.40/instance-out.sql,257.80,789.30
CZ14/MFm&0&rDXGF&Ex&Fenes__ManufWin/Msr-0.28-0.23/instance-out.sql,342.20,549.90
CZ14/MFm&0&rDXHP&Ex&Fenes__ManufWin/Default/instance-out.sql,708.30,734.50
CZ14/MFm&0&rDXHP&Ex&Fenes__ManufWin/Base1.23/instance-out.sql,996.40,685.50
CZ14/MFm&0&rDXHP&Ex&Fenes__ManufWin/Msr-0.25-0.40/instance-out.sql,236.10,789.70
CZ14/MFm&0&rDXHP&Ex&Fenes__ManufWin/Msr-0.28-0.23/instance-out.sql,306.80,550.10
CZ15/MFm&0&rDXGF&Ex&Fenes__ManufWin/Default/instance-out.sql,200.90,1359.50
CZ15/MFm&0&rDXGF&Ex&Fenes__ManufWin/Base1.23/instance-out.sql,338.00,1359.50
CZ15/MFm&0&rDXGF&Ex&Fenes__ManufWin/Msr-0.25-0.40/instance-out.sql,22.30,1405.10
CZ15/MFm&0&rDXGF&Ex&Fenes__ManufWin/Msr-0.28-0.23/instance-out.sql,36.50,1075.90
CZ15/MFm&0&rDXHP&Ex&Fenes__ManufWin/Default/instance-out.sql,239.50,1359.00
CZ15/MFm&0&rDXHP&Ex&Fenes__ManufWin/Base1.23/instance-out.sql,471.50,1360.10
CZ15/MFm&0&rDXHP&Ex&Fenes__ManufWin/Msr-0.25-0.40/instance-out.sql,22.40,1405.70
CZ15/MFm&0&rDXHP&Ex&Fenes__ManufWin/Msr-0.28-0.23/instance-out.sql,38.10,1076.30
CZ16/MFm&0&rDXGF&Ex&Fenes__ManufWin/Default/instance-out.sql,841.50,462.10
CZ16/MFm&0&rDXGF&Ex&Fenes__ManufWin/Base1.23/instance-out.sql,1494.20,408.10
CZ16/MFm&0&rDXGF&Ex&Fenes__ManufWin/Msr-0.25-0.40/instance-out.sql,206.60,672.50
CZ16/MFm&0&rDXGF&Ex&Fenes__ManufWin/Msr-0.28-0.23/instance-out.sql,295.50,497.20
CZ16/MFm&0&rDXHP&Ex&Fenes__ManufWin/Default/instance-out.sql,858.40,462.00
CZ16/MFm&0&rDXHP&Ex&Fenes__ManufWin/Base1.23/instance-out.sql,1399.70,408.00
CZ16/MFm&0&rDXHP&Ex&Fenes__ManufWin/Msr-0.25-0.40/instance-out.sql,203.40,673.00
CZ16/MFm&0&rDXHP&Ex&Fenes__ManufWin/Msr-0.28-0.23/instance-out.sql,290.80,497.70

