File Name,BldgLoc,BldgType,Story,BldgHVAC,BldgVint,TechGroup,TechType,TechID,Cohort,Case,Net Site EUI,Net Source EUI,Total Energy/Net Site Energy,Total Energy/Net Source Energy,Total,Heating,Cooling,Interior Lighting,Exterior Lighting,Interior Equipment,Exterior Equipment,Fans,Pumps,Heat Rejection,Humidification,Heat Recovery,Water Systems,Refrigeration,Generators,Heating Elec,Cooling Elec,Heating NG,Cooling NG,Interior Equipment Elec,Interior Equipment NG,Unmet Heating,Unmet Cooling,Conditioned Area,Electricity:Facility [J](Hourly),Area ft2,DEER Peak kW/ft2
runs/CZ01/SFm&1&rDXGF&Ex&dxAC_equip/RB-dxAC_equip-spltAC-SEER-BA-rDXGF-LRM-LSC-AOE/instance-out.sql,CZ01,SFm,weighted,rDXGF,Ex,dxAC_equip,,RB-dxAC_equip-spltAC-SEER-BA-rDXGF-LRM-LSC-AOE,SFm&1&rDXGF&Ex&dxAC_equip,RB-dxAC_equip-spltAC-SEER-BA-rDXGF-LRM-LSC-AOE,38.7948,69.3792,38664.9244,69505.774,8.98652059,2.41869343,0.02448215,0.3862195,0.1063812,3.11279695,0.0,0.06302008,0.0,0.0,0.0,0.0,2.87492626,0.0,0.0,0.0,0.02448215,2.41869343,0.0,2.49871461,0.61408234,0.0,0.0,399.72,0.00061103,4302.5,0.00061103
runs/CZ02/SFm&1&rDXGF&Ex&dxAC_equip/RB-dxAC_equip-spltAC-SEER-BA-rDXGF-LRM-LSC-AOE/instance-out.sql,CZ02,SFm,weighted,rDXGF,Ex,dxAC_equip,,RB-dxAC_equip-spltAC-SEER-BA-rDXGF-LRM-LSC-AOE,SFm&1&rDXGF&Ex&dxAC_equip,RB-dxAC_equip-spltAC-SEER-BA-rDXGF-LRM-LSC-AOE,50.0264,85.3732,50630.7416,86683.5376,11.76762325,4.7787228,0.33537528,0.3862195,0.1063812,3.11279695,0.0,0.22152074,0.0,0.0,0.0,0.0,2.82660566,0.0,0.0,0.0,0.33537528,4.7787228,0.0,2.49871461,0.61408234,0.0,0.0,399.72,0.0011209,4302.5,0.0011209
runs/CZ03/SFm&1&rDXGF&Ex&dxAC_equip/RB-dxAC_equip-spltAC-SEER-BA-rDXGF-LRM-LSC-AOE/instance-out.sql,CZ03,SFm,weighted,rDXGF,Ex,dxAC_equip,,RB-dxAC_equip-spltAC-SEER-BA-rDXGF-LRM-LSC-AOE,SFm&1&rDXGF&Ex&dxAC_equip,RB-dxAC_equip-spltAC-SEER-BA-rDXGF-LRM-LSC-AOE,45.3304,79.5312,45671.3468,80495.1848,10.61495692,3.71957822,0.32981067,0.3862195,0.1063812,3.11279695,0.0,0.13644349,0.0,0.0,0.0,0.0,2.823727,0.0,0.0,0.0,0.32981067,3.71957822,0.0,2.49871461,0.61408234,0.0,0.0,399.72,0.00124647,4302.5,0.00124647
runs/CZ04/SFm&1&rDXGF&Ex&dxAC_equip/RB-dxAC_equip-spltAC-SEER-BA-rDXGF-LRM-LSC-AOE/instance-out.sql,CZ04,SFm,weighted,rDXGF,Ex,dxAC_equip,,RB-dxAC_equip-spltAC-SEER-BA-rDXGF-LRM-LSC-AOE,SFm&1&rDXGF&Ex&dxAC_equip,RB-dxAC_equip-spltAC-SEER-BA-rDXGF-LRM-LSC-AOE,52.4004,93.5472,53129.4096,95306.182,12.34836375,4.72561053,0.84281454,0.3862195,0.1063812,3.11279695,0.0,0.37397447,0.0,0.0,0.0,0.0,2.80056555,0.0,0.0,0.0,0.84281454,4.72561053,0.0,2.49871461,0.61408234,0.0,0.0,399.72,0.0017614,4302.5,0.0017614
runs/CZ05/SFm&1&rDXGF&Ex&dxAC_equip/RB-dxAC_equip-spltAC-SEER-BA-rDXGF-LRM-LSC-AOE/instance-out.sql,CZ05,SFm,weighted,rDXGF,Ex,dxAC_equip,,RB-dxAC_equip-spltAC-SEER-BA-rDXGF-LRM-LSC-AOE,SFm&1&rDXGF&Ex&dxAC_equip,RB-dxAC_equip-spltAC-SEER-BA-rDXGF-LRM-LSC-AOE,45.56,79.5608,46040.8852,80694.9356,10.70084532,3.82729081,0.28614313,0.3862195,0.1063812,3.11279695,0.0,0.15770178,0.0,0.0,0.0,0.0,2.82431186,0.0,0.0,0.0,0.28614313,3.82729081,0.0,2.49871461,0.61408234,0.0,0.0,399.72,0.00107837,4302.5,0.00107837
runs/CZ06/SFm&1&rDXGF&Ex&dxAC_equip/RB-dxAC_equip-spltAC-SEER-BA-rDXGF-LRM-LSC-AOE/instance-out.sql,CZ06,SFm,weighted,rDXGF,Ex,dxAC_equip,,RB-dxAC_equip-spltAC-SEER-BA-rDXGF-LRM-LSC-AOE,SFm&1&rDXGF&Ex&dxAC_equip,RB-dxAC_equip-spltAC-SEER-BA-rDXGF-LRM-LSC-AOE,38.078,72.1415,39641.8245,75554.8825,8.79759584,2.06985475,0.40702732,0.37215558,0.10157826,3.07111378,0.0,0.12446627,0.0,0.0,0.0,0.0,2.65139989,0.0,0.0,0.0,0.40702732,2.06985475,0.0,2.46624843,0.60486535,0.0,0.0,418.62,0.00107309,4506.0,0.00107309
runs/CZ07/SFm&1&rDXGF&Ex&dxAC_equip/RB-dxAC_equip-spltAC-SEER-BA-rDXGF-LRM-LSC-AOE/instance-out.sql,CZ07,SFm,weighted,rDXGF,Ex,dxAC_equip,,RB-dxAC_equip-spltAC-SEER-BA-rDXGF-LRM-LSC-AOE,SFm&1&rDXGF&Ex&dxAC_equip,RB-dxAC_equip-spltAC-SEER-BA-rDXGF-LRM-LSC-AOE,36.372,69.095,37740.31,72114.896,8.37559821,1.80039628,0.28800603,0.37215558,0.10157826,3.07111378,0.0,0.09659067,0.0,0.0,0.0,0.0,2.6457554,0.0,0.0,0.0,0.28800603,1.80039628,0.0,2.46624843,0.60486535,0.0,0.0,418.62,0.0011755,4506.0,0.0011755
runs/CZ08/SFm&1&rDXGF&Ex&dxAC_equip/RB-dxAC_equip-spltAC-SEER-BA-rDXGF-LRM-LSC-AOE/instance-out.sql,CZ08,SFm,weighted,rDXGF,Ex,dxAC_equip,,RB-dxAC_equip-spltAC-SEER-BA-rDXGF-LRM-LSC-AOE,SFm&1&rDXGF&Ex&dxAC_equip,RB-dxAC_equip-spltAC-SEER-BA-rDXGF-LRM-LSC-AOE,39.4115,78.1335,41073.7055,82117.9685,9.11536784,1.87447588,0.82938769,0.37215558,0.10157826,3.07111378,0.0,0.23597988,0.0,0.0,0.0,0.0,2.630678,0.0,0.0,0.0,0.82938769,1.87447588,0.0,2.46624843,0.60486535,0.0,0.0,418.62,0.00205549,4506.0,0.00205549
runs/CZ09/SFm&1&rDXGF&Ex&dxAC_equip/RB-dxAC_equip-spltAC-SEER-BA-rDXGF-LRM-LSC-AOE/instance-out.sql,CZ09,SFm,weighted,rDXGF,Ex,dxAC_equip,,RB-dxAC_equip-spltAC-SEER-BA-rDXGF-LRM-LSC-AOE,SFm&1&rDXGF&Ex&dxAC_equip,RB-dxAC_equip-spltAC-SEER-BA-rDXGF-LRM-LSC-AOE,46.793,87.8944,43675.3797,82503.1365,11.29553032,3.22275878,0.91891181,0.42133988,0.11837507,3.216888,0.0,0.32691544,0.0,0.0,0.0,0.0,3.07033705,0.0,0.0,0.0,0.91891181,3.22275878,0.0,2.57978903,0.63709898,0.0,0.0,359.22,0.00259373,3866.6,0.00259373
runs/CZ01/SFm&1&rDXGF&Ex&dxAC_equip/RB-dxAC_equip-spltAC-SEER-BA-rDXGF-LRM-LSC-NR/instance-out.sql,CZ01,SFm,weighted,rDXGF,Ex,dxAC_equip,,RB-dxAC_equip-spltAC-SEER-BA-rDXGF-LRM-LSC-NR,SFm&1&rDXGF&Ex&dxAC_equip,RB-dxAC_equip-spltAC-SEER-BA-rDXGF-LRM-LSC-NR,38.78,69.3496,38654.6232,69473.164,8.98412759,2.41869343,0.02208794,0.3862195,0.1063812,3.11279695,0.0,0.06302008,0.0,0.0,0.0,0.0,2.87492626,0.0,0.0,0.0,0.02208794,2.41869343,0.0,2.49871461,0.61408234,0.0,0.0,399.72,0.00060138,4302.5,0.00060138
runs/CZ02/SFm&1&rDXGF&Ex&dxAC_equip/RB-dxAC_equip-spltAC-SEER-BA-rDXGF-LRM-LSC-NR/instance-out.sql,CZ02,SFm,weighted,rDXGF,Ex,dxAC_equip,,RB-dxAC_equip-spltAC-SEER-BA-rDXGF-LRM-LSC-NR,SFm&1&rDXGF&Ex&dxAC_equip,RB-dxAC_equip-spltAC-SEER-BA-rDXGF-LRM-LSC-NR,49.898,84.968,50489.6736,86236.7652,11.73483615,4.7787228,0.30258818,0.3862195,0.1063812,3.11279695,0.0,0.22152074,0.0,0.0,0.0,0.0,2.82660566,0.0,0.0,0.0,0.30258818,4.7787228,0.0,2.49871461,0.61408234,0.0,0.0,399.72,0.0010707,4302.5,0.0010707
runs/CZ03/SFm&1&rDXGF&Ex&dxAC_equip/RB-dxAC_equip-spltAC-SEER-BA-rDXGF-LRM-LSC-NR/instance-out.sql,CZ03,SFm,weighted,rDXGF,Ex,dxAC_equip,,RB-dxAC_equip-spltAC-SEER-BA-rDXGF-LRM-LSC-NR,SFm&1&rDXGF&Ex&dxAC_equip,RB-dxAC_equip-spltAC-SEER-BA-rDXGF-LRM-LSC-NR,45.202,79.1364,45532.6144,80055.8212,10.58271388,3.71957822,0.29756641,0.3862195,0.1063812,3.11279695,0.0,0.13644349,0.0,0.0,0.0,0.0,2.823727,0.0,0.0,0.0,0.29756641,3.71957822,0.0,2.49871461,0.61408234,0.0,0.0,399.72,0.00118331,4302.5,0.00118331
runs/CZ04/SFm&1&rDXGF&Ex&dxAC_equip/RB-dxAC_equip-spltAC-SEER-BA-rDXGF-LRM-LSC-NR/instance-out.sql,CZ04,SFm,weighted,rDXGF,Ex,dxAC_equip,,RB-dxAC_equip-spltAC-SEER-BA-rDXGF-LRM-LSC-NR,SFm&1&rDXGF&Ex&dxAC_equip,RB-dxAC_equip-spltAC-SEER-BA-rDXGF-LRM-LSC-NR,52.068,92.5008,52774.8872,94183.4084,12.26596668,4.72561053,0.76041626,0.3862195,0.1063812,3.11279695,0.0,0.37397447,0.0,0.0,0.0,0.0,2.80056555,0.0,0.0,0.0,0.76041626,4.72561053,0.0,2.49871461,0.61408234,0.0,0.0,399.72,0.00166178,4302.5,0.00166178
runs/CZ05/SFm&1&rDXGF&Ex&dxAC_equip/RB-dxAC_equip-spltAC-SEER-BA-rDXGF-LRM-LSC-NR/instance-out.sql,CZ05,SFm,weighted,rDXGF,Ex,dxAC_equip,,RB-dxAC_equip-spltAC-SEER-BA-rDXGF-LRM-LSC-NR,SFm&1&rDXGF&Ex&dxAC_equip,RB-dxAC_equip-spltAC-SEER-BA-rDXGF-LRM-LSC-NR,45.4464,79.2204,45920.5224,80313.7492,10.67287054,3.82729081,0.25816723,0.3862195,0.1063812,3.11279695,0.0,0.15770178,0.0,0.0,0.0,0.0,2.82431186,0.0,0.0,0.0,0.25816723,3.82729081,0.0,2.49871461,0.61408234,0.0,0.0,399.72,0.00103084,4302.5,0.00103084
runs/CZ06/SFm&1&rDXGF&Ex&dxAC_equip/RB-dxAC_equip-spltAC-SEER-BA-rDXGF-LRM-LSC-NR/instance-out.sql,CZ06,SFm,weighted,rDXGF,Ex,dxAC_equip,,RB-dxAC_equip-spltAC-SEER-BA-rDXGF-LRM-LSC-NR,SFm&1&rDXGF&Ex&dxAC_equip,RB-dxAC_equip-spltAC-SEER-BA-rDXGF-LRM-LSC-NR,37.915,71.626,39462.5185,74987.0165,8.75780298,2.06985475,0.36723323,0.37215558,0.10157826,3.07111378,0.0,0.12446627,0.0,0.0,0.0,0.0,2.65139989,0.0,0.0,0.0,0.36723323,2.06985475,0.0,2.46624843,0.60486535,0.0,0.0,418.62,0.00102429,4506.0,0.00102429
runs/CZ07/SFm&1&rDXGF&Ex&dxAC_equip/RB-dxAC_equip-spltAC-SEER-BA-rDXGF-LRM-LSC-NR/instance-out.sql,CZ07,SFm,weighted,rDXGF,Ex,dxAC_equip,,RB-dxAC_equip-spltAC-SEER-BA-rDXGF-LRM-LSC-NR,SFm&1&rDXGF&Ex&dxAC_equip,RB-dxAC_equip-spltAC-SEER-BA-rDXGF-LRM-LSC-NR,36.2545,68.729,37613.436,71713.0805,8.34744043,1.80039628,0.25984925,0.37215558,0.10157826,3.07111378,0.0,0.09659067,0.0,0.0,0.0,0.0,2.6457554,0.0,0.0,0.0,0.25984925,1.80039628,0.0,2.46624843,0.60486535,0.0,0.0,418.62,0.00111852,4506.0,0.00111852
runs/CZ08/SFm&1&rDXGF&Ex&dxAC_equip/RB-dxAC_equip-spltAC-SEER-BA-rDXGF-LRM-LSC-NR/instance-out.sql,CZ08,SFm,weighted,rDXGF,Ex,dxAC_equip,,RB-dxAC_equip-spltAC-SEER-BA-rDXGF-LRM-LSC-NR,SFm&1&rDXGF&Ex&dxAC_equip,RB-dxAC_equip-spltAC-SEER-BA-rDXGF-LRM-LSC-NR,39.0755,77.089,40708.3355,80960.8435,9.03428233,1.87447588,0.74830096,0.37215558,0.10157826,3.07111378,0.0,0.23597988,0.0,0.0,0.0,0.0,2.630678,0.0,0.0,0.0,0.74830096,1.87447588,0.0,2.46624843,0.60486535,0.0,0.0,418.62,0.00192698,4506.0,0.00192698
runs/CZ09/SFm&1&rDXGF&Ex&dxAC_equip/RB-dxAC_equip-spltAC-SEER-BA-rDXGF-LRM-LSC-NR/instance-out.sql,CZ09,SFm,weighted,rDXGF,Ex,dxAC_equip,,RB-dxAC_equip-spltAC-SEER-BA-rDXGF-LRM-LSC-NR,SFm&1&rDXGF&Ex&dxAC_equip,RB-dxAC_equip-spltAC-SEER-BA-rDXGF-LRM-LSC-NR,46.4401,86.7791,43328.0169,81403.0236,11.20569117,3.22275878,0.82907351,0.42133988,0.11837507,3.216888,0.0,0.32691544,0.0,0.0,0.0,0.0,3.07033705,0.0,0.0,0.0,0.82907351,3.22275878,0.0,2.57978903,0.63709898,0.0,0.0,359.22,0.0024249,3866.6,0.0024249
runs/CZ01/SFm&1&rDXGF&Ex&dxAC_equip/RB-dxAC_equip-spltAC-SEER-BA-rDXGF-NoLRM-0%UC-AOE/instance-out.sql,CZ01,SFm,weighted,rDXGF,Ex,dxAC_equip,,RB-dxAC_equip-spltAC-SEER-BA-rDXGF-NoLRM-0%UC-AOE,SFm&1&rDXGF&Ex&dxAC_equip,RB-dxAC_equip-spltAC-SEER-BA-rDXGF-NoLRM-0%UC-AOE,38.8048,69.4092,38674.882,69537.31,8.98883615,2.41869343,0.02679651,0.3862195,0.1063812,3.11279695,0.0,0.06302008,0.0,0.0,0.0,0.0,2.87492626,0.0,0.0,0.0,0.02679651,2.41869343,0.0,2.49871461,0.61408234,0.0,0.0,399.72,0.00062037,4302.5,0.00062037
runs/CZ02/SFm&1&rDXGF&Ex&dxAC_equip/RB-dxAC_equip-spltAC-SEER-BA-rDXGF-NoLRM-0%UC-AOE/instance-out.sql,CZ02,SFm,weighted,rDXGF,Ex,dxAC_equip,,RB-dxAC_equip-spltAC-SEER-BA-rDXGF-NoLRM-0%UC-AOE,SFm&1&rDXGF&Ex&dxAC_equip,RB-dxAC_equip-spltAC-SEER-BA-rDXGF-NoLRM-0%UC-AOE,50.15,85.7684,50767.1668,87115.5824,11.79933126,4.7787228,0.36708329,0.3862195,0.1063812,3.11279695,0.0,0.22152074,0.0,0.0,0.0,0.0,2.82660566,0.0,0.0,0.0,0.36708329,4.7787228,0.0,2.49871461,0.61408234,0.0,0.0,399.72,0.00116945,4302.5,0.00116945
runs/CZ03/SFm&1&rDXGF&Ex&dxAC_equip/RB-dxAC_equip-spltAC-SEER-BA-rDXGF-NoLRM-0%UC-AOE/instance-out.sql,CZ03,SFm,weighted,rDXGF,Ex,dxAC_equip,,RB-dxAC_equip-spltAC-SEER-BA-rDXGF-NoLRM-0%UC-AOE,SFm&1&rDXGF&Ex&dxAC_equip,RB-dxAC_equip-spltAC-SEER-BA-rDXGF-NoLRM-0%UC-AOE,45.4488,79.9164,45805.5024,80920.06,10.64613744,3.71957822,0.36099118,0.3862195,0.1063812,3.11279695,0.0,0.13644349,0.0,0.0,0.0,0.0,2.823727,0.0,0.0,0.0,0.36099118,3.71957822,0.0,2.49871461,0.61408234,0.0,0.0,399.72,0.00130754,4302.5,0.00130754
runs/CZ04/SFm&1&rDXGF&Ex&dxAC_equip/RB-dxAC_equip-spltAC-SEER-BA-rDXGF-NoLRM-0%UC-AOE/instance-out.sql,CZ04,SFm,weighted,rDXGF,Ex,dxAC_equip,,RB-dxAC_equip-spltAC-SEER-BA-rDXGF-NoLRM-0%UC-AOE,SFm&1&rDXGF&Ex&dxAC_equip,RB-dxAC_equip-spltAC-SEER-BA-rDXGF-NoLRM-0%UC-AOE,52.7228,94.554,53472.2388,96391.9312,12.4280455,4.72561053,0.92249628,0.3862195,0.1063812,3.11279695,0.0,0.37397447,0.0,0.0,0.0,0.0,2.80056555,0.0,0.0,0.0,0.92249628,4.72561053,0.0,2.49871461,0.61408234,0.0,0.0,399.72,0.00185773,4302.5,0.00185773
runs/CZ05/SFm&1&rDXGF&Ex&dxAC_equip/RB-dxAC_equip-spltAC-SEER-BA-rDXGF-NoLRM-0%UC-AOE/instance-out.sql,CZ05,SFm,weighted,rDXGF,Ex,dxAC_equip,,RB-dxAC_equip-spltAC-SEER-BA-rDXGF-NoLRM-0%UC-AOE,SFm&1&rDXGF&Ex&dxAC_equip,RB-dxAC_equip-spltAC-SEER-BA-rDXGF-NoLRM-0%UC-AOE,45.6636,79.896,46157.2772,81063.5596,10.72789721,3.82729081,0.31319623,0.3862195,0.1063812,3.11279695,0.0,0.15770178,0.0,0.0,0.0,0.0,2.82431186,0.0,0.0,0.0,0.31319623,3.82729081,0.0,2.49871461,0.61408234,0.0,0.0,399.72,0.00112434,4302.5,0.00112434
runs/CZ06/SFm&1&rDXGF&Ex&dxAC_equip/RB-dxAC_equip-spltAC-SEER-BA-rDXGF-NoLRM-0%UC-AOE/instance-out.sql,CZ06,SFm,weighted,rDXGF,Ex,dxAC_equip,,RB-dxAC_equip-spltAC-SEER-BA-rDXGF-NoLRM-0%UC-AOE,SFm&1&rDXGF&Ex&dxAC_equip,RB-dxAC_equip-spltAC-SEER-BA-rDXGF-NoLRM-0%UC-AOE,38.2365,72.637,39815.2195,76104.026,8.83607689,2.06985475,0.44550715,0.37215558,0.10157826,3.07111378,0.0,0.12446627,0.0,0.0,0.0,0.0,2.65139989,0.0,0.0,0.0,0.44550715,2.06985475,0.0,2.46624843,0.60486535,0.0,0.0,418.62,0.00112028,4506.0,0.00112028
runs/CZ07/SFm&1&rDXGF&Ex&dxAC_equip/RB-dxAC_equip-spltAC-SEER-BA-rDXGF-NoLRM-0%UC-AOE/instance-out.sql,CZ07,SFm,weighted,rDXGF,Ex,dxAC_equip,,RB-dxAC_equip-spltAC-SEER-BA-rDXGF-NoLRM-0%UC-AOE,SFm&1&rDXGF&Ex&dxAC_equip,RB-dxAC_equip-spltAC-SEER-BA-rDXGF-NoLRM-0%UC-AOE,36.483,69.45,37863.004,72503.4555,8.40282634,1.80039628,0.31523515,0.37215558,0.10157826,3.07111378,0.0,0.09659067,0.0,0.0,0.0,0.0,2.6457554,0.0,0.0,0.0,0.31523515,1.80039628,0.0,2.46624843,0.60486535,0.0,0.0,418.62,0.00123059,4506.0,0.00123059
runs/CZ08/SFm&1&rDXGF&Ex&dxAC_equip/RB-dxAC_equip-spltAC-SEER-BA-rDXGF-NoLRM-0%UC-AOE/instance-out.sql,CZ08,SFm,weighted,rDXGF,Ex,dxAC_equip,,RB-dxAC_equip-spltAC-SEER-BA-rDXGF-NoLRM-0%UC-AOE,SFm&1&rDXGF&Ex&dxAC_equip,RB-dxAC_equip-spltAC-SEER-BA-rDXGF-NoLRM-0%UC-AOE,39.7275,79.1425,41427.0255,83236.934,9.19377913,1.87447588,0.90779898,0.37215558,0.10157826,3.07111378,0.0,0.23597988,0.0,0.0,0.0,0.0,2.630678,0.0,0.0,0.0,0.90779898,1.87447588,0.0,2.46624843,0.60486535,0.0,0.0,418.62,0.00217976,4506.0,0.00217976
runs/CZ09/SFm&1&rDXGF&Ex&dxAC_equip/RB-dxAC_equip-spltAC-SEER-BA-rDXGF-NoLRM-0%UC-AOE/instance-out.sql,CZ09,SFm,weighted,rDXGF,Ex,dxAC_equip,,RB-dxAC_equip-spltAC-SEER-BA-rDXGF-NoLRM-0%UC-AOE,SFm&1&rDXGF&Ex&dxAC_equip,RB-dxAC_equip-spltAC-SEER-BA-rDXGF-NoLRM-0%UC-AOE,47.1326,88.9731,44011.2951,83566.9666,11.38240372,3.22275878,1.00578606,0.42133988,0.11837507,3.216888,0.0,0.32691544,0.0,0.0,0.0,0.0,3.07033705,0.0,0.0,0.0,1.00578606,3.22275878,0.0,2.57978903,0.63709898,0.0,0.0,359.22,0.00275698,3866.6,0.00275698
runs/CZ01/SFm&1&rDXGF&Ex&dxAC_equip/RB-dxAC_equip-spltAC-SEER-BA-rDXGF-NoLRM-0%UC-NR/instance-out.sql,CZ01,SFm,weighted,rDXGF,Ex,dxAC_equip,,RB-dxAC_equip-spltAC-SEER-BA-rDXGF-NoLRM-0%UC-NR,SFm&1&rDXGF&Ex&dxAC_equip,RB-dxAC_equip-spltAC-SEER-BA-rDXGF-NoLRM-0%UC-NR,38.79,69.3744,38663.6096,69501.6144,8.9862151,2.41869343,0.02417657,0.3862195,0.1063812,3.11279695,0.0,0.06302008,0.0,0.0,0.0,0.0,2.87492626,0.0,0.0,0.0,0.02417657,2.41869343,0.0,2.49871461,0.61408234,0.0,0.0,399.72,0.0006098,4302.5,0.0006098
runs/CZ02/SFm&1&rDXGF&Ex&dxAC_equip/RB-dxAC_equip-spltAC-SEER-BA-rDXGF-NoLRM-0%UC-NR/instance-out.sql,CZ02,SFm,weighted,rDXGF,Ex,dxAC_equip,,RB-dxAC_equip-spltAC-SEER-BA-rDXGF-NoLRM-0%UC-NR,SFm&1&rDXGF&Ex&dxAC_equip,RB-dxAC_equip-spltAC-SEER-BA-rDXGF-NoLRM-0%UC-NR,50.0116,85.3188,50612.7524,86626.5676,11.76344219,4.7787228,0.33119422,0.3862195,0.1063812,3.11279695,0.0,0.22152074,0.0,0.0,0.0,0.0,2.82660566,0.0,0.0,0.0,0.33119422,4.7787228,0.0,2.49871461,0.61408234,0.0,0.0,399.72,0.0011145,4302.5,0.0011145
runs/CZ03/SFm&1&rDXGF&Ex&dxAC_equip/RB-dxAC_equip-spltAC-SEER-BA-rDXGF-NoLRM-0%UC-NR/instance-out.sql,CZ03,SFm,weighted,rDXGF,Ex,dxAC_equip,,RB-dxAC_equip-spltAC-SEER-BA-rDXGF-NoLRM-0%UC-NR,SFm&1&rDXGF&Ex&dxAC_equip,RB-dxAC_equip-spltAC-SEER-BA-rDXGF-NoLRM-0%UC-NR,45.3104,79.482,45653.652,80439.1544,10.6108455,3.71957822,0.32569924,0.3862195,0.1063812,3.11279695,0.0,0.13644349,0.0,0.0,0.0,0.0,2.823727,0.0,0.0,0.0,0.32569924,3.71957822,0.0,2.49871461,0.61408234,0.0,0.0,399.72,0.00123841,4302.5,0.00123841
runs/CZ04/SFm&1&rDXGF&Ex&dxAC_equip/RB-dxAC_equip-spltAC-SEER-BA-rDXGF-NoLRM-0%UC-NR/instance-out.sql,CZ04,SFm,weighted,rDXGF,Ex,dxAC_equip,,RB-dxAC_equip-spltAC-SEER-BA-rDXGF-NoLRM-0%UC-NR,SFm&1&rDXGF&Ex&dxAC_equip,RB-dxAC_equip-spltAC-SEER-BA-rDXGF-NoLRM-0%UC-NR,52.3608,93.4132,53084.2,95163.0072,12.33785732,4.72561053,0.8323069,0.3862195,0.1063812,3.11279695,0.0,0.37397447,0.0,0.0,0.0,0.0,2.80056555,0.0,0.0,0.0,0.8323069,4.72561053,0.0,2.49871461,0.61408234,0.0,0.0,399.72,0.00174869,4302.5,0.00174869
runs/CZ05/SFm&1&rDXGF&Ex&dxAC_equip/RB-dxAC_equip-spltAC-SEER-BA-rDXGF-NoLRM-0%UC-NR/instance-out.sql,CZ05,SFm,weighted,rDXGF,Ex,dxAC_equip,,RB-dxAC_equip-spltAC-SEER-BA-rDXGF-NoLRM-0%UC-NR,SFm&1&rDXGF&Ex&dxAC_equip,RB-dxAC_equip-spltAC-SEER-BA-rDXGF-NoLRM-0%UC-NR,45.5452,79.5212,46025.5404,80646.3288,10.69727767,3.82729081,0.28257557,0.3862195,0.1063812,3.11279695,0.0,0.15770178,0.0,0.0,0.0,0.0,2.82431186,0.0,0.0,0.0,0.28257557,3.82729081,0.0,2.49871461,0.61408234,0.0,0.0,399.72,0.00107231,4302.5,0.00107231
runs/CZ06/SFm&1&rDXGF&Ex&dxAC_equip/RB-dxAC_equip-spltAC-SEER-BA-rDXGF-NoLRM-0%UC-NR/instance-out.sql,CZ06,SFm,weighted,rDXGF,Ex,dxAC_equip,,RB-dxAC_equip-spltAC-SEER-BA-rDXGF-NoLRM-0%UC-NR,SFm&1&rDXGF&Ex&dxAC_equip,RB-dxAC_equip-spltAC-SEER-BA-rDXGF-NoLRM-0%UC-NR,38.058,72.075,39618.9595,75482.47,8.79252148,2.06985475,0.40195295,0.37215558,0.10157826,3.07111378,0.0,0.12446627,0.0,0.0,0.0,0.0,2.65139989,0.0,0.0,0.0,0.40195295,2.06985475,0.0,2.46624843,0.60486535,0.0,0.0,418.62,0.00106687,4506.0,0.00106687
runs/CZ07/SFm&1&rDXGF&Ex&dxAC_equip/RB-dxAC_equip-spltAC-SEER-BA-rDXGF-NoLRM-0%UC-NR/instance-out.sql,CZ07,SFm,weighted,rDXGF,Ex,dxAC_equip,,RB-dxAC_equip-spltAC-SEER-BA-rDXGF-NoLRM-0%UC-NR,SFm&1&rDXGF&Ex&dxAC_equip,RB-dxAC_equip-spltAC-SEER-BA-rDXGF-NoLRM-0%UC-NR,36.3565,69.044,37724.132,72063.6545,8.37200687,1.80039628,0.28441691,0.37215558,0.10157826,3.07111378,0.0,0.09659067,0.0,0.0,0.0,0.0,2.6457554,0.0,0.0,0.0,0.28441691,1.80039628,0.0,2.46624843,0.60486535,0.0,0.0,418.62,0.00116823,4506.0,0.00116823
runs/CZ08/SFm&1&rDXGF&Ex&dxAC_equip/RB-dxAC_equip-spltAC-SEER-BA-rDXGF-NoLRM-0%UC-NR/instance-out.sql,CZ08,SFm,weighted,rDXGF,Ex,dxAC_equip,,RB-dxAC_equip-spltAC-SEER-BA-rDXGF-NoLRM-0%UC-NR,SFm&1&rDXGF&Ex&dxAC_equip,RB-dxAC_equip-spltAC-SEER-BA-rDXGF-NoLRM-0%UC-NR,39.366,78.0015,41027.1095,81970.4125,9.10502915,1.87447588,0.81904777,0.37215558,0.10157826,3.07111378,0.0,0.23597988,0.0,0.0,0.0,0.0,2.630678,0.0,0.0,0.0,0.81904777,1.87447588,0.0,2.46624843,0.60486535,0.0,0.0,418.62,0.0020391,4506.0,0.0020391
runs/CZ09/SFm&1&rDXGF&Ex&dxAC_equip/RB-dxAC_equip-spltAC-SEER-BA-rDXGF-NoLRM-0%UC-NR/instance-out.sql,CZ09,SFm,weighted,rDXGF,Ex,dxAC_equip,,RB-dxAC_equip-spltAC-SEER-BA-rDXGF-NoLRM-0%UC-NR,SFm&1&rDXGF&Ex&dxAC_equip,RB-dxAC_equip-spltAC-SEER-BA-rDXGF-NoLRM-0%UC-NR,46.7464,87.7546,43631.0921,82362.8469,11.28407387,3.22275878,0.90745621,0.42133988,0.11837507,3.216888,0.0,0.32691544,0.0,0.0,0.0,0.0,3.07033705,0.0,0.0,0.0,0.90745621,3.22275878,0.0,2.57978903,0.63709898,0.0,0.0,359.22,0.0025722,3866.6,0.0025722
runs/CZ01/SFm&1&rDXGF&Ex&dxAC_equip/RB-dxAC_equip-spltAC-SEER-BA-rDXGF-NoLRM-15%UC-AOE/instance-out.sql,CZ01,SFm,weighted,rDXGF,Ex,dxAC_equip,,RB-dxAC_equip-spltAC-SEER-BA-rDXGF-NoLRM-15%UC-AOE,SFm&1&rDXGF&Ex&dxAC_equip,RB-dxAC_equip-spltAC-SEER-BA-rDXGF-NoLRM-15%UC-AOE,38.8296,69.4932,38703.0676,69626.576,8.99538595,2.41869343,0.03334742,0.3862195,0.1063812,3.11279695,0.0,0.06302008,0.0,0.0,0.0,0.0,2.87492626,0.0,0.0,0.0,0.03334742,2.41869343,0.0,2.49871461,0.61408234,0.0,0.0,399.72,0.0006468,4302.5,0.0006468
runs/CZ02/SFm&1&rDXGF&Ex&dxAC_equip/RB-dxAC_equip-spltAC-SEER-BA-rDXGF-NoLRM-15%UC-AOE/instance-out.sql,CZ02,SFm,weighted,rDXGF,Ex,dxAC_equip,,RB-dxAC_equip-spltAC-SEER-BA-rDXGF-NoLRM-15%UC-AOE,SFm&1&rDXGF&Ex&dxAC_equip,RB-dxAC_equip-spltAC-SEER-BA-rDXGF-NoLRM-15%UC-AOE,50.5008,86.8752,51153.2616,88338.3448,11.88906762,4.7787228,0.45681965,0.3862195,0.1063812,3.11279695,0.0,0.22152074,0.0,0.0,0.0,0.0,2.82660566,0.0,0.0,0.0,0.45681965,4.7787228,0.0,2.49871461,0.61408234,0.0,0.0,399.72,0.00130685,4302.5,0.00130685
runs/CZ03/SFm&1&rDXGF&Ex&dxAC_equip/RB-dxAC_equip-spltAC-SEER-BA-rDXGF-NoLRM-15%UC-AOE/instance-out.sql,CZ03,SFm,weighted,rDXGF,Ex,dxAC_equip,,RB-dxAC_equip-spltAC-SEER-BA-rDXGF-NoLRM-15%UC-AOE,SFm&1&rDXGF&Ex&dxAC_equip,RB-dxAC_equip-spltAC-SEER-BA-rDXGF-NoLRM-15%UC-AOE,45.7944,81.0076,46185.1888,82122.5316,10.73438556,3.71957822,0.4492393,0.3862195,0.1063812,3.11279695,0.0,0.13644349,0.0,0.0,0.0,0.0,2.823727,0.0,0.0,0.0,0.4492393,3.71957822,0.0,2.49871461,0.61408234,0.0,0.0,399.72,0.00148037,4302.5,0.00148037
runs/CZ04/SFm&1&rDXGF&Ex&dxAC_equip/RB-dxAC_equip-spltAC-SEER-BA-rDXGF-NoLRM-15%UC-AOE/instance-out.sql,CZ04,SFm,weighted,rDXGF,Ex,dxAC_equip,,RB-dxAC_equip-spltAC-SEER-BA-rDXGF-NoLRM-15%UC-AOE,SFm&1&rDXGF&Ex&dxAC_equip,RB-dxAC_equip-spltAC-SEER-BA-rDXGF-NoLRM-15%UC-AOE,53.6204,97.4108,54442.5176,99464.7936,12.65355709,4.72561053,1.14800778,0.3862195,0.1063812,3.11279695,0.0,0.37397447,0.0,0.0,0.0,0.0,2.80056555,0.0,0.0,0.0,1.14800778,4.72561053,0.0,2.49871461,0.61408234,0.0,0.0,399.72,0.00213037,4302.5,0.00213037
runs/CZ05/SFm&1&rDXGF&Ex&dxAC_equip/RB-dxAC_equip-spltAC-SEER-BA-rDXGF-NoLRM-15%UC-AOE/instance-out.sql,CZ05,SFm,weighted,rDXGF,Ex,dxAC_equip,,RB-dxAC_equip-spltAC-SEER-BA-rDXGF-NoLRM-15%UC-AOE,SFm&1&rDXGF&Ex&dxAC_equip,RB-dxAC_equip-spltAC-SEER-BA-rDXGF-NoLRM-15%UC-AOE,45.9592,80.8332,46486.698,82106.8196,10.80446137,3.82729081,0.38975805,0.3862195,0.1063812,3.11279695,0.0,0.15770178,0.0,0.0,0.0,0.0,2.82431186,0.0,0.0,0.0,0.38975805,3.82729081,0.0,2.49871461,0.61408234,0.0,0.0,399.72,0.00125444,4302.5,0.00125444
runs/CZ06/SFm&1&rDXGF&Ex&dxAC_equip/RB-dxAC_equip-spltAC-SEER-BA-rDXGF-NoLRM-15%UC-AOE/instance-out.sql,CZ06,SFm,weighted,rDXGF,Ex,dxAC_equip,,RB-dxAC_equip-spltAC-SEER-BA-rDXGF-NoLRM-15%UC-AOE,SFm&1&rDXGF&Ex&dxAC_equip,RB-dxAC_equip-spltAC-SEER-BA-rDXGF-NoLRM-15%UC-AOE,38.671,74.0315,40305.962,77658.1885,8.94498596,2.06985475,0.55441522,0.37215558,0.10157826,3.07111378,0.0,0.12446627,0.0,0.0,0.0,0.0,2.65139989,0.0,0.0,0.0,0.55441522,2.06985475,0.0,2.46624843,0.60486535,0.0,0.0,418.62,0.00125385,4506.0,0.00125385
runs/CZ07/SFm&1&rDXGF&Ex&dxAC_equip/RB-dxAC_equip-spltAC-SEER-BA-rDXGF-NoLRM-15%UC-AOE/instance-out.sql,CZ07,SFm,weighted,rDXGF,Ex,dxAC_equip,,RB-dxAC_equip-spltAC-SEER-BA-rDXGF-NoLRM-15%UC-AOE,SFm&1&rDXGF&Ex&dxAC_equip,RB-dxAC_equip-spltAC-SEER-BA-rDXGF-NoLRM-15%UC-AOE,36.798,70.4505,38210.241,73603.165,8.47988864,1.80039628,0.39229746,0.37215558,0.10157826,3.07111378,0.0,0.09659067,0.0,0.0,0.0,0.0,2.6457554,0.0,0.0,0.0,0.39229746,1.80039628,0.0,2.46624843,0.60486535,0.0,0.0,418.62,0.00138653,4506.0,0.00138653
runs/CZ08/SFm&1&rDXGF&Ex&dxAC_equip/RB-dxAC_equip-spltAC-SEER-BA-rDXGF-NoLRM-15%UC-AOE/instance-out.sql,CZ08,SFm,weighted,rDXGF,Ex,dxAC_equip,,RB-dxAC_equip-spltAC-SEER-BA-rDXGF-NoLRM-15%UC-AOE,SFm&1&rDXGF&Ex&dxAC_equip,RB-dxAC_equip-spltAC-SEER-BA-rDXGF-NoLRM-15%UC-AOE,40.629,82.0055,42426.989,86403.8205,9.41569915,1.87447588,1.12971677,0.37215558,0.10157826,3.07111378,0.0,0.23597988,0.0,0.0,0.0,0.0,2.630678,0.0,0.0,0.0,1.12971677,1.87447588,0.0,2.46624843,0.60486535,0.0,0.0,418.62,0.00253147,4506.0,0.00253147
runs/CZ09/SFm&1&rDXGF&Ex&dxAC_equip/RB-dxAC_equip-spltAC-SEER-BA-rDXGF-NoLRM-15%UC-AOE/instance-out.sql,CZ09,SFm,weighted,rDXGF,Ex,dxAC_equip,,RB-dxAC_equip-spltAC-SEER-BA-rDXGF-NoLRM-15%UC-AOE,SFm&1&rDXGF&Ex&dxAC_equip,RB-dxAC_equip-spltAC-SEER-BA-rDXGF-NoLRM-15%UC-AOE,48.1048,92.0295,44961.9904,86577.8174,11.62827865,3.22275878,1.25165926,0.42133988,0.11837507,3.216888,0.0,0.32691544,0.0,0.0,0.0,0.0,3.07033705,0.0,0.0,0.0,1.25165926,3.22275878,0.0,2.57978903,0.63709898,0.0,0.0,359.22,0.00321903,3866.6,0.00321903
runs/CZ01/SFm&1&rDXGF&Ex&dxAC_equip/RB-dxAC_equip-spltAC-SEER-BA-rDXGF-NoLRM-22.5%UC-AOE/instance-out.sql,CZ01,SFm,weighted,rDXGF,Ex,dxAC_equip,,RB-dxAC_equip-spltAC-SEER-BA-rDXGF-NoLRM-22.5%UC-AOE,SFm&1&rDXGF&Ex&dxAC_equip,RB-dxAC_equip-spltAC-SEER-BA-rDXGF-NoLRM-22.5%UC-AOE,38.8444,69.5328,38717.1556,69671.204,8.9986614,2.41869343,0.03662287,0.3862195,0.1063812,3.11279695,0.0,0.06302008,0.0,0.0,0.0,0.0,2.87492626,0.0,0.0,0.0,0.03662287,2.41869343,0.0,2.49871461,0.61408234,0.0,0.0,399.72,0.00066001,4302.5,0.00066001
runs/CZ02/SFm&1&rDXGF&Ex&dxAC_equip/RB-dxAC_equip-spltAC-SEER-BA-rDXGF-NoLRM-22.5%UC-AOE/instance-out.sql,CZ02,SFm,weighted,rDXGF,Ex,dxAC_equip,,RB-dxAC_equip-spltAC-SEER-BA-rDXGF-NoLRM-22.5%UC-AOE,SFm&1&rDXGF&Ex&dxAC_equip,RB-dxAC_equip-spltAC-SEER-BA-rDXGF-NoLRM-22.5%UC-AOE,50.6788,87.4336,51346.3092,88949.7288,11.93393584,4.7787228,0.50168787,0.3862195,0.1063812,3.11279695,0.0,0.22152074,0.0,0.0,0.0,0.0,2.82660566,0.0,0.0,0.0,0.50168787,4.7787228,0.0,2.49871461,0.61408234,0.0,0.0,399.72,0.00137555,4302.5,0.00137555
runs/CZ03/SFm&1&rDXGF&Ex&dxAC_equip/RB-dxAC_equip-spltAC-SEER-BA-rDXGF-NoLRM-22.5%UC-AOE/instance-out.sql,CZ03,SFm,weighted,rDXGF,Ex,dxAC_equip,,RB-dxAC_equip-spltAC-SEER-BA-rDXGF-NoLRM-22.5%UC-AOE,SFm&1&rDXGF&Ex&dxAC_equip,RB-dxAC_equip-spltAC-SEER-BA-rDXGF-NoLRM-22.5%UC-AOE,45.9672,81.5508,46375.0372,82723.7696,10.77850901,3.71957822,0.49336164,0.3862195,0.1063812,3.11279695,0.0,0.13644349,0.0,0.0,0.0,0.0,2.823727,0.0,0.0,0.0,0.49336164,3.71957822,0.0,2.49871461,0.61408234,0.0,0.0,399.72,0.00156679,4302.5,0.00156679
runs/CZ04/SFm&1&rDXGF&Ex&dxAC_equip/RB-dxAC_equip-spltAC-SEER-BA-rDXGF-NoLRM-22.5%UC-AOE/instance-out.sql,CZ04,SFm,weighted,rDXGF,Ex,dxAC_equip,,RB-dxAC_equip-spltAC-SEER-BA-rDXGF-NoLRM-22.5%UC-AOE,SFm&1&rDXGF&Ex&dxAC_equip,RB-dxAC_equip-spltAC-SEER-BA-rDXGF-NoLRM-22.5%UC-AOE,54.0716,98.8392,54927.6572,101001.2224,12.76631228,4.72561053,1.26076418,0.3862195,0.1063812,3.11279695,0.0,0.37397447,0.0,0.0,0.0,0.0,2.80056555,0.0,0.0,0.0,1.26076418,4.72561053,0.0,2.49871461,0.61408234,0.0,0.0,399.72,0.00226669,4302.5,0.00226669
runs/CZ05/SFm&1&rDXGF&Ex&dxAC_equip/RB-dxAC_equip-spltAC-SEER-BA-rDXGF-NoLRM-22.5%UC-AOE/instance-out.sql,CZ05,SFm,weighted,rDXGF,Ex,dxAC_equip,,RB-dxAC_equip-spltAC-SEER-BA-rDXGF-NoLRM-22.5%UC-AOE,SFm&1&rDXGF&Ex&dxAC_equip,RB-dxAC_equip-spltAC-SEER-BA-rDXGF-NoLRM-22.5%UC-AOE,46.1072,81.3016,46651.4084,82628.452,10.84274223,3.82729081,0.42804013,0.3862195,0.1063812,3.11279695,0.0,0.15770178,0.0,0.0,0.0,0.0,2.82431186,0.0,0.0,0.0,0.42804013,3.82729081,0.0,2.49871461,0.61408234,0.0,0.0,399.72,0.00131949,4302.5,0.00131949
runs/CZ06/SFm&1&rDXGF&Ex&dxAC_equip/RB-dxAC_equip-spltAC-SEER-BA-rDXGF-NoLRM-22.5%UC-AOE/instance-out.sql,CZ06,SFm,weighted,rDXGF,Ex,dxAC_equip,,RB-dxAC_equip-spltAC-SEER-BA-rDXGF-NoLRM-22.5%UC-AOE,SFm&1&rDXGF&Ex&dxAC_equip,RB-dxAC_equip-spltAC-SEER-BA-rDXGF-NoLRM-22.5%UC-AOE,38.8905,74.7265,40551.3305,78435.273,8.99943989,2.06985475,0.60886914,0.37215558,0.10157826,3.07111378,0.0,0.12446627,0.0,0.0,0.0,0.0,2.65139989,0.0,0.0,0.0,0.60886914,2.06985475,0.0,2.46624843,0.60486535,0.0,0.0,418.62,0.00132063,4506.0,0.00132063
runs/CZ07/SFm&1&rDXGF&Ex&dxAC_equip/RB-dxAC_equip-spltAC-SEER-BA-rDXGF-NoLRM-22.5%UC-AOE/instance-out.sql,CZ07,SFm,weighted,rDXGF,Ex,dxAC_equip,,RB-dxAC_equip-spltAC-SEER-BA-rDXGF-NoLRM-22.5%UC-AOE,SFm&1&rDXGF&Ex&dxAC_equip,RB-dxAC_equip-spltAC-SEER-BA-rDXGF-NoLRM-22.5%UC-AOE,36.9555,70.9485,38383.8645,74153.0225,8.51842041,1.80039628,0.43082822,0.37215558,0.10157826,3.07111378,0.0,0.09659067,0.0,0.0,0.0,0.0,2.6457554,0.0,0.0,0.0,0.43082822,1.80039628,0.0,2.46624843,0.60486535,0.0,0.0,418.62,0.0014645,4506.0,0.0014645
runs/CZ08/SFm&1&rDXGF&Ex&dxAC_equip/RB-dxAC_equip-spltAC-SEER-BA-rDXGF-NoLRM-22.5%UC-AOE/instance-out.sql,CZ08,SFm,weighted,rDXGF,Ex,dxAC_equip,,RB-dxAC_equip-spltAC-SEER-BA-rDXGF-NoLRM-22.5%UC-AOE,SFm&1&rDXGF&Ex&dxAC_equip,RB-dxAC_equip-spltAC-SEER-BA-rDXGF-NoLRM-22.5%UC-AOE,41.0825,83.4325,42926.9725,87987.2655,9.52665805,1.87447588,1.24067789,0.37215558,0.10157826,3.07111378,0.0,0.23597988,0.0,0.0,0.0,0.0,2.630678,0.0,0.0,0.0,1.24067789,1.87447588,0.0,2.46624843,0.60486535,0.0,0.0,418.62,0.00270733,4506.0,0.00270733
runs/CZ09/SFm&1&rDXGF&Ex&dxAC_equip/RB-dxAC_equip-spltAC-SEER-BA-rDXGF-NoLRM-22.5%UC-AOE/instance-out.sql,CZ09,SFm,weighted,rDXGF,Ex,dxAC_equip,,RB-dxAC_equip-spltAC-SEER-BA-rDXGF-NoLRM-22.5%UC-AOE,SFm&1&rDXGF&Ex&dxAC_equip,RB-dxAC_equip-spltAC-SEER-BA-rDXGF-NoLRM-22.5%UC-AOE,48.5809,93.561,45437.3414,88083.2445,11.75121438,3.22275878,1.37459672,0.42133988,0.11837507,3.216888,0.0,0.32691544,0.0,0.0,0.0,0.0,3.07033705,0.0,0.0,0.0,1.37459672,3.22275878,0.0,2.57978903,0.63709898,0.0,0.0,359.22,0.00345006,3866.6,0.00345006
runs/CZ01/SFm&1&rDXGF&Ex&dxAC_equip/RB-dxAC_equip-spltAC-SEER-BA-rDXGF-NoLRM-30%UC-AOE/instance-out.sql,CZ01,SFm,weighted,rDXGF,Ex,dxAC_equip,,RB-dxAC_equip-spltAC-SEER-BA-rDXGF-NoLRM-30%UC-AOE,SFm&1&rDXGF&Ex&dxAC_equip,RB-dxAC_equip-spltAC-SEER-BA-rDXGF-NoLRM-30%UC-AOE,38.8492,69.5724,38731.2484,69715.832,9.00193686,2.41869343,0.03989833,0.3862195,0.1063812,3.11279695,0.0,0.06302008,0.0,0.0,0.0,0.0,2.87492626,0.0,0.0,0.0,0.03989833,2.41869343,0.0,2.49871461,0.61408234,0.0,0.0,399.72,0.00067322,4302.5,0.00067322
runs/CZ02/SFm&1&rDXGF&Ex&dxAC_equip/RB-dxAC_equip-spltAC-SEER-BA-rDXGF-NoLRM-30%UC-AOE/instance-out.sql,CZ02,SFm,weighted,rDXGF,Ex,dxAC_equip,,RB-dxAC_equip-spltAC-SEER-BA-rDXGF-NoLRM-30%UC-AOE,SFm&1&rDXGF&Ex&dxAC_equip,RB-dxAC_equip-spltAC-SEER-BA-rDXGF-NoLRM-30%UC-AOE,50.8516,87.9868,51539.3564,89561.1124,11.97880397,4.7787228,0.546556,0.3862195,0.1063812,3.11279695,0.0,0.22152074,0.0,0.0,0.0,0.0,2.82660566,0.0,0.0,0.0,0.546556,4.7787228,0.0,2.49871461,0.61408234,0.0,0.0,399.72,0.00144424,4302.5,0.00144424
runs/CZ03/SFm&1&rDXGF&Ex&dxAC_equip/RB-dxAC_equip-spltAC-SEER-BA-rDXGF-NoLRM-30%UC-AOE/instance-out.sql,CZ03,SFm,weighted,rDXGF,Ex,dxAC_equip,,RB-dxAC_equip-spltAC-SEER-BA-rDXGF-NoLRM-30%UC-AOE,SFm&1&rDXGF&Ex&dxAC_equip,RB-dxAC_equip-spltAC-SEER-BA-rDXGF-NoLRM-30%UC-AOE,46.1352,82.0888,46564.8804,83325.0028,10.82263368,3.71957822,0.53748509,0.3862195,0.1063812,3.11279695,0.0,0.13644349,0.0,0.0,0.0,0.0,2.823727,0.0,0.0,0.0,0.53748509,3.71957822,0.0,2.49871461,0.61408234,0.0,0.0,399.72,0.00165321,4302.5,0.00165321
runs/CZ04/SFm&1&rDXGF&Ex&dxAC_equip/RB-dxAC_equip-spltAC-SEER-BA-rDXGF-NoLRM-30%UC-AOE/instance-out.sql,CZ04,SFm,weighted,rDXGF,Ex,dxAC_equip,,RB-dxAC_equip-spltAC-SEER-BA-rDXGF-NoLRM-30%UC-AOE,SFm&1&rDXGF&Ex&dxAC_equip,RB-dxAC_equip-spltAC-SEER-BA-rDXGF-NoLRM-30%UC-AOE,54.5232,100.2676,55412.7916,102537.656,12.87906979,4.72561053,1.37351937,0.3862195,0.1063812,3.11279695,0.0,0.37397447,0.0,0.0,0.0,0.0,2.80056555,0.0,0.0,0.0,1.37351937,4.72561053,0.0,2.49871461,0.61408234,0.0,0.0,399.72,0.00240301,4302.5,0.00240301
runs/CZ05/SFm&1&rDXGF&Ex&dxAC_equip/RB-dxAC_equip-spltAC-SEER-BA-rDXGF-NoLRM-30%UC-AOE/instance-out.sql,CZ05,SFm,weighted,rDXGF,Ex,dxAC_equip,,RB-dxAC_equip-spltAC-SEER-BA-rDXGF-NoLRM-30%UC-AOE,SFm&1&rDXGF&Ex&dxAC_equip,RB-dxAC_equip-spltAC-SEER-BA-rDXGF-NoLRM-30%UC-AOE,46.2552,81.77,46816.114,83150.0844,10.88102431,3.82729081,0.46632221,0.3862195,0.1063812,3.11279695,0.0,0.15770178,0.0,0.0,0.0,0.0,2.82431186,0.0,0.0,0.0,0.46632221,3.82729081,0.0,2.49871461,0.61408234,0.0,0.0,399.72,0.00138454,4302.5,0.00138454
runs/CZ06/SFm&1&rDXGF&Ex&dxAC_equip/RB-dxAC_equip-spltAC-SEER-BA-rDXGF-NoLRM-30%UC-AOE/instance-out.sql,CZ06,SFm,weighted,rDXGF,Ex,dxAC_equip,,RB-dxAC_equip-spltAC-SEER-BA-rDXGF-NoLRM-30%UC-AOE,SFm&1&rDXGF&Ex&dxAC_equip,RB-dxAC_equip-spltAC-SEER-BA-rDXGF-NoLRM-30%UC-AOE,39.11,75.4205,40796.6945,79212.3565,9.05389281,2.06985475,0.66332429,0.37215558,0.10157826,3.07111378,0.0,0.12446627,0.0,0.0,0.0,0.0,2.65139989,0.0,0.0,0.0,0.66332429,2.06985475,0.0,2.46624843,0.60486535,0.0,0.0,418.62,0.00138741,4506.0,0.00138741
runs/CZ07/SFm&1&rDXGF&Ex&dxAC_equip/RB-dxAC_equip-spltAC-SEER-BA-rDXGF-NoLRM-30%UC-AOE/instance-out.sql,CZ07,SFm,weighted,rDXGF,Ex,dxAC_equip,,RB-dxAC_equip-spltAC-SEER-BA-rDXGF-NoLRM-30%UC-AOE,SFm&1&rDXGF&Ex&dxAC_equip,RB-dxAC_equip-spltAC-SEER-BA-rDXGF-NoLRM-30%UC-AOE,37.113,71.4465,38557.4825,74702.8745,8.55694995,1.80039628,0.46935999,0.37215558,0.10157826,3.07111378,0.0,0.09659067,0.0,0.0,0.0,0.0,2.6457554,0.0,0.0,0.0,0.46935999,1.80039628,0.0,2.46624843,0.60486535,0.0,0.0,418.62,0.00154247,4506.0,0.00154247
runs/CZ08/SFm&1&rDXGF&Ex&dxAC_equip/RB-dxAC_equip-spltAC-SEER-BA-rDXGF-NoLRM-30%UC-AOE/instance-out.sql,CZ08,SFm,weighted,rDXGF,Ex,dxAC_equip,,RB-dxAC_equip-spltAC-SEER-BA-rDXGF-NoLRM-30%UC-AOE,SFm&1&rDXGF&Ex&dxAC_equip,RB-dxAC_equip-spltAC-SEER-BA-rDXGF-NoLRM-30%UC-AOE,41.536,84.864,43426.9515,89570.706,9.63761817,1.87447588,1.35163679,0.37215558,0.10157826,3.07111378,0.0,0.23597988,0.0,0.0,0.0,0.0,2.630678,0.0,0.0,0.0,1.35163679,1.87447588,0.0,2.46624843,0.60486535,0.0,0.0,418.62,0.00288318,4506.0,0.00288318
runs/CZ09/SFm&1&rDXGF&Ex&dxAC_equip/RB-dxAC_equip-spltAC-SEER-BA-rDXGF-NoLRM-30%UC-AOE/instance-out.sql,CZ09,SFm,weighted,rDXGF,Ex,dxAC_equip,,RB-dxAC_equip-spltAC-SEER-BA-rDXGF-NoLRM-30%UC-AOE,SFm&1&rDXGF&Ex&dxAC_equip,RB-dxAC_equip-spltAC-SEER-BA-rDXGF-NoLRM-30%UC-AOE,49.067,95.0892,45912.6824,89588.6749,11.87415185,3.22275878,1.49753333,0.42133988,0.11837507,3.216888,0.0,0.32691544,0.0,0.0,0.0,0.0,3.07033705,0.0,0.0,0.0,1.49753333,3.22275878,0.0,2.57978903,0.63709898,0.0,0.0,359.22,0.00368108,3866.6,0.00368108
runs/CZ01/SFm&1&rDXGF&Ex&dxAC_equip/RB-dxAC_equip-spltAC-SEER-BA-rDXGF-NoLRM-40%UC-AOE/instance-out.sql,CZ01,SFm,weighted,rDXGF,Ex,dxAC_equip,,RB-dxAC_equip-spltAC-SEER-BA-rDXGF-NoLRM-40%UC-AOE,SFm&1&rDXGF&Ex&dxAC_equip,RB-dxAC_equip-spltAC-SEER-BA-rDXGF-NoLRM-40%UC-AOE,38.8692,69.6268,38750.0404,69775.3428,9.00630451,2.41869343,0.04426486,0.3862195,0.1063812,3.11279695,0.0,0.06302008,0.0,0.0,0.0,0.0,2.87492626,0.0,0.0,0.0,0.04426486,2.41869343,0.0,2.49871461,0.61408234,0.0,0.0,399.72,0.00069084,4302.5,0.00069084
runs/CZ02/SFm&1&rDXGF&Ex&dxAC_equip/RB-dxAC_equip-spltAC-SEER-BA-rDXGF-NoLRM-40%UC-AOE/instance-out.sql,CZ02,SFm,weighted,rDXGF,Ex,dxAC_equip,,RB-dxAC_equip-spltAC-SEER-BA-rDXGF-NoLRM-40%UC-AOE,SFm&1&rDXGF&Ex&dxAC_equip,RB-dxAC_equip-spltAC-SEER-BA-rDXGF-NoLRM-40%UC-AOE,51.0888,88.728,51796.7548,90376.2892,12.03862864,4.7787228,0.60638067,0.3862195,0.1063812,3.11279695,0.0,0.22152074,0.0,0.0,0.0,0.0,2.82660566,0.0,0.0,0.0,0.60638067,4.7787228,0.0,2.49871461,0.61408234,0.0,0.0,399.72,0.00153584,4302.5,0.00153584
runs/CZ03/SFm&1&rDXGF&Ex&dxAC_equip/RB-dxAC_equip-spltAC-SEER-BA-rDXGF-NoLRM-40%UC-AOE/instance-out.sql,CZ03,SFm,weighted,rDXGF,Ex,dxAC_equip,,RB-dxAC_equip-spltAC-SEER-BA-rDXGF-NoLRM-40%UC-AOE,SFm&1&rDXGF&Ex&dxAC_equip,RB-dxAC_equip-spltAC-SEER-BA-rDXGF-NoLRM-40%UC-AOE,46.3672,82.8196,46818.0032,84126.6524,10.88146461,3.71957822,0.59631714,0.3862195,0.1063812,3.11279695,0.0,0.13644349,0.0,0.0,0.0,0.0,2.823727,0.0,0.0,0.0,0.59631714,3.71957822,0.0,2.49871461,0.61408234,0.0,0.0,399.72,0.00176844,4302.5,0.00176844
runs/CZ04/SFm&1&rDXGF&Ex&dxAC_equip/RB-dxAC_equip-spltAC-SEER-BA-rDXGF-NoLRM-40%UC-AOE/instance-out.sql,CZ04,SFm,weighted,rDXGF,Ex,dxAC_equip,,RB-dxAC_equip-spltAC-SEER-BA-rDXGF-NoLRM-40%UC-AOE,SFm&1&rDXGF&Ex&dxAC_equip,RB-dxAC_equip-spltAC-SEER-BA-rDXGF-NoLRM-40%UC-AOE,55.1232,102.172,56059.6424,104586.2308,13.02941007,4.72561053,1.52386197,0.3862195,0.1063812,3.11279695,0.0,0.37397447,0.0,0.0,0.0,0.0,2.80056555,0.0,0.0,0.0,1.52386197,4.72561053,0.0,2.49871461,0.61408234,0.0,0.0,399.72,0.00258477,4302.5,0.00258477
runs/CZ05/SFm&1&rDXGF&Ex&dxAC_equip/RB-dxAC_equip-spltAC-SEER-BA-rDXGF-NoLRM-40%UC-AOE/instance-out.sql,CZ05,SFm,weighted,rDXGF,Ex,dxAC_equip,,RB-dxAC_equip-spltAC-SEER-BA-rDXGF-NoLRM-40%UC-AOE,SFm&1&rDXGF&Ex&dxAC_equip,RB-dxAC_equip-spltAC-SEER-BA-rDXGF-NoLRM-40%UC-AOE,46.4524,82.3964,47035.7244,83845.596,10.93206748,3.82729081,0.51736417,0.3862195,0.1063812,3.11279695,0.0,0.15770178,0.0,0.0,0.0,0.0,2.82431186,0.0,0.0,0.0,0.51736417,3.82729081,0.0,2.49871461,0.61408234,0.0,0.0,399.72,0.00147127,4302.5,0.00147127
runs/CZ06/SFm&1&rDXGF&Ex&dxAC_equip/RB-dxAC_equip-spltAC-SEER-BA-rDXGF-NoLRM-40%UC-AOE/instance-out.sql,CZ06,SFm,weighted,rDXGF,Ex,dxAC_equip,,RB-dxAC_equip-spltAC-SEER-BA-rDXGF-NoLRM-40%UC-AOE,SFm&1&rDXGF&Ex&dxAC_equip,RB-dxAC_equip-spltAC-SEER-BA-rDXGF-NoLRM-40%UC-AOE,39.406,76.355,41123.8565,80248.467,9.12649893,2.06985475,0.73592919,0.37215558,0.10157826,3.07111378,0.0,0.12446627,0.0,0.0,0.0,0.0,2.65139989,0.0,0.0,0.0,0.73592919,2.06985475,0.0,2.46624843,0.60486535,0.0,0.0,418.62,0.00147645,4506.0,0.00147645
runs/CZ07/SFm&1&rDXGF&Ex&dxAC_equip/RB-dxAC_equip-spltAC-SEER-BA-rDXGF-NoLRM-40%UC-AOE/instance-out.sql,CZ07,SFm,weighted,rDXGF,Ex,dxAC_equip,,RB-dxAC_equip-spltAC-SEER-BA-rDXGF-NoLRM-40%UC-AOE,SFm&1&rDXGF&Ex&dxAC_equip,RB-dxAC_equip-spltAC-SEER-BA-rDXGF-NoLRM-40%UC-AOE,37.3215,72.1165,38788.976,75436.019,8.60832563,1.80039628,0.52073445,0.37215558,0.10157826,3.07111378,0.0,0.09659067,0.0,0.0,0.0,0.0,2.6457554,0.0,0.0,0.0,0.52073445,1.80039628,0.0,2.46624843,0.60486535,0.0,0.0,418.62,0.00164642,4506.0,0.00164642
runs/CZ08/SFm&1&rDXGF&Ex&dxAC_equip/RB-dxAC_equip-spltAC-SEER-BA-rDXGF-NoLRM-40%UC-AOE/instance-out.sql,CZ08,SFm,weighted,rDXGF,Ex,dxAC_equip,,RB-dxAC_equip-spltAC-SEER-BA-rDXGF-NoLRM-40%UC-AOE,SFm&1&rDXGF&Ex&dxAC_equip,RB-dxAC_equip-spltAC-SEER-BA-rDXGF-NoLRM-40%UC-AOE,42.1325,86.769,44093.5935,91681.963,9.7855641,1.87447588,1.49958273,0.37215558,0.10157826,3.07111378,0.0,0.23597988,0.0,0.0,0.0,0.0,2.630678,0.0,0.0,0.0,1.49958273,1.87447588,0.0,2.46624843,0.60486535,0.0,0.0,418.62,0.00311766,4506.0,0.00311766
runs/CZ09/SFm&1&rDXGF&Ex&dxAC_equip/RB-dxAC_equip-spltAC-SEER-BA-rDXGF-NoLRM-40%UC-AOE/instance-out.sql,CZ09,SFm,weighted,rDXGF,Ex,dxAC_equip,,RB-dxAC_equip-spltAC-SEER-BA-rDXGF-NoLRM-40%UC-AOE,SFm&1&rDXGF&Ex&dxAC_equip,RB-dxAC_equip-spltAC-SEER-BA-rDXGF-NoLRM-40%UC-AOE,49.7129,97.1301,46546.4826,91595.9099,12.03806559,3.22275878,1.66144792,0.42133988,0.11837507,3.216888,0.0,0.32691544,0.0,0.0,0.0,0.0,3.07033705,0.0,0.0,0.0,1.66144792,3.22275878,0.0,2.57978903,0.63709898,0.0,0.0,359.22,0.00398912,3866.6,0.00398912
runs/CZ01/SFm&1&rDXGF&Ex&dxAC_equip/RB-dxAC_equip-spltAC-SEER-BA-rDXGF-NoLRM-7.5%UC-AOE/instance-out.sql,CZ01,SFm,weighted,rDXGF,Ex,dxAC_equip,,RB-dxAC_equip-spltAC-SEER-BA-rDXGF-NoLRM-7.5%UC-AOE,SFm&1&rDXGF&Ex&dxAC_equip,RB-dxAC_equip-spltAC-SEER-BA-rDXGF-NoLRM-7.5%UC-AOE,38.8148,69.4536,38688.9748,69581.9428,8.99211049,2.41869343,0.03007196,0.3862195,0.1063812,3.11279695,0.0,0.06302008,0.0,0.0,0.0,0.0,2.87492626,0.0,0.0,0.0,0.03007196,2.41869343,0.0,2.49871461,0.61408234,0.0,0.0,399.72,0.00063358,4302.5,0.00063358
runs/CZ02/SFm&1&rDXGF&Ex&dxAC_equip/RB-dxAC_equip-spltAC-SEER-BA-rDXGF-NoLRM-7.5%UC-AOE/instance-out.sql,CZ02,SFm,weighted,rDXGF,Ex,dxAC_equip,,RB-dxAC_equip-spltAC-SEER-BA-rDXGF-NoLRM-7.5%UC-AOE,SFm&1&rDXGF&Ex&dxAC_equip,RB-dxAC_equip-spltAC-SEER-BA-rDXGF-NoLRM-7.5%UC-AOE,50.3228,86.322,50960.2144,87726.9612,11.84419949,4.7787228,0.41195152,0.3862195,0.1063812,3.11279695,0.0,0.22152074,0.0,0.0,0.0,0.0,2.82660566,0.0,0.0,0.0,0.41195152,4.7787228,0.0,2.49871461,0.61408234,0.0,0.0,399.72,0.00123815,4302.5,0.00123815
runs/CZ03/SFm&1&rDXGF&Ex&dxAC_equip/RB-dxAC_equip-spltAC-SEER-BA-rDXGF-NoLRM-7.5%UC-AOE/instance-out.sql,CZ03,SFm,weighted,rDXGF,Ex,dxAC_equip,,RB-dxAC_equip-spltAC-SEER-BA-rDXGF-NoLRM-7.5%UC-AOE,SFm&1&rDXGF&Ex&dxAC_equip,RB-dxAC_equip-spltAC-SEER-BA-rDXGF-NoLRM-7.5%UC-AOE,45.6216,80.4596,45995.3456,81521.2932,10.6902621,3.71957822,0.40511464,0.3862195,0.1063812,3.11279695,0.0,0.13644349,0.0,0.0,0.0,0.0,2.823727,0.0,0.0,0.0,0.40511464,3.71957822,0.0,2.49871461,0.61408234,0.0,0.0,399.72,0.00139395,4302.5,0.00139395
runs/CZ04/SFm&1&rDXGF&Ex&dxAC_equip/RB-dxAC_equip-spltAC-SEER-BA-rDXGF-NoLRM-7.5%UC-AOE/instance-out.sql,CZ04,SFm,weighted,rDXGF,Ex,dxAC_equip,,RB-dxAC_equip-spltAC-SEER-BA-rDXGF-NoLRM-7.5%UC-AOE,SFm&1&rDXGF&Ex&dxAC_equip,RB-dxAC_equip-spltAC-SEER-BA-rDXGF-NoLRM-7.5%UC-AOE,53.1692,95.9824,53957.3784,97928.36,12.54080069,4.72561053,1.03525147,0.3862195,0.1063812,3.11279695,0.0,0.37397447,0.0,0.0,0.0,0.0,2.80056555,0.0,0.0,0.0,1.03525147,4.72561053,0.0,2.49871461,0.61408234,0.0,0.0,399.72,0.00199405,4302.5,0.00199405
runs/CZ05/SFm&1&rDXGF&Ex&dxAC_equip/RB-dxAC_equip-spltAC-SEER-BA-rDXGF-NoLRM-7.5%UC-AOE/instance-out.sql,CZ05,SFm,weighted,rDXGF,Ex,dxAC_equip,,RB-dxAC_equip-spltAC-SEER-BA-rDXGF-NoLRM-7.5%UC-AOE,SFm&1&rDXGF&Ex&dxAC_equip,RB-dxAC_equip-spltAC-SEER-BA-rDXGF-NoLRM-7.5%UC-AOE,45.8064,80.3596,46321.9876,81585.192,10.76617929,3.82729081,0.35147719,0.3862195,0.1063812,3.11279695,0.0,0.15770178,0.0,0.0,0.0,0.0,2.82431186,0.0,0.0,0.0,0.35147719,3.82729081,0.0,2.49871461,0.61408234,0.0,0.0,399.72,0.00118939,4302.5,0.00118939
runs/CZ06/SFm&1&rDXGF&Ex&dxAC_equip/RB-dxAC_equip-spltAC-SEER-BA-rDXGF-NoLRM-7.5%UC-AOE/instance-out.sql,CZ06,SFm,weighted,rDXGF,Ex,dxAC_equip,,RB-dxAC_equip-spltAC-SEER-BA-rDXGF-NoLRM-7.5%UC-AOE,SFm&1&rDXGF&Ex&dxAC_equip,RB-dxAC_equip-spltAC-SEER-BA-rDXGF-NoLRM-7.5%UC-AOE,38.4515,73.332,40060.588,76881.105,8.89053082,2.06985475,0.49996229,0.37215558,0.10157826,3.07111378,0.0,0.12446627,0.0,0.0,0.0,0.0,2.65139989,0.0,0.0,0.0,0.49996229,2.06985475,0.0,2.46624843,0.60486535,0.0,0.0,418.62,0.00118706,4506.0,0.00118706
runs/CZ07/SFm&1&rDXGF&Ex&dxAC_equip/RB-dxAC_equip-spltAC-SEER-BA-rDXGF-NoLRM-7.5%UC-AOE/instance-out.sql,CZ07,SFm,weighted,rDXGF,Ex,dxAC_equip,,RB-dxAC_equip-spltAC-SEER-BA-rDXGF-NoLRM-7.5%UC-AOE,SFm&1&rDXGF&Ex&dxAC_equip,RB-dxAC_equip-spltAC-SEER-BA-rDXGF-NoLRM-7.5%UC-AOE,36.6405,69.948,38036.6175,73053.313,8.44135688,1.80039628,0.35376692,0.37215558,0.10157826,3.07111378,0.0,0.09659067,0.0,0.0,0.0,0.0,2.6457554,0.0,0.0,0.0,0.35376692,1.80039628,0.0,2.46624843,0.60486535,0.0,0.0,418.62,0.00130856,4506.0,0.00130856
runs/CZ08/SFm&1&rDXGF&Ex&dxAC_equip/RB-dxAC_equip-spltAC-SEER-BA-rDXGF-NoLRM-7.5%UC-AOE/instance-out.sql,CZ08,SFm,weighted,rDXGF,Ex,dxAC_equip,,RB-dxAC_equip-spltAC-SEER-BA-rDXGF-NoLRM-7.5%UC-AOE,SFm&1&rDXGF&Ex&dxAC_equip,RB-dxAC_equip-spltAC-SEER-BA-rDXGF-NoLRM-7.5%UC-AOE,40.181,80.574,41927.0045,84820.38,9.30473925,1.87447588,1.01875788,0.37215558,0.10157826,3.07111378,0.0,0.23597988,0.0,0.0,0.0,0.0,2.630678,0.0,0.0,0.0,1.01875788,1.87447588,0.0,2.46624843,0.60486535,0.0,0.0,418.62,0.00235561,4506.0,0.00235561
runs/CZ09/SFm&1&rDXGF&Ex&dxAC_equip/RB-dxAC_equip-spltAC-SEER-BA-rDXGF-NoLRM-7.5%UC-AOE/instance-out.sql,CZ09,SFm,weighted,rDXGF,Ex,dxAC_equip,,RB-dxAC_equip-spltAC-SEER-BA-rDXGF-NoLRM-7.5%UC-AOE,SFm&1&rDXGF&Ex&dxAC_equip,RB-dxAC_equip-spltAC-SEER-BA-rDXGF-NoLRM-7.5%UC-AOE,47.6187,90.5013,44486.6461,85072.397,11.50534119,3.22275878,1.12872353,0.42133988,0.11837507,3.216888,0.0,0.32691544,0.0,0.0,0.0,0.0,3.07033705,0.0,0.0,0.0,1.12872353,3.22275878,0.0,2.57978903,0.63709898,0.0,0.0,359.22,0.00298801,3866.6,0.00298801
runs/CZ01/SFm&1&rDXHP&Ex&dxHP_equip/RB-dxHP_equip-spltHP-SEER-BA-rDXHP-LRM-LSC-AOE/instance-out.sql,CZ01,SFm,weighted,rDXHP,Ex,dxHP_equip,,RB-dxHP_equip-spltHP-SEER-BA-rDXHP-LRM-LSC-AOE,SFm&1&rDXHP&Ex&dxHP_equip,RB-dxHP_equip-spltHP-SEER-BA-rDXHP-LRM-LSC-AOE,32.8252,71.5496,32531.1084,71756.4944,7.5608971,0.95953463,0.02447862,0.3862195,0.1063812,3.11279695,0.0,0.09652359,0.0,0.0,0.0,0.0,2.87496029,0.0,0.0,0.95953463,0.02447862,0.0,0.0,2.49871461,0.61408234,0.0,0.0,399.72,0.00061104,4302.5,0.00061104
runs/CZ02/SFm&1&rDXHP&Ex&dxHP_equip/RB-dxHP_equip-spltHP-SEER-BA-rDXHP-LRM-LSC-AOE/instance-out.sql,CZ02,SFm,weighted,rDXHP,Ex,dxHP_equip,,RB-dxHP_equip-spltHP-SEER-BA-rDXHP-LRM-LSC-AOE,SFm&1&rDXHP&Ex&dxHP_equip,RB-dxHP_equip-spltHP-SEER-BA-rDXHP-LRM-LSC-AOE,37.854,87.9352,37907.6408,89218.138,8.81051235,1.74471297,0.33539648,0.3862195,0.1063812,3.11279695,0.0,0.29848717,0.0,0.0,0.0,0.0,2.82651697,0.0,0.0,1.74471297,0.33539648,0.0,0.0,2.49871461,0.61408234,0.0,0.0,399.72,0.0011209,4302.5,0.0011209
runs/CZ03/SFm&1&rDXHP&Ex&dxHP_equip/RB-dxHP_equip-spltHP-SEER-BA-rDXHP-LRM-LSC-AOE/instance-out.sql,CZ03,SFm,weighted,rDXHP,Ex,dxHP_equip,,RB-dxHP_equip-spltHP-SEER-BA-rDXHP-LRM-LSC-AOE,SFm&1&rDXHP&Ex&dxHP_equip,RB-dxHP_equip-spltHP-SEER-BA-rDXHP-LRM-LSC-AOE,36.4012,83.3676,36411.7308,84505.9916,8.46283337,1.5221878,0.32981745,0.3862195,0.1063812,3.11279695,0.0,0.18174717,0.0,0.0,0.0,0.0,2.8236833,0.0,0.0,1.5221878,0.32981745,0.0,0.0,2.49871461,0.61408234,0.0,0.0,399.72,0.00124647,4302.5,0.00124647
runs/CZ04/SFm&1&rDXHP&Ex&dxHP_equip/RB-dxHP_equip-spltHP-SEER-BA-rDXHP-LRM-LSC-AOE/instance-out.sql,CZ04,SFm,weighted,rDXHP,Ex,dxHP_equip,,RB-dxHP_equip-spltHP-SEER-BA-rDXHP-LRM-LSC-AOE,SFm&1&rDXHP&Ex&dxHP_equip,RB-dxHP_equip-spltHP-SEER-BA-rDXHP-LRM-LSC-AOE,40.4104,96.2748,40641.3168,98108.572,9.44587604,1.735192,0.84281137,0.3862195,0.1063812,3.11279695,0.0,0.46194006,0.0,0.0,0.0,0.0,2.80053143,0.0,0.0,1.735192,0.84281137,0.0,0.0,2.49871461,0.61408234,0.0,0.0,399.72,0.00176139,4302.5,0.00176139
runs/CZ05/SFm&1&rDXHP&Ex&dxHP_equip/RB-dxHP_equip-spltHP-SEER-BA-rDXHP-LRM-LSC-AOE/instance-out.sql,CZ05,SFm,weighted,rDXHP,Ex,dxHP_equip,,RB-dxHP_equip-spltHP-SEER-BA-rDXHP-LRM-LSC-AOE,SFm&1&rDXHP&Ex&dxHP_equip,RB-dxHP_equip-spltHP-SEER-BA-rDXHP-LRM-LSC-AOE,36.0308,82.1716,36029.0596,83288.5656,8.37389274,1.44791773,0.28611979,0.3862195,0.1063812,3.11279695,0.0,0.21015928,0.0,0.0,0.0,0.0,2.82429708,0.0,0.0,1.44791773,0.28611979,0.0,0.0,2.49871461,0.61408234,0.0,0.0,399.72,0.00107837,4302.5,0.00107837
runs/CZ06/SFm&1&rDXHP&Ex&dxHP_equip/RB-dxHP_equip-spltHP-SEER-BA-rDXHP-LRM-LSC-AOE/instance-out.sql,CZ06,SFm,weighted,rDXHP,Ex,dxHP_equip,,RB-dxHP_equip-spltHP-SEER-BA-rDXHP-LRM-LSC-AOE,SFm&1&rDXHP&Ex&dxHP_equip,RB-dxHP_equip-spltHP-SEER-BA-rDXHP-LRM-LSC-AOE,33.0385,74.115,34166.276,77641.2795,7.58242315,0.82811283,0.40702343,0.37215558,0.10157826,3.07111378,0.0,0.15102551,0.0,0.0,0.0,0.0,2.65141254,0.0,0.0,0.82811283,0.40702343,0.0,0.0,2.46624843,0.60486535,0.0,0.0,418.62,0.00107309,4506.0,0.00107309
runs/CZ07/SFm&1&rDXHP&Ex&dxHP_equip/RB-dxHP_equip-spltHP-SEER-BA-rDXHP-LRM-LSC-AOE/instance-out.sql,CZ07,SFm,weighted,rDXHP,Ex,dxHP_equip,,RB-dxHP_equip-spltHP-SEER-BA-rDXHP-LRM-LSC-AOE,SFm&1&rDXHP&Ex&dxHP_equip,RB-dxHP_equip-spltHP-SEER-BA-rDXHP-LRM-LSC-AOE,31.9635,70.7485,32956.554,73863.441,7.31395303,0.71540503,0.28798273,0.37215558,0.10157826,3.07111378,0.0,0.11998723,0.0,0.0,0.0,0.0,2.64572899,0.0,0.0,0.71540503,0.28798273,0.0,0.0,2.46624843,0.60486535,0.0,0.0,418.62,0.0011755,4506.0,0.0011755
runs/CZ08/SFm&1&rDXHP&Ex&dxHP_equip/RB-dxHP_equip-spltHP-SEER-BA-rDXHP-LRM-LSC-AOE/instance-out.sql,CZ08,SFm,weighted,rDXHP,Ex,dxHP_equip,,RB-dxHP_equip-spltHP-SEER-BA-rDXHP-LRM-LSC-AOE,SFm&1&rDXHP&Ex&dxHP_equip,RB-dxHP_equip-spltHP-SEER-BA-rDXHP-LRM-LSC-AOE,34.52,78.9985,35803.628,83020.8825,7.94579474,0.67773579,0.82937925,0.37215558,0.10157826,3.07111378,0.0,0.26310037,0.0,0.0,0.0,0.0,2.63073171,0.0,0.0,0.67773579,0.82937925,0.0,0.0,2.46624843,0.60486535,0.0,0.0,418.62,0.00205549,4506.0,0.00205549
runs/CZ09/SFm&1&rDXHP&Ex&dxHP_equip/RB-dxHP_equip-spltHP-SEER-BA-rDXHP-LRM-LSC-AOE/instance-out.sql,CZ09,SFm,weighted,rDXHP,Ex,dxHP_equip,,RB-dxHP_equip-spltHP-SEER-BA-rDXHP-LRM-LSC-AOE,SFm&1&rDXHP&Ex&dxHP_equip,RB-dxHP_equip-spltHP-SEER-BA-rDXHP-LRM-LSC-AOE,38.5776,88.851,35765.3796,83408.5192,9.2498071,1.12649325,0.91888282,0.42133988,0.11837507,3.216888,0.0,0.37746323,0.0,0.0,0.0,0.0,3.07036315,0.0,0.0,1.12649325,0.91888282,0.0,0.0,2.57978903,0.63709898,0.0,0.0,359.22,0.00259373,3866.6,0.00259373
runs/CZ01/SFm&1&rDXHP&Ex&dxHP_equip/RB-dxHP_equip-spltHP-SEER-BA-rDXHP-LRM-LSC-NC/instance-out.sql,CZ01,SFm,weighted,rDXHP,Ex,dxHP_equip,,RB-dxHP_equip-spltHP-SEER-BA-rDXHP-LRM-LSC-NC,SFm&1&rDXHP&Ex&dxHP_equip,RB-dxHP_equip-spltHP-SEER-BA-rDXHP-LRM-LSC-NC,32.0768,69.19,31757.092,69305.1912,7.38099981,0.78203155,0.02208441,0.3862195,0.1063812,3.11279695,0.0,0.09652359,0.0,0.0,0.0,0.0,2.87496029,0.0,0.0,0.78203155,0.02208441,0.0,0.0,2.49871461,0.61408234,0.0,0.0,399.72,0.00060138,4302.5,0.00060138
runs/CZ02/SFm&1&rDXHP&Ex&dxHP_equip/RB-dxHP_equip-spltHP-SEER-BA-rDXHP-LRM-LSC-NC/instance-out.sql,CZ02,SFm,weighted,rDXHP,Ex,dxHP_equip,,RB-dxHP_equip-spltHP-SEER-BA-rDXHP-LRM-LSC-NC,SFm&1&rDXHP&Ex&dxHP_equip,RB-dxHP_equip-spltHP-SEER-BA-rDXHP-LRM-LSC-NC,36.324,83.096,36313.7556,84170.3144,8.44006193,1.40705198,0.30260715,0.3862195,0.1063812,3.11279695,0.0,0.29848717,0.0,0.0,0.0,0.0,2.82651697,0.0,0.0,1.40705198,0.30260715,0.0,0.0,2.49871461,0.61408234,0.0,0.0,399.72,0.0010707,4302.5,0.0010707
runs/CZ03/SFm&1&rDXHP&Ex&dxHP_equip/RB-dxHP_equip-spltHP-SEER-BA-rDXHP-LRM-LSC-NC/instance-out.sql,CZ03,SFm,weighted,rDXHP,Ex,dxHP_equip,,RB-dxHP_equip-spltHP-SEER-BA-rDXHP-LRM-LSC-NC,SFm&1&rDXHP&Ex&dxHP_equip,RB-dxHP_equip-spltHP-SEER-BA-rDXHP-LRM-LSC-NC,35.0116,78.9696,34956.1164,79896.0572,8.12451872,1.21611731,0.29757208,0.3862195,0.1063812,3.11279695,0.0,0.18174717,0.0,0.0,0.0,0.0,2.8236833,0.0,0.0,1.21611731,0.29757208,0.0,0.0,2.49871461,0.61408234,0.0,0.0,399.72,0.00118331,4302.5,0.00118331
runs/CZ04/SFm&1&rDXHP&Ex&dxHP_equip/RB-dxHP_equip-spltHP-SEER-BA-rDXHP-LRM-LSC-NC/instance-out.sql,CZ04,SFm,weighted,rDXHP,Ex,dxHP_equip,,RB-dxHP_equip-spltHP-SEER-BA-rDXHP-LRM-LSC-NC,SFm&1&rDXHP&Ex&dxHP_equip,RB-dxHP_equip-spltHP-SEER-BA-rDXHP-LRM-LSC-NC,38.6972,90.8612,38850.4316,92436.846,9.02963869,1.40135182,0.76041309,0.3862195,0.1063812,3.11279695,0.0,0.46194006,0.0,0.0,0.0,0.0,2.80053143,0.0,0.0,1.40135182,0.76041309,0.0,0.0,2.49871461,0.61408234,0.0,0.0,399.72,0.00166178,4302.5,0.00166178
runs/CZ05/SFm&1&rDXHP&Ex&dxHP_equip/RB-dxHP_equip-spltHP-SEER-BA-rDXHP-LRM-LSC-NC/instance-out.sql,CZ05,SFm,weighted,rDXHP,Ex,dxHP_equip,,RB-dxHP_equip-spltHP-SEER-BA-rDXHP-LRM-LSC-NC,SFm&1&rDXHP&Ex&dxHP_equip,RB-dxHP_equip-spltHP-SEER-BA-rDXHP-LRM-LSC-NC,34.7256,78.052,34668.4928,78979.66,8.05766909,1.15966785,0.25814724,0.3862195,0.1063812,3.11279695,0.0,0.21015928,0.0,0.0,0.0,0.0,2.82429708,0.0,0.0,1.15966785,0.25814724,0.0,0.0,2.49871461,0.61408234,0.0,0.0,399.72,0.00103084,4302.5,0.00103084
runs/CZ06/SFm&1&rDXHP&Ex&dxHP_equip/RB-dxHP_equip-spltHP-SEER-BA-rDXHP-LRM-LSC-NC/instance-out.sql,CZ06,SFm,weighted,rDXHP,Ex,dxHP_equip,,RB-dxHP_equip-spltHP-SEER-BA-rDXHP-LRM-LSC-NC,SFm&1&rDXHP&Ex&dxHP_equip,RB-dxHP_equip-spltHP-SEER-BA-rDXHP-LRM-LSC-NC,32.175,71.367,33224.386,74658.3215,7.37339221,0.65887376,0.36722935,0.37215558,0.10157826,3.07111378,0.0,0.15102551,0.0,0.0,0.0,0.0,2.65141254,0.0,0.0,0.65887376,0.36722935,0.0,0.0,2.46624843,0.60486535,0.0,0.0,418.62,0.00102429,4506.0,0.00102429
runs/CZ07/SFm&1&rDXHP&Ex&dxHP_equip/RB-dxHP_equip-spltHP-SEER-BA-rDXHP-LRM-LSC-NC/instance-out.sql,CZ07,SFm,weighted,rDXHP,Ex,dxHP_equip,,RB-dxHP_equip-spltHP-SEER-BA-rDXHP-LRM-LSC-NC,SFm&1&rDXHP&Ex&dxHP_equip,RB-dxHP_equip-spltHP-SEER-BA-rDXHP-LRM-LSC-NC,31.232,68.444,32170.721,71374.7235,7.13955538,0.56916294,0.25982839,0.37215558,0.10157826,3.07111378,0.0,0.11998723,0.0,0.0,0.0,0.0,2.64572899,0.0,0.0,0.56916294,0.25982839,0.0,0.0,2.46624843,0.60486535,0.0,0.0,418.62,0.00111852,4506.0,0.00111852
runs/CZ08/SFm&1&rDXHP&Ex&dxHP_equip/RB-dxHP_equip-spltHP-SEER-BA-rDXHP-LRM-LSC-NC/instance-out.sql,CZ08,SFm,weighted,rDXHP,Ex,dxHP_equip,,RB-dxHP_equip-spltHP-SEER-BA-rDXHP-LRM-LSC-NC,SFm&1&rDXHP&Ex&dxHP_equip,RB-dxHP_equip-spltHP-SEER-BA-rDXHP-LRM-LSC-NC,33.621,76.143,34824.048,79918.556,7.72840059,0.54142449,0.74829519,0.37215558,0.10157826,3.07111378,0.0,0.26310037,0.0,0.0,0.0,0.0,2.63073171,0.0,0.0,0.54142449,0.74829519,0.0,0.0,2.46624843,0.60486535,0.0,0.0,418.62,0.00192698,4506.0,0.00192698
runs/CZ09/SFm&1&rDXHP&Ex&dxHP_equip/RB-dxHP_equip-spltHP-SEER-BA-rDXHP-LRM-LSC-NC/instance-out.sql,CZ09,SFm,weighted,rDXHP,Ex,dxHP_equip,,RB-dxHP_equip-spltHP-SEER-BA-rDXHP-LRM-LSC-NC,SFm&1&rDXHP&Ex&dxHP_equip,RB-dxHP_equip-spltHP-SEER-BA-rDXHP-LRM-LSC-NC,37.3119,84.8406,34539.1173,79524.9419,8.9326655,0.89918651,0.82904708,0.42133988,0.11837507,3.216888,0.0,0.37746323,0.0,0.0,0.0,0.0,3.07036315,0.0,0.0,0.89918651,0.82904708,0.0,0.0,2.57978903,0.63709898,0.0,0.0,359.22,0.0024249,3866.6,0.0024249
runs/CZ01/SFm&1&rDXHP&Ex&dxHP_equip/RB-dxHP_equip-spltHP-SEER-BA-rDXHP-LRM-LSC-NR/instance-out.sql,CZ01,SFm,weighted,rDXHP,Ex,dxHP_equip,,RB-dxHP_equip-spltHP-SEER-BA-rDXHP-LRM-LSC-NR,SFm&1&rDXHP&Ex&dxHP_equip,RB-dxHP_equip-spltHP-SEER-BA-rDXHP-LRM-LSC-NR,32.0768,69.19,31757.092,69305.1912,7.38099981,0.78203155,0.02208441,0.3862195,0.1063812,3.11279695,0.0,0.09652359,0.0,0.0,0.0,0.0,2.87496029,0.0,0.0,0.78203155,0.02208441,0.0,0.0,2.49871461,0.61408234,0.0,0.0,399.72,0.00060138,4302.5,0.00060138
runs/CZ02/SFm&1&rDXHP&Ex&dxHP_equip/RB-dxHP_equip-spltHP-SEER-BA-rDXHP-LRM-LSC-NR/instance-out.sql,CZ02,SFm,weighted,rDXHP,Ex,dxHP_equip,,RB-dxHP_equip-spltHP-SEER-BA-rDXHP-LRM-LSC-NR,SFm&1&rDXHP&Ex&dxHP_equip,RB-dxHP_equip-spltHP-SEER-BA-rDXHP-LRM-LSC-NR,36.324,83.096,36313.7556,84170.3144,8.44006193,1.40705198,0.30260715,0.3862195,0.1063812,3.11279695,0.0,0.29848717,0.0,0.0,0.0,0.0,2.82651697,0.0,0.0,1.40705198,0.30260715,0.0,0.0,2.49871461,0.61408234,0.0,0.0,399.72,0.0010707,4302.5,0.0010707
runs/CZ03/SFm&1&rDXHP&Ex&dxHP_equip/RB-dxHP_equip-spltHP-SEER-BA-rDXHP-LRM-LSC-NR/instance-out.sql,CZ03,SFm,weighted,rDXHP,Ex,dxHP_equip,,RB-dxHP_equip-spltHP-SEER-BA-rDXHP-LRM-LSC-NR,SFm&1&rDXHP&Ex&dxHP_equip,RB-dxHP_equip-spltHP-SEER-BA-rDXHP-LRM-LSC-NR,35.0116,78.9696,34956.1164,79896.0572,8.12451872,1.21611731,0.29757208,0.3862195,0.1063812,3.11279695,0.0,0.18174717,0.0,0.0,0.0,0.0,2.8236833,0.0,0.0,1.21611731,0.29757208,0.0,0.0,2.49871461,0.61408234,0.0,0.0,399.72,0.00118331,4302.5,0.00118331
runs/CZ04/SFm&1&rDXHP&Ex&dxHP_equip/RB-dxHP_equip-spltHP-SEER-BA-rDXHP-LRM-LSC-NR/instance-out.sql,CZ04,SFm,weighted,rDXHP,Ex,dxHP_equip,,RB-dxHP_equip-spltHP-SEER-BA-rDXHP-LRM-LSC-NR,SFm&1&rDXHP&Ex&dxHP_equip,RB-dxHP_equip-spltHP-SEER-BA-rDXHP-LRM-LSC-NR,38.6972,90.8612,38850.4316,92436.846,9.02963869,1.40135182,0.76041309,0.3862195,0.1063812,3.11279695,0.0,0.46194006,0.0,0.0,0.0,0.0,2.80053143,0.0,0.0,1.40135182,0.76041309,0.0,0.0,2.49871461,0.61408234,0.0,0.0,399.72,0.00166178,4302.5,0.00166178
runs/CZ05/SFm&1&rDXHP&Ex&dxHP_equip/RB-dxHP_equip-spltHP-SEER-BA-rDXHP-LRM-LSC-NR/instance-out.sql,CZ05,SFm,weighted,rDXHP,Ex,dxHP_equip,,RB-dxHP_equip-spltHP-SEER-BA-rDXHP-LRM-LSC-NR,SFm&1&rDXHP&Ex&dxHP_equip,RB-dxHP_equip-spltHP-SEER-BA-rDXHP-LRM-LSC-NR,34.7256,78.052,34668.4928,78979.66,8.05766909,1.15966785,0.25814724,0.3862195,0.1063812,3.11279695,0.0,0.21015928,0.0,0.0,0.0,0.0,2.82429708,0.0,0.0,1.15966785,0.25814724,0.0,0.0,2.49871461,0.61408234,0.0,0.0,399.72,0.00103084,4302.5,0.00103084
runs/CZ06/SFm&1&rDXHP&Ex&dxHP_equip/RB-dxHP_equip-spltHP-SEER-BA-rDXHP-LRM-LSC-NR/instance-out.sql,CZ06,SFm,weighted,rDXHP,Ex,dxHP_equip,,RB-dxHP_equip-spltHP-SEER-BA-rDXHP-LRM-LSC-NR,SFm&1&rDXHP&Ex&dxHP_equip,RB-dxHP_equip-spltHP-SEER-BA-rDXHP-LRM-LSC-NR,32.175,71.367,33224.386,74658.3215,7.37339221,0.65887376,0.36722935,0.37215558,0.10157826,3.07111378,0.0,0.15102551,0.0,0.0,0.0,0.0,2.65141254,0.0,0.0,0.65887376,0.36722935,0.0,0.0,2.46624843,0.60486535,0.0,0.0,418.62,0.00102429,4506.0,0.00102429
runs/CZ07/SFm&1&rDXHP&Ex&dxHP_equip/RB-dxHP_equip-spltHP-SEER-BA-rDXHP-LRM-LSC-NR/instance-out.sql,CZ07,SFm,weighted,rDXHP,Ex,dxHP_equip,,RB-dxHP_equip-spltHP-SEER-BA-rDXHP-LRM-LSC-NR,SFm&1&rDXHP&Ex&dxHP_equip,RB-dxHP_equip-spltHP-SEER-BA-rDXHP-LRM-LSC-NR,31.232,68.444,32170.721,71374.7235,7.13955538,0.56916294,0.25982839,0.37215558,0.10157826,3.07111378,0.0,0.11998723,0.0,0.0,0.0,0.0,2.64572899,0.0,0.0,0.56916294,0.25982839,0.0,0.0,2.46624843,0.60486535,0.0,0.0,418.62,0.00111852,4506.0,0.00111852
runs/CZ08/SFm&1&rDXHP&Ex&dxHP_equip/RB-dxHP_equip-spltHP-SEER-BA-rDXHP-LRM-LSC-NR/instance-out.sql,CZ08,SFm,weighted,rDXHP,Ex,dxHP_equip,,RB-dxHP_equip-spltHP-SEER-BA-rDXHP-LRM-LSC-NR,SFm&1&rDXHP&Ex&dxHP_equip,RB-dxHP_equip-spltHP-SEER-BA-rDXHP-LRM-LSC-NR,33.621,76.143,34824.048,79918.556,7.72840059,0.54142449,0.74829519,0.37215558,0.10157826,3.07111378,0.0,0.26310037,0.0,0.0,0.0,0.0,2.63073171,0.0,0.0,0.54142449,0.74829519,0.0,0.0,2.46624843,0.60486535,0.0,0.0,418.62,0.00192698,4506.0,0.00192698
runs/CZ09/SFm&1&rDXHP&Ex&dxHP_equip/RB-dxHP_equip-spltHP-SEER-BA-rDXHP-LRM-LSC-NR/instance-out.sql,CZ09,SFm,weighted,rDXHP,Ex,dxHP_equip,,RB-dxHP_equip-spltHP-SEER-BA-rDXHP-LRM-LSC-NR,SFm&1&rDXHP&Ex&dxHP_equip,RB-dxHP_equip-spltHP-SEER-BA-rDXHP-LRM-LSC-NR,37.3119,84.8406,34539.1173,79524.9419,8.9326655,0.89918651,0.82904708,0.42133988,0.11837507,3.216888,0.0,0.37746323,0.0,0.0,0.0,0.0,3.07036315,0.0,0.0,0.89918651,0.82904708,0.0,0.0,2.57978903,0.63709898,0.0,0.0,359.22,0.0024249,3866.6,0.0024249
runs/CZ01/SFm&1&rDXHP&Ex&dxHP_equip/RB-dxHP_equip-spltHP-SEER-BA-rDXHP-NoLRM-0%UC-AOE/instance-out.sql,CZ01,SFm,weighted,rDXHP,Ex,dxHP_equip,,RB-dxHP_equip-spltHP-SEER-BA-rDXHP-NoLRM-0%UC-AOE,SFm&1&rDXHP&Ex&dxHP_equip,RB-dxHP_equip-spltHP-SEER-BA-rDXHP-NoLRM-0%UC-AOE,32.9748,72.0232,32687.464,72251.6804,7.59723735,0.99356053,0.02679186,0.3862195,0.1063812,3.11279695,0.0,0.09652359,0.0,0.0,0.0,0.0,2.87496029,0.0,0.0,0.99356053,0.02679186,0.0,0.0,2.49871461,0.61408234,0.0,0.0,399.72,0.00062038,4302.5,0.00062038
runs/CZ02/SFm&1&rDXHP&Ex&dxHP_equip/RB-dxHP_equip-spltHP-SEER-BA-rDXHP-NoLRM-0%UC-AOE/instance-out.sql,CZ02,SFm,weighted,rDXHP,Ex,dxHP_equip,,RB-dxHP_equip-spltHP-SEER-BA-rDXHP-NoLRM-0%UC-AOE,SFm&1&rDXHP&Ex&dxHP_equip,RB-dxHP_equip-spltHP-SEER-BA-rDXHP-NoLRM-0%UC-AOE,38.2468,89.1684,38322.5584,90532.198,8.90694892,1.80944041,0.36710561,0.3862195,0.1063812,3.11279695,0.0,0.29848717,0.0,0.0,0.0,0.0,2.82651697,0.0,0.0,1.80944041,0.36710561,0.0,0.0,2.49871461,0.61408234,0.0,0.0,399.72,0.00116945,4302.5,0.00116945
runs/CZ03/SFm&1&rDXHP&Ex&dxHP_equip/RB-dxHP_equip-spltHP-SEER-BA-rDXHP-NoLRM-0%UC-AOE/instance-out.sql,CZ03,SFm,weighted,rDXHP,Ex,dxHP_equip,,RB-dxHP_equip-spltHP-SEER-BA-rDXHP-NoLRM-0%UC-AOE,SFm&1&rDXHP&Ex&dxHP_equip,RB-dxHP_equip-spltHP-SEER-BA-rDXHP-NoLRM-0%UC-AOE,36.7688,84.5204,36798.3292,85730.3476,8.55268678,1.58086069,0.36099797,0.3862195,0.1063812,3.11279695,0.0,0.18174717,0.0,0.0,0.0,0.0,2.8236833,0.0,0.0,1.58086069,0.36099797,0.0,0.0,2.49871461,0.61408234,0.0,0.0,399.72,0.00130754,4302.5,0.00130754
runs/CZ04/SFm&1&rDXHP&Ex&dxHP_equip/RB-dxHP_equip-spltHP-SEER-BA-rDXHP-NoLRM-0%UC-AOE/instance-out.sql,CZ04,SFm,weighted,rDXHP,Ex,dxHP_equip,,RB-dxHP_equip-spltHP-SEER-BA-rDXHP-NoLRM-0%UC-AOE,SFm&1&rDXHP&Ex&dxHP_equip,RB-dxHP_equip-spltHP-SEER-BA-rDXHP-NoLRM-0%UC-AOE,40.992,98.1192,41259.4904,100066.326,9.58955218,1.7991876,0.92249201,0.3862195,0.1063812,3.11279695,0.0,0.46194006,0.0,0.0,0.0,0.0,2.80053143,0.0,0.0,1.7991876,0.92249201,0.0,0.0,2.49871461,0.61408234,0.0,0.0,399.72,0.00185773,4302.5,0.00185773
runs/CZ05/SFm&1&rDXHP&Ex&dxHP_equip/RB-dxHP_equip-spltHP-SEER-BA-rDXHP-NoLRM-0%UC-AOE/instance-out.sql,CZ05,SFm,weighted,rDXHP,Ex,dxHP_equip,,RB-dxHP_equip-spltHP-SEER-BA-rDXHP-NoLRM-0%UC-AOE,SFm&1&rDXHP&Ex&dxHP_equip,RB-dxHP_equip-spltHP-SEER-BA-rDXHP-NoLRM-0%UC-AOE,36.3588,83.2248,36383.1816,84410.0736,8.45619796,1.50317329,0.31316833,0.3862195,0.1063812,3.11279695,0.0,0.21015928,0.0,0.0,0.0,0.0,2.82429708,0.0,0.0,1.50317329,0.31316833,0.0,0.0,2.49871461,0.61408234,0.0,0.0,399.72,0.00112434,4302.5,0.00112434
runs/CZ06/SFm&1&rDXHP&Ex&dxHP_equip/RB-dxHP_equip-spltHP-SEER-BA-rDXHP-NoLRM-0%UC-AOE/instance-out.sql,CZ06,SFm,weighted,rDXHP,Ex,dxHP_equip,,RB-dxHP_equip-spltHP-SEER-BA-rDXHP-NoLRM-0%UC-AOE,SFm&1&rDXHP&Ex&dxHP_equip,RB-dxHP_equip-spltHP-SEER-BA-rDXHP-NoLRM-0%UC-AOE,33.328,75.039,34485.8545,78653.3805,7.65334628,0.86055413,0.44550426,0.37215558,0.10157826,3.07111378,0.0,0.15102551,0.0,0.0,0.0,0.0,2.65141254,0.0,0.0,0.86055413,0.44550426,0.0,0.0,2.46624843,0.60486535,0.0,0.0,418.62,0.00112028,4506.0,0.00112028
runs/CZ07/SFm&1&rDXHP&Ex&dxHP_equip/RB-dxHP_equip-spltHP-SEER-BA-rDXHP-NoLRM-0%UC-AOE/instance-out.sql,CZ07,SFm,weighted,rDXHP,Ex,dxHP_equip,,RB-dxHP_equip-spltHP-SEER-BA-rDXHP-NoLRM-0%UC-AOE,SFm&1&rDXHP&Ex&dxHP_equip,RB-dxHP_equip-spltHP-SEER-BA-rDXHP-NoLRM-0%UC-AOE,32.191,71.472,33205.5555,74652.032,7.36921322,0.74343953,0.31520963,0.37215558,0.10157826,3.07111378,0.0,0.11998723,0.0,0.0,0.0,0.0,2.64572899,0.0,0.0,0.74343953,0.31520963,0.0,0.0,2.46624843,0.60486535,0.0,0.0,418.62,0.00123059,4506.0,0.00123059
runs/CZ08/SFm&1&rDXHP&Ex&dxHP_equip/RB-dxHP_equip-spltHP-SEER-BA-rDXHP-NoLRM-0%UC-AOE/instance-out.sql,CZ08,SFm,weighted,rDXHP,Ex,dxHP_equip,,RB-dxHP_equip-spltHP-SEER-BA-rDXHP-NoLRM-0%UC-AOE,SFm&1&rDXHP&Ex&dxHP_equip,RB-dxHP_equip-spltHP-SEER-BA-rDXHP-NoLRM-0%UC-AOE,34.9515,80.3595,36274.684,84512.7275,8.05033606,0.70386504,0.9077901,0.37215558,0.10157826,3.07111378,0.0,0.26310037,0.0,0.0,0.0,0.0,2.63073171,0.0,0.0,0.70386504,0.9077901,0.0,0.0,2.46624843,0.60486535,0.0,0.0,418.62,0.00217976,4506.0,0.00217976
runs/CZ09/SFm&1&rDXHP&Ex&dxHP_equip/RB-dxHP_equip-spltHP-SEER-BA-rDXHP-NoLRM-0%UC-AOE/instance-out.sql,CZ09,SFm,weighted,rDXHP,Ex,dxHP_equip,,RB-dxHP_equip-spltHP-SEER-BA-rDXHP-NoLRM-0%UC-AOE,SFm&1&rDXHP&Ex&dxHP_equip,RB-dxHP_equip-spltHP-SEER-BA-rDXHP-NoLRM-0%UC-AOE,39.0938,90.4861,36269.7676,85005.9047,9.38025339,1.17006697,1.00575539,0.42133988,0.11837507,3.216888,0.0,0.37746323,0.0,0.0,0.0,0.0,3.07036315,0.0,0.0,1.17006697,1.00575539,0.0,0.0,2.57978903,0.63709898,0.0,0.0,359.22,0.00275698,3866.6,0.00275698
runs/CZ01/SFm&1&rDXHP&Ex&dxHP_equip/RB-dxHP_equip-spltHP-SEER-BA-rDXHP-NoLRM-0%UC-NC/instance-out.sql,CZ01,SFm,weighted,rDXHP,Ex,dxHP_equip,,RB-dxHP_equip-spltHP-SEER-BA-rDXHP-NoLRM-0%UC-NC,SFm&1&rDXHP&Ex&dxHP_equip,RB-dxHP_equip-spltHP-SEER-BA-rDXHP-NoLRM-0%UC-NC,32.2016,69.5688,31882.3996,69702.0388,7.41012387,0.8090681,0.02417192,0.3862195,0.1063812,3.11279695,0.0,0.09652359,0.0,0.0,0.0,0.0,2.87496029,0.0,0.0,0.8090681,0.02417192,0.0,0.0,2.49871461,0.61408234,0.0,0.0,399.72,0.00060981,4302.5,0.00060981
runs/CZ02/SFm&1&rDXHP&Ex&dxHP_equip/RB-dxHP_equip-spltHP-SEER-BA-rDXHP-NoLRM-0%UC-NC/instance-out.sql,CZ02,SFm,weighted,rDXHP,Ex,dxHP_equip,,RB-dxHP_equip-spltHP-SEER-BA-rDXHP-NoLRM-0%UC-NC,SFm&1&rDXHP&Ex&dxHP_equip,RB-dxHP_equip-spltHP-SEER-BA-rDXHP-NoLRM-0%UC-NC,36.652,84.12,36658.1296,85260.9452,8.52010151,1.4584832,0.33121542,0.3862195,0.1063812,3.11279695,0.0,0.29848717,0.0,0.0,0.0,0.0,2.82651697,0.0,0.0,1.4584832,0.33121542,0.0,0.0,2.49871461,0.61408234,0.0,0.0,399.72,0.0011145,4302.5,0.0011145
runs/CZ03/SFm&1&rDXHP&Ex&dxHP_equip/RB-dxHP_equip-spltHP-SEER-BA-rDXHP-NoLRM-0%UC-NC/instance-out.sql,CZ03,SFm,weighted,rDXHP,Ex,dxHP_equip,,RB-dxHP_equip-spltHP-SEER-BA-rDXHP-NoLRM-0%UC-NC,SFm&1&rDXHP&Ex&dxHP_equip,RB-dxHP_equip-spltHP-SEER-BA-rDXHP-NoLRM-0%UC-NC,35.3144,79.9284,35277.736,80914.6328,8.19927083,1.26273668,0.3257037,0.3862195,0.1063812,3.11279695,0.0,0.18174717,0.0,0.0,0.0,0.0,2.8236833,0.0,0.0,1.26273668,0.3257037,0.0,0.0,2.49871461,0.61408234,0.0,0.0,399.72,0.00123841,4302.5,0.00123841
runs/CZ04/SFm&1&rDXHP&Ex&dxHP_equip/RB-dxHP_equip-spltHP-SEER-BA-rDXHP-NoLRM-0%UC-NC/instance-out.sql,CZ04,SFm,weighted,rDXHP,Ex,dxHP_equip,,RB-dxHP_equip-spltHP-SEER-BA-rDXHP-NoLRM-0%UC-NC,SFm&1&rDXHP&Ex&dxHP_equip,RB-dxHP_equip-spltHP-SEER-BA-rDXHP-NoLRM-0%UC-NC,39.1992,92.4368,39378.5244,94109.3156,9.15237708,1.45220068,0.83230494,0.3862195,0.1063812,3.11279695,0.0,0.46194006,0.0,0.0,0.0,0.0,2.80053143,0.0,0.0,1.45220068,0.83230494,0.0,0.0,2.49871461,0.61408234,0.0,0.0,399.72,0.00174869,4302.5,0.00174869
runs/CZ05/SFm&1&rDXHP&Ex&dxHP_equip/RB-dxHP_equip-spltHP-SEER-BA-rDXHP-NoLRM-0%UC-NC/instance-out.sql,CZ05,SFm,weighted,rDXHP,Ex,dxHP_equip,,RB-dxHP_equip-spltHP-SEER-BA-rDXHP-NoLRM-0%UC-NC,SFm&1&rDXHP&Ex&dxHP_equip,RB-dxHP_equip-spltHP-SEER-BA-rDXHP-NoLRM-0%UC-NC,35.004,78.9312,34962.4056,79910.4692,8.12598046,1.20357199,0.28255102,0.3862195,0.1063812,3.11279695,0.0,0.21015928,0.0,0.0,0.0,0.0,2.82429708,0.0,0.0,1.20357199,0.28255102,0.0,0.0,2.49871461,0.61408234,0.0,0.0,399.72,0.00107231,4302.5,0.00107231
runs/CZ06/SFm&1&rDXHP&Ex&dxHP_equip/RB-dxHP_equip-spltHP-SEER-BA-rDXHP-NoLRM-0%UC-NC/instance-out.sql,CZ06,SFm,weighted,rDXHP,Ex,dxHP_equip,,RB-dxHP_equip-spltHP-SEER-BA-rDXHP-NoLRM-0%UC-NC,SFm&1&rDXHP&Ex&dxHP_equip,RB-dxHP_equip-spltHP-SEER-BA-rDXHP-NoLRM-0%UC-NC,32.4235,72.149,33496.984,75521.6245,7.4338891,0.68465093,0.40194907,0.37215558,0.10157826,3.07111378,0.0,0.15102551,0.0,0.0,0.0,0.0,2.65141254,0.0,0.0,0.68465093,0.40194907,0.0,0.0,2.46624843,0.60486535,0.0,0.0,418.62,0.00106687,4506.0,0.00106687
runs/CZ07/SFm&1&rDXHP&Ex&dxHP_equip/RB-dxHP_equip-spltHP-SEER-BA-rDXHP-NoLRM-0%UC-NC/instance-out.sql,CZ07,SFm,weighted,rDXHP,Ex,dxHP_equip,,RB-dxHP_equip-spltHP-SEER-BA-rDXHP-NoLRM-0%UC-NC,SFm&1&rDXHP&Ex&dxHP_equip,RB-dxHP_equip-spltHP-SEER-BA-rDXHP-NoLRM-0%UC-NC,31.4295,69.061,32381.78,72043.144,7.18639509,0.59143843,0.28439261,0.37215558,0.10157826,3.07111378,0.0,0.11998723,0.0,0.0,0.0,0.0,2.64572899,0.0,0.0,0.59143843,0.28439261,0.0,0.0,2.46624843,0.60486535,0.0,0.0,418.62,0.00116823,4506.0,0.00116823
runs/CZ08/SFm&1&rDXHP&Ex&dxHP_equip/RB-dxHP_equip-spltHP-SEER-BA-rDXHP-NoLRM-0%UC-NC/instance-out.sql,CZ08,SFm,weighted,rDXHP,Ex,dxHP_equip,,RB-dxHP_equip-spltHP-SEER-BA-rDXHP-NoLRM-0%UC-NC,SFm&1&rDXHP&Ex&dxHP_equip,RB-dxHP_equip-spltHP-SEER-BA-rDXHP-NoLRM-0%UC-NC,33.9915,77.3365,35236.3725,81224.404,7.81990658,0.56218633,0.81903934,0.37215558,0.10157826,3.07111378,0.0,0.26310037,0.0,0.0,0.0,0.0,2.63073171,0.0,0.0,0.56218633,0.81903934,0.0,0.0,2.46624843,0.60486535,0.0,0.0,418.62,0.0020391,4506.0,0.0020391
runs/CZ09/SFm&1&rDXHP&Ex&dxHP_equip/RB-dxHP_equip-spltHP-SEER-BA-rDXHP-NoLRM-0%UC-NC/instance-out.sql,CZ09,SFm,weighted,rDXHP,Ex,dxHP_equip,,RB-dxHP_equip-spltHP-SEER-BA-rDXHP-NoLRM-0%UC-NC,SFm&1&rDXHP&Ex&dxHP_equip,RB-dxHP_equip-spltHP-SEER-BA-rDXHP-NoLRM-0%UC-NC,37.7581,86.2592,34976.0468,80908.7133,9.04566622,0.93380797,0.90742722,0.42133988,0.11837507,3.216888,0.0,0.37746323,0.0,0.0,0.0,0.0,3.07036315,0.0,0.0,0.93380797,0.90742722,0.0,0.0,2.57978903,0.63709898,0.0,0.0,359.22,0.0025722,3866.6,0.0025722
runs/CZ01/SFm&1&rDXHP&Ex&dxHP_equip/RB-dxHP_equip-spltHP-SEER-BA-rDXHP-NoLRM-0%UC-NR/instance-out.sql,CZ01,SFm,weighted,rDXHP,Ex,dxHP_equip,,RB-dxHP_equip-spltHP-SEER-BA-rDXHP-NoLRM-0%UC-NR,SFm&1&rDXHP&Ex&dxHP_equip,RB-dxHP_equip-spltHP-SEER-BA-rDXHP-NoLRM-0%UC-NR,32.2016,69.5688,31882.3996,69702.0388,7.41012387,0.8090681,0.02417192,0.3862195,0.1063812,3.11279695,0.0,0.09652359,0.0,0.0,0.0,0.0,2.87496029,0.0,0.0,0.8090681,0.02417192,0.0,0.0,2.49871461,0.61408234,0.0,0.0,399.72,0.00060981,4302.5,0.00060981
runs/CZ02/SFm&1&rDXHP&Ex&dxHP_equip/RB-dxHP_equip-spltHP-SEER-BA-rDXHP-NoLRM-0%UC-NR/instance-out.sql,CZ02,SFm,weighted,rDXHP,Ex,dxHP_equip,,RB-dxHP_equip-spltHP-SEER-BA-rDXHP-NoLRM-0%UC-NR,SFm&1&rDXHP&Ex&dxHP_equip,RB-dxHP_equip-spltHP-SEER-BA-rDXHP-NoLRM-0%UC-NR,36.652,84.12,36658.1296,85260.9452,8.52010151,1.4584832,0.33121542,0.3862195,0.1063812,3.11279695,0.0,0.29848717,0.0,0.0,0.0,0.0,2.82651697,0.0,0.0,1.4584832,0.33121542,0.0,0.0,2.49871461,0.61408234,0.0,0.0,399.72,0.0011145,4302.5,0.0011145
runs/CZ03/SFm&1&rDXHP&Ex&dxHP_equip/RB-dxHP_equip-spltHP-SEER-BA-rDXHP-NoLRM-0%UC-NR/instance-out.sql,CZ03,SFm,weighted,rDXHP,Ex,dxHP_equip,,RB-dxHP_equip-spltHP-SEER-BA-rDXHP-NoLRM-0%UC-NR,SFm&1&rDXHP&Ex&dxHP_equip,RB-dxHP_equip-spltHP-SEER-BA-rDXHP-NoLRM-0%UC-NR,35.3144,79.9284,35277.736,80914.6328,8.19927083,1.26273668,0.3257037,0.3862195,0.1063812,3.11279695,0.0,0.18174717,0.0,0.0,0.0,0.0,2.8236833,0.0,0.0,1.26273668,0.3257037,0.0,0.0,2.49871461,0.61408234,0.0,0.0,399.72,0.00123841,4302.5,0.00123841
runs/CZ04/SFm&1&rDXHP&Ex&dxHP_equip/RB-dxHP_equip-spltHP-SEER-BA-rDXHP-NoLRM-0%UC-NR/instance-out.sql,CZ04,SFm,weighted,rDXHP,Ex,dxHP_equip,,RB-dxHP_equip-spltHP-SEER-BA-rDXHP-NoLRM-0%UC-NR,SFm&1&rDXHP&Ex&dxHP_equip,RB-dxHP_equip-spltHP-SEER-BA-rDXHP-NoLRM-0%UC-NR,39.1992,92.4368,39378.5244,94109.3156,9.15237708,1.45220068,0.83230494,0.3862195,0.1063812,3.11279695,0.0,0.46194006,0.0,0.0,0.0,0.0,2.80053143,0.0,0.0,1.45220068,0.83230494,0.0,0.0,2.49871461,0.61408234,0.0,0.0,399.72,0.00174869,4302.5,0.00174869
runs/CZ05/SFm&1&rDXHP&Ex&dxHP_equip/RB-dxHP_equip-spltHP-SEER-BA-rDXHP-NoLRM-0%UC-NR/instance-out.sql,CZ05,SFm,weighted,rDXHP,Ex,dxHP_equip,,RB-dxHP_equip-spltHP-SEER-BA-rDXHP-NoLRM-0%UC-NR,SFm&1&rDXHP&Ex&dxHP_equip,RB-dxHP_equip-spltHP-SEER-BA-rDXHP-NoLRM-0%UC-NR,35.004,78.9312,34962.4056,79910.4692,8.12598046,1.20357199,0.28255102,0.3862195,0.1063812,3.11279695,0.0,0.21015928,0.0,0.0,0.0,0.0,2.82429708,0.0,0.0,1.20357199,0.28255102,0.0,0.0,2.49871461,0.61408234,0.0,0.0,399.72,0.00107231,4302.5,0.00107231
runs/CZ06/SFm&1&rDXHP&Ex&dxHP_equip/RB-dxHP_equip-spltHP-SEER-BA-rDXHP-NoLRM-0%UC-NR/instance-out.sql,CZ06,SFm,weighted,rDXHP,Ex,dxHP_equip,,RB-dxHP_equip-spltHP-SEER-BA-rDXHP-NoLRM-0%UC-NR,SFm&1&rDXHP&Ex&dxHP_equip,RB-dxHP_equip-spltHP-SEER-BA-rDXHP-NoLRM-0%UC-NR,32.4235,72.149,33496.984,75521.6245,7.4338891,0.68465093,0.40194907,0.37215558,0.10157826,3.07111378,0.0,0.15102551,0.0,0.0,0.0,0.0,2.65141254,0.0,0.0,0.68465093,0.40194907,0.0,0.0,2.46624843,0.60486535,0.0,0.0,418.62,0.00106687,4506.0,0.00106687
runs/CZ07/SFm&1&rDXHP&Ex&dxHP_equip/RB-dxHP_equip-spltHP-SEER-BA-rDXHP-NoLRM-0%UC-NR/instance-out.sql,CZ07,SFm,weighted,rDXHP,Ex,dxHP_equip,,RB-dxHP_equip-spltHP-SEER-BA-rDXHP-NoLRM-0%UC-NR,SFm&1&rDXHP&Ex&dxHP_equip,RB-dxHP_equip-spltHP-SEER-BA-rDXHP-NoLRM-0%UC-NR,31.4295,69.061,32381.78,72043.144,7.18639509,0.59143843,0.28439261,0.37215558,0.10157826,3.07111378,0.0,0.11998723,0.0,0.0,0.0,0.0,2.64572899,0.0,0.0,0.59143843,0.28439261,0.0,0.0,2.46624843,0.60486535,0.0,0.0,418.62,0.00116823,4506.0,0.00116823
runs/CZ08/SFm&1&rDXHP&Ex&dxHP_equip/RB-dxHP_equip-spltHP-SEER-BA-rDXHP-NoLRM-0%UC-NR/instance-out.sql,CZ08,SFm,weighted,rDXHP,Ex,dxHP_equip,,RB-dxHP_equip-spltHP-SEER-BA-rDXHP-NoLRM-0%UC-NR,SFm&1&rDXHP&Ex&dxHP_equip,RB-dxHP_equip-spltHP-SEER-BA-rDXHP-NoLRM-0%UC-NR,33.9915,77.3365,35236.3725,81224.404,7.81990658,0.56218633,0.81903934,0.37215558,0.10157826,3.07111378,0.0,0.26310037,0.0,0.0,0.0,0.0,2.63073171,0.0,0.0,0.56218633,0.81903934,0.0,0.0,2.46624843,0.60486535,0.0,0.0,418.62,0.0020391,4506.0,0.0020391
runs/CZ09/SFm&1&rDXHP&Ex&dxHP_equip/RB-dxHP_equip-spltHP-SEER-BA-rDXHP-NoLRM-0%UC-NR/instance-out.sql,CZ09,SFm,weighted,rDXHP,Ex,dxHP_equip,,RB-dxHP_equip-spltHP-SEER-BA-rDXHP-NoLRM-0%UC-NR,SFm&1&rDXHP&Ex&dxHP_equip,RB-dxHP_equip-spltHP-SEER-BA-rDXHP-NoLRM-0%UC-NR,37.7581,86.2592,34976.0468,80908.7133,9.04566622,0.93380797,0.90742722,0.42133988,0.11837507,3.216888,0.0,0.37746323,0.0,0.0,0.0,0.0,3.07036315,0.0,0.0,0.93380797,0.90742722,0.0,0.0,2.57978903,0.63709898,0.0,0.0,359.22,0.0025722,3866.6,0.0025722
runs/CZ01/SFm&1&rDXHP&Ex&dxHP_equip/RB-dxHP_equip-spltHP-SEER-BA-rDXHP-NoLRM-15%UC-AOE/instance-out.sql,CZ01,SFm,weighted,rDXHP,Ex,dxHP_equip,,RB-dxHP_equip-spltHP-SEER-BA-rDXHP-NoLRM-15%UC-AOE,SFm&1&rDXHP&Ex&dxHP_equip,RB-dxHP_equip-spltHP-SEER-BA-rDXHP-NoLRM-15%UC-AOE,33.4036,73.3744,33129.9816,73653.1384,7.70008752,1.08986211,0.03334156,0.3862195,0.1063812,3.11279695,0.0,0.09652359,0.0,0.0,0.0,0.0,2.87496029,0.0,0.0,1.08986211,0.03334156,0.0,0.0,2.49871461,0.61408234,0.0,0.0,399.72,0.0006468,4302.5,0.0006468
runs/CZ02/SFm&1&rDXHP&Ex&dxHP_equip/RB-dxHP_equip-spltHP-SEER-BA-rDXHP-NoLRM-15%UC-AOE/instance-out.sql,CZ02,SFm,weighted,rDXHP,Ex,dxHP_equip,,RB-dxHP_equip-spltHP-SEER-BA-rDXHP-NoLRM-15%UC-AOE,SFm&1&rDXHP&Ex&dxHP_equip,RB-dxHP_equip-spltHP-SEER-BA-rDXHP-NoLRM-15%UC-AOE,39.3556,92.6892,39496.868,94251.2372,9.17988256,1.99263213,0.45684754,0.3862195,0.1063812,3.11279695,0.0,0.29848717,0.0,0.0,0.0,0.0,2.82651697,0.0,0.0,1.99263213,0.45684754,0.0,0.0,2.49871461,0.61408234,0.0,0.0,399.72,0.00130685,4302.5,0.00130685
runs/CZ03/SFm&1&rDXHP&Ex&dxHP_equip/RB-dxHP_equip-spltHP-SEER-BA-rDXHP-NoLRM-15%UC-AOE/instance-out.sql,CZ03,SFm,weighted,rDXHP,Ex,dxHP_equip,,RB-dxHP_equip-spltHP-SEER-BA-rDXHP-NoLRM-15%UC-AOE,SFm&1&rDXHP&Ex&dxHP_equip,RB-dxHP_equip-spltHP-SEER-BA-rDXHP-NoLRM-15%UC-AOE,37.7924,87.7804,37892.4756,89195.5004,8.80698885,1.74691232,0.4492472,0.3862195,0.1063812,3.11279695,0.0,0.18174717,0.0,0.0,0.0,0.0,2.8236833,0.0,0.0,1.74691232,0.4492472,0.0,0.0,2.49871461,0.61408234,0.0,0.0,399.72,0.00148037,4302.5,0.00148037
runs/CZ04/SFm&1&rDXHP&Ex&dxHP_equip/RB-dxHP_equip-spltHP-SEER-BA-rDXHP-NoLRM-15%UC-AOE/instance-out.sql,CZ04,SFm,weighted,rDXHP,Ex,dxHP_equip,,RB-dxHP_equip-spltHP-SEER-BA-rDXHP-NoLRM-15%UC-AOE,SFm&1&rDXHP&Ex&dxHP_equip,RB-dxHP_equip-spltHP-SEER-BA-rDXHP-NoLRM-15%UC-AOE,42.6424,103.3436,43009.0284,105607.1268,9.99618192,1.98030566,1.14800248,0.3862195,0.1063812,3.11279695,0.0,0.46194006,0.0,0.0,0.0,0.0,2.80053143,0.0,0.0,1.98030566,1.14800248,0.0,0.0,2.49871461,0.61408234,0.0,0.0,399.72,0.00213037,4302.5,0.00213037
runs/CZ05/SFm&1&rDXHP&Ex&dxHP_equip/RB-dxHP_equip-spltHP-SEER-BA-rDXHP-NoLRM-15%UC-AOE/instance-out.sql,CZ05,SFm,weighted,rDXHP,Ex,dxHP_equip,,RB-dxHP_equip-spltHP-SEER-BA-rDXHP-NoLRM-15%UC-AOE,SFm&1&rDXHP&Ex&dxHP_equip,RB-dxHP_equip-spltHP-SEER-BA-rDXHP-NoLRM-15%UC-AOE,37.3028,86.206,37385.422,87584.1724,8.68913919,1.65955828,0.38972579,0.3862195,0.1063812,3.11279695,0.0,0.21015928,0.0,0.0,0.0,0.0,2.82429708,0.0,0.0,1.65955828,0.38972579,0.0,0.0,2.49871461,0.61408234,0.0,0.0,399.72,0.00125444,4302.5,0.00125444
runs/CZ06/SFm&1&rDXHP&Ex&dxHP_equip/RB-dxHP_equip-spltHP-SEER-BA-rDXHP-NoLRM-15%UC-AOE/instance-out.sql,CZ06,SFm,weighted,rDXHP,Ex,dxHP_equip,,RB-dxHP_equip-spltHP-SEER-BA-rDXHP-NoLRM-15%UC-AOE,SFm&1&rDXHP&Ex&dxHP_equip,RB-dxHP_equip-spltHP-SEER-BA-rDXHP-NoLRM-15%UC-AOE,34.1555,77.648,35390.3125,81517.797,7.85407004,0.95237104,0.55441089,0.37215558,0.10157826,3.07111378,0.0,0.15102551,0.0,0.0,0.0,0.0,2.65141254,0.0,0.0,0.95237104,0.55441089,0.0,0.0,2.46624843,0.60486535,0.0,0.0,418.62,0.00125385,4506.0,0.00125385
runs/CZ07/SFm&1&rDXHP&Ex&dxHP_equip/RB-dxHP_equip-spltHP-SEER-BA-rDXHP-NoLRM-15%UC-AOE/instance-out.sql,CZ07,SFm,weighted,rDXHP,Ex,dxHP_equip,,RB-dxHP_equip-spltHP-SEER-BA-rDXHP-NoLRM-15%UC-AOE,SFm&1&rDXHP&Ex&dxHP_equip,RB-dxHP_equip-spltHP-SEER-BA-rDXHP-NoLRM-15%UC-AOE,32.838,73.525,33910.2705,76883.875,7.5256098,0.8227807,0.39226406,0.37215558,0.10157826,3.07111378,0.0,0.11998723,0.0,0.0,0.0,0.0,2.64572899,0.0,0.0,0.8227807,0.39226406,0.0,0.0,2.46624843,0.60486535,0.0,0.0,418.62,0.00138653,4506.0,0.00138653
runs/CZ08/SFm&1&rDXHP&Ex&dxHP_equip/RB-dxHP_equip-spltHP-SEER-BA-rDXHP-NoLRM-15%UC-AOE/instance-out.sql,CZ08,SFm,weighted,rDXHP,Ex,dxHP_equip,,RB-dxHP_equip-spltHP-SEER-BA-rDXHP-NoLRM-15%UC-AOE,SFm&1&rDXHP&Ex&dxHP_equip,RB-dxHP_equip-spltHP-SEER-BA-rDXHP-NoLRM-15%UC-AOE,36.1605,84.1985,37607.867,88734.919,8.34620552,0.77781782,1.12970679,0.37215558,0.10157826,3.07111378,0.0,0.26310037,0.0,0.0,0.0,0.0,2.63073171,0.0,0.0,0.77781782,1.12970679,0.0,0.0,2.46624843,0.60486535,0.0,0.0,418.62,0.00253147,4506.0,0.00253147
runs/CZ09/SFm&1&rDXHP&Ex&dxHP_equip/RB-dxHP_equip-spltHP-SEER-BA-rDXHP-NoLRM-15%UC-AOE/instance-out.sql,CZ09,SFm,weighted,rDXHP,Ex,dxHP_equip,,RB-dxHP_equip-spltHP-SEER-BA-rDXHP-NoLRM-15%UC-AOE,SFm&1&rDXHP&Ex&dxHP_equip,RB-dxHP_equip-spltHP-SEER-BA-rDXHP-NoLRM-15%UC-AOE,40.5557,95.1183,37697.2644,89526.7976,9.74944004,1.29338896,1.2516209,0.42133988,0.11837507,3.216888,0.0,0.37746323,0.0,0.0,0.0,0.0,3.07036315,0.0,0.0,1.29338896,1.2516209,0.0,0.0,2.57978903,0.63709898,0.0,0.0,359.22,0.00321903,3866.6,0.00321903
runs/CZ01/SFm&1&rDXHP&Ex&dxHP_equip/RB-dxHP_equip-spltHP-SEER-BA-rDXHP-NoLRM-22.5%UC-AOE/instance-out.sql,CZ01,SFm,weighted,rDXHP,Ex,dxHP_equip,,RB-dxHP_equip-spltHP-SEER-BA-rDXHP-NoLRM-22.5%UC-AOE,SFm&1&rDXHP&Ex&dxHP_equip,RB-dxHP_equip-spltHP-SEER-BA-rDXHP-NoLRM-22.5%UC-AOE,33.618,74.0476,33351.2428,74353.8676,7.75151437,1.13801351,0.03661702,0.3862195,0.1063812,3.11279695,0.0,0.09652359,0.0,0.0,0.0,0.0,2.87496029,0.0,0.0,1.13801351,0.03661702,0.0,0.0,2.49871461,0.61408234,0.0,0.0,399.72,0.00066002,4302.5,0.00066002
runs/CZ02/SFm&1&rDXHP&Ex&dxHP_equip/RB-dxHP_equip-spltHP-SEER-BA-rDXHP-NoLRM-22.5%UC-AOE/instance-out.sql,CZ02,SFm,weighted,rDXHP,Ex,dxHP_equip,,RB-dxHP_equip-spltHP-SEER-BA-rDXHP-NoLRM-22.5%UC-AOE,SFm&1&rDXHP&Ex&dxHP_equip,RB-dxHP_equip-spltHP-SEER-BA-rDXHP-NoLRM-22.5%UC-AOE,39.9076,94.4496,40084.0228,96110.7468,9.31634939,2.08422738,0.50171911,0.3862195,0.1063812,3.11279695,0.0,0.29848717,0.0,0.0,0.0,0.0,2.82651697,0.0,0.0,2.08422738,0.50171911,0.0,0.0,2.49871461,0.61408234,0.0,0.0,399.72,0.00137555,4302.5,0.00137555
runs/CZ03/SFm&1&rDXHP&Ex&dxHP_equip/RB-dxHP_equip-spltHP-SEER-BA-rDXHP-NoLRM-22.5%UC-AOE/instance-out.sql,CZ03,SFm,weighted,rDXHP,Ex,dxHP_equip,,RB-dxHP_equip-spltHP-SEER-BA-rDXHP-NoLRM-22.5%UC-AOE,SFm&1&rDXHP&Ex&dxHP_equip,RB-dxHP_equip-spltHP-SEER-BA-rDXHP-NoLRM-22.5%UC-AOE,38.3092,89.41,38439.5488,90928.0816,8.93413989,1.82993879,0.49337066,0.3862195,0.1063812,3.11279695,0.0,0.18174717,0.0,0.0,0.0,0.0,2.8236833,0.0,0.0,1.82993879,0.49337066,0.0,0.0,2.49871461,0.61408234,0.0,0.0,399.72,0.00156679,4302.5,0.00156679
runs/CZ04/SFm&1&rDXHP&Ex&dxHP_equip/RB-dxHP_equip-spltHP-SEER-BA-rDXHP-NoLRM-22.5%UC-AOE/instance-out.sql,CZ04,SFm,weighted,rDXHP,Ex,dxHP_equip,,RB-dxHP_equip-spltHP-SEER-BA-rDXHP-NoLRM-22.5%UC-AOE,SFm&1&rDXHP&Ex&dxHP_equip,RB-dxHP_equip-spltHP-SEER-BA-rDXHP-NoLRM-22.5%UC-AOE,43.4676,105.9536,43883.8,108377.5296,10.19949558,2.07086524,1.26075888,0.3862195,0.1063812,3.11279695,0.0,0.46194006,0.0,0.0,0.0,0.0,2.80053143,0.0,0.0,2.07086524,1.26075888,0.0,0.0,2.49871461,0.61408234,0.0,0.0,399.72,0.00226669,4302.5,0.00226669
runs/CZ05/SFm&1&rDXHP&Ex&dxHP_equip/RB-dxHP_equip-spltHP-SEER-BA-rDXHP-NoLRM-22.5%UC-AOE/instance-out.sql,CZ05,SFm,weighted,rDXHP,Ex,dxHP_equip,,RB-dxHP_equip-spltHP-SEER-BA-rDXHP-NoLRM-22.5%UC-AOE,SFm&1&rDXHP&Ex&dxHP_equip,RB-dxHP_equip-spltHP-SEER-BA-rDXHP-NoLRM-22.5%UC-AOE,37.7748,87.7016,37886.5448,89171.2216,8.80561041,1.73775077,0.42800452,0.3862195,0.1063812,3.11279695,0.0,0.21015928,0.0,0.0,0.0,0.0,2.82429708,0.0,0.0,1.73775077,0.42800452,0.0,0.0,2.49871461,0.61408234,0.0,0.0,399.72,0.00131949,4302.5,0.00131949
runs/CZ06/SFm&1&rDXHP&Ex&dxHP_equip/RB-dxHP_equip-spltHP-SEER-BA-rDXHP-NoLRM-22.5%UC-AOE/instance-out.sql,CZ06,SFm,weighted,rDXHP,Ex,dxHP_equip,,RB-dxHP_equip-spltHP-SEER-BA-rDXHP-NoLRM-22.5%UC-AOE,SFm&1&rDXHP&Ex&dxHP_equip,RB-dxHP_equip-spltHP-SEER-BA-rDXHP-NoLRM-22.5%UC-AOE,34.5715,78.947,35842.5415,82950.008,7.95443192,0.998279,0.60886382,0.37215558,0.10157826,3.07111378,0.0,0.15102551,0.0,0.0,0.0,0.0,2.65141254,0.0,0.0,0.998279,0.60886382,0.0,0.0,2.46624843,0.60486535,0.0,0.0,418.62,0.00132063,4506.0,0.00132063
runs/CZ07/SFm&1&rDXHP&Ex&dxHP_equip/RB-dxHP_equip-spltHP-SEER-BA-rDXHP-NoLRM-22.5%UC-AOE/instance-out.sql,CZ07,SFm,weighted,rDXHP,Ex,dxHP_equip,,RB-dxHP_equip-spltHP-SEER-BA-rDXHP-NoLRM-22.5%UC-AOE,SFm&1&rDXHP&Ex&dxHP_equip,RB-dxHP_equip-spltHP-SEER-BA-rDXHP-NoLRM-22.5%UC-AOE,33.162,74.547,34262.633,77999.8015,7.60380738,0.86245117,0.43079116,0.37215558,0.10157826,3.07111378,0.0,0.11998723,0.0,0.0,0.0,0.0,2.64572899,0.0,0.0,0.86245117,0.43079116,0.0,0.0,2.46624843,0.60486535,0.0,0.0,418.62,0.0014645,4506.0,0.0014645
runs/CZ08/SFm&1&rDXHP&Ex&dxHP_equip/RB-dxHP_equip-spltHP-SEER-BA-rDXHP-NoLRM-22.5%UC-AOE/instance-out.sql,CZ08,SFm,weighted,rDXHP,Ex,dxHP_equip,,RB-dxHP_equip-spltHP-SEER-BA-rDXHP-NoLRM-22.5%UC-AOE,SFm&1&rDXHP&Ex&dxHP_equip,RB-dxHP_equip-spltHP-SEER-BA-rDXHP-NoLRM-22.5%UC-AOE,36.7695,86.123,38274.4635,90846.0175,8.49414036,0.8147942,1.24066524,0.37215558,0.10157826,3.07111378,0.0,0.26310037,0.0,0.0,0.0,0.0,2.63073171,0.0,0.0,0.8147942,1.24066524,0.0,0.0,2.46624843,0.60486535,0.0,0.0,418.62,0.00270733,4506.0,0.00270733
runs/CZ09/SFm&1&rDXHP&Ex&dxHP_equip/RB-dxHP_equip-spltHP-SEER-BA-rDXHP-NoLRM-22.5%UC-AOE/instance-out.sql,CZ09,SFm,weighted,rDXHP,Ex,dxHP_equip,,RB-dxHP_equip-spltHP-SEER-BA-rDXHP-NoLRM-22.5%UC-AOE,SFm&1&rDXHP&Ex&dxHP_equip,RB-dxHP_equip-spltHP-SEER-BA-rDXHP-NoLRM-22.5%UC-AOE,41.285,97.4294,38411.0128,91787.239,9.93403294,1.35504866,1.3745541,0.42133988,0.11837507,3.216888,0.0,0.37746323,0.0,0.0,0.0,0.0,3.07036315,0.0,0.0,1.35504866,1.3745541,0.0,0.0,2.57978903,0.63709898,0.0,0.0,359.22,0.00345006,3866.6,0.00345006
runs/CZ01/SFm&1&rDXHP&Ex&dxHP_equip/RB-dxHP_equip-spltHP-SEER-BA-rDXHP-NoLRM-30%UC-AOE/instance-out.sql,CZ01,SFm,weighted,rDXHP,Ex,dxHP_equip,,RB-dxHP_equip-spltHP-SEER-BA-rDXHP-NoLRM-30%UC-AOE,SFm&1&rDXHP&Ex&dxHP_equip,RB-dxHP_equip-spltHP-SEER-BA-rDXHP-NoLRM-30%UC-AOE,33.8224,74.7208,33572.5044,75054.5968,7.8029389,1.1861637,0.03989136,0.3862195,0.1063812,3.11279695,0.0,0.09652359,0.0,0.0,0.0,0.0,2.87496029,0.0,0.0,1.1861637,0.03989136,0.0,0.0,2.49871461,0.61408234,0.0,0.0,399.72,0.00067323,4302.5,0.00067323
runs/CZ02/SFm&1&rDXHP&Ex&dxHP_equip/RB-dxHP_equip-spltHP-SEER-BA-rDXHP-NoLRM-30%UC-AOE/instance-out.sql,CZ02,SFm,weighted,rDXHP,Ex,dxHP_equip,,RB-dxHP_equip-spltHP-SEER-BA-rDXHP-NoLRM-30%UC-AOE,SFm&1&rDXHP&Ex&dxHP_equip,RB-dxHP_equip-spltHP-SEER-BA-rDXHP-NoLRM-30%UC-AOE,40.4648,96.2,40671.1776,97970.2664,9.45281621,2.17582273,0.54658947,0.3862195,0.1063812,3.11279695,0.0,0.29848717,0.0,0.0,0.0,0.0,2.82651697,0.0,0.0,2.17582273,0.54658947,0.0,0.0,2.49871461,0.61408234,0.0,0.0,399.72,0.00144425,4302.5,0.00144425
runs/CZ03/SFm&1&rDXHP&Ex&dxHP_equip/RB-dxHP_equip-spltHP-SEER-BA-rDXHP-NoLRM-30%UC-AOE/instance-out.sql,CZ03,SFm,weighted,rDXHP,Ex,dxHP_equip,,RB-dxHP_equip-spltHP-SEER-BA-rDXHP-NoLRM-30%UC-AOE,SFm&1&rDXHP&Ex&dxHP_equip,RB-dxHP_equip-spltHP-SEER-BA-rDXHP-NoLRM-30%UC-AOE,38.826,91.04,38986.622,92660.658,9.06129092,1.91296516,0.53749644,0.3862195,0.1063812,3.11279695,0.0,0.18174717,0.0,0.0,0.0,0.0,2.8236833,0.0,0.0,1.91296516,0.53749644,0.0,0.0,2.49871461,0.61408234,0.0,0.0,399.72,0.00165321,4302.5,0.00165321
runs/CZ04/SFm&1&rDXHP&Ex&dxHP_equip/RB-dxHP_equip-spltHP-SEER-BA-rDXHP-NoLRM-30%UC-AOE/instance-out.sql,CZ04,SFm,weighted,rDXHP,Ex,dxHP_equip,,RB-dxHP_equip-spltHP-SEER-BA-rDXHP-NoLRM-30%UC-AOE,SFm&1&rDXHP&Ex&dxHP_equip,RB-dxHP_equip-spltHP-SEER-BA-rDXHP-NoLRM-30%UC-AOE,44.2928,108.5684,44758.5716,111147.9272,10.40281045,2.16142483,1.37351416,0.3862195,0.1063812,3.11279695,0.0,0.46194006,0.0,0.0,0.0,0.0,2.80053143,0.0,0.0,2.16142483,1.37351416,0.0,0.0,2.49871461,0.61408234,0.0,0.0,399.72,0.00240301,4302.5,0.00240301
runs/CZ05/SFm&1&rDXHP&Ex&dxHP_equip/RB-dxHP_equip-spltHP-SEER-BA-rDXHP-NoLRM-30%UC-AOE/instance-out.sql,CZ05,SFm,weighted,rDXHP,Ex,dxHP_equip,,RB-dxHP_equip-spltHP-SEER-BA-rDXHP-NoLRM-30%UC-AOE,SFm&1&rDXHP&Ex&dxHP_equip,RB-dxHP_equip-spltHP-SEER-BA-rDXHP-NoLRM-30%UC-AOE,38.2468,89.192,38387.6676,90758.266,8.92208163,1.81594326,0.46628205,0.3862195,0.1063812,3.11279695,0.0,0.21015928,0.0,0.0,0.0,0.0,2.82429708,0.0,0.0,1.81594326,0.46628205,0.0,0.0,2.49871461,0.61408234,0.0,0.0,399.72,0.00138454,4302.5,0.00138454
runs/CZ06/SFm&1&rDXHP&Ex&dxHP_equip/RB-dxHP_equip-spltHP-SEER-BA-rDXHP-NoLRM-30%UC-AOE/instance-out.sql,CZ06,SFm,weighted,rDXHP,Ex,dxHP_equip,,RB-dxHP_equip-spltHP-SEER-BA-rDXHP-NoLRM-30%UC-AOE,SFm&1&rDXHP&Ex&dxHP_equip,RB-dxHP_equip-spltHP-SEER-BA-rDXHP-NoLRM-30%UC-AOE,34.9775,80.2515,36294.7705,84382.2235,8.0547938,1.04418817,0.66331774,0.37215558,0.10157826,3.07111378,0.0,0.15102551,0.0,0.0,0.0,0.0,2.65141254,0.0,0.0,1.04418817,0.66331774,0.0,0.0,2.46624843,0.60486535,0.0,0.0,418.62,0.00138741,4506.0,0.00138741
runs/CZ07/SFm&1&rDXHP&Ex&dxHP_equip/RB-dxHP_equip-spltHP-SEER-BA-rDXHP-NoLRM-30%UC-AOE/instance-out.sql,CZ07,SFm,weighted,rDXHP,Ex,dxHP_equip,,RB-dxHP_equip-spltHP-SEER-BA-rDXHP-NoLRM-30%UC-AOE,SFm&1&rDXHP&Ex&dxHP_equip,RB-dxHP_equip-spltHP-SEER-BA-rDXHP-NoLRM-30%UC-AOE,33.4805,75.5735,34614.991,79115.718,7.68200517,0.90212064,0.46931948,0.37215558,0.10157826,3.07111378,0.0,0.11998723,0.0,0.0,0.0,0.0,2.64572899,0.0,0.0,0.90212064,0.46931948,0.0,0.0,2.46624843,0.60486535,0.0,0.0,418.62,0.00154247,4506.0,0.00154247
runs/CZ08/SFm&1&rDXHP&Ex&dxHP_equip/RB-dxHP_equip-spltHP-SEER-BA-rDXHP-NoLRM-30%UC-AOE/instance-out.sql,CZ08,SFm,weighted,rDXHP,Ex,dxHP_equip,,RB-dxHP_equip-spltHP-SEER-BA-rDXHP-NoLRM-30%UC-AOE,SFm&1&rDXHP&Ex&dxHP_equip,RB-dxHP_equip-spltHP-SEER-BA-rDXHP-NoLRM-30%UC-AOE,37.374,88.0375,38941.0555,92957.1115,8.64207498,0.85177059,1.35162469,0.37215558,0.10157826,3.07111378,0.0,0.26310037,0.0,0.0,0.0,0.0,2.63073171,0.0,0.0,0.85177059,1.35162469,0.0,0.0,2.46624843,0.60486535,0.0,0.0,418.62,0.00288318,4506.0,0.00288318
runs/CZ09/SFm&1&rDXHP&Ex&dxHP_equip/RB-dxHP_equip-spltHP-SEER-BA-rDXHP-NoLRM-30%UC-AOE/instance-out.sql,CZ09,SFm,weighted,rDXHP,Ex,dxHP_equip,,RB-dxHP_equip-spltHP-SEER-BA-rDXHP-NoLRM-30%UC-AOE,SFm&1&rDXHP&Ex&dxHP_equip,RB-dxHP_equip-spltHP-SEER-BA-rDXHP-NoLRM-30%UC-AOE,42.0143,99.7438,39124.7645,94047.6838,10.11862583,1.41671009,1.4974873,0.42133988,0.11837507,3.216888,0.0,0.37746323,0.0,0.0,0.0,0.0,3.07036315,0.0,0.0,1.41671009,1.4974873,0.0,0.0,2.57978903,0.63709898,0.0,0.0,359.22,0.00368108,3866.6,0.00368108
runs/CZ01/SFm&1&rDXHP&Ex&dxHP_equip/RB-dxHP_equip-spltHP-SEER-BA-rDXHP-NoLRM-40%UC-AOE/instance-out.sql,CZ01,SFm,weighted,rDXHP,Ex,dxHP_equip,,RB-dxHP_equip-spltHP-SEER-BA-rDXHP-NoLRM-40%UC-AOE,SFm&1&rDXHP&Ex&dxHP_equip,RB-dxHP_equip-spltHP-SEER-BA-rDXHP-NoLRM-40%UC-AOE,34.1116,75.6184,33867.5176,75988.9088,7.87150602,1.25036438,0.04425779,0.3862195,0.1063812,3.11279695,0.0,0.09652359,0.0,0.0,0.0,0.0,2.87496029,0.0,0.0,1.25036438,0.04425779,0.0,0.0,2.49871461,0.61408234,0.0,0.0,399.72,0.00069085,4302.5,0.00069085
runs/CZ02/SFm&1&rDXHP&Ex&dxHP_equip/RB-dxHP_equip-spltHP-SEER-BA-rDXHP-NoLRM-40%UC-AOE/instance-out.sql,CZ02,SFm,weighted,rDXHP,Ex,dxHP_equip,,RB-dxHP_equip-spltHP-SEER-BA-rDXHP-NoLRM-40%UC-AOE,SFm&1&rDXHP&Ex&dxHP_equip,RB-dxHP_equip-spltHP-SEER-BA-rDXHP-NoLRM-40%UC-AOE,41.2056,98.5472,41454.0488,100449.6244,9.63477154,2.29795013,0.6064186,0.3862195,0.1063812,3.11279695,0.0,0.29848717,0.0,0.0,0.0,0.0,2.82651697,0.0,0.0,2.29795013,0.6064186,0.0,0.0,2.49871461,0.61408234,0.0,0.0,399.72,0.00153584,4302.5,0.00153584
runs/CZ03/SFm&1&rDXHP&Ex&dxHP_equip/RB-dxHP_equip-spltHP-SEER-BA-rDXHP-NoLRM-40%UC-AOE/instance-out.sql,CZ03,SFm,weighted,rDXHP,Ex,dxHP_equip,,RB-dxHP_equip-spltHP-SEER-BA-rDXHP-NoLRM-40%UC-AOE,SFm&1&rDXHP&Ex&dxHP_equip,RB-dxHP_equip-spltHP-SEER-BA-rDXHP-NoLRM-40%UC-AOE,39.5068,93.2164,39716.0496,94970.7596,9.23082487,2.02366705,0.59632848,0.3862195,0.1063812,3.11279695,0.0,0.18174717,0.0,0.0,0.0,0.0,2.8236833,0.0,0.0,2.02366705,0.59632848,0.0,0.0,2.49871461,0.61408234,0.0,0.0,399.72,0.00176844,4302.5,0.00176844
runs/CZ04/SFm&1&rDXHP&Ex&dxHP_equip/RB-dxHP_equip-spltHP-SEER-BA-rDXHP-NoLRM-40%UC-AOE/instance-out.sql,CZ04,SFm,weighted,rDXHP,Ex,dxHP_equip,,RB-dxHP_equip-spltHP-SEER-BA-rDXHP-NoLRM-40%UC-AOE,SFm&1&rDXHP&Ex&dxHP_equip,RB-dxHP_equip-spltHP-SEER-BA-rDXHP-NoLRM-40%UC-AOE,45.3916,112.0532,45924.9336,114841.7944,10.67389691,2.28217101,1.52385565,0.3862195,0.1063812,3.11279695,0.0,0.46194006,0.0,0.0,0.0,0.0,2.80053143,0.0,0.0,2.28217101,1.52385565,0.0,0.0,2.49871461,0.61408234,0.0,0.0,399.72,0.00258477,4302.5,0.00258477
runs/CZ05/SFm&1&rDXHP&Ex&dxHP_equip/RB-dxHP_equip-spltHP-SEER-BA-rDXHP-NoLRM-40%UC-AOE/instance-out.sql,CZ05,SFm,weighted,rDXHP,Ex,dxHP_equip,,RB-dxHP_equip-spltHP-SEER-BA-rDXHP-NoLRM-40%UC-AOE,SFm&1&rDXHP&Ex&dxHP_equip,RB-dxHP_equip-spltHP-SEER-BA-rDXHP-NoLRM-40%UC-AOE,38.8728,91.1844,39055.8228,92874.3336,9.07737582,1.92019874,0.51732075,0.3862195,0.1063812,3.11279695,0.0,0.21015928,0.0,0.0,0.0,0.0,2.82429708,0.0,0.0,1.92019874,0.51732075,0.0,0.0,2.49871461,0.61408234,0.0,0.0,399.72,0.00147127,4302.5,0.00147127
runs/CZ06/SFm&1&rDXHP&Ex&dxHP_equip/RB-dxHP_equip-spltHP-SEER-BA-rDXHP-NoLRM-40%UC-AOE/instance-out.sql,CZ06,SFm,weighted,rDXHP,Ex,dxHP_equip,,RB-dxHP_equip-spltHP-SEER-BA-rDXHP-NoLRM-40%UC-AOE,SFm&1&rDXHP&Ex&dxHP_equip,RB-dxHP_equip-spltHP-SEER-BA-rDXHP-NoLRM-40%UC-AOE,35.531,81.993,36897.7455,86291.836,8.1886103,1.10539878,0.73592364,0.37215558,0.10157826,3.07111378,0.0,0.15102551,0.0,0.0,0.0,0.0,2.65141254,0.0,0.0,1.10539878,0.73592364,0.0,0.0,2.46624843,0.60486535,0.0,0.0,418.62,0.00147645,4506.0,0.00147645
runs/CZ07/SFm&1&rDXHP&Ex&dxHP_equip/RB-dxHP_equip-spltHP-SEER-BA-rDXHP-NoLRM-40%UC-AOE/instance-out.sql,CZ07,SFm,weighted,rDXHP,Ex,dxHP_equip,,RB-dxHP_equip-spltHP-SEER-BA-rDXHP-NoLRM-40%UC-AOE,SFm&1&rDXHP&Ex&dxHP_equip,RB-dxHP_equip-spltHP-SEER-BA-rDXHP-NoLRM-40%UC-AOE,33.9155,76.9385,35084.8025,80603.617,7.78627031,0.95501575,0.52069051,0.37215558,0.10157826,3.07111378,0.0,0.11998723,0.0,0.0,0.0,0.0,2.64572899,0.0,0.0,0.95501575,0.52069051,0.0,0.0,2.46624843,0.60486535,0.0,0.0,418.62,0.00164642,4506.0,0.00164642
runs/CZ08/SFm&1&rDXHP&Ex&dxHP_equip/RB-dxHP_equip-spltHP-SEER-BA-rDXHP-NoLRM-40%UC-AOE/instance-out.sql,CZ08,SFm,weighted,rDXHP,Ex,dxHP_equip,,RB-dxHP_equip-spltHP-SEER-BA-rDXHP-NoLRM-40%UC-AOE,SFm&1&rDXHP&Ex&dxHP_equip,RB-dxHP_equip-spltHP-SEER-BA-rDXHP-NoLRM-40%UC-AOE,38.1815,90.602,39829.842,95771.9095,8.83932102,0.90107237,1.49956875,0.37215558,0.10157826,3.07111378,0.0,0.26310037,0.0,0.0,0.0,0.0,2.63073171,0.0,0.0,0.90107237,1.49956875,0.0,0.0,2.46624843,0.60486535,0.0,0.0,418.62,0.00311766,4506.0,0.00311766
runs/CZ09/SFm&1&rDXHP&Ex&dxHP_equip/RB-dxHP_equip-spltHP-SEER-BA-rDXHP-NoLRM-40%UC-AOE/instance-out.sql,CZ09,SFm,weighted,rDXHP,Ex,dxHP_equip,,RB-dxHP_equip-spltHP-SEER-BA-rDXHP-NoLRM-40%UC-AOE,SFm&1&rDXHP&Ex&dxHP_equip,RB-dxHP_equip-spltHP-SEER-BA-rDXHP-NoLRM-40%UC-AOE,42.99,102.8275,40076.4335,97061.6113,10.36474997,1.49892303,1.66139592,0.42133988,0.11837507,3.216888,0.0,0.37746323,0.0,0.0,0.0,0.0,3.07036315,0.0,0.0,1.49892303,1.66139592,0.0,0.0,2.57978903,0.63709898,0.0,0.0,359.22,0.00398912,3866.6,0.00398912
runs/CZ01/SFm&1&rDXHP&Ex&dxHP_equip/RB-dxHP_equip-spltHP-SEER-BA-rDXHP-NoLRM-7.5%UC-AOE/instance-out.sql,CZ01,SFm,weighted,rDXHP,Ex,dxHP_equip,,RB-dxHP_equip-spltHP-SEER-BA-rDXHP-NoLRM-7.5%UC-AOE,SFm&1&rDXHP&Ex&dxHP_equip,RB-dxHP_equip-spltHP-SEER-BA-rDXHP-NoLRM-7.5%UC-AOE,33.1892,72.7012,32908.7252,72952.4044,7.64866299,1.04171193,0.0300661,0.3862195,0.1063812,3.11279695,0.0,0.09652359,0.0,0.0,0.0,0.0,2.87496029,0.0,0.0,1.04171193,0.0300661,0.0,0.0,2.49871461,0.61408234,0.0,0.0,399.72,0.00063359,4302.5,0.00063359
runs/CZ02/SFm&1&rDXHP&Ex&dxHP_equip/RB-dxHP_equip-spltHP-SEER-BA-rDXHP-NoLRM-7.5%UC-AOE/instance-out.sql,CZ02,SFm,weighted,rDXHP,Ex,dxHP_equip,,RB-dxHP_equip-spltHP-SEER-BA-rDXHP-NoLRM-7.5%UC-AOE,SFm&1&rDXHP&Ex&dxHP_equip,RB-dxHP_equip-spltHP-SEER-BA-rDXHP-NoLRM-7.5%UC-AOE,38.7988,90.9288,38909.7132,92391.7176,9.04341574,1.90103687,0.41197718,0.3862195,0.1063812,3.11279695,0.0,0.29848717,0.0,0.0,0.0,0.0,2.82651697,0.0,0.0,1.90103687,0.41197718,0.0,0.0,2.49871461,0.61408234,0.0,0.0,399.72,0.00123815,4302.5,0.00123815
runs/CZ03/SFm&1&rDXHP&Ex&dxHP_equip/RB-dxHP_equip-spltHP-SEER-BA-rDXHP-NoLRM-7.5%UC-AOE/instance-out.sql,CZ03,SFm,weighted,rDXHP,Ex,dxHP_equip,,RB-dxHP_equip-spltHP-SEER-BA-rDXHP-NoLRM-7.5%UC-AOE,SFm&1&rDXHP&Ex&dxHP_equip,RB-dxHP_equip-spltHP-SEER-BA-rDXHP-NoLRM-7.5%UC-AOE,37.2808,86.1504,37345.4024,87462.924,8.67983781,1.66388595,0.40512254,0.3862195,0.1063812,3.11279695,0.0,0.18174717,0.0,0.0,0.0,0.0,2.8236833,0.0,0.0,1.66388595,0.40512254,0.0,0.0,2.49871461,0.61408234,0.0,0.0,399.72,0.00139395,4302.5,0.00139395
runs/CZ04/SFm&1&rDXHP&Ex&dxHP_equip/RB-dxHP_equip-spltHP-SEER-BA-rDXHP-NoLRM-7.5%UC-AOE/instance-out.sql,CZ04,SFm,weighted,rDXHP,Ex,dxHP_equip,,RB-dxHP_equip-spltHP-SEER-BA-rDXHP-NoLRM-7.5%UC-AOE,SFm&1&rDXHP&Ex&dxHP_equip,RB-dxHP_equip-spltHP-SEER-BA-rDXHP-NoLRM-7.5%UC-AOE,41.8172,100.7288,42134.2568,102836.7288,9.79286705,1.88974719,1.03524841,0.3862195,0.1063812,3.11279695,0.0,0.46194006,0.0,0.0,0.0,0.0,2.80053143,0.0,0.0,1.88974719,1.03524841,0.0,0.0,2.49871461,0.61408234,0.0,0.0,399.72,0.00199405,4302.5,0.00199405
runs/CZ05/SFm&1&rDXHP&Ex&dxHP_equip/RB-dxHP_equip-spltHP-SEER-BA-rDXHP-NoLRM-7.5%UC-AOE/instance-out.sql,CZ05,SFm,weighted,rDXHP,Ex,dxHP_equip,,RB-dxHP_equip-spltHP-SEER-BA-rDXHP-NoLRM-7.5%UC-AOE,SFm&1&rDXHP&Ex&dxHP_equip,RB-dxHP_equip-spltHP-SEER-BA-rDXHP-NoLRM-7.5%UC-AOE,36.8308,84.7204,36884.3044,85997.128,8.57266918,1.58136578,0.35144706,0.3862195,0.1063812,3.11279695,0.0,0.21015928,0.0,0.0,0.0,0.0,2.82429708,0.0,0.0,1.58136578,0.35144706,0.0,0.0,2.49871461,0.61408234,0.0,0.0,399.72,0.00118939,4302.5,0.00118939
runs/CZ06/SFm&1&rDXHP&Ex&dxHP_equip/RB-dxHP_equip-spltHP-SEER-BA-rDXHP-NoLRM-7.5%UC-AOE/instance-out.sql,CZ06,SFm,weighted,rDXHP,Ex,dxHP_equip,,RB-dxHP_equip-spltHP-SEER-BA-rDXHP-NoLRM-7.5%UC-AOE,SFm&1&rDXHP&Ex&dxHP_equip,RB-dxHP_equip-spltHP-SEER-BA-rDXHP-NoLRM-7.5%UC-AOE,33.744,76.3435,34938.0835,80085.586,7.75370816,0.90646309,0.49995819,0.37215558,0.10157826,3.07111378,0.0,0.15102551,0.0,0.0,0.0,0.0,2.65141254,0.0,0.0,0.90646309,0.49995819,0.0,0.0,2.46624843,0.60486535,0.0,0.0,418.62,0.00118706,4506.0,0.00118706
runs/CZ07/SFm&1&rDXHP&Ex&dxHP_equip/RB-dxHP_equip-spltHP-SEER-BA-rDXHP-NoLRM-7.5%UC-AOE/instance-out.sql,CZ07,SFm,weighted,rDXHP,Ex,dxHP_equip,,RB-dxHP_equip-spltHP-SEER-BA-rDXHP-NoLRM-7.5%UC-AOE,SFm&1&rDXHP&Ex&dxHP_equip,RB-dxHP_equip-spltHP-SEER-BA-rDXHP-NoLRM-7.5%UC-AOE,32.515,72.4985,33557.9135,75767.9485,7.44741101,0.783109,0.35373673,0.37215558,0.10157826,3.07111378,0.0,0.11998723,0.0,0.0,0.0,0.0,2.64572899,0.0,0.0,0.783109,0.35373673,0.0,0.0,2.46624843,0.60486535,0.0,0.0,418.62,0.00130856,4506.0,0.00130856
runs/CZ08/SFm&1&rDXHP&Ex&dxHP_equip/RB-dxHP_equip-spltHP-SEER-BA-rDXHP-NoLRM-7.5%UC-AOE/instance-out.sql,CZ08,SFm,weighted,rDXHP,Ex,dxHP_equip,,RB-dxHP_equip-spltHP-SEER-BA-rDXHP-NoLRM-7.5%UC-AOE,SFm&1&rDXHP&Ex&dxHP_equip,RB-dxHP_equip-spltHP-SEER-BA-rDXHP-NoLRM-7.5%UC-AOE,35.556,82.2785,36941.2805,86623.8205,8.19827068,0.74084143,1.01874855,0.37215558,0.10157826,3.07111378,0.0,0.26310037,0.0,0.0,0.0,0.0,2.63073171,0.0,0.0,0.74084143,1.01874855,0.0,0.0,2.46624843,0.60486535,0.0,0.0,418.62,0.00235561,4506.0,0.00235561
runs/CZ09/SFm&1&rDXHP&Ex&dxHP_equip/RB-dxHP_equip-spltHP-SEER-BA-rDXHP-NoLRM-7.5%UC-AOE/instance-out.sql,CZ09,SFm,weighted,rDXHP,Ex,dxHP_equip,,RB-dxHP_equip-spltHP-SEER-BA-rDXHP-NoLRM-7.5%UC-AOE,SFm&1&rDXHP&Ex&dxHP_equip,RB-dxHP_equip-spltHP-SEER-BA-rDXHP-NoLRM-7.5%UC-AOE,39.8231,92.7972,36983.516,87266.3528,9.56484714,1.23172753,1.12868771,0.42133988,0.11837507,3.216888,0.0,0.37746323,0.0,0.0,0.0,0.0,3.07036315,0.0,0.0,1.23172753,1.12868771,0.0,0.0,2.57978903,0.63709898,0.0,0.0,359.22,0.00298801,3866.6,0.00298801
