File Name,BldgLoc,BldgType,Story,BldgHVAC,BldgVint,TechGroup,TechType,TechID,Cohort,Case,Net Site EUI,Net Source EUI,Total Energy/Net Site Energy,Total Energy/Net Source Energy,Total,Heating,Cooling,Interior Lighting,Exterior Lighting,Interior Equipment,Exterior Equipment,Fans,Pumps,Heat Rejection,Humidification,Heat Recovery,Water Systems,Refrigeration,Generators,Heating Elec,Cooling Elec,Heating NG,Cooling NG,Interior Equipment Elec,Interior Equipment NG,Unmet Heating,Unmet Cooling,Conditioned Area,Electricity:Facility [J](Hourly)
runs/CZ01/SFm&1&rDXGF&Ex&dxAC_equip/RB-dxAC_equip-spltAC-SEER-BA-rDXGF-LRM-LSC-AOE/instance-out.sql,CZ01,SFm,weighted,rDXGF,Ex,dxAC_equip,,RB-dxAC_equip-spltAC-SEER-BA-rDXGF-LRM-LSC-AOE,SFm&1&rDXGF&Ex&dxAC_equip,RB-dxAC_equip-spltAC-SEER-BA-rDXGF-LRM-LSC-AOE,38.7948,69.3792,38664.9244,69505.774,38664.9192,10406.54,105.3356,1661.7272,457.71,13392.9524,0.0,271.1468,0.0,0.0,0.0,0.0,12369.5028,0.0,0.0,0.0,105.3356,10406.54,0.0,10750.8348,2642.1176,0.0,0.0,399.72,9464396.4945
runs/CZ02/SFm&1&rDXGF&Ex&dxAC_equip/RB-dxAC_equip-spltAC-SEER-BA-rDXGF-LRM-LSC-AOE/instance-out.sql,CZ02,SFm,weighted,rDXGF,Ex,dxAC_equip,,RB-dxAC_equip-spltAC-SEER-BA-rDXGF-LRM-LSC-AOE,SFm&1&rDXGF&Ex&dxAC_equip,RB-dxAC_equip-spltAC-SEER-BA-rDXGF-LRM-LSC-AOE,50.0264,85.3732,50630.7416,86683.5376,50630.7416,20560.6752,1442.9676,1661.7272,457.71,13392.9524,0.0,953.1032,0.0,0.0,0.0,0.0,12161.6012,0.0,0.0,0.0,1442.9676,20560.6752,0.0,10750.8348,2642.1176,0.0,0.0,399.72,17361862.4807
runs/CZ03/SFm&1&rDXGF&Ex&dxAC_equip/RB-dxAC_equip-spltAC-SEER-BA-rDXGF-LRM-LSC-AOE/instance-out.sql,CZ03,SFm,weighted,rDXGF,Ex,dxAC_equip,,RB-dxAC_equip-spltAC-SEER-BA-rDXGF-LRM-LSC-AOE,SFm&1&rDXGF&Ex&dxAC_equip,RB-dxAC_equip-spltAC-SEER-BA-rDXGF-LRM-LSC-AOE,45.3304,79.5312,45671.3468,80495.1848,45671.3416,16003.6568,1419.0256,1661.7272,457.71,13392.9524,0.0,587.0544,0.0,0.0,0.0,0.0,12149.2156,0.0,0.0,0.0,1419.0256,16003.6568,0.0,10750.8348,2642.1176,0.0,0.0,399.72,19306706.2549
runs/CZ04/SFm&1&rDXGF&Ex&dxAC_equip/RB-dxAC_equip-spltAC-SEER-BA-rDXGF-LRM-LSC-AOE/instance-out.sql,CZ04,SFm,weighted,rDXGF,Ex,dxAC_equip,,RB-dxAC_equip-spltAC-SEER-BA-rDXGF-LRM-LSC-AOE,SFm&1&rDXGF&Ex&dxAC_equip,RB-dxAC_equip-spltAC-SEER-BA-rDXGF-LRM-LSC-AOE,52.4004,93.5472,53129.4096,95306.182,53129.4044,20332.1572,3626.2484,1661.7272,457.71,13392.9524,0.0,1609.0424,0.0,0.0,0.0,0.0,12049.5624,0.0,0.0,0.0,3626.2484,20332.1572,0.0,10750.8348,2642.1176,0.0,0.0,399.72,27282524.6102
runs/CZ05/SFm&1&rDXGF&Ex&dxAC_equip/RB-dxAC_equip-spltAC-SEER-BA-rDXGF-LRM-LSC-AOE/instance-out.sql,CZ05,SFm,weighted,rDXGF,Ex,dxAC_equip,,RB-dxAC_equip-spltAC-SEER-BA-rDXGF-LRM-LSC-AOE,SFm&1&rDXGF&Ex&dxAC_equip,RB-dxAC_equip-spltAC-SEER-BA-rDXGF-LRM-LSC-AOE,45.56,79.5608,46040.8852,80694.9356,46040.8804,16467.0952,1231.144,1661.7272,457.71,13392.9524,0.0,678.5192,0.0,0.0,0.0,0.0,12151.732,0.0,0.0,0.0,1231.144,16467.0952,0.0,10750.8348,2642.1176,0.0,0.0,399.72,16703114.3502
runs/CZ06/SFm&1&rDXGF&Ex&dxAC_equip/RB-dxAC_equip-spltAC-SEER-BA-rDXGF-LRM-LSC-AOE/instance-out.sql,CZ06,SFm,weighted,rDXGF,Ex,dxAC_equip,,RB-dxAC_equip-spltAC-SEER-BA-rDXGF-LRM-LSC-AOE,SFm&1&rDXGF&Ex&dxAC_equip,RB-dxAC_equip-spltAC-SEER-BA-rDXGF-LRM-LSC-AOE,38.078,72.1415,39641.8245,75554.8825,39641.8245,9326.732,1834.0585,1676.927,457.71,13838.389,0.0,560.843,0.0,0.0,0.0,0.0,11947.165,0.0,0.0,0.0,1834.0585,9326.732,0.0,11112.8755,2725.5135,0.0,0.0,418.62,17407132.9285
runs/CZ07/SFm&1&rDXGF&Ex&dxAC_equip/RB-dxAC_equip-spltAC-SEER-BA-rDXGF-LRM-LSC-AOE/instance-out.sql,CZ07,SFm,weighted,rDXGF,Ex,dxAC_equip,,RB-dxAC_equip-spltAC-SEER-BA-rDXGF-LRM-LSC-AOE,SFm&1&rDXGF&Ex&dxAC_equip,RB-dxAC_equip-spltAC-SEER-BA-rDXGF-LRM-LSC-AOE,36.372,69.095,37740.31,72114.896,37740.31,8112.5565,1297.7505,1676.927,457.71,13838.389,0.0,435.236,0.0,0.0,0.0,0.0,11921.731,0.0,0.0,0.0,1297.7505,8112.5565,0.0,11112.8755,2725.5135,0.0,0.0,418.62,19068365.734
runs/CZ08/SFm&1&rDXGF&Ex&dxAC_equip/RB-dxAC_equip-spltAC-SEER-BA-rDXGF-LRM-LSC-AOE/instance-out.sql,CZ08,SFm,weighted,rDXGF,Ex,dxAC_equip,,RB-dxAC_equip-spltAC-SEER-BA-rDXGF-LRM-LSC-AOE,SFm&1&rDXGF&Ex&dxAC_equip,RB-dxAC_equip-spltAC-SEER-BA-rDXGF-LRM-LSC-AOE,39.4115,78.1335,41073.7055,82117.9685,41073.7,8446.358,3737.2075,1676.927,457.71,13838.389,0.0,1063.3215,0.0,0.0,0.0,0.0,11853.7925,0.0,0.0,0.0,3737.2075,8446.358,0.0,11112.8755,2725.5135,0.0,0.0,418.62,33343139.1218
runs/CZ09/SFm&1&rDXGF&Ex&dxAC_equip/RB-dxAC_equip-spltAC-SEER-BA-rDXGF-LRM-LSC-AOE/instance-out.sql,CZ09,SFm,weighted,rDXGF,Ex,dxAC_equip,,RB-dxAC_equip-spltAC-SEER-BA-rDXGF-LRM-LSC-AOE,SFm&1&rDXGF&Ex&dxAC_equip,RB-dxAC_equip-spltAC-SEER-BA-rDXGF-LRM-LSC-AOE,46.793,87.8944,43675.3797,82503.1365,43675.3897,12461.1454,3553.0719,1629.1562,457.71,12438.4454,0.0,1264.0539,0.0,0.0,0.0,0.0,11871.7903,0.0,0.0,0.0,3553.0719,12461.1454,0.0,9975.0333,2463.4121,0.0,0.0,359.22,36104082.3666
runs/CZ01/SFm&1&rDXGF&Ex&dxAC_equip/RB-dxAC_equip-spltAC-SEER-BA-rDXGF-LRM-LSC-NR/instance-out.sql,CZ01,SFm,weighted,rDXGF,Ex,dxAC_equip,,RB-dxAC_equip-spltAC-SEER-BA-rDXGF-LRM-LSC-NR,SFm&1&rDXGF&Ex&dxAC_equip,RB-dxAC_equip-spltAC-SEER-BA-rDXGF-LRM-LSC-NR,38.78,69.3496,38654.6232,69473.164,38654.6232,10406.54,95.0344,1661.7272,457.71,13392.9524,0.0,271.1468,0.0,0.0,0.0,0.0,12369.5028,0.0,0.0,0.0,95.0344,10406.54,0.0,10750.8348,2642.1176,0.0,0.0,399.72,9314845.0987
runs/CZ02/SFm&1&rDXGF&Ex&dxAC_equip/RB-dxAC_equip-spltAC-SEER-BA-rDXGF-LRM-LSC-NR/instance-out.sql,CZ02,SFm,weighted,rDXGF,Ex,dxAC_equip,,RB-dxAC_equip-spltAC-SEER-BA-rDXGF-LRM-LSC-NR,SFm&1&rDXGF&Ex&dxAC_equip,RB-dxAC_equip-spltAC-SEER-BA-rDXGF-LRM-LSC-NR,49.898,84.968,50489.6736,86236.7652,50489.6736,20560.6752,1301.8996,1661.7272,457.71,13392.9524,0.0,953.1032,0.0,0.0,0.0,0.0,12161.6012,0.0,0.0,0.0,1301.8996,20560.6752,0.0,10750.8348,2642.1176,0.0,0.0,399.72,16584270.448
runs/CZ03/SFm&1&rDXGF&Ex&dxAC_equip/RB-dxAC_equip-spltAC-SEER-BA-rDXGF-LRM-LSC-NR/instance-out.sql,CZ03,SFm,weighted,rDXGF,Ex,dxAC_equip,,RB-dxAC_equip-spltAC-SEER-BA-rDXGF-LRM-LSC-NR,SFm&1&rDXGF&Ex&dxAC_equip,RB-dxAC_equip-spltAC-SEER-BA-rDXGF-LRM-LSC-NR,45.202,79.1364,45532.6144,80055.8212,45532.6144,16003.6568,1280.2932,1661.7272,457.71,13392.9524,0.0,587.0544,0.0,0.0,0.0,0.0,12149.2156,0.0,0.0,0.0,1280.2932,16003.6568,0.0,10750.8348,2642.1176,0.0,0.0,399.72,18328533.8769
runs/CZ04/SFm&1&rDXGF&Ex&dxAC_equip/RB-dxAC_equip-spltAC-SEER-BA-rDXGF-LRM-LSC-NR/instance-out.sql,CZ04,SFm,weighted,rDXGF,Ex,dxAC_equip,,RB-dxAC_equip-spltAC-SEER-BA-rDXGF-LRM-LSC-NR,SFm&1&rDXGF&Ex&dxAC_equip,RB-dxAC_equip-spltAC-SEER-BA-rDXGF-LRM-LSC-NR,52.068,92.5008,52774.8872,94183.4084,52774.8872,20332.1572,3271.726,1661.7272,457.71,13392.9524,0.0,1609.0424,0.0,0.0,0.0,0.0,12049.5624,0.0,0.0,0.0,3271.726,20332.1572,0.0,10750.8348,2642.1176,0.0,0.0,399.72,25739526.4814
runs/CZ05/SFm&1&rDXGF&Ex&dxAC_equip/RB-dxAC_equip-spltAC-SEER-BA-rDXGF-LRM-LSC-NR/instance-out.sql,CZ05,SFm,weighted,rDXGF,Ex,dxAC_equip,,RB-dxAC_equip-spltAC-SEER-BA-rDXGF-LRM-LSC-NR,SFm&1&rDXGF&Ex&dxAC_equip,RB-dxAC_equip-spltAC-SEER-BA-rDXGF-LRM-LSC-NR,45.4464,79.2204,45920.5224,80313.7492,45920.5176,16467.0952,1110.7764,1661.7272,457.71,13392.9524,0.0,678.5192,0.0,0.0,0.0,0.0,12151.732,0.0,0.0,0.0,1110.7764,16467.0952,0.0,10750.8348,2642.1176,0.0,0.0,399.72,15966833.4016
runs/CZ06/SFm&1&rDXGF&Ex&dxAC_equip/RB-dxAC_equip-spltAC-SEER-BA-rDXGF-LRM-LSC-NR/instance-out.sql,CZ06,SFm,weighted,rDXGF,Ex,dxAC_equip,,RB-dxAC_equip-spltAC-SEER-BA-rDXGF-LRM-LSC-NR,SFm&1&rDXGF&Ex&dxAC_equip,RB-dxAC_equip-spltAC-SEER-BA-rDXGF-LRM-LSC-NR,37.915,71.626,39462.5185,74987.0165,39462.5185,9326.732,1654.747,1676.927,457.71,13838.389,0.0,560.843,0.0,0.0,0.0,0.0,11947.165,0.0,0.0,0.0,1654.747,9326.732,0.0,11112.8755,2725.5135,0.0,0.0,418.62,16615489.945
runs/CZ07/SFm&1&rDXGF&Ex&dxAC_equip/RB-dxAC_equip-spltAC-SEER-BA-rDXGF-LRM-LSC-NR/instance-out.sql,CZ07,SFm,weighted,rDXGF,Ex,dxAC_equip,,RB-dxAC_equip-spltAC-SEER-BA-rDXGF-LRM-LSC-NR,SFm&1&rDXGF&Ex&dxAC_equip,RB-dxAC_equip-spltAC-SEER-BA-rDXGF-LRM-LSC-NR,36.2545,68.729,37613.436,71713.0805,37613.4315,8112.5565,1170.8765,1676.927,457.71,13838.389,0.0,435.236,0.0,0.0,0.0,0.0,11921.731,0.0,0.0,0.0,1170.8765,8112.5565,0.0,11112.8755,2725.5135,0.0,0.0,418.62,18144125.5856
runs/CZ08/SFm&1&rDXGF&Ex&dxAC_equip/RB-dxAC_equip-spltAC-SEER-BA-rDXGF-LRM-LSC-NR/instance-out.sql,CZ08,SFm,weighted,rDXGF,Ex,dxAC_equip,,RB-dxAC_equip-spltAC-SEER-BA-rDXGF-LRM-LSC-NR,SFm&1&rDXGF&Ex&dxAC_equip,RB-dxAC_equip-spltAC-SEER-BA-rDXGF-LRM-LSC-NR,39.0755,77.089,40708.3355,80960.8435,40708.33,8446.358,3371.832,1676.927,457.71,13838.389,0.0,1063.3215,0.0,0.0,0.0,0.0,11853.7925,0.0,0.0,0.0,3371.832,8446.358,0.0,11112.8755,2725.5135,0.0,0.0,418.62,31258517.7204
runs/CZ09/SFm&1&rDXGF&Ex&dxAC_equip/RB-dxAC_equip-spltAC-SEER-BA-rDXGF-LRM-LSC-NR/instance-out.sql,CZ09,SFm,weighted,rDXGF,Ex,dxAC_equip,,RB-dxAC_equip-spltAC-SEER-BA-rDXGF-LRM-LSC-NR,SFm&1&rDXGF&Ex&dxAC_equip,RB-dxAC_equip-spltAC-SEER-BA-rDXGF-LRM-LSC-NR,46.4401,86.7791,43328.0169,81403.0236,43328.0169,12461.1454,3205.7024,1629.1562,457.71,12438.4454,0.0,1264.0539,0.0,0.0,0.0,0.0,11871.7903,0.0,0.0,0.0,3205.7024,12461.1454,0.0,9975.0333,2463.4121,0.0,0.0,359.22,33754077.1883
runs/CZ01/SFm&1&rDXGF&Ex&dxAC_equip/RB-dxAC_equip-spltAC-SEER-BA-rDXGF-NoLRM-0%UC-AOE/instance-out.sql,CZ01,SFm,weighted,rDXGF,Ex,dxAC_equip,,RB-dxAC_equip-spltAC-SEER-BA-rDXGF-NoLRM-0%UC-AOE,SFm&1&rDXGF&Ex&dxAC_equip,RB-dxAC_equip-spltAC-SEER-BA-rDXGF-NoLRM-0%UC-AOE,38.8048,69.4092,38674.882,69537.31,38674.882,10406.54,115.2932,1661.7272,457.71,13392.9524,0.0,271.1468,0.0,0.0,0.0,0.0,12369.5028,0.0,0.0,0.0,115.2932,10406.54,0.0,10750.8348,2642.1176,0.0,0.0,399.72,9609016.2033
runs/CZ02/SFm&1&rDXGF&Ex&dxAC_equip/RB-dxAC_equip-spltAC-SEER-BA-rDXGF-NoLRM-0%UC-AOE/instance-out.sql,CZ02,SFm,weighted,rDXGF,Ex,dxAC_equip,,RB-dxAC_equip-spltAC-SEER-BA-rDXGF-NoLRM-0%UC-AOE,SFm&1&rDXGF&Ex&dxAC_equip,RB-dxAC_equip-spltAC-SEER-BA-rDXGF-NoLRM-0%UC-AOE,50.15,85.7684,50767.1668,87115.5824,50767.1668,20560.6752,1579.3928,1661.7272,457.71,13392.9524,0.0,953.1032,0.0,0.0,0.0,0.0,12161.6012,0.0,0.0,0.0,1579.3928,20560.6752,0.0,10750.8348,2642.1176,0.0,0.0,399.72,18113812.2215
runs/CZ03/SFm&1&rDXGF&Ex&dxAC_equip/RB-dxAC_equip-spltAC-SEER-BA-rDXGF-NoLRM-0%UC-AOE/instance-out.sql,CZ03,SFm,weighted,rDXGF,Ex,dxAC_equip,,RB-dxAC_equip-spltAC-SEER-BA-rDXGF-NoLRM-0%UC-AOE,SFm&1&rDXGF&Ex&dxAC_equip,RB-dxAC_equip-spltAC-SEER-BA-rDXGF-NoLRM-0%UC-AOE,45.4488,79.9164,45805.5024,80920.06,45805.4972,16003.6568,1553.1812,1661.7272,457.71,13392.9524,0.0,587.0544,0.0,0.0,0.0,0.0,12149.2156,0.0,0.0,0.0,1553.1812,16003.6568,0.0,10750.8348,2642.1176,0.0,0.0,399.72,20252621.896
runs/CZ04/SFm&1&rDXGF&Ex&dxAC_equip/RB-dxAC_equip-spltAC-SEER-BA-rDXGF-NoLRM-0%UC-AOE/instance-out.sql,CZ04,SFm,weighted,rDXGF,Ex,dxAC_equip,,RB-dxAC_equip-spltAC-SEER-BA-rDXGF-NoLRM-0%UC-AOE,SFm&1&rDXGF&Ex&dxAC_equip,RB-dxAC_equip-spltAC-SEER-BA-rDXGF-NoLRM-0%UC-AOE,52.7228,94.554,53472.2388,96391.9312,53472.2388,20332.1572,3969.0828,1661.7272,457.71,13392.9524,0.0,1609.0424,0.0,0.0,0.0,0.0,12049.5624,0.0,0.0,0.0,3969.0828,20332.1572,0.0,10750.8348,2642.1176,0.0,0.0,399.72,28774640.0052
runs/CZ05/SFm&1&rDXGF&Ex&dxAC_equip/RB-dxAC_equip-spltAC-SEER-BA-rDXGF-NoLRM-0%UC-AOE/instance-out.sql,CZ05,SFm,weighted,rDXGF,Ex,dxAC_equip,,RB-dxAC_equip-spltAC-SEER-BA-rDXGF-NoLRM-0%UC-AOE,SFm&1&rDXGF&Ex&dxAC_equip,RB-dxAC_equip-spltAC-SEER-BA-rDXGF-NoLRM-0%UC-AOE,45.6636,79.896,46157.2772,81063.5596,46157.2724,16467.0952,1347.5412,1661.7272,457.71,13392.9524,0.0,678.5192,0.0,0.0,0.0,0.0,12151.732,0.0,0.0,0.0,1347.5412,16467.0952,0.0,10750.8348,2642.1176,0.0,0.0,399.72,17415115.3033
runs/CZ06/SFm&1&rDXGF&Ex&dxAC_equip/RB-dxAC_equip-spltAC-SEER-BA-rDXGF-NoLRM-0%UC-AOE/instance-out.sql,CZ06,SFm,weighted,rDXGF,Ex,dxAC_equip,,RB-dxAC_equip-spltAC-SEER-BA-rDXGF-NoLRM-0%UC-AOE,SFm&1&rDXGF&Ex&dxAC_equip,RB-dxAC_equip-spltAC-SEER-BA-rDXGF-NoLRM-0%UC-AOE,38.2365,72.637,39815.2195,76104.026,39815.2195,9326.732,2007.448,1676.927,457.71,13838.389,0.0,560.843,0.0,0.0,0.0,0.0,11947.165,0.0,0.0,0.0,2007.448,9326.732,0.0,11112.8755,2725.5135,0.0,0.0,418.62,18172670.2685
runs/CZ07/SFm&1&rDXGF&Ex&dxAC_equip/RB-dxAC_equip-spltAC-SEER-BA-rDXGF-NoLRM-0%UC-AOE/instance-out.sql,CZ07,SFm,weighted,rDXGF,Ex,dxAC_equip,,RB-dxAC_equip-spltAC-SEER-BA-rDXGF-NoLRM-0%UC-AOE,SFm&1&rDXGF&Ex&dxAC_equip,RB-dxAC_equip-spltAC-SEER-BA-rDXGF-NoLRM-0%UC-AOE,36.483,69.45,37863.004,72503.4555,37862.9995,8112.5565,1420.4445,1676.927,457.71,13838.389,0.0,435.236,0.0,0.0,0.0,0.0,11921.731,0.0,0.0,0.0,1420.4445,8112.5565,0.0,11112.8755,2725.5135,0.0,0.0,418.62,19962127.6437
runs/CZ08/SFm&1&rDXGF&Ex&dxAC_equip/RB-dxAC_equip-spltAC-SEER-BA-rDXGF-NoLRM-0%UC-AOE/instance-out.sql,CZ08,SFm,weighted,rDXGF,Ex,dxAC_equip,,RB-dxAC_equip-spltAC-SEER-BA-rDXGF-NoLRM-0%UC-AOE,SFm&1&rDXGF&Ex&dxAC_equip,RB-dxAC_equip-spltAC-SEER-BA-rDXGF-NoLRM-0%UC-AOE,39.7275,79.1425,41427.0255,83236.934,41427.02,8446.358,4090.5275,1676.927,457.71,13838.389,0.0,1063.3215,0.0,0.0,0.0,0.0,11853.7925,0.0,0.0,0.0,4090.5275,8446.358,0.0,11112.8755,2725.5135,0.0,0.0,418.62,35359016.9298
runs/CZ09/SFm&1&rDXGF&Ex&dxAC_equip/RB-dxAC_equip-spltAC-SEER-BA-rDXGF-NoLRM-0%UC-AOE/instance-out.sql,CZ09,SFm,weighted,rDXGF,Ex,dxAC_equip,,RB-dxAC_equip-spltAC-SEER-BA-rDXGF-NoLRM-0%UC-AOE,SFm&1&rDXGF&Ex&dxAC_equip,RB-dxAC_equip-spltAC-SEER-BA-rDXGF-NoLRM-0%UC-AOE,47.1326,88.9731,44011.2951,83566.9666,44011.2951,12461.1454,3888.9806,1629.1562,457.71,12438.4454,0.0,1264.0539,0.0,0.0,0.0,0.0,11871.7903,0.0,0.0,0.0,3888.9806,12461.1454,0.0,9975.0333,2463.4121,0.0,0.0,359.22,38376592.5138
runs/CZ01/SFm&1&rDXGF&Ex&dxAC_equip/RB-dxAC_equip-spltAC-SEER-BA-rDXGF-NoLRM-0%UC-NR/instance-out.sql,CZ01,SFm,weighted,rDXGF,Ex,dxAC_equip,,RB-dxAC_equip-spltAC-SEER-BA-rDXGF-NoLRM-0%UC-NR,SFm&1&rDXGF&Ex&dxAC_equip,RB-dxAC_equip-spltAC-SEER-BA-rDXGF-NoLRM-0%UC-NR,38.79,69.3744,38663.6096,69501.6144,38663.6048,10406.54,104.0208,1661.7272,457.71,13392.9524,0.0,271.1468,0.0,0.0,0.0,0.0,12369.5028,0.0,0.0,0.0,104.0208,10406.54,0.0,10750.8348,2642.1176,0.0,0.0,399.72,9445326.0089
runs/CZ02/SFm&1&rDXGF&Ex&dxAC_equip/RB-dxAC_equip-spltAC-SEER-BA-rDXGF-NoLRM-0%UC-NR/instance-out.sql,CZ02,SFm,weighted,rDXGF,Ex,dxAC_equip,,RB-dxAC_equip-spltAC-SEER-BA-rDXGF-NoLRM-0%UC-NR,SFm&1&rDXGF&Ex&dxAC_equip,RB-dxAC_equip-spltAC-SEER-BA-rDXGF-NoLRM-0%UC-NR,50.0116,85.3188,50612.7524,86626.5676,50612.7524,20560.6752,1424.9784,1661.7272,457.71,13392.9524,0.0,953.1032,0.0,0.0,0.0,0.0,12161.6012,0.0,0.0,0.0,1424.9784,20560.6752,0.0,10750.8348,2642.1176,0.0,0.0,399.72,17262705.5478
runs/CZ03/SFm&1&rDXGF&Ex&dxAC_equip/RB-dxAC_equip-spltAC-SEER-BA-rDXGF-NoLRM-0%UC-NR/instance-out.sql,CZ03,SFm,weighted,rDXGF,Ex,dxAC_equip,,RB-dxAC_equip-spltAC-SEER-BA-rDXGF-NoLRM-0%UC-NR,SFm&1&rDXGF&Ex&dxAC_equip,RB-dxAC_equip-spltAC-SEER-BA-rDXGF-NoLRM-0%UC-NR,45.3104,79.482,45653.652,80439.1544,45653.652,16003.6568,1401.336,1661.7272,457.71,13392.9524,0.0,587.0544,0.0,0.0,0.0,0.0,12149.2156,0.0,0.0,0.0,1401.336,16003.6568,0.0,10750.8348,2642.1176,0.0,0.0,399.72,19181971.7299
runs/CZ04/SFm&1&rDXGF&Ex&dxAC_equip/RB-dxAC_equip-spltAC-SEER-BA-rDXGF-NoLRM-0%UC-NR/instance-out.sql,CZ04,SFm,weighted,rDXGF,Ex,dxAC_equip,,RB-dxAC_equip-spltAC-SEER-BA-rDXGF-NoLRM-0%UC-NR,SFm&1&rDXGF&Ex&dxAC_equip,RB-dxAC_equip-spltAC-SEER-BA-rDXGF-NoLRM-0%UC-NR,52.3608,93.4132,53084.2,95163.0072,53084.2,20332.1572,3581.0388,1661.7272,457.71,13392.9524,0.0,1609.0424,0.0,0.0,0.0,0.0,12049.5624,0.0,0.0,0.0,3581.0388,20332.1572,0.0,10750.8348,2642.1176,0.0,0.0,399.72,27085764.6699
runs/CZ05/SFm&1&rDXGF&Ex&dxAC_equip/RB-dxAC_equip-spltAC-SEER-BA-rDXGF-NoLRM-0%UC-NR/instance-out.sql,CZ05,SFm,weighted,rDXGF,Ex,dxAC_equip,,RB-dxAC_equip-spltAC-SEER-BA-rDXGF-NoLRM-0%UC-NR,SFm&1&rDXGF&Ex&dxAC_equip,RB-dxAC_equip-spltAC-SEER-BA-rDXGF-NoLRM-0%UC-NR,45.5452,79.5212,46025.5404,80646.3288,46025.5304,16467.0952,1215.7944,1661.7272,457.71,13392.9524,0.0,678.5192,0.0,0.0,0.0,0.0,12151.732,0.0,0.0,0.0,1215.7944,16467.0952,0.0,10750.8348,2642.1176,0.0,0.0,399.72,16609225.3215
runs/CZ06/SFm&1&rDXGF&Ex&dxAC_equip/RB-dxAC_equip-spltAC-SEER-BA-rDXGF-NoLRM-0%UC-NR/instance-out.sql,CZ06,SFm,weighted,rDXGF,Ex,dxAC_equip,,RB-dxAC_equip-spltAC-SEER-BA-rDXGF-NoLRM-0%UC-NR,SFm&1&rDXGF&Ex&dxAC_equip,RB-dxAC_equip-spltAC-SEER-BA-rDXGF-NoLRM-0%UC-NR,38.058,72.075,39618.9595,75482.47,39618.9595,9326.732,1811.1935,1676.927,457.71,13838.389,0.0,560.843,0.0,0.0,0.0,0.0,11947.165,0.0,0.0,0.0,1811.1935,9326.732,0.0,11112.8755,2725.5135,0.0,0.0,418.62,17306184.2473
runs/CZ07/SFm&1&rDXGF&Ex&dxAC_equip/RB-dxAC_equip-spltAC-SEER-BA-rDXGF-NoLRM-0%UC-NR/instance-out.sql,CZ07,SFm,weighted,rDXGF,Ex,dxAC_equip,,RB-dxAC_equip-spltAC-SEER-BA-rDXGF-NoLRM-0%UC-NR,SFm&1&rDXGF&Ex&dxAC_equip,RB-dxAC_equip-spltAC-SEER-BA-rDXGF-NoLRM-0%UC-NR,36.3565,69.044,37724.132,72063.6545,37724.1275,8112.5565,1281.578,1676.927,457.71,13838.389,0.0,435.236,0.0,0.0,0.0,0.0,11921.731,0.0,0.0,0.0,1281.578,8112.5565,0.0,11112.8755,2725.5135,0.0,0.0,418.62,18950508.5357
runs/CZ08/SFm&1&rDXGF&Ex&dxAC_equip/RB-dxAC_equip-spltAC-SEER-BA-rDXGF-NoLRM-0%UC-NR/instance-out.sql,CZ08,SFm,weighted,rDXGF,Ex,dxAC_equip,,RB-dxAC_equip-spltAC-SEER-BA-rDXGF-NoLRM-0%UC-NR,SFm&1&rDXGF&Ex&dxAC_equip,RB-dxAC_equip-spltAC-SEER-BA-rDXGF-NoLRM-0%UC-NR,39.366,78.0015,41027.1095,81970.4125,41027.114,8446.358,3690.616,1676.927,457.71,13838.389,0.0,1063.3215,0.0,0.0,0.0,0.0,11853.7925,0.0,0.0,0.0,3690.616,8446.358,0.0,11112.8755,2725.5135,0.0,0.0,418.62,33077312.4984
runs/CZ09/SFm&1&rDXGF&Ex&dxAC_equip/RB-dxAC_equip-spltAC-SEER-BA-rDXGF-NoLRM-0%UC-NR/instance-out.sql,CZ09,SFm,weighted,rDXGF,Ex,dxAC_equip,,RB-dxAC_equip-spltAC-SEER-BA-rDXGF-NoLRM-0%UC-NR,SFm&1&rDXGF&Ex&dxAC_equip,RB-dxAC_equip-spltAC-SEER-BA-rDXGF-NoLRM-0%UC-NR,46.7464,87.7546,43631.0921,82362.8469,43631.0921,12461.1454,3508.7776,1629.1562,457.71,12438.4454,0.0,1264.0539,0.0,0.0,0.0,0.0,11871.7903,0.0,0.0,0.0,3508.7776,12461.1454,0.0,9975.0333,2463.4121,0.0,0.0,359.22,35804414.5511
runs/CZ01/SFm&1&rDXGF&Ex&dxAC_equip/RB-dxAC_equip-spltAC-SEER-BA-rDXGF-NoLRM-15%UC-AOE/instance-out.sql,CZ01,SFm,weighted,rDXGF,Ex,dxAC_equip,,RB-dxAC_equip-spltAC-SEER-BA-rDXGF-NoLRM-15%UC-AOE,SFm&1&rDXGF&Ex&dxAC_equip,RB-dxAC_equip-spltAC-SEER-BA-rDXGF-NoLRM-15%UC-AOE,38.8296,69.4932,38703.0676,69626.576,38703.0628,10406.54,143.4788,1661.7272,457.71,13392.9524,0.0,271.1468,0.0,0.0,0.0,0.0,12369.5028,0.0,0.0,0.0,143.4788,10406.54,0.0,10750.8348,2642.1176,0.0,0.0,399.72,10018317.2654
runs/CZ02/SFm&1&rDXGF&Ex&dxAC_equip/RB-dxAC_equip-spltAC-SEER-BA-rDXGF-NoLRM-15%UC-AOE/instance-out.sql,CZ02,SFm,weighted,rDXGF,Ex,dxAC_equip,,RB-dxAC_equip-spltAC-SEER-BA-rDXGF-NoLRM-15%UC-AOE,SFm&1&rDXGF&Ex&dxAC_equip,RB-dxAC_equip-spltAC-SEER-BA-rDXGF-NoLRM-15%UC-AOE,50.5008,86.8752,51153.2616,88338.3448,51153.2616,20560.6752,1965.4876,1661.7272,457.71,13392.9524,0.0,953.1032,0.0,0.0,0.0,0.0,12161.6012,0.0,0.0,0.0,1965.4876,20560.6752,0.0,10750.8348,2642.1176,0.0,0.0,399.72,20241971.8629
runs/CZ03/SFm&1&rDXGF&Ex&dxAC_equip/RB-dxAC_equip-spltAC-SEER-BA-rDXGF-NoLRM-15%UC-AOE/instance-out.sql,CZ03,SFm,weighted,rDXGF,Ex,dxAC_equip,,RB-dxAC_equip-spltAC-SEER-BA-rDXGF-NoLRM-15%UC-AOE,SFm&1&rDXGF&Ex&dxAC_equip,RB-dxAC_equip-spltAC-SEER-BA-rDXGF-NoLRM-15%UC-AOE,45.7944,81.0076,46185.1888,82122.5316,46185.1888,16003.6568,1932.8728,1661.7272,457.71,13392.9524,0.0,587.0544,0.0,0.0,0.0,0.0,12149.2156,0.0,0.0,0.0,1932.8728,16003.6568,0.0,10750.8348,2642.1176,0.0,0.0,399.72,22929741.6318
runs/CZ04/SFm&1&rDXGF&Ex&dxAC_equip/RB-dxAC_equip-spltAC-SEER-BA-rDXGF-NoLRM-15%UC-AOE/instance-out.sql,CZ04,SFm,weighted,rDXGF,Ex,dxAC_equip,,RB-dxAC_equip-spltAC-SEER-BA-rDXGF-NoLRM-15%UC-AOE,SFm&1&rDXGF&Ex&dxAC_equip,RB-dxAC_equip-spltAC-SEER-BA-rDXGF-NoLRM-15%UC-AOE,53.6204,97.4108,54442.5176,99464.7936,54442.5128,20332.1572,4939.3564,1661.7272,457.71,13392.9524,0.0,1609.0424,0.0,0.0,0.0,0.0,12049.5624,0.0,0.0,0.0,4939.3564,20332.1572,0.0,10750.8348,2642.1176,0.0,0.0,399.72,32997608.0991
runs/CZ05/SFm&1&rDXGF&Ex&dxAC_equip/RB-dxAC_equip-spltAC-SEER-BA-rDXGF-NoLRM-15%UC-AOE/instance-out.sql,CZ05,SFm,weighted,rDXGF,Ex,dxAC_equip,,RB-dxAC_equip-spltAC-SEER-BA-rDXGF-NoLRM-15%UC-AOE,SFm&1&rDXGF&Ex&dxAC_equip,RB-dxAC_equip-spltAC-SEER-BA-rDXGF-NoLRM-15%UC-AOE,45.9592,80.8332,46486.698,82106.8196,46486.6932,16467.0952,1676.952,1661.7272,457.71,13392.9524,0.0,678.5192,0.0,0.0,0.0,0.0,12151.732,0.0,0.0,0.0,1676.952,16467.0952,0.0,10750.8348,2642.1176,0.0,0.0,399.72,19430212.338
runs/CZ06/SFm&1&rDXGF&Ex&dxAC_equip/RB-dxAC_equip-spltAC-SEER-BA-rDXGF-NoLRM-15%UC-AOE/instance-out.sql,CZ06,SFm,weighted,rDXGF,Ex,dxAC_equip,,RB-dxAC_equip-spltAC-SEER-BA-rDXGF-NoLRM-15%UC-AOE,SFm&1&rDXGF&Ex&dxAC_equip,RB-dxAC_equip-spltAC-SEER-BA-rDXGF-NoLRM-15%UC-AOE,38.671,74.0315,40305.962,77658.1885,40305.962,9326.732,2498.186,1676.927,457.71,13838.389,0.0,560.843,0.0,0.0,0.0,0.0,11947.165,0.0,0.0,0.0,2498.186,9326.732,0.0,11112.8755,2725.5135,0.0,0.0,418.62,20339285.3789
runs/CZ07/SFm&1&rDXGF&Ex&dxAC_equip/RB-dxAC_equip-spltAC-SEER-BA-rDXGF-NoLRM-15%UC-AOE/instance-out.sql,CZ07,SFm,weighted,rDXGF,Ex,dxAC_equip,,RB-dxAC_equip-spltAC-SEER-BA-rDXGF-NoLRM-15%UC-AOE,SFm&1&rDXGF&Ex&dxAC_equip,RB-dxAC_equip-spltAC-SEER-BA-rDXGF-NoLRM-15%UC-AOE,36.798,70.4505,38210.241,73603.165,38210.241,8112.5565,1767.686,1676.927,457.71,13838.389,0.0,435.236,0.0,0.0,0.0,0.0,11921.731,0.0,0.0,0.0,1767.686,8112.5565,0.0,11112.8755,2725.5135,0.0,0.0,418.62,22491642.4794
runs/CZ08/SFm&1&rDXGF&Ex&dxAC_equip/RB-dxAC_equip-spltAC-SEER-BA-rDXGF-NoLRM-15%UC-AOE/instance-out.sql,CZ08,SFm,weighted,rDXGF,Ex,dxAC_equip,,RB-dxAC_equip-spltAC-SEER-BA-rDXGF-NoLRM-15%UC-AOE,SFm&1&rDXGF&Ex&dxAC_equip,RB-dxAC_equip-spltAC-SEER-BA-rDXGF-NoLRM-15%UC-AOE,40.629,82.0055,42426.989,86403.8205,42426.988,8446.358,5090.4855,1676.927,457.71,13838.389,0.0,1063.3215,0.0,0.0,0.0,0.0,11853.7925,0.0,0.0,0.0,5090.4855,8446.358,0.0,11112.8755,2725.5135,0.0,0.0,418.62,41064331.4741
runs/CZ09/SFm&1&rDXGF&Ex&dxAC_equip/RB-dxAC_equip-spltAC-SEER-BA-rDXGF-NoLRM-15%UC-AOE/instance-out.sql,CZ09,SFm,weighted,rDXGF,Ex,dxAC_equip,,RB-dxAC_equip-spltAC-SEER-BA-rDXGF-NoLRM-15%UC-AOE,SFm&1&rDXGF&Ex&dxAC_equip,RB-dxAC_equip-spltAC-SEER-BA-rDXGF-NoLRM-15%UC-AOE,48.1048,92.0295,44961.9904,86577.8174,44961.9971,12461.1454,4839.6759,1629.1562,457.71,12438.4454,0.0,1264.0539,0.0,0.0,0.0,0.0,11871.7903,0.0,0.0,0.0,4839.6759,12461.1454,0.0,9975.0333,2463.4121,0.0,0.0,359.22,44808224.9982
runs/CZ01/SFm&1&rDXGF&Ex&dxAC_equip/RB-dxAC_equip-spltAC-SEER-BA-rDXGF-NoLRM-22.5%UC-AOE/instance-out.sql,CZ01,SFm,weighted,rDXGF,Ex,dxAC_equip,,RB-dxAC_equip-spltAC-SEER-BA-rDXGF-NoLRM-22.5%UC-AOE,SFm&1&rDXGF&Ex&dxAC_equip,RB-dxAC_equip-spltAC-SEER-BA-rDXGF-NoLRM-22.5%UC-AOE,38.8444,69.5328,38717.1556,69671.204,38717.1556,10406.54,157.5716,1661.7272,457.71,13392.9524,0.0,271.1468,0.0,0.0,0.0,0.0,12369.5028,0.0,0.0,0.0,157.5716,10406.54,0.0,10750.8348,2642.1176,0.0,0.0,399.72,10222967.797
runs/CZ02/SFm&1&rDXGF&Ex&dxAC_equip/RB-dxAC_equip-spltAC-SEER-BA-rDXGF-NoLRM-22.5%UC-AOE/instance-out.sql,CZ02,SFm,weighted,rDXGF,Ex,dxAC_equip,,RB-dxAC_equip-spltAC-SEER-BA-rDXGF-NoLRM-22.5%UC-AOE,SFm&1&rDXGF&Ex&dxAC_equip,RB-dxAC_equip-spltAC-SEER-BA-rDXGF-NoLRM-22.5%UC-AOE,50.6788,87.4336,51346.3092,88949.7288,51346.3092,20560.6752,2158.5352,1661.7272,457.71,13392.9524,0.0,953.1032,0.0,0.0,0.0,0.0,12161.6012,0.0,0.0,0.0,2158.5352,20560.6752,0.0,10750.8348,2642.1176,0.0,0.0,399.72,21306051.6861
runs/CZ03/SFm&1&rDXGF&Ex&dxAC_equip/RB-dxAC_equip-spltAC-SEER-BA-rDXGF-NoLRM-22.5%UC-AOE/instance-out.sql,CZ03,SFm,weighted,rDXGF,Ex,dxAC_equip,,RB-dxAC_equip-spltAC-SEER-BA-rDXGF-NoLRM-22.5%UC-AOE,SFm&1&rDXGF&Ex&dxAC_equip,RB-dxAC_equip-spltAC-SEER-BA-rDXGF-NoLRM-22.5%UC-AOE,45.9672,81.5508,46375.0372,82723.7696,46375.032,16003.6568,2122.7112,1661.7272,457.71,13392.9524,0.0,587.0544,0.0,0.0,0.0,0.0,12149.2156,0.0,0.0,0.0,2122.7112,16003.6568,0.0,10750.8348,2642.1176,0.0,0.0,399.72,24268301.5028
runs/CZ04/SFm&1&rDXGF&Ex&dxAC_equip/RB-dxAC_equip-spltAC-SEER-BA-rDXGF-NoLRM-22.5%UC-AOE/instance-out.sql,CZ04,SFm,weighted,rDXGF,Ex,dxAC_equip,,RB-dxAC_equip-spltAC-SEER-BA-rDXGF-NoLRM-22.5%UC-AOE,SFm&1&rDXGF&Ex&dxAC_equip,RB-dxAC_equip-spltAC-SEER-BA-rDXGF-NoLRM-22.5%UC-AOE,54.0716,98.8392,54927.6572,101001.2224,54927.6472,20332.1572,5424.496,1661.7272,457.71,13392.9524,0.0,1609.0424,0.0,0.0,0.0,0.0,12049.5624,0.0,0.0,0.0,5424.496,20332.1572,0.0,10750.8348,2642.1176,0.0,0.0,399.72,35109092.151
runs/CZ05/SFm&1&rDXGF&Ex&dxAC_equip/RB-dxAC_equip-spltAC-SEER-BA-rDXGF-NoLRM-22.5%UC-AOE/instance-out.sql,CZ05,SFm,weighted,rDXGF,Ex,dxAC_equip,,RB-dxAC_equip-spltAC-SEER-BA-rDXGF-NoLRM-22.5%UC-AOE,SFm&1&rDXGF&Ex&dxAC_equip,RB-dxAC_equip-spltAC-SEER-BA-rDXGF-NoLRM-22.5%UC-AOE,46.1072,81.3016,46651.4084,82628.452,46651.3984,16467.0952,1841.6624,1661.7272,457.71,13392.9524,0.0,678.5192,0.0,0.0,0.0,0.0,12151.732,0.0,0.0,0.0,1841.6624,16467.0952,0.0,10750.8348,2642.1176,0.0,0.0,399.72,20437760.8578
runs/CZ06/SFm&1&rDXGF&Ex&dxAC_equip/RB-dxAC_equip-spltAC-SEER-BA-rDXGF-NoLRM-22.5%UC-AOE/instance-out.sql,CZ06,SFm,weighted,rDXGF,Ex,dxAC_equip,,RB-dxAC_equip-spltAC-SEER-BA-rDXGF-NoLRM-22.5%UC-AOE,SFm&1&rDXGF&Ex&dxAC_equip,RB-dxAC_equip-spltAC-SEER-BA-rDXGF-NoLRM-22.5%UC-AOE,38.8905,74.7265,40551.3305,78435.273,40551.3305,9326.732,2743.5545,1676.927,457.71,13838.389,0.0,560.843,0.0,0.0,0.0,0.0,11947.165,0.0,0.0,0.0,2743.5545,9326.732,0.0,11112.8755,2725.5135,0.0,0.0,418.62,21422592.9367
runs/CZ07/SFm&1&rDXGF&Ex&dxAC_equip/RB-dxAC_equip-spltAC-SEER-BA-rDXGF-NoLRM-22.5%UC-AOE/instance-out.sql,CZ07,SFm,weighted,rDXGF,Ex,dxAC_equip,,RB-dxAC_equip-spltAC-SEER-BA-rDXGF-NoLRM-22.5%UC-AOE,SFm&1&rDXGF&Ex&dxAC_equip,RB-dxAC_equip-spltAC-SEER-BA-rDXGF-NoLRM-22.5%UC-AOE,36.9555,70.9485,38383.8645,74153.0225,38383.8645,8112.5565,1941.305,1676.927,457.71,13838.389,0.0,435.236,0.0,0.0,0.0,0.0,11921.731,0.0,0.0,0.0,1941.305,8112.5565,0.0,11112.8755,2725.5135,0.0,0.0,418.62,23756399.9002
runs/CZ08/SFm&1&rDXGF&Ex&dxAC_equip/RB-dxAC_equip-spltAC-SEER-BA-rDXGF-NoLRM-22.5%UC-AOE/instance-out.sql,CZ08,SFm,weighted,rDXGF,Ex,dxAC_equip,,RB-dxAC_equip-spltAC-SEER-BA-rDXGF-NoLRM-22.5%UC-AOE,SFm&1&rDXGF&Ex&dxAC_equip,RB-dxAC_equip-spltAC-SEER-BA-rDXGF-NoLRM-22.5%UC-AOE,41.0825,83.4325,42926.9725,87987.2655,42926.967,8446.358,5590.4745,1676.927,457.71,13838.389,0.0,1063.3215,0.0,0.0,0.0,0.0,11853.7925,0.0,0.0,0.0,5590.4745,8446.358,0.0,11112.8755,2725.5135,0.0,0.0,418.62,43916988.7529
runs/CZ09/SFm&1&rDXGF&Ex&dxAC_equip/RB-dxAC_equip-spltAC-SEER-BA-rDXGF-NoLRM-22.5%UC-AOE/instance-out.sql,CZ09,SFm,weighted,rDXGF,Ex,dxAC_equip,,RB-dxAC_equip-spltAC-SEER-BA-rDXGF-NoLRM-22.5%UC-AOE,SFm&1&rDXGF&Ex&dxAC_equip,RB-dxAC_equip-spltAC-SEER-BA-rDXGF-NoLRM-22.5%UC-AOE,48.5809,93.561,45437.3414,88083.2445,45437.3414,12461.1454,5315.0269,1629.1562,457.71,12438.4454,0.0,1264.0539,0.0,0.0,0.0,0.0,11871.7903,0.0,0.0,0.0,5315.0269,12461.1454,0.0,9975.0333,2463.4121,0.0,0.0,359.22,48024041.2479
runs/CZ01/SFm&1&rDXGF&Ex&dxAC_equip/RB-dxAC_equip-spltAC-SEER-BA-rDXGF-NoLRM-30%UC-AOE/instance-out.sql,CZ01,SFm,weighted,rDXGF,Ex,dxAC_equip,,RB-dxAC_equip-spltAC-SEER-BA-rDXGF-NoLRM-30%UC-AOE,SFm&1&rDXGF&Ex&dxAC_equip,RB-dxAC_equip-spltAC-SEER-BA-rDXGF-NoLRM-30%UC-AOE,38.8492,69.5724,38731.2484,69715.832,38731.2484,10406.54,171.6644,1661.7272,457.71,13392.9524,0.0,271.1468,0.0,0.0,0.0,0.0,12369.5028,0.0,0.0,0.0,171.6644,10406.54,0.0,10750.8348,2642.1176,0.0,0.0,399.72,10427618.3271
runs/CZ02/SFm&1&rDXGF&Ex&dxAC_equip/RB-dxAC_equip-spltAC-SEER-BA-rDXGF-NoLRM-30%UC-AOE/instance-out.sql,CZ02,SFm,weighted,rDXGF,Ex,dxAC_equip,,RB-dxAC_equip-spltAC-SEER-BA-rDXGF-NoLRM-30%UC-AOE,SFm&1&rDXGF&Ex&dxAC_equip,RB-dxAC_equip-spltAC-SEER-BA-rDXGF-NoLRM-30%UC-AOE,50.8516,87.9868,51539.3564,89561.1124,51539.3564,20560.6752,2351.5824,1661.7272,457.71,13392.9524,0.0,953.1032,0.0,0.0,0.0,0.0,12161.6012,0.0,0.0,0.0,2351.5824,20560.6752,0.0,10750.8348,2642.1176,0.0,0.0,399.72,22370131.5022
runs/CZ03/SFm&1&rDXGF&Ex&dxAC_equip/RB-dxAC_equip-spltAC-SEER-BA-rDXGF-NoLRM-30%UC-AOE/instance-out.sql,CZ03,SFm,weighted,rDXGF,Ex,dxAC_equip,,RB-dxAC_equip-spltAC-SEER-BA-rDXGF-NoLRM-30%UC-AOE,SFm&1&rDXGF&Ex&dxAC_equip,RB-dxAC_equip-spltAC-SEER-BA-rDXGF-NoLRM-30%UC-AOE,46.1352,82.0888,46564.8804,83325.0028,46564.8804,16003.6568,2312.5544,1661.7272,457.71,13392.9524,0.0,587.0544,0.0,0.0,0.0,0.0,12149.2156,0.0,0.0,0.0,2312.5544,16003.6568,0.0,10750.8348,2642.1176,0.0,0.0,399.72,25606861.365
runs/CZ04/SFm&1&rDXGF&Ex&dxAC_equip/RB-dxAC_equip-spltAC-SEER-BA-rDXGF-NoLRM-30%UC-AOE/instance-out.sql,CZ04,SFm,weighted,rDXGF,Ex,dxAC_equip,,RB-dxAC_equip-spltAC-SEER-BA-rDXGF-NoLRM-30%UC-AOE,SFm&1&rDXGF&Ex&dxAC_equip,RB-dxAC_equip-spltAC-SEER-BA-rDXGF-NoLRM-30%UC-AOE,54.5232,100.2676,55412.7916,102537.656,55412.7916,20332.1572,5909.6304,1661.7272,457.71,13392.9524,0.0,1609.0424,0.0,0.0,0.0,0.0,12049.5624,0.0,0.0,0.0,5909.6304,20332.1572,0.0,10750.8348,2642.1176,0.0,0.0,399.72,37220576.1889
runs/CZ05/SFm&1&rDXGF&Ex&dxAC_equip/RB-dxAC_equip-spltAC-SEER-BA-rDXGF-NoLRM-30%UC-AOE/instance-out.sql,CZ05,SFm,weighted,rDXGF,Ex,dxAC_equip,,RB-dxAC_equip-spltAC-SEER-BA-rDXGF-NoLRM-30%UC-AOE,SFm&1&rDXGF&Ex&dxAC_equip,RB-dxAC_equip-spltAC-SEER-BA-rDXGF-NoLRM-30%UC-AOE,46.2552,81.77,46816.114,83150.0844,46816.1088,16467.0952,2006.3728,1661.7272,457.71,13392.9524,0.0,678.5192,0.0,0.0,0.0,0.0,12151.732,0.0,0.0,0.0,2006.3728,16467.0952,0.0,10750.8348,2642.1176,0.0,0.0,399.72,21445309.3708
runs/CZ06/SFm&1&rDXGF&Ex&dxAC_equip/RB-dxAC_equip-spltAC-SEER-BA-rDXGF-NoLRM-30%UC-AOE/instance-out.sql,CZ06,SFm,weighted,rDXGF,Ex,dxAC_equip,,RB-dxAC_equip-spltAC-SEER-BA-rDXGF-NoLRM-30%UC-AOE,SFm&1&rDXGF&Ex&dxAC_equip,RB-dxAC_equip-spltAC-SEER-BA-rDXGF-NoLRM-30%UC-AOE,39.11,75.4205,40796.6945,79212.3565,40796.6945,9326.732,2988.9285,1676.927,457.71,13838.389,0.0,560.843,0.0,0.0,0.0,0.0,11947.165,0.0,0.0,0.0,2988.9285,9326.732,0.0,11112.8755,2725.5135,0.0,0.0,418.62,22505900.4873
runs/CZ07/SFm&1&rDXGF&Ex&dxAC_equip/RB-dxAC_equip-spltAC-SEER-BA-rDXGF-NoLRM-30%UC-AOE/instance-out.sql,CZ07,SFm,weighted,rDXGF,Ex,dxAC_equip,,RB-dxAC_equip-spltAC-SEER-BA-rDXGF-NoLRM-30%UC-AOE,SFm&1&rDXGF&Ex&dxAC_equip,RB-dxAC_equip-spltAC-SEER-BA-rDXGF-NoLRM-30%UC-AOE,37.113,71.4465,38557.4825,74702.8745,38557.478,8112.5565,2114.9285,1676.927,457.71,13838.389,0.0,435.236,0.0,0.0,0.0,0.0,11921.731,0.0,0.0,0.0,2114.9285,8112.5565,0.0,11112.8755,2725.5135,0.0,0.0,418.62,25021157.3126
runs/CZ08/SFm&1&rDXGF&Ex&dxAC_equip/RB-dxAC_equip-spltAC-SEER-BA-rDXGF-NoLRM-30%UC-AOE/instance-out.sql,CZ08,SFm,weighted,rDXGF,Ex,dxAC_equip,,RB-dxAC_equip-spltAC-SEER-BA-rDXGF-NoLRM-30%UC-AOE,SFm&1&rDXGF&Ex&dxAC_equip,RB-dxAC_equip-spltAC-SEER-BA-rDXGF-NoLRM-30%UC-AOE,41.536,84.864,43426.9515,89570.706,43426.9515,8446.358,6090.4535,1676.927,457.71,13838.389,0.0,1063.3215,0.0,0.0,0.0,0.0,11853.7925,0.0,0.0,0.0,6090.4535,8446.358,0.0,11112.8755,2725.5135,0.0,0.0,418.62,46769646.0128
runs/CZ09/SFm&1&rDXGF&Ex&dxAC_equip/RB-dxAC_equip-spltAC-SEER-BA-rDXGF-NoLRM-30%UC-AOE/instance-out.sql,CZ09,SFm,weighted,rDXGF,Ex,dxAC_equip,,RB-dxAC_equip-spltAC-SEER-BA-rDXGF-NoLRM-30%UC-AOE,SFm&1&rDXGF&Ex&dxAC_equip,RB-dxAC_equip-spltAC-SEER-BA-rDXGF-NoLRM-30%UC-AOE,49.067,95.0892,45912.6824,89588.6749,45912.6924,12461.1454,5790.3746,1629.1562,457.71,12438.4454,0.0,1264.0539,0.0,0.0,0.0,0.0,11871.7903,0.0,0.0,0.0,5790.3746,12461.1454,0.0,9975.0333,2463.4121,0.0,0.0,359.22,51239857.4763
runs/CZ01/SFm&1&rDXGF&Ex&dxAC_equip/RB-dxAC_equip-spltAC-SEER-BA-rDXGF-NoLRM-40%UC-AOE/instance-out.sql,CZ01,SFm,weighted,rDXGF,Ex,dxAC_equip,,RB-dxAC_equip-spltAC-SEER-BA-rDXGF-NoLRM-40%UC-AOE,SFm&1&rDXGF&Ex&dxAC_equip,RB-dxAC_equip-spltAC-SEER-BA-rDXGF-NoLRM-40%UC-AOE,38.8692,69.6268,38750.0404,69775.3428,38750.0404,10406.54,190.4516,1661.7272,457.71,13392.9524,0.0,271.1468,0.0,0.0,0.0,0.0,12369.5028,0.0,0.0,0.0,190.4516,10406.54,0.0,10750.8348,2642.1176,0.0,0.0,399.72,10700485.7022
runs/CZ02/SFm&1&rDXGF&Ex&dxAC_equip/RB-dxAC_equip-spltAC-SEER-BA-rDXGF-NoLRM-40%UC-AOE/instance-out.sql,CZ02,SFm,weighted,rDXGF,Ex,dxAC_equip,,RB-dxAC_equip-spltAC-SEER-BA-rDXGF-NoLRM-40%UC-AOE,SFm&1&rDXGF&Ex&dxAC_equip,RB-dxAC_equip-spltAC-SEER-BA-rDXGF-NoLRM-40%UC-AOE,51.0888,88.728,51796.7548,90376.2892,51796.7548,20560.6752,2608.9808,1661.7272,457.71,13392.9524,0.0,953.1032,0.0,0.0,0.0,0.0,12161.6012,0.0,0.0,0.0,2608.9808,20560.6752,0.0,10750.8348,2642.1176,0.0,0.0,399.72,23788904.5984
runs/CZ03/SFm&1&rDXGF&Ex&dxAC_equip/RB-dxAC_equip-spltAC-SEER-BA-rDXGF-NoLRM-40%UC-AOE/instance-out.sql,CZ03,SFm,weighted,rDXGF,Ex,dxAC_equip,,RB-dxAC_equip-spltAC-SEER-BA-rDXGF-NoLRM-40%UC-AOE,SFm&1&rDXGF&Ex&dxAC_equip,RB-dxAC_equip-spltAC-SEER-BA-rDXGF-NoLRM-40%UC-AOE,46.3672,82.8196,46818.0032,84126.6524,46818.0032,16003.6568,2565.682,1661.7272,457.71,13392.9524,0.0,587.0544,0.0,0.0,0.0,0.0,12149.2156,0.0,0.0,0.0,2565.682,16003.6568,0.0,10750.8348,2642.1176,0.0,0.0,399.72,27391607.858
runs/CZ04/SFm&1&rDXGF&Ex&dxAC_equip/RB-dxAC_equip-spltAC-SEER-BA-rDXGF-NoLRM-40%UC-AOE/instance-out.sql,CZ04,SFm,weighted,rDXGF,Ex,dxAC_equip,,RB-dxAC_equip-spltAC-SEER-BA-rDXGF-NoLRM-40%UC-AOE,SFm&1&rDXGF&Ex&dxAC_equip,RB-dxAC_equip-spltAC-SEER-BA-rDXGF-NoLRM-40%UC-AOE,55.1232,102.172,56059.6424,104586.2308,56059.6376,20332.1572,6556.4864,1661.7272,457.71,13392.9524,0.0,1609.0424,0.0,0.0,0.0,0.0,12049.5624,0.0,0.0,0.0,6556.4864,20332.1572,0.0,10750.8348,2642.1176,0.0,0.0,399.72,40035888.2554
runs/CZ05/SFm&1&rDXGF&Ex&dxAC_equip/RB-dxAC_equip-spltAC-SEER-BA-rDXGF-NoLRM-40%UC-AOE/instance-out.sql,CZ05,SFm,weighted,rDXGF,Ex,dxAC_equip,,RB-dxAC_equip-spltAC-SEER-BA-rDXGF-NoLRM-40%UC-AOE,SFm&1&rDXGF&Ex&dxAC_equip,RB-dxAC_equip-spltAC-SEER-BA-rDXGF-NoLRM-40%UC-AOE,46.4524,82.3964,47035.7244,83845.596,47035.7244,16467.0952,2225.9832,1661.7272,457.71,13392.9524,0.0,678.5192,0.0,0.0,0.0,0.0,12151.732,0.0,0.0,0.0,2225.9832,16467.0952,0.0,10750.8348,2642.1176,0.0,0.0,399.72,22788707.3959
runs/CZ06/SFm&1&rDXGF&Ex&dxAC_equip/RB-dxAC_equip-spltAC-SEER-BA-rDXGF-NoLRM-40%UC-AOE/instance-out.sql,CZ06,SFm,weighted,rDXGF,Ex,dxAC_equip,,RB-dxAC_equip-spltAC-SEER-BA-rDXGF-NoLRM-40%UC-AOE,SFm&1&rDXGF&Ex&dxAC_equip,RB-dxAC_equip-spltAC-SEER-BA-rDXGF-NoLRM-40%UC-AOE,39.406,76.355,41123.8565,80248.467,41123.8565,9326.732,3316.085,1676.927,457.71,13838.389,0.0,560.843,0.0,0.0,0.0,0.0,11947.165,0.0,0.0,0.0,3316.085,9326.732,0.0,11112.8755,2725.5135,0.0,0.0,418.62,23950310.5629
runs/CZ07/SFm&1&rDXGF&Ex&dxAC_equip/RB-dxAC_equip-spltAC-SEER-BA-rDXGF-NoLRM-40%UC-AOE/instance-out.sql,CZ07,SFm,weighted,rDXGF,Ex,dxAC_equip,,RB-dxAC_equip-spltAC-SEER-BA-rDXGF-NoLRM-40%UC-AOE,SFm&1&rDXGF&Ex&dxAC_equip,RB-dxAC_equip-spltAC-SEER-BA-rDXGF-NoLRM-40%UC-AOE,37.3215,72.1165,38788.976,75436.019,38788.976,8112.5565,2346.421,1676.927,457.71,13838.389,0.0,435.236,0.0,0.0,0.0,0.0,11921.731,0.0,0.0,0.0,2346.421,8112.5565,0.0,11112.8755,2725.5135,0.0,0.0,418.62,26707500.5387
runs/CZ08/SFm&1&rDXGF&Ex&dxAC_equip/RB-dxAC_equip-spltAC-SEER-BA-rDXGF-NoLRM-40%UC-AOE/instance-out.sql,CZ08,SFm,weighted,rDXGF,Ex,dxAC_equip,,RB-dxAC_equip-spltAC-SEER-BA-rDXGF-NoLRM-40%UC-AOE,SFm&1&rDXGF&Ex&dxAC_equip,RB-dxAC_equip-spltAC-SEER-BA-rDXGF-NoLRM-40%UC-AOE,42.1325,86.769,44093.5935,91681.963,44093.5935,8446.358,6757.0955,1676.927,457.71,13838.389,0.0,1063.3215,0.0,0.0,0.0,0.0,11853.7925,0.0,0.0,0.0,6757.0955,8446.358,0.0,11112.8755,2725.5135,0.0,0.0,418.62,50573189.0476
runs/CZ09/SFm&1&rDXGF&Ex&dxAC_equip/RB-dxAC_equip-spltAC-SEER-BA-rDXGF-NoLRM-40%UC-AOE/instance-out.sql,CZ09,SFm,weighted,rDXGF,Ex,dxAC_equip,,RB-dxAC_equip-spltAC-SEER-BA-rDXGF-NoLRM-40%UC-AOE,SFm&1&rDXGF&Ex&dxAC_equip,RB-dxAC_equip-spltAC-SEER-BA-rDXGF-NoLRM-40%UC-AOE,49.7129,97.1301,46546.4826,91595.9099,46546.4826,12461.1454,6424.1681,1629.1562,457.71,12438.4454,0.0,1264.0539,0.0,0.0,0.0,0.0,11871.7903,0.0,0.0,0.0,6424.1681,12461.1454,0.0,9975.0333,2463.4121,0.0,0.0,359.22,55527612.4718
runs/CZ01/SFm&1&rDXGF&Ex&dxAC_equip/RB-dxAC_equip-spltAC-SEER-BA-rDXGF-NoLRM-7.5%UC-AOE/instance-out.sql,CZ01,SFm,weighted,rDXGF,Ex,dxAC_equip,,RB-dxAC_equip-spltAC-SEER-BA-rDXGF-NoLRM-7.5%UC-AOE,SFm&1&rDXGF&Ex&dxAC_equip,RB-dxAC_equip-spltAC-SEER-BA-rDXGF-NoLRM-7.5%UC-AOE,38.8148,69.4536,38688.9748,69581.9428,38688.97,10406.54,129.386,1661.7272,457.71,13392.9524,0.0,271.1468,0.0,0.0,0.0,0.0,12369.5028,0.0,0.0,0.0,129.386,10406.54,0.0,10750.8348,2642.1176,0.0,0.0,399.72,9813666.734
runs/CZ02/SFm&1&rDXGF&Ex&dxAC_equip/RB-dxAC_equip-spltAC-SEER-BA-rDXGF-NoLRM-7.5%UC-AOE/instance-out.sql,CZ02,SFm,weighted,rDXGF,Ex,dxAC_equip,,RB-dxAC_equip-spltAC-SEER-BA-rDXGF-NoLRM-7.5%UC-AOE,SFm&1&rDXGF&Ex&dxAC_equip,RB-dxAC_equip-spltAC-SEER-BA-rDXGF-NoLRM-7.5%UC-AOE,50.3228,86.322,50960.2144,87726.9612,50960.2144,20560.6752,1772.4404,1661.7272,457.71,13392.9524,0.0,953.1032,0.0,0.0,0.0,0.0,12161.6012,0.0,0.0,0.0,1772.4404,20560.6752,0.0,10750.8348,2642.1176,0.0,0.0,399.72,19177892.0405
runs/CZ03/SFm&1&rDXGF&Ex&dxAC_equip/RB-dxAC_equip-spltAC-SEER-BA-rDXGF-NoLRM-7.5%UC-AOE/instance-out.sql,CZ03,SFm,weighted,rDXGF,Ex,dxAC_equip,,RB-dxAC_equip-spltAC-SEER-BA-rDXGF-NoLRM-7.5%UC-AOE,SFm&1&rDXGF&Ex&dxAC_equip,RB-dxAC_equip-spltAC-SEER-BA-rDXGF-NoLRM-7.5%UC-AOE,45.6216,80.4596,45995.3456,81521.2932,45995.3456,16003.6568,1743.0244,1661.7272,457.71,13392.9524,0.0,587.0544,0.0,0.0,0.0,0.0,12149.2156,0.0,0.0,0.0,1743.0244,16003.6568,0.0,10750.8348,2642.1176,0.0,0.0,399.72,21591181.7617
runs/CZ04/SFm&1&rDXGF&Ex&dxAC_equip/RB-dxAC_equip-spltAC-SEER-BA-rDXGF-NoLRM-7.5%UC-AOE/instance-out.sql,CZ04,SFm,weighted,rDXGF,Ex,dxAC_equip,,RB-dxAC_equip-spltAC-SEER-BA-rDXGF-NoLRM-7.5%UC-AOE,SFm&1&rDXGF&Ex&dxAC_equip,RB-dxAC_equip-spltAC-SEER-BA-rDXGF-NoLRM-7.5%UC-AOE,53.1692,95.9824,53957.3784,97928.36,53957.3732,20332.1572,4454.2172,1661.7272,457.71,13392.9524,0.0,1609.0424,0.0,0.0,0.0,0.0,12049.5624,0.0,0.0,0.0,4454.2172,20332.1572,0.0,10750.8348,2642.1176,0.0,0.0,399.72,30886124.0486
runs/CZ05/SFm&1&rDXGF&Ex&dxAC_equip/RB-dxAC_equip-spltAC-SEER-BA-rDXGF-NoLRM-7.5%UC-AOE/instance-out.sql,CZ05,SFm,weighted,rDXGF,Ex,dxAC_equip,,RB-dxAC_equip-spltAC-SEER-BA-rDXGF-NoLRM-7.5%UC-AOE,SFm&1&rDXGF&Ex&dxAC_equip,RB-dxAC_equip-spltAC-SEER-BA-rDXGF-NoLRM-7.5%UC-AOE,45.8064,80.3596,46321.9876,81585.192,46321.9828,16467.0952,1512.2468,1661.7272,457.71,13392.9524,0.0,678.5192,0.0,0.0,0.0,0.0,12151.732,0.0,0.0,0.0,1512.2468,16467.0952,0.0,10750.8348,2642.1176,0.0,0.0,399.72,18422663.819
runs/CZ06/SFm&1&rDXGF&Ex&dxAC_equip/RB-dxAC_equip-spltAC-SEER-BA-rDXGF-NoLRM-7.5%UC-AOE/instance-out.sql,CZ06,SFm,weighted,rDXGF,Ex,dxAC_equip,,RB-dxAC_equip-spltAC-SEER-BA-rDXGF-NoLRM-7.5%UC-AOE,SFm&1&rDXGF&Ex&dxAC_equip,RB-dxAC_equip-spltAC-SEER-BA-rDXGF-NoLRM-7.5%UC-AOE,38.4515,73.332,40060.588,76881.105,40060.588,9326.732,2252.822,1676.927,457.71,13838.389,0.0,560.843,0.0,0.0,0.0,0.0,11947.165,0.0,0.0,0.0,2252.822,9326.732,0.0,11112.8755,2725.5135,0.0,0.0,418.62,19255977.8219
runs/CZ07/SFm&1&rDXGF&Ex&dxAC_equip/RB-dxAC_equip-spltAC-SEER-BA-rDXGF-NoLRM-7.5%UC-AOE/instance-out.sql,CZ07,SFm,weighted,rDXGF,Ex,dxAC_equip,,RB-dxAC_equip-spltAC-SEER-BA-rDXGF-NoLRM-7.5%UC-AOE,SFm&1&rDXGF&Ex&dxAC_equip,RB-dxAC_equip-spltAC-SEER-BA-rDXGF-NoLRM-7.5%UC-AOE,36.6405,69.948,38036.6175,73053.313,38036.6175,8112.5565,1594.068,1676.927,457.71,13838.389,0.0,435.236,0.0,0.0,0.0,0.0,11921.731,0.0,0.0,0.0,1594.068,8112.5565,0.0,11112.8755,2725.5135,0.0,0.0,418.62,21226885.0595
runs/CZ08/SFm&1&rDXGF&Ex&dxAC_equip/RB-dxAC_equip-spltAC-SEER-BA-rDXGF-NoLRM-7.5%UC-AOE/instance-out.sql,CZ08,SFm,weighted,rDXGF,Ex,dxAC_equip,,RB-dxAC_equip-spltAC-SEER-BA-rDXGF-NoLRM-7.5%UC-AOE,SFm&1&rDXGF&Ex&dxAC_equip,RB-dxAC_equip-spltAC-SEER-BA-rDXGF-NoLRM-7.5%UC-AOE,40.181,80.574,41927.0045,84820.38,41927.0045,8446.358,4590.5065,1676.927,457.71,13838.389,0.0,1063.3215,0.0,0.0,0.0,0.0,11853.7925,0.0,0.0,0.0,4590.5065,8446.358,0.0,11112.8755,2725.5135,0.0,0.0,418.62,38211674.1973
runs/CZ09/SFm&1&rDXGF&Ex&dxAC_equip/RB-dxAC_equip-spltAC-SEER-BA-rDXGF-NoLRM-7.5%UC-AOE/instance-out.sql,CZ09,SFm,weighted,rDXGF,Ex,dxAC_equip,,RB-dxAC_equip-spltAC-SEER-BA-rDXGF-NoLRM-7.5%UC-AOE,SFm&1&rDXGF&Ex&dxAC_equip,RB-dxAC_equip-spltAC-SEER-BA-rDXGF-NoLRM-7.5%UC-AOE,47.6187,90.5013,44486.6461,85072.397,44486.6461,12461.1454,4364.3316,1629.1562,457.71,12438.4454,0.0,1264.0539,0.0,0.0,0.0,0.0,11871.7903,0.0,0.0,0.0,4364.3316,12461.1454,0.0,9975.0333,2463.4121,0.0,0.0,359.22,41592408.7507
runs/CZ01/SFm&1&rDXHP&Ex&dxHP_equip/RB-dxHP_equip-spltHP-SEER-BA-rDXHP-LRM-LSC-AOE/instance-out.sql,CZ01,SFm,weighted,rDXHP,Ex,dxHP_equip,,RB-dxHP_equip-spltHP-SEER-BA-rDXHP-LRM-LSC-AOE,SFm&1&rDXHP&Ex&dxHP_equip,RB-dxHP_equip-spltHP-SEER-BA-rDXHP-LRM-LSC-AOE,32.8252,71.5496,32531.1084,71756.4944,32531.1084,4128.442,105.3204,1661.7272,457.71,13392.9524,0.0,415.2972,0.0,0.0,0.0,0.0,12369.6492,0.0,0.0,4128.442,105.3204,0.0,0.0,10750.8348,2642.1176,0.0,0.0,399.72,9464475.5006
runs/CZ02/SFm&1&rDXHP&Ex&dxHP_equip/RB-dxHP_equip-spltHP-SEER-BA-rDXHP-LRM-LSC-AOE/instance-out.sql,CZ02,SFm,weighted,rDXHP,Ex,dxHP_equip,,RB-dxHP_equip-spltHP-SEER-BA-rDXHP-LRM-LSC-AOE,SFm&1&rDXHP&Ex&dxHP_equip,RB-dxHP_equip-spltHP-SEER-BA-rDXHP-LRM-LSC-AOE,37.854,87.9352,37907.6408,89218.138,37907.6356,7506.708,1443.0588,1661.7272,457.71,13392.9524,0.0,1284.2548,0.0,0.0,0.0,0.0,12161.2196,0.0,0.0,7506.708,1443.0588,0.0,0.0,10750.8348,2642.1176,0.0,0.0,399.72,17361863.7685
runs/CZ03/SFm&1&rDXHP&Ex&dxHP_equip/RB-dxHP_equip-spltHP-SEER-BA-rDXHP-LRM-LSC-AOE/instance-out.sql,CZ03,SFm,weighted,rDXHP,Ex,dxHP_equip,,RB-dxHP_equip-spltHP-SEER-BA-rDXHP-LRM-LSC-AOE,SFm&1&rDXHP&Ex&dxHP_equip,RB-dxHP_equip-spltHP-SEER-BA-rDXHP-LRM-LSC-AOE,36.4012,83.3676,36411.7308,84505.9916,36411.7308,6549.2832,1419.0548,1661.7272,457.71,13392.9524,0.0,781.9756,0.0,0.0,0.0,0.0,12149.0276,0.0,0.0,6549.2832,1419.0548,0.0,0.0,10750.8348,2642.1176,0.0,0.0,399.72,19306707.3031
runs/CZ04/SFm&1&rDXHP&Ex&dxHP_equip/RB-dxHP_equip-spltHP-SEER-BA-rDXHP-LRM-LSC-AOE/instance-out.sql,CZ04,SFm,weighted,rDXHP,Ex,dxHP_equip,,RB-dxHP_equip-spltHP-SEER-BA-rDXHP-LRM-LSC-AOE,SFm&1&rDXHP&Ex&dxHP_equip,RB-dxHP_equip-spltHP-SEER-BA-rDXHP-LRM-LSC-AOE,40.4104,96.2748,40641.3168,98108.572,40641.3172,7465.7436,3626.2348,1661.7272,457.71,13392.9524,0.0,1987.5184,0.0,0.0,0.0,0.0,12049.4156,0.0,0.0,7465.7436,3626.2348,0.0,0.0,10750.8348,2642.1176,0.0,0.0,399.72,27282515.9078
runs/CZ05/SFm&1&rDXHP&Ex&dxHP_equip/RB-dxHP_equip-spltHP-SEER-BA-rDXHP-LRM-LSC-AOE/instance-out.sql,CZ05,SFm,weighted,rDXHP,Ex,dxHP_equip,,RB-dxHP_equip-spltHP-SEER-BA-rDXHP-LRM-LSC-AOE,SFm&1&rDXHP&Ex&dxHP_equip,RB-dxHP_equip-spltHP-SEER-BA-rDXHP-LRM-LSC-AOE,36.0308,82.1716,36029.0596,83288.5656,36029.0596,6229.7328,1231.0436,1661.7272,457.71,13392.9524,0.0,904.22,0.0,0.0,0.0,0.0,12151.6684,0.0,0.0,6229.7328,1231.0436,0.0,0.0,10750.8348,2642.1176,0.0,0.0,399.72,16703111.3776
runs/CZ06/SFm&1&rDXHP&Ex&dxHP_equip/RB-dxHP_equip-spltHP-SEER-BA-rDXHP-LRM-LSC-AOE/instance-out.sql,CZ06,SFm,weighted,rDXHP,Ex,dxHP_equip,,RB-dxHP_equip-spltHP-SEER-BA-rDXHP-LRM-LSC-AOE,SFm&1&rDXHP&Ex&dxHP_equip,RB-dxHP_equip-spltHP-SEER-BA-rDXHP-LRM-LSC-AOE,33.0385,74.115,34166.276,77641.2795,34166.276,3731.463,1834.041,1676.927,457.71,13838.389,0.0,680.5185,0.0,0.0,0.0,0.0,11947.222,0.0,0.0,3731.463,1834.041,0.0,0.0,11112.8755,2725.5135,0.0,0.0,418.62,17407136.2128
runs/CZ07/SFm&1&rDXHP&Ex&dxHP_equip/RB-dxHP_equip-spltHP-SEER-BA-rDXHP-LRM-LSC-AOE/instance-out.sql,CZ07,SFm,weighted,rDXHP,Ex,dxHP_equip,,RB-dxHP_equip-spltHP-SEER-BA-rDXHP-LRM-LSC-AOE,SFm&1&rDXHP&Ex&dxHP_equip,RB-dxHP_equip-spltHP-SEER-BA-rDXHP-LRM-LSC-AOE,31.9635,70.7485,32956.554,73863.441,32956.554,3223.6035,1297.6455,1676.927,457.71,13838.389,0.0,540.6605,0.0,0.0,0.0,0.0,11921.612,0.0,0.0,3223.6035,1297.6455,0.0,0.0,11112.8755,2725.5135,0.0,0.0,418.62,19068369.6184
runs/CZ08/SFm&1&rDXHP&Ex&dxHP_equip/RB-dxHP_equip-spltHP-SEER-BA-rDXHP-LRM-LSC-AOE/instance-out.sql,CZ08,SFm,weighted,rDXHP,Ex,dxHP_equip,,RB-dxHP_equip-spltHP-SEER-BA-rDXHP-LRM-LSC-AOE,SFm&1&rDXHP&Ex&dxHP_equip,RB-dxHP_equip-spltHP-SEER-BA-rDXHP-LRM-LSC-AOE,34.52,78.9985,35803.628,83020.8825,35803.6225,3053.8665,3737.1695,1676.927,457.71,13838.389,0.0,1185.526,0.0,0.0,0.0,0.0,11854.0345,0.0,0.0,3053.8665,3737.1695,0.0,0.0,11112.8755,2725.5135,0.0,0.0,418.62,33343140.3673
runs/CZ09/SFm&1&rDXHP&Ex&dxHP_equip/RB-dxHP_equip-spltHP-SEER-BA-rDXHP-LRM-LSC-AOE/instance-out.sql,CZ09,SFm,weighted,rDXHP,Ex,dxHP_equip,,RB-dxHP_equip-spltHP-SEER-BA-rDXHP-LRM-LSC-AOE,SFm&1&rDXHP&Ex&dxHP_equip,RB-dxHP_equip-spltHP-SEER-BA-rDXHP-LRM-LSC-AOE,38.5776,88.851,35765.3796,83408.5192,35765.3796,4355.708,3552.9598,1629.1562,457.71,12438.4454,0.0,1459.5024,0.0,0.0,0.0,0.0,11871.8912,0.0,0.0,4355.708,3552.9598,0.0,0.0,9975.0333,2463.4121,0.0,0.0,359.22,36104080.9589
runs/CZ01/SFm&1&rDXHP&Ex&dxHP_equip/RB-dxHP_equip-spltHP-SEER-BA-rDXHP-LRM-LSC-NC/instance-out.sql,CZ01,SFm,weighted,rDXHP,Ex,dxHP_equip,,RB-dxHP_equip-spltHP-SEER-BA-rDXHP-LRM-LSC-NC,SFm&1&rDXHP&Ex&dxHP_equip,RB-dxHP_equip-spltHP-SEER-BA-rDXHP-LRM-LSC-NC,32.0768,69.19,31757.092,69305.1912,31757.092,3364.7268,95.0192,1661.7272,457.71,13392.9524,0.0,415.2972,0.0,0.0,0.0,0.0,12369.6492,0.0,0.0,3364.7268,95.0192,0.0,0.0,10750.8348,2642.1176,0.0,0.0,399.72,9314917.6753
runs/CZ02/SFm&1&rDXHP&Ex&dxHP_equip/RB-dxHP_equip-spltHP-SEER-BA-rDXHP-LRM-LSC-NC/instance-out.sql,CZ02,SFm,weighted,rDXHP,Ex,dxHP_equip,,RB-dxHP_equip-spltHP-SEER-BA-rDXHP-LRM-LSC-NC,SFm&1&rDXHP&Ex&dxHP_equip,RB-dxHP_equip-spltHP-SEER-BA-rDXHP-LRM-LSC-NC,36.324,83.096,36313.7556,84170.3144,36313.7556,6053.906,1301.9812,1661.7272,457.71,13392.9524,0.0,1284.2548,0.0,0.0,0.0,0.0,12161.2196,0.0,0.0,6053.906,1301.9812,0.0,0.0,10750.8348,2642.1176,0.0,0.0,399.72,16584271.6342
runs/CZ03/SFm&1&rDXHP&Ex&dxHP_equip/RB-dxHP_equip-spltHP-SEER-BA-rDXHP-LRM-LSC-NC/instance-out.sql,CZ03,SFm,weighted,rDXHP,Ex,dxHP_equip,,RB-dxHP_equip-spltHP-SEER-BA-rDXHP-LRM-LSC-NC,SFm&1&rDXHP&Ex&dxHP_equip,RB-dxHP_equip-spltHP-SEER-BA-rDXHP-LRM-LSC-NC,35.0116,78.9696,34956.1164,79896.0572,34956.1164,5232.4008,1280.3176,1661.7272,457.71,13392.9524,0.0,781.9756,0.0,0.0,0.0,0.0,12149.0276,0.0,0.0,5232.4008,1280.3176,0.0,0.0,10750.8348,2642.1176,0.0,0.0,399.72,18328534.8398
runs/CZ04/SFm&1&rDXHP&Ex&dxHP_equip/RB-dxHP_equip-spltHP-SEER-BA-rDXHP-LRM-LSC-NC/instance-out.sql,CZ04,SFm,weighted,rDXHP,Ex,dxHP_equip,,RB-dxHP_equip-spltHP-SEER-BA-rDXHP-LRM-LSC-NC,SFm&1&rDXHP&Ex&dxHP_equip,RB-dxHP_equip-spltHP-SEER-BA-rDXHP-LRM-LSC-NC,38.6972,90.8612,38850.4316,92436.846,38850.4368,6029.3808,3271.7124,1661.7272,457.71,13392.9524,0.0,1987.5184,0.0,0.0,0.0,0.0,12049.4156,0.0,0.0,6029.3808,3271.7124,0.0,0.0,10750.8348,2642.1176,0.0,0.0,399.72,25739518.4424
runs/CZ05/SFm&1&rDXHP&Ex&dxHP_equip/RB-dxHP_equip-spltHP-SEER-BA-rDXHP-LRM-LSC-NC/instance-out.sql,CZ05,SFm,weighted,rDXHP,Ex,dxHP_equip,,RB-dxHP_equip-spltHP-SEER-BA-rDXHP-LRM-LSC-NC,SFm&1&rDXHP&Ex&dxHP_equip,RB-dxHP_equip-spltHP-SEER-BA-rDXHP-LRM-LSC-NC,34.7256,78.052,34668.4928,78979.66,34668.4928,4989.5244,1110.6904,1661.7272,457.71,13392.9524,0.0,904.22,0.0,0.0,0.0,0.0,12151.6684,0.0,0.0,4989.5244,1110.6904,0.0,0.0,10750.8348,2642.1176,0.0,0.0,399.72,15966830.665
runs/CZ06/SFm&1&rDXHP&Ex&dxHP_equip/RB-dxHP_equip-spltHP-SEER-BA-rDXHP-LRM-LSC-NC/instance-out.sql,CZ06,SFm,weighted,rDXHP,Ex,dxHP_equip,,RB-dxHP_equip-spltHP-SEER-BA-rDXHP-LRM-LSC-NC,SFm&1&rDXHP&Ex&dxHP_equip,RB-dxHP_equip-spltHP-SEER-BA-rDXHP-LRM-LSC-NC,32.175,71.367,33224.386,74658.3215,33224.386,2968.8745,1654.7295,1676.927,457.71,13838.389,0.0,680.5185,0.0,0.0,0.0,0.0,11947.222,0.0,0.0,2968.8745,1654.7295,0.0,0.0,11112.8755,2725.5135,0.0,0.0,418.62,16615492.9594
runs/CZ07/SFm&1&rDXHP&Ex&dxHP_equip/RB-dxHP_equip-spltHP-SEER-BA-rDXHP-LRM-LSC-NC/instance-out.sql,CZ07,SFm,weighted,rDXHP,Ex,dxHP_equip,,RB-dxHP_equip-spltHP-SEER-BA-rDXHP-LRM-LSC-NC,SFm&1&rDXHP&Ex&dxHP_equip,RB-dxHP_equip-spltHP-SEER-BA-rDXHP-LRM-LSC-NC,31.232,68.444,32170.721,71374.7235,32170.721,2564.639,1170.7825,1676.927,457.71,13838.389,0.0,540.6605,0.0,0.0,0.0,0.0,11921.612,0.0,0.0,2564.639,1170.7825,0.0,0.0,11112.8755,2725.5135,0.0,0.0,418.62,18144129.1511
runs/CZ08/SFm&1&rDXHP&Ex&dxHP_equip/RB-dxHP_equip-spltHP-SEER-BA-rDXHP-LRM-LSC-NC/instance-out.sql,CZ08,SFm,weighted,rDXHP,Ex,dxHP_equip,,RB-dxHP_equip-spltHP-SEER-BA-rDXHP-LRM-LSC-NC,SFm&1&rDXHP&Ex&dxHP_equip,RB-dxHP_equip-spltHP-SEER-BA-rDXHP-LRM-LSC-NC,33.621,76.143,34824.048,79918.556,34824.048,2439.65,3371.806,1676.927,457.71,13838.389,0.0,1185.526,0.0,0.0,0.0,0.0,11854.0345,0.0,0.0,2439.65,3371.806,0.0,0.0,11112.8755,2725.5135,0.0,0.0,418.62,31258518.8661
runs/CZ09/SFm&1&rDXHP&Ex&dxHP_equip/RB-dxHP_equip-spltHP-SEER-BA-rDXHP-LRM-LSC-NC/instance-out.sql,CZ09,SFm,weighted,rDXHP,Ex,dxHP_equip,,RB-dxHP_equip-spltHP-SEER-BA-rDXHP-LRM-LSC-NC,SFm&1&rDXHP&Ex&dxHP_equip,RB-dxHP_equip-spltHP-SEER-BA-rDXHP-LRM-LSC-NC,37.3119,84.8406,34539.1173,79524.9419,34539.1173,3476.8019,3205.6002,1629.1562,457.71,12438.4454,0.0,1459.5024,0.0,0.0,0.0,0.0,11871.8912,0.0,0.0,3476.8019,3205.6002,0.0,0.0,9975.0333,2463.4121,0.0,0.0,359.22,33754075.8898
runs/CZ01/SFm&1&rDXHP&Ex&dxHP_equip/RB-dxHP_equip-spltHP-SEER-BA-rDXHP-LRM-LSC-NR/instance-out.sql,CZ01,SFm,weighted,rDXHP,Ex,dxHP_equip,,RB-dxHP_equip-spltHP-SEER-BA-rDXHP-LRM-LSC-NR,SFm&1&rDXHP&Ex&dxHP_equip,RB-dxHP_equip-spltHP-SEER-BA-rDXHP-LRM-LSC-NR,32.0768,69.19,31757.092,69305.1912,31757.092,3364.7268,95.0192,1661.7272,457.71,13392.9524,0.0,415.2972,0.0,0.0,0.0,0.0,12369.6492,0.0,0.0,3364.7268,95.0192,0.0,0.0,10750.8348,2642.1176,0.0,0.0,399.72,9314917.6753
runs/CZ02/SFm&1&rDXHP&Ex&dxHP_equip/RB-dxHP_equip-spltHP-SEER-BA-rDXHP-LRM-LSC-NR/instance-out.sql,CZ02,SFm,weighted,rDXHP,Ex,dxHP_equip,,RB-dxHP_equip-spltHP-SEER-BA-rDXHP-LRM-LSC-NR,SFm&1&rDXHP&Ex&dxHP_equip,RB-dxHP_equip-spltHP-SEER-BA-rDXHP-LRM-LSC-NR,36.324,83.096,36313.7556,84170.3144,36313.7556,6053.906,1301.9812,1661.7272,457.71,13392.9524,0.0,1284.2548,0.0,0.0,0.0,0.0,12161.2196,0.0,0.0,6053.906,1301.9812,0.0,0.0,10750.8348,2642.1176,0.0,0.0,399.72,16584271.6342
runs/CZ03/SFm&1&rDXHP&Ex&dxHP_equip/RB-dxHP_equip-spltHP-SEER-BA-rDXHP-LRM-LSC-NR/instance-out.sql,CZ03,SFm,weighted,rDXHP,Ex,dxHP_equip,,RB-dxHP_equip-spltHP-SEER-BA-rDXHP-LRM-LSC-NR,SFm&1&rDXHP&Ex&dxHP_equip,RB-dxHP_equip-spltHP-SEER-BA-rDXHP-LRM-LSC-NR,35.0116,78.9696,34956.1164,79896.0572,34956.1164,5232.4008,1280.3176,1661.7272,457.71,13392.9524,0.0,781.9756,0.0,0.0,0.0,0.0,12149.0276,0.0,0.0,5232.4008,1280.3176,0.0,0.0,10750.8348,2642.1176,0.0,0.0,399.72,18328534.8398
runs/CZ04/SFm&1&rDXHP&Ex&dxHP_equip/RB-dxHP_equip-spltHP-SEER-BA-rDXHP-LRM-LSC-NR/instance-out.sql,CZ04,SFm,weighted,rDXHP,Ex,dxHP_equip,,RB-dxHP_equip-spltHP-SEER-BA-rDXHP-LRM-LSC-NR,SFm&1&rDXHP&Ex&dxHP_equip,RB-dxHP_equip-spltHP-SEER-BA-rDXHP-LRM-LSC-NR,38.6972,90.8612,38850.4316,92436.846,38850.4368,6029.3808,3271.7124,1661.7272,457.71,13392.9524,0.0,1987.5184,0.0,0.0,0.0,0.0,12049.4156,0.0,0.0,6029.3808,3271.7124,0.0,0.0,10750.8348,2642.1176,0.0,0.0,399.72,25739518.4424
runs/CZ05/SFm&1&rDXHP&Ex&dxHP_equip/RB-dxHP_equip-spltHP-SEER-BA-rDXHP-LRM-LSC-NR/instance-out.sql,CZ05,SFm,weighted,rDXHP,Ex,dxHP_equip,,RB-dxHP_equip-spltHP-SEER-BA-rDXHP-LRM-LSC-NR,SFm&1&rDXHP&Ex&dxHP_equip,RB-dxHP_equip-spltHP-SEER-BA-rDXHP-LRM-LSC-NR,34.7256,78.052,34668.4928,78979.66,34668.4928,4989.5244,1110.6904,1661.7272,457.71,13392.9524,0.0,904.22,0.0,0.0,0.0,0.0,12151.6684,0.0,0.0,4989.5244,1110.6904,0.0,0.0,10750.8348,2642.1176,0.0,0.0,399.72,15966830.665
runs/CZ06/SFm&1&rDXHP&Ex&dxHP_equip/RB-dxHP_equip-spltHP-SEER-BA-rDXHP-LRM-LSC-NR/instance-out.sql,CZ06,SFm,weighted,rDXHP,Ex,dxHP_equip,,RB-dxHP_equip-spltHP-SEER-BA-rDXHP-LRM-LSC-NR,SFm&1&rDXHP&Ex&dxHP_equip,RB-dxHP_equip-spltHP-SEER-BA-rDXHP-LRM-LSC-NR,32.175,71.367,33224.386,74658.3215,33224.386,2968.8745,1654.7295,1676.927,457.71,13838.389,0.0,680.5185,0.0,0.0,0.0,0.0,11947.222,0.0,0.0,2968.8745,1654.7295,0.0,0.0,11112.8755,2725.5135,0.0,0.0,418.62,16615492.9594
runs/CZ07/SFm&1&rDXHP&Ex&dxHP_equip/RB-dxHP_equip-spltHP-SEER-BA-rDXHP-LRM-LSC-NR/instance-out.sql,CZ07,SFm,weighted,rDXHP,Ex,dxHP_equip,,RB-dxHP_equip-spltHP-SEER-BA-rDXHP-LRM-LSC-NR,SFm&1&rDXHP&Ex&dxHP_equip,RB-dxHP_equip-spltHP-SEER-BA-rDXHP-LRM-LSC-NR,31.232,68.444,32170.721,71374.7235,32170.721,2564.639,1170.7825,1676.927,457.71,13838.389,0.0,540.6605,0.0,0.0,0.0,0.0,11921.612,0.0,0.0,2564.639,1170.7825,0.0,0.0,11112.8755,2725.5135,0.0,0.0,418.62,18144129.1511
runs/CZ08/SFm&1&rDXHP&Ex&dxHP_equip/RB-dxHP_equip-spltHP-SEER-BA-rDXHP-LRM-LSC-NR/instance-out.sql,CZ08,SFm,weighted,rDXHP,Ex,dxHP_equip,,RB-dxHP_equip-spltHP-SEER-BA-rDXHP-LRM-LSC-NR,SFm&1&rDXHP&Ex&dxHP_equip,RB-dxHP_equip-spltHP-SEER-BA-rDXHP-LRM-LSC-NR,33.621,76.143,34824.048,79918.556,34824.048,2439.65,3371.806,1676.927,457.71,13838.389,0.0,1185.526,0.0,0.0,0.0,0.0,11854.0345,0.0,0.0,2439.65,3371.806,0.0,0.0,11112.8755,2725.5135,0.0,0.0,418.62,31258518.8661
runs/CZ09/SFm&1&rDXHP&Ex&dxHP_equip/RB-dxHP_equip-spltHP-SEER-BA-rDXHP-LRM-LSC-NR/instance-out.sql,CZ09,SFm,weighted,rDXHP,Ex,dxHP_equip,,RB-dxHP_equip-spltHP-SEER-BA-rDXHP-LRM-LSC-NR,SFm&1&rDXHP&Ex&dxHP_equip,RB-dxHP_equip-spltHP-SEER-BA-rDXHP-LRM-LSC-NR,37.3119,84.8406,34539.1173,79524.9419,34539.1173,3476.8019,3205.6002,1629.1562,457.71,12438.4454,0.0,1459.5024,0.0,0.0,0.0,0.0,11871.8912,0.0,0.0,3476.8019,3205.6002,0.0,0.0,9975.0333,2463.4121,0.0,0.0,359.22,33754075.8898
runs/CZ01/SFm&1&rDXHP&Ex&dxHP_equip/RB-dxHP_equip-spltHP-SEER-BA-rDXHP-NoLRM-0%UC-AOE/instance-out.sql,CZ01,SFm,weighted,rDXHP,Ex,dxHP_equip,,RB-dxHP_equip-spltHP-SEER-BA-rDXHP-NoLRM-0%UC-AOE,SFm&1&rDXHP&Ex&dxHP_equip,RB-dxHP_equip-spltHP-SEER-BA-rDXHP-NoLRM-0%UC-AOE,32.9748,72.0232,32687.464,72251.6804,32687.464,4274.84,115.2732,1661.7272,457.71,13392.9524,0.0,415.2972,0.0,0.0,0.0,0.0,12369.6492,0.0,0.0,4274.84,115.2732,0.0,0.0,10750.8348,2642.1176,0.0,0.0,399.72,9609101.4268
runs/CZ02/SFm&1&rDXHP&Ex&dxHP_equip/RB-dxHP_equip-spltHP-SEER-BA-rDXHP-NoLRM-0%UC-AOE/instance-out.sql,CZ02,SFm,weighted,rDXHP,Ex,dxHP_equip,,RB-dxHP_equip-spltHP-SEER-BA-rDXHP-NoLRM-0%UC-AOE,SFm&1&rDXHP&Ex&dxHP_equip,RB-dxHP_equip-spltHP-SEER-BA-rDXHP-NoLRM-0%UC-AOE,38.2468,89.1684,38322.5584,90532.198,38322.5584,7785.2008,1579.4888,1661.7272,457.71,13392.9524,0.0,1284.2548,0.0,0.0,0.0,0.0,12161.2196,0.0,0.0,7785.2008,1579.4888,0.0,0.0,10750.8348,2642.1176,0.0,0.0,399.72,18113813.6074
runs/CZ03/SFm&1&rDXHP&Ex&dxHP_equip/RB-dxHP_equip-spltHP-SEER-BA-rDXHP-NoLRM-0%UC-AOE/instance-out.sql,CZ03,SFm,weighted,rDXHP,Ex,dxHP_equip,,RB-dxHP_equip-spltHP-SEER-BA-rDXHP-NoLRM-0%UC-AOE,SFm&1&rDXHP&Ex&dxHP_equip,RB-dxHP_equip-spltHP-SEER-BA-rDXHP-NoLRM-0%UC-AOE,36.7688,84.5204,36798.3292,85730.3476,36798.3292,6801.726,1553.2104,1661.7272,457.71,13392.9524,0.0,781.9756,0.0,0.0,0.0,0.0,12149.0276,0.0,0.0,6801.726,1553.2104,0.0,0.0,10750.8348,2642.1176,0.0,0.0,399.72,20252623.0267
runs/CZ04/SFm&1&rDXHP&Ex&dxHP_equip/RB-dxHP_equip-spltHP-SEER-BA-rDXHP-NoLRM-0%UC-AOE/instance-out.sql,CZ04,SFm,weighted,rDXHP,Ex,dxHP_equip,,RB-dxHP_equip-spltHP-SEER-BA-rDXHP-NoLRM-0%UC-AOE,SFm&1&rDXHP&Ex&dxHP_equip,RB-dxHP_equip-spltHP-SEER-BA-rDXHP-NoLRM-0%UC-AOE,40.992,98.1192,41259.4904,100066.326,41259.4904,7741.0876,3969.0644,1661.7272,457.71,13392.9524,0.0,1987.5184,0.0,0.0,0.0,0.0,12049.4156,0.0,0.0,7741.0876,3969.0644,0.0,0.0,10750.8348,2642.1176,0.0,0.0,399.72,28774630.6613
runs/CZ05/SFm&1&rDXHP&Ex&dxHP_equip/RB-dxHP_equip-spltHP-SEER-BA-rDXHP-NoLRM-0%UC-AOE/instance-out.sql,CZ05,SFm,weighted,rDXHP,Ex,dxHP_equip,,RB-dxHP_equip-spltHP-SEER-BA-rDXHP-NoLRM-0%UC-AOE,SFm&1&rDXHP&Ex&dxHP_equip,RB-dxHP_equip-spltHP-SEER-BA-rDXHP-NoLRM-0%UC-AOE,36.3588,83.2248,36383.1816,84410.0736,36383.1816,6467.4724,1347.4212,1661.7272,457.71,13392.9524,0.0,904.22,0.0,0.0,0.0,0.0,12151.6684,0.0,0.0,6467.4724,1347.4212,0.0,0.0,10750.8348,2642.1176,0.0,0.0,399.72,17415112.1025
runs/CZ06/SFm&1&rDXHP&Ex&dxHP_equip/RB-dxHP_equip-spltHP-SEER-BA-rDXHP-NoLRM-0%UC-AOE/instance-out.sql,CZ06,SFm,weighted,rDXHP,Ex,dxHP_equip,,RB-dxHP_equip-spltHP-SEER-BA-rDXHP-NoLRM-0%UC-AOE,SFm&1&rDXHP&Ex&dxHP_equip,RB-dxHP_equip-spltHP-SEER-BA-rDXHP-NoLRM-0%UC-AOE,33.328,75.039,34485.8545,78653.3805,34485.8545,3877.643,2007.435,1676.927,457.71,13838.389,0.0,680.5185,0.0,0.0,0.0,0.0,11947.222,0.0,0.0,3877.643,2007.435,0.0,0.0,11112.8755,2725.5135,0.0,0.0,418.62,18172673.8136
runs/CZ07/SFm&1&rDXHP&Ex&dxHP_equip/RB-dxHP_equip-spltHP-SEER-BA-rDXHP-NoLRM-0%UC-AOE/instance-out.sql,CZ07,SFm,weighted,rDXHP,Ex,dxHP_equip,,RB-dxHP_equip-spltHP-SEER-BA-rDXHP-NoLRM-0%UC-AOE,SFm&1&rDXHP&Ex&dxHP_equip,RB-dxHP_equip-spltHP-SEER-BA-rDXHP-NoLRM-0%UC-AOE,32.191,71.472,33205.5555,74652.032,33205.5555,3349.9265,1420.3295,1676.927,457.71,13838.389,0.0,540.6605,0.0,0.0,0.0,0.0,11921.612,0.0,0.0,3349.9265,1420.3295,0.0,0.0,11112.8755,2725.5135,0.0,0.0,418.62,19962131.8364
runs/CZ08/SFm&1&rDXHP&Ex&dxHP_equip/RB-dxHP_equip-spltHP-SEER-BA-rDXHP-NoLRM-0%UC-AOE/instance-out.sql,CZ08,SFm,weighted,rDXHP,Ex,dxHP_equip,,RB-dxHP_equip-spltHP-SEER-BA-rDXHP-NoLRM-0%UC-AOE,SFm&1&rDXHP&Ex&dxHP_equip,RB-dxHP_equip-spltHP-SEER-BA-rDXHP-NoLRM-0%UC-AOE,34.9515,80.3595,36274.684,84512.7275,36274.684,3171.6045,4090.4875,1676.927,457.71,13838.389,0.0,1185.526,0.0,0.0,0.0,0.0,11854.0345,0.0,0.0,3171.6045,4090.4875,0.0,0.0,11112.8755,2725.5135,0.0,0.0,418.62,35359018.2718
runs/CZ09/SFm&1&rDXHP&Ex&dxHP_equip/RB-dxHP_equip-spltHP-SEER-BA-rDXHP-NoLRM-0%UC-AOE/instance-out.sql,CZ09,SFm,weighted,rDXHP,Ex,dxHP_equip,,RB-dxHP_equip-spltHP-SEER-BA-rDXHP-NoLRM-0%UC-AOE,SFm&1&rDXHP&Ex&dxHP_equip,RB-dxHP_equip-spltHP-SEER-BA-rDXHP-NoLRM-0%UC-AOE,39.0938,90.4861,36269.7676,85005.9047,36269.7643,4524.1905,3888.862,1629.1562,457.71,12438.4454,0.0,1459.5024,0.0,0.0,0.0,0.0,11871.8912,0.0,0.0,4524.1905,3888.862,0.0,0.0,9975.0333,2463.4121,0.0,0.0,359.22,38376591.0005
runs/CZ01/SFm&1&rDXHP&Ex&dxHP_equip/RB-dxHP_equip-spltHP-SEER-BA-rDXHP-NoLRM-0%UC-NC/instance-out.sql,CZ01,SFm,weighted,rDXHP,Ex,dxHP_equip,,RB-dxHP_equip-spltHP-SEER-BA-rDXHP-NoLRM-0%UC-NC,SFm&1&rDXHP&Ex&dxHP_equip,RB-dxHP_equip-spltHP-SEER-BA-rDXHP-NoLRM-0%UC-NC,32.2016,69.5688,31882.3996,69702.0388,31882.3996,3481.0528,104.0008,1661.7272,457.71,13392.9524,0.0,415.2972,0.0,0.0,0.0,0.0,12369.6492,0.0,0.0,3481.0528,104.0008,0.0,0.0,10750.8348,2642.1176,0.0,0.0,399.72,9445404.195
runs/CZ02/SFm&1&rDXHP&Ex&dxHP_equip/RB-dxHP_equip-spltHP-SEER-BA-rDXHP-NoLRM-0%UC-NC/instance-out.sql,CZ02,SFm,weighted,rDXHP,Ex,dxHP_equip,,RB-dxHP_equip-spltHP-SEER-BA-rDXHP-NoLRM-0%UC-NC,SFm&1&rDXHP&Ex&dxHP_equip,RB-dxHP_equip-spltHP-SEER-BA-rDXHP-NoLRM-0%UC-NC,36.652,84.12,36658.1296,85260.9452,36658.1296,6275.1912,1425.0696,1661.7272,457.71,13392.9524,0.0,1284.2548,0.0,0.0,0.0,0.0,12161.2196,0.0,0.0,6275.1912,1425.0696,0.0,0.0,10750.8348,2642.1176,0.0,0.0,399.72,17262706.8226
runs/CZ03/SFm&1&rDXHP&Ex&dxHP_equip/RB-dxHP_equip-spltHP-SEER-BA-rDXHP-NoLRM-0%UC-NC/instance-out.sql,CZ03,SFm,weighted,rDXHP,Ex,dxHP_equip,,RB-dxHP_equip-spltHP-SEER-BA-rDXHP-NoLRM-0%UC-NC,SFm&1&rDXHP&Ex&dxHP_equip,RB-dxHP_equip-spltHP-SEER-BA-rDXHP-NoLRM-0%UC-NC,35.3144,79.9284,35277.736,80914.6328,35277.7408,5432.9828,1401.3552,1661.7272,457.71,13392.9524,0.0,781.9756,0.0,0.0,0.0,0.0,12149.0276,0.0,0.0,5432.9828,1401.3552,0.0,0.0,10750.8348,2642.1176,0.0,0.0,399.72,19181972.7672
runs/CZ04/SFm&1&rDXHP&Ex&dxHP_equip/RB-dxHP_equip-spltHP-SEER-BA-rDXHP-NoLRM-0%UC-NC/instance-out.sql,CZ04,SFm,weighted,rDXHP,Ex,dxHP_equip,,RB-dxHP_equip-spltHP-SEER-BA-rDXHP-NoLRM-0%UC-NC,SFm&1&rDXHP&Ex&dxHP_equip,RB-dxHP_equip-spltHP-SEER-BA-rDXHP-NoLRM-0%UC-NC,39.1992,92.4368,39378.5244,94109.3156,39378.5244,6248.1604,3581.0304,1661.7272,457.71,13392.9524,0.0,1987.5184,0.0,0.0,0.0,0.0,12049.4156,0.0,0.0,6248.1604,3581.0304,0.0,0.0,10750.8348,2642.1176,0.0,0.0,399.72,27085756.0521
runs/CZ05/SFm&1&rDXHP&Ex&dxHP_equip/RB-dxHP_equip-spltHP-SEER-BA-rDXHP-NoLRM-0%UC-NC/instance-out.sql,CZ05,SFm,weighted,rDXHP,Ex,dxHP_equip,,RB-dxHP_equip-spltHP-SEER-BA-rDXHP-NoLRM-0%UC-NC,SFm&1&rDXHP&Ex&dxHP_equip,RB-dxHP_equip-spltHP-SEER-BA-rDXHP-NoLRM-0%UC-NC,35.004,78.9312,34962.4056,79910.4692,34962.4056,5178.424,1215.6888,1661.7272,457.71,13392.9524,0.0,904.22,0.0,0.0,0.0,0.0,12151.6684,0.0,0.0,5178.424,1215.6888,0.0,0.0,10750.8348,2642.1176,0.0,0.0,399.72,16609222.379
runs/CZ06/SFm&1&rDXHP&Ex&dxHP_equip/RB-dxHP_equip-spltHP-SEER-BA-rDXHP-NoLRM-0%UC-NC/instance-out.sql,CZ06,SFm,weighted,rDXHP,Ex,dxHP_equip,,RB-dxHP_equip-spltHP-SEER-BA-rDXHP-NoLRM-0%UC-NC,SFm&1&rDXHP&Ex&dxHP_equip,RB-dxHP_equip-spltHP-SEER-BA-rDXHP-NoLRM-0%UC-NC,32.4235,72.149,33496.984,75521.6245,33496.984,3085.026,1811.176,1676.927,457.71,13838.389,0.0,680.5185,0.0,0.0,0.0,0.0,11947.222,0.0,0.0,3085.026,1811.176,0.0,0.0,11112.8755,2725.5135,0.0,0.0,418.62,17306187.4972
runs/CZ07/SFm&1&rDXHP&Ex&dxHP_equip/RB-dxHP_equip-spltHP-SEER-BA-rDXHP-NoLRM-0%UC-NC/instance-out.sql,CZ07,SFm,weighted,rDXHP,Ex,dxHP_equip,,RB-dxHP_equip-spltHP-SEER-BA-rDXHP-NoLRM-0%UC-NC,SFm&1&rDXHP&Ex&dxHP_equip,RB-dxHP_equip-spltHP-SEER-BA-rDXHP-NoLRM-0%UC-NC,31.4295,69.061,32381.78,72043.144,32381.78,2665.012,1281.4685,1676.927,457.71,13838.389,0.0,540.6605,0.0,0.0,0.0,0.0,11921.612,0.0,0.0,2665.012,1281.4685,0.0,0.0,11112.8755,2725.5135,0.0,0.0,418.62,18950512.3795
runs/CZ08/SFm&1&rDXHP&Ex&dxHP_equip/RB-dxHP_equip-spltHP-SEER-BA-rDXHP-NoLRM-0%UC-NC/instance-out.sql,CZ08,SFm,weighted,rDXHP,Ex,dxHP_equip,,RB-dxHP_equip-spltHP-SEER-BA-rDXHP-NoLRM-0%UC-NC,SFm&1&rDXHP&Ex&dxHP_equip,RB-dxHP_equip-spltHP-SEER-BA-rDXHP-NoLRM-0%UC-NC,33.9915,77.3365,35236.3725,81224.404,35236.3725,2533.2025,3690.578,1676.927,457.71,13838.389,0.0,1185.526,0.0,0.0,0.0,0.0,11854.0345,0.0,0.0,2533.2025,3690.578,0.0,0.0,11112.8755,2725.5135,0.0,0.0,418.62,33077313.7311
runs/CZ09/SFm&1&rDXHP&Ex&dxHP_equip/RB-dxHP_equip-spltHP-SEER-BA-rDXHP-NoLRM-0%UC-NC/instance-out.sql,CZ09,SFm,weighted,rDXHP,Ex,dxHP_equip,,RB-dxHP_equip-spltHP-SEER-BA-rDXHP-NoLRM-0%UC-NC,SFm&1&rDXHP&Ex&dxHP_equip,RB-dxHP_equip-spltHP-SEER-BA-rDXHP-NoLRM-0%UC-NC,37.7581,86.2592,34976.0468,80908.7133,34976.0468,3610.6695,3508.6655,1629.1562,457.71,12438.4454,0.0,1459.5024,0.0,0.0,0.0,0.0,11871.8912,0.0,0.0,3610.6695,3508.6655,0.0,0.0,9975.0333,2463.4121,0.0,0.0,359.22,35804413.1573
runs/CZ01/SFm&1&rDXHP&Ex&dxHP_equip/RB-dxHP_equip-spltHP-SEER-BA-rDXHP-NoLRM-0%UC-NR/instance-out.sql,CZ01,SFm,weighted,rDXHP,Ex,dxHP_equip,,RB-dxHP_equip-spltHP-SEER-BA-rDXHP-NoLRM-0%UC-NR,SFm&1&rDXHP&Ex&dxHP_equip,RB-dxHP_equip-spltHP-SEER-BA-rDXHP-NoLRM-0%UC-NR,32.2016,69.5688,31882.3996,69702.0388,31882.3996,3481.0528,104.0008,1661.7272,457.71,13392.9524,0.0,415.2972,0.0,0.0,0.0,0.0,12369.6492,0.0,0.0,3481.0528,104.0008,0.0,0.0,10750.8348,2642.1176,0.0,0.0,399.72,9445404.195
runs/CZ02/SFm&1&rDXHP&Ex&dxHP_equip/RB-dxHP_equip-spltHP-SEER-BA-rDXHP-NoLRM-0%UC-NR/instance-out.sql,CZ02,SFm,weighted,rDXHP,Ex,dxHP_equip,,RB-dxHP_equip-spltHP-SEER-BA-rDXHP-NoLRM-0%UC-NR,SFm&1&rDXHP&Ex&dxHP_equip,RB-dxHP_equip-spltHP-SEER-BA-rDXHP-NoLRM-0%UC-NR,36.652,84.12,36658.1296,85260.9452,36658.1296,6275.1912,1425.0696,1661.7272,457.71,13392.9524,0.0,1284.2548,0.0,0.0,0.0,0.0,12161.2196,0.0,0.0,6275.1912,1425.0696,0.0,0.0,10750.8348,2642.1176,0.0,0.0,399.72,17262706.8226
runs/CZ03/SFm&1&rDXHP&Ex&dxHP_equip/RB-dxHP_equip-spltHP-SEER-BA-rDXHP-NoLRM-0%UC-NR/instance-out.sql,CZ03,SFm,weighted,rDXHP,Ex,dxHP_equip,,RB-dxHP_equip-spltHP-SEER-BA-rDXHP-NoLRM-0%UC-NR,SFm&1&rDXHP&Ex&dxHP_equip,RB-dxHP_equip-spltHP-SEER-BA-rDXHP-NoLRM-0%UC-NR,35.3144,79.9284,35277.736,80914.6328,35277.7408,5432.9828,1401.3552,1661.7272,457.71,13392.9524,0.0,781.9756,0.0,0.0,0.0,0.0,12149.0276,0.0,0.0,5432.9828,1401.3552,0.0,0.0,10750.8348,2642.1176,0.0,0.0,399.72,19181972.7672
runs/CZ04/SFm&1&rDXHP&Ex&dxHP_equip/RB-dxHP_equip-spltHP-SEER-BA-rDXHP-NoLRM-0%UC-NR/instance-out.sql,CZ04,SFm,weighted,rDXHP,Ex,dxHP_equip,,RB-dxHP_equip-spltHP-SEER-BA-rDXHP-NoLRM-0%UC-NR,SFm&1&rDXHP&Ex&dxHP_equip,RB-dxHP_equip-spltHP-SEER-BA-rDXHP-NoLRM-0%UC-NR,39.1992,92.4368,39378.5244,94109.3156,39378.5244,6248.1604,3581.0304,1661.7272,457.71,13392.9524,0.0,1987.5184,0.0,0.0,0.0,0.0,12049.4156,0.0,0.0,6248.1604,3581.0304,0.0,0.0,10750.8348,2642.1176,0.0,0.0,399.72,27085756.0521
runs/CZ05/SFm&1&rDXHP&Ex&dxHP_equip/RB-dxHP_equip-spltHP-SEER-BA-rDXHP-NoLRM-0%UC-NR/instance-out.sql,CZ05,SFm,weighted,rDXHP,Ex,dxHP_equip,,RB-dxHP_equip-spltHP-SEER-BA-rDXHP-NoLRM-0%UC-NR,SFm&1&rDXHP&Ex&dxHP_equip,RB-dxHP_equip-spltHP-SEER-BA-rDXHP-NoLRM-0%UC-NR,35.004,78.9312,34962.4056,79910.4692,34962.4056,5178.424,1215.6888,1661.7272,457.71,13392.9524,0.0,904.22,0.0,0.0,0.0,0.0,12151.6684,0.0,0.0,5178.424,1215.6888,0.0,0.0,10750.8348,2642.1176,0.0,0.0,399.72,16609222.379
runs/CZ06/SFm&1&rDXHP&Ex&dxHP_equip/RB-dxHP_equip-spltHP-SEER-BA-rDXHP-NoLRM-0%UC-NR/instance-out.sql,CZ06,SFm,weighted,rDXHP,Ex,dxHP_equip,,RB-dxHP_equip-spltHP-SEER-BA-rDXHP-NoLRM-0%UC-NR,SFm&1&rDXHP&Ex&dxHP_equip,RB-dxHP_equip-spltHP-SEER-BA-rDXHP-NoLRM-0%UC-NR,32.4235,72.149,33496.984,75521.6245,33496.984,3085.026,1811.176,1676.927,457.71,13838.389,0.0,680.5185,0.0,0.0,0.0,0.0,11947.222,0.0,0.0,3085.026,1811.176,0.0,0.0,11112.8755,2725.5135,0.0,0.0,418.62,17306187.4972
runs/CZ07/SFm&1&rDXHP&Ex&dxHP_equip/RB-dxHP_equip-spltHP-SEER-BA-rDXHP-NoLRM-0%UC-NR/instance-out.sql,CZ07,SFm,weighted,rDXHP,Ex,dxHP_equip,,RB-dxHP_equip-spltHP-SEER-BA-rDXHP-NoLRM-0%UC-NR,SFm&1&rDXHP&Ex&dxHP_equip,RB-dxHP_equip-spltHP-SEER-BA-rDXHP-NoLRM-0%UC-NR,31.4295,69.061,32381.78,72043.144,32381.78,2665.012,1281.4685,1676.927,457.71,13838.389,0.0,540.6605,0.0,0.0,0.0,0.0,11921.612,0.0,0.0,2665.012,1281.4685,0.0,0.0,11112.8755,2725.5135,0.0,0.0,418.62,18950512.3795
runs/CZ08/SFm&1&rDXHP&Ex&dxHP_equip/RB-dxHP_equip-spltHP-SEER-BA-rDXHP-NoLRM-0%UC-NR/instance-out.sql,CZ08,SFm,weighted,rDXHP,Ex,dxHP_equip,,RB-dxHP_equip-spltHP-SEER-BA-rDXHP-NoLRM-0%UC-NR,SFm&1&rDXHP&Ex&dxHP_equip,RB-dxHP_equip-spltHP-SEER-BA-rDXHP-NoLRM-0%UC-NR,33.9915,77.3365,35236.3725,81224.404,35236.3725,2533.2025,3690.578,1676.927,457.71,13838.389,0.0,1185.526,0.0,0.0,0.0,0.0,11854.0345,0.0,0.0,2533.2025,3690.578,0.0,0.0,11112.8755,2725.5135,0.0,0.0,418.62,33077313.7311
runs/CZ09/SFm&1&rDXHP&Ex&dxHP_equip/RB-dxHP_equip-spltHP-SEER-BA-rDXHP-NoLRM-0%UC-NR/instance-out.sql,CZ09,SFm,weighted,rDXHP,Ex,dxHP_equip,,RB-dxHP_equip-spltHP-SEER-BA-rDXHP-NoLRM-0%UC-NR,SFm&1&rDXHP&Ex&dxHP_equip,RB-dxHP_equip-spltHP-SEER-BA-rDXHP-NoLRM-0%UC-NR,37.7581,86.2592,34976.0468,80908.7133,34976.0468,3610.6695,3508.6655,1629.1562,457.71,12438.4454,0.0,1459.5024,0.0,0.0,0.0,0.0,11871.8912,0.0,0.0,3610.6695,3508.6655,0.0,0.0,9975.0333,2463.4121,0.0,0.0,359.22,35804413.1573
runs/CZ01/SFm&1&rDXHP&Ex&dxHP_equip/RB-dxHP_equip-spltHP-SEER-BA-rDXHP-NoLRM-15%UC-AOE/instance-out.sql,CZ01,SFm,weighted,rDXHP,Ex,dxHP_equip,,RB-dxHP_equip-spltHP-SEER-BA-rDXHP-NoLRM-15%UC-AOE,SFm&1&rDXHP&Ex&dxHP_equip,RB-dxHP_equip-spltHP-SEER-BA-rDXHP-NoLRM-15%UC-AOE,33.4036,73.3744,33129.9816,73653.1384,33129.9816,4689.182,143.4536,1661.7272,457.71,13392.9524,0.0,415.2972,0.0,0.0,0.0,0.0,12369.6492,0.0,0.0,4689.182,143.4536,0.0,0.0,10750.8348,2642.1176,0.0,0.0,399.72,10018420.0854
runs/CZ02/SFm&1&rDXHP&Ex&dxHP_equip/RB-dxHP_equip-spltHP-SEER-BA-rDXHP-NoLRM-15%UC-AOE/instance-out.sql,CZ02,SFm,weighted,rDXHP,Ex,dxHP_equip,,RB-dxHP_equip-spltHP-SEER-BA-rDXHP-NoLRM-15%UC-AOE,SFm&1&rDXHP&Ex&dxHP_equip,RB-dxHP_equip-spltHP-SEER-BA-rDXHP-NoLRM-15%UC-AOE,39.3556,92.6892,39496.868,94251.2372,39496.868,8573.3916,1965.6076,1661.7272,457.71,13392.9524,0.0,1284.2548,0.0,0.0,0.0,0.0,12161.2196,0.0,0.0,8573.3916,1965.6076,0.0,0.0,10750.8348,2642.1176,0.0,0.0,399.72,20241973.5266
runs/CZ03/SFm&1&rDXHP&Ex&dxHP_equip/RB-dxHP_equip-spltHP-SEER-BA-rDXHP-NoLRM-15%UC-AOE/instance-out.sql,CZ03,SFm,weighted,rDXHP,Ex,dxHP_equip,,RB-dxHP_equip-spltHP-SEER-BA-rDXHP-NoLRM-15%UC-AOE,SFm&1&rDXHP&Ex&dxHP_equip,RB-dxHP_equip-spltHP-SEER-BA-rDXHP-NoLRM-15%UC-AOE,37.7924,87.7804,37892.4756,89195.5004,37892.4756,7516.1708,1932.9068,1661.7272,457.71,13392.9524,0.0,781.9756,0.0,0.0,0.0,0.0,12149.0276,0.0,0.0,7516.1708,1932.9068,0.0,0.0,10750.8348,2642.1176,0.0,0.0,399.72,22929742.9958
runs/CZ04/SFm&1&rDXHP&Ex&dxHP_equip/RB-dxHP_equip-spltHP-SEER-BA-rDXHP-NoLRM-15%UC-AOE/instance-out.sql,CZ04,SFm,weighted,rDXHP,Ex,dxHP_equip,,RB-dxHP_equip-spltHP-SEER-BA-rDXHP-NoLRM-15%UC-AOE,SFm&1&rDXHP&Ex&dxHP_equip,RB-dxHP_equip-spltHP-SEER-BA-rDXHP-NoLRM-15%UC-AOE,42.6424,103.3436,43009.0284,105607.1268,43009.0336,8520.3564,4939.3336,1661.7272,457.71,13392.9524,0.0,1987.5184,0.0,0.0,0.0,0.0,12049.4156,0.0,0.0,8520.3564,4939.3336,0.0,0.0,10750.8348,2642.1176,0.0,0.0,399.72,32997596.9397
runs/CZ05/SFm&1&rDXHP&Ex&dxHP_equip/RB-dxHP_equip-spltHP-SEER-BA-rDXHP-NoLRM-15%UC-AOE/instance-out.sql,CZ05,SFm,weighted,rDXHP,Ex,dxHP_equip,,RB-dxHP_equip-spltHP-SEER-BA-rDXHP-NoLRM-15%UC-AOE,SFm&1&rDXHP&Ex&dxHP_equip,RB-dxHP_equip-spltHP-SEER-BA-rDXHP-NoLRM-15%UC-AOE,37.3028,86.206,37385.422,87584.1724,37385.422,7140.326,1676.8132,1661.7272,457.71,13392.9524,0.0,904.22,0.0,0.0,0.0,0.0,12151.6684,0.0,0.0,7140.326,1676.8132,0.0,0.0,10750.8348,2642.1176,0.0,0.0,399.72,19430208.4915
runs/CZ06/SFm&1&rDXHP&Ex&dxHP_equip/RB-dxHP_equip-spltHP-SEER-BA-rDXHP-NoLRM-15%UC-AOE/instance-out.sql,CZ06,SFm,weighted,rDXHP,Ex,dxHP_equip,,RB-dxHP_equip-spltHP-SEER-BA-rDXHP-NoLRM-15%UC-AOE,SFm&1&rDXHP&Ex&dxHP_equip,RB-dxHP_equip-spltHP-SEER-BA-rDXHP-NoLRM-15%UC-AOE,34.1555,77.648,35390.3125,81517.797,35390.3125,4291.3685,2498.1665,1676.927,457.71,13838.389,0.0,680.5185,0.0,0.0,0.0,0.0,11947.222,0.0,0.0,4291.3685,2498.1665,0.0,0.0,11112.8755,2725.5135,0.0,0.0,418.62,20339289.6625
runs/CZ07/SFm&1&rDXHP&Ex&dxHP_equip/RB-dxHP_equip-spltHP-SEER-BA-rDXHP-NoLRM-15%UC-AOE/instance-out.sql,CZ07,SFm,weighted,rDXHP,Ex,dxHP_equip,,RB-dxHP_equip-spltHP-SEER-BA-rDXHP-NoLRM-15%UC-AOE,SFm&1&rDXHP&Ex&dxHP_equip,RB-dxHP_equip-spltHP-SEER-BA-rDXHP-NoLRM-15%UC-AOE,32.838,73.525,33910.2705,76883.875,33910.276,3707.4365,1767.5355,1676.927,457.71,13838.389,0.0,540.6605,0.0,0.0,0.0,0.0,11921.612,0.0,0.0,3707.4365,1767.5355,0.0,0.0,11112.8755,2725.5135,0.0,0.0,418.62,22491647.5447
runs/CZ08/SFm&1&rDXHP&Ex&dxHP_equip/RB-dxHP_equip-spltHP-SEER-BA-rDXHP-NoLRM-15%UC-AOE/instance-out.sql,CZ08,SFm,weighted,rDXHP,Ex,dxHP_equip,,RB-dxHP_equip-spltHP-SEER-BA-rDXHP-NoLRM-15%UC-AOE,SFm&1&rDXHP&Ex&dxHP_equip,RB-dxHP_equip-spltHP-SEER-BA-rDXHP-NoLRM-15%UC-AOE,36.1605,84.1985,37607.867,88734.919,37607.867,3504.8345,5090.4405,1676.927,457.71,13838.389,0.0,1185.526,0.0,0.0,0.0,0.0,11854.0345,0.0,0.0,3504.8345,5090.4405,0.0,0.0,11112.8755,2725.5135,0.0,0.0,418.62,41064333.0892
runs/CZ09/SFm&1&rDXHP&Ex&dxHP_equip/RB-dxHP_equip-spltHP-SEER-BA-rDXHP-NoLRM-15%UC-AOE/instance-out.sql,CZ09,SFm,weighted,rDXHP,Ex,dxHP_equip,,RB-dxHP_equip-spltHP-SEER-BA-rDXHP-NoLRM-15%UC-AOE,SFm&1&rDXHP&Ex&dxHP_equip,RB-dxHP_equip-spltHP-SEER-BA-rDXHP-NoLRM-15%UC-AOE,40.5557,95.1183,37697.2644,89526.7976,37697.2644,5001.0283,4839.5276,1629.1562,457.71,12438.4454,0.0,1459.5024,0.0,0.0,0.0,0.0,11871.8912,0.0,0.0,5001.0283,4839.5276,0.0,0.0,9975.0333,2463.4121,0.0,0.0,359.22,44808223.1862
runs/CZ01/SFm&1&rDXHP&Ex&dxHP_equip/RB-dxHP_equip-spltHP-SEER-BA-rDXHP-NoLRM-22.5%UC-AOE/instance-out.sql,CZ01,SFm,weighted,rDXHP,Ex,dxHP_equip,,RB-dxHP_equip-spltHP-SEER-BA-rDXHP-NoLRM-22.5%UC-AOE,SFm&1&rDXHP&Ex&dxHP_equip,RB-dxHP_equip-spltHP-SEER-BA-rDXHP-NoLRM-22.5%UC-AOE,33.618,74.0476,33351.2428,74353.8676,33351.248,4896.3556,157.5464,1661.7272,457.71,13392.9524,0.0,415.2972,0.0,0.0,0.0,0.0,12369.6492,0.0,0.0,4896.3556,157.5464,0.0,0.0,10750.8348,2642.1176,0.0,0.0,399.72,10223079.4152
runs/CZ02/SFm&1&rDXHP&Ex&dxHP_equip/RB-dxHP_equip-spltHP-SEER-BA-rDXHP-NoLRM-22.5%UC-AOE/instance-out.sql,CZ02,SFm,weighted,rDXHP,Ex,dxHP_equip,,RB-dxHP_equip-spltHP-SEER-BA-rDXHP-NoLRM-22.5%UC-AOE,SFm&1&rDXHP&Ex&dxHP_equip,RB-dxHP_equip-spltHP-SEER-BA-rDXHP-NoLRM-22.5%UC-AOE,39.9076,94.4496,40084.0228,96110.7468,40084.0228,8967.4844,2158.6696,1661.7272,457.71,13392.9524,0.0,1284.2548,0.0,0.0,0.0,0.0,12161.2196,0.0,0.0,8967.4844,2158.6696,0.0,0.0,10750.8348,2642.1176,0.0,0.0,399.72,21306053.4887
runs/CZ03/SFm&1&rDXHP&Ex&dxHP_equip/RB-dxHP_equip-spltHP-SEER-BA-rDXHP-NoLRM-22.5%UC-AOE/instance-out.sql,CZ03,SFm,weighted,rDXHP,Ex,dxHP_equip,,RB-dxHP_equip-spltHP-SEER-BA-rDXHP-NoLRM-22.5%UC-AOE,SFm&1&rDXHP&Ex&dxHP_equip,RB-dxHP_equip-spltHP-SEER-BA-rDXHP-NoLRM-22.5%UC-AOE,38.3092,89.41,38439.5488,90928.0816,38439.5488,7873.396,2122.75,1661.7272,457.71,13392.9524,0.0,781.9756,0.0,0.0,0.0,0.0,12149.0276,0.0,0.0,7873.396,2122.75,0.0,0.0,10750.8348,2642.1176,0.0,0.0,399.72,24268302.9834
runs/CZ04/SFm&1&rDXHP&Ex&dxHP_equip/RB-dxHP_equip-spltHP-SEER-BA-rDXHP-NoLRM-22.5%UC-AOE/instance-out.sql,CZ04,SFm,weighted,rDXHP,Ex,dxHP_equip,,RB-dxHP_equip-spltHP-SEER-BA-rDXHP-NoLRM-22.5%UC-AOE,SFm&1&rDXHP&Ex&dxHP_equip,RB-dxHP_equip-spltHP-SEER-BA-rDXHP-NoLRM-22.5%UC-AOE,43.4676,105.9536,43883.8,108377.5296,43883.8,8909.9932,5424.4732,1661.7272,457.71,13392.9524,0.0,1987.5184,0.0,0.0,0.0,0.0,12049.4156,0.0,0.0,8909.9932,5424.4732,0.0,0.0,10750.8348,2642.1176,0.0,0.0,399.72,35109080.0839
runs/CZ05/SFm&1&rDXHP&Ex&dxHP_equip/RB-dxHP_equip-spltHP-SEER-BA-rDXHP-NoLRM-22.5%UC-AOE/instance-out.sql,CZ05,SFm,weighted,rDXHP,Ex,dxHP_equip,,RB-dxHP_equip-spltHP-SEER-BA-rDXHP-NoLRM-22.5%UC-AOE,SFm&1&rDXHP&Ex&dxHP_equip,RB-dxHP_equip-spltHP-SEER-BA-rDXHP-NoLRM-22.5%UC-AOE,37.7748,87.7016,37886.5448,89171.2216,37886.5448,7476.7528,1841.5092,1661.7272,457.71,13392.9524,0.0,904.22,0.0,0.0,0.0,0.0,12151.6684,0.0,0.0,7476.7528,1841.5092,0.0,0.0,10750.8348,2642.1176,0.0,0.0,399.72,20437756.6884
runs/CZ06/SFm&1&rDXHP&Ex&dxHP_equip/RB-dxHP_equip-spltHP-SEER-BA-rDXHP-NoLRM-22.5%UC-AOE/instance-out.sql,CZ06,SFm,weighted,rDXHP,Ex,dxHP_equip,,RB-dxHP_equip-spltHP-SEER-BA-rDXHP-NoLRM-22.5%UC-AOE,SFm&1&rDXHP&Ex&dxHP_equip,RB-dxHP_equip-spltHP-SEER-BA-rDXHP-NoLRM-22.5%UC-AOE,34.5715,78.947,35842.5415,82950.008,35842.5415,4498.229,2743.5305,1676.927,457.71,13838.389,0.0,680.5185,0.0,0.0,0.0,0.0,11947.222,0.0,0.0,4498.229,2743.5305,0.0,0.0,11112.8755,2725.5135,0.0,0.0,418.62,21422597.5896
runs/CZ07/SFm&1&rDXHP&Ex&dxHP_equip/RB-dxHP_equip-spltHP-SEER-BA-rDXHP-NoLRM-22.5%UC-AOE/instance-out.sql,CZ07,SFm,weighted,rDXHP,Ex,dxHP_equip,,RB-dxHP_equip-spltHP-SEER-BA-rDXHP-NoLRM-22.5%UC-AOE,SFm&1&rDXHP&Ex&dxHP_equip,RB-dxHP_equip-spltHP-SEER-BA-rDXHP-NoLRM-22.5%UC-AOE,33.162,74.547,34262.633,77999.8015,34262.633,3886.191,1941.138,1676.927,457.71,13838.389,0.0,540.6605,0.0,0.0,0.0,0.0,11921.612,0.0,0.0,3886.191,1941.138,0.0,0.0,11112.8755,2725.5135,0.0,0.0,418.62,23756405.4019
runs/CZ08/SFm&1&rDXHP&Ex&dxHP_equip/RB-dxHP_equip-spltHP-SEER-BA-rDXHP-NoLRM-22.5%UC-AOE/instance-out.sql,CZ08,SFm,weighted,rDXHP,Ex,dxHP_equip,,RB-dxHP_equip-spltHP-SEER-BA-rDXHP-NoLRM-22.5%UC-AOE,SFm&1&rDXHP&Ex&dxHP_equip,RB-dxHP_equip-spltHP-SEER-BA-rDXHP-NoLRM-22.5%UC-AOE,36.7695,86.123,38274.4635,90846.0175,38274.459,3671.4495,5590.4175,1676.927,457.71,13838.389,0.0,1185.526,0.0,0.0,0.0,0.0,11854.0345,0.0,0.0,3671.4495,5590.4175,0.0,0.0,11112.8755,2725.5135,0.0,0.0,418.62,43916990.5046
runs/CZ09/SFm&1&rDXHP&Ex&dxHP_equip/RB-dxHP_equip-spltHP-SEER-BA-rDXHP-NoLRM-22.5%UC-AOE/instance-out.sql,CZ09,SFm,weighted,rDXHP,Ex,dxHP_equip,,RB-dxHP_equip-spltHP-SEER-BA-rDXHP-NoLRM-22.5%UC-AOE,SFm&1&rDXHP&Ex&dxHP_equip,RB-dxHP_equip-spltHP-SEER-BA-rDXHP-NoLRM-22.5%UC-AOE,41.285,97.4294,38411.0128,91787.239,38411.0128,5239.4422,5314.8621,1629.1562,457.71,12438.4454,0.0,1459.5024,0.0,0.0,0.0,0.0,11871.8912,0.0,0.0,5239.4422,5314.8621,0.0,0.0,9975.0333,2463.4121,0.0,0.0,359.22,48024039.2866
runs/CZ01/SFm&1&rDXHP&Ex&dxHP_equip/RB-dxHP_equip-spltHP-SEER-BA-rDXHP-NoLRM-30%UC-AOE/instance-out.sql,CZ01,SFm,weighted,rDXHP,Ex,dxHP_equip,,RB-dxHP_equip-spltHP-SEER-BA-rDXHP-NoLRM-30%UC-AOE,SFm&1&rDXHP&Ex&dxHP_equip,RB-dxHP_equip-spltHP-SEER-BA-rDXHP-NoLRM-30%UC-AOE,33.8224,74.7208,33572.5044,75054.5968,33572.5044,5103.524,171.6344,1661.7272,457.71,13392.9524,0.0,415.2972,0.0,0.0,0.0,0.0,12369.6492,0.0,0.0,5103.524,171.6344,0.0,0.0,10750.8348,2642.1176,0.0,0.0,399.72,10427738.7436
runs/CZ02/SFm&1&rDXHP&Ex&dxHP_equip/RB-dxHP_equip-spltHP-SEER-BA-rDXHP-NoLRM-30%UC-AOE/instance-out.sql,CZ02,SFm,weighted,rDXHP,Ex,dxHP_equip,,RB-dxHP_equip-spltHP-SEER-BA-rDXHP-NoLRM-30%UC-AOE,SFm&1&rDXHP&Ex&dxHP_equip,RB-dxHP_equip-spltHP-SEER-BA-rDXHP-NoLRM-30%UC-AOE,40.4648,96.2,40671.1776,97970.2664,40671.1776,9361.5776,2351.7264,1661.7272,457.71,13392.9524,0.0,1284.2548,0.0,0.0,0.0,0.0,12161.2196,0.0,0.0,9361.5776,2351.7264,0.0,0.0,10750.8348,2642.1176,0.0,0.0,399.72,22370133.4437
runs/CZ03/SFm&1&rDXHP&Ex&dxHP_equip/RB-dxHP_equip-spltHP-SEER-BA-rDXHP-NoLRM-30%UC-AOE/instance-out.sql,CZ03,SFm,weighted,rDXHP,Ex,dxHP_equip,,RB-dxHP_equip-spltHP-SEER-BA-rDXHP-NoLRM-30%UC-AOE,SFm&1&rDXHP&Ex&dxHP_equip,RB-dxHP_equip-spltHP-SEER-BA-rDXHP-NoLRM-30%UC-AOE,38.826,91.04,38986.622,92660.658,38986.622,8230.6208,2312.6032,1661.7272,457.71,13392.9524,0.0,781.9756,0.0,0.0,0.0,0.0,12149.0276,0.0,0.0,8230.6208,2312.6032,0.0,0.0,10750.8348,2642.1176,0.0,0.0,399.72,25606862.9622
runs/CZ04/SFm&1&rDXHP&Ex&dxHP_equip/RB-dxHP_equip-spltHP-SEER-BA-rDXHP-NoLRM-30%UC-AOE/instance-out.sql,CZ04,SFm,weighted,rDXHP,Ex,dxHP_equip,,RB-dxHP_equip-spltHP-SEER-BA-rDXHP-NoLRM-30%UC-AOE,SFm&1&rDXHP&Ex&dxHP_equip,RB-dxHP_equip-spltHP-SEER-BA-rDXHP-NoLRM-30%UC-AOE,44.2928,108.5684,44758.5716,111147.9272,44758.5716,9299.63,5909.608,1661.7272,457.71,13392.9524,0.0,1987.5184,0.0,0.0,0.0,0.0,12049.4156,0.0,0.0,9299.63,5909.608,0.0,0.0,10750.8348,2642.1176,0.0,0.0,399.72,37220563.2141
runs/CZ05/SFm&1&rDXHP&Ex&dxHP_equip/RB-dxHP_equip-spltHP-SEER-BA-rDXHP-NoLRM-30%UC-AOE/instance-out.sql,CZ05,SFm,weighted,rDXHP,Ex,dxHP_equip,,RB-dxHP_equip-spltHP-SEER-BA-rDXHP-NoLRM-30%UC-AOE,SFm&1&rDXHP&Ex&dxHP_equip,RB-dxHP_equip-spltHP-SEER-BA-rDXHP-NoLRM-30%UC-AOE,38.2468,89.192,38387.6676,90758.266,38387.6676,7813.1796,2006.2,1661.7272,457.71,13392.9524,0.0,904.22,0.0,0.0,0.0,0.0,12151.6684,0.0,0.0,7813.1796,2006.2,0.0,0.0,10750.8348,2642.1176,0.0,0.0,399.72,21445304.8785
runs/CZ06/SFm&1&rDXHP&Ex&dxHP_equip/RB-dxHP_equip-spltHP-SEER-BA-rDXHP-NoLRM-30%UC-AOE/instance-out.sql,CZ06,SFm,weighted,rDXHP,Ex,dxHP_equip,,RB-dxHP_equip-spltHP-SEER-BA-rDXHP-NoLRM-30%UC-AOE,SFm&1&rDXHP&Ex&dxHP_equip,RB-dxHP_equip-spltHP-SEER-BA-rDXHP-NoLRM-30%UC-AOE,34.9775,80.2515,36294.7705,84382.2235,36294.7705,4705.095,2988.899,1676.927,457.71,13838.389,0.0,680.5185,0.0,0.0,0.0,0.0,11947.222,0.0,0.0,4705.095,2988.899,0.0,0.0,11112.8755,2725.5135,0.0,0.0,418.62,22505905.5094
runs/CZ07/SFm&1&rDXHP&Ex&dxHP_equip/RB-dxHP_equip-spltHP-SEER-BA-rDXHP-NoLRM-30%UC-AOE/instance-out.sql,CZ07,SFm,weighted,rDXHP,Ex,dxHP_equip,,RB-dxHP_equip-spltHP-SEER-BA-rDXHP-NoLRM-30%UC-AOE,SFm&1&rDXHP&Ex&dxHP_equip,RB-dxHP_equip-spltHP-SEER-BA-rDXHP-NoLRM-30%UC-AOE,33.4805,75.5735,34614.991,79115.718,34614.991,4064.941,2114.746,1676.927,457.71,13838.389,0.0,540.6605,0.0,0.0,0.0,0.0,11921.612,0.0,0.0,4064.941,2114.746,0.0,0.0,11112.8755,2725.5135,0.0,0.0,418.62,25021163.2506
runs/CZ08/SFm&1&rDXHP&Ex&dxHP_equip/RB-dxHP_equip-spltHP-SEER-BA-rDXHP-NoLRM-30%UC-AOE/instance-out.sql,CZ08,SFm,weighted,rDXHP,Ex,dxHP_equip,,RB-dxHP_equip-spltHP-SEER-BA-rDXHP-NoLRM-30%UC-AOE,SFm&1&rDXHP&Ex&dxHP_equip,RB-dxHP_equip-spltHP-SEER-BA-rDXHP-NoLRM-30%UC-AOE,37.374,88.0375,38941.0555,92957.1115,38941.05,3838.0645,6090.399,1676.927,457.71,13838.389,0.0,1185.526,0.0,0.0,0.0,0.0,11854.0345,0.0,0.0,3838.0645,6090.399,0.0,0.0,11112.8755,2725.5135,0.0,0.0,418.62,46769647.901
runs/CZ09/SFm&1&rDXHP&Ex&dxHP_equip/RB-dxHP_equip-spltHP-SEER-BA-rDXHP-NoLRM-30%UC-AOE/instance-out.sql,CZ09,SFm,weighted,rDXHP,Ex,dxHP_equip,,RB-dxHP_equip-spltHP-SEER-BA-rDXHP-NoLRM-30%UC-AOE,SFm&1&rDXHP&Ex&dxHP_equip,RB-dxHP_equip-spltHP-SEER-BA-rDXHP-NoLRM-30%UC-AOE,42.0143,99.7438,39124.7645,94047.6838,39124.7612,5477.8628,5790.1966,1629.1562,457.71,12438.4454,0.0,1459.5024,0.0,0.0,0.0,0.0,11871.8912,0.0,0.0,5477.8628,5790.1966,0.0,0.0,9975.0333,2463.4121,0.0,0.0,359.22,51239855.3656
runs/CZ01/SFm&1&rDXHP&Ex&dxHP_equip/RB-dxHP_equip-spltHP-SEER-BA-rDXHP-NoLRM-40%UC-AOE/instance-out.sql,CZ01,SFm,weighted,rDXHP,Ex,dxHP_equip,,RB-dxHP_equip-spltHP-SEER-BA-rDXHP-NoLRM-40%UC-AOE,SFm&1&rDXHP&Ex&dxHP_equip,RB-dxHP_equip-spltHP-SEER-BA-rDXHP-NoLRM-40%UC-AOE,34.1116,75.6184,33867.5176,75988.9088,33867.5176,5379.7504,190.4212,1661.7272,457.71,13392.9524,0.0,415.2972,0.0,0.0,0.0,0.0,12369.6492,0.0,0.0,5379.7504,190.4212,0.0,0.0,10750.8348,2642.1176,0.0,0.0,399.72,10700617.8497
runs/CZ02/SFm&1&rDXHP&Ex&dxHP_equip/RB-dxHP_equip-spltHP-SEER-BA-rDXHP-NoLRM-40%UC-AOE/instance-out.sql,CZ02,SFm,weighted,rDXHP,Ex,dxHP_equip,,RB-dxHP_equip-spltHP-SEER-BA-rDXHP-NoLRM-40%UC-AOE,SFm&1&rDXHP&Ex&dxHP_equip,RB-dxHP_equip-spltHP-SEER-BA-rDXHP-NoLRM-40%UC-AOE,41.2056,98.5472,41454.0488,100449.6244,41454.0488,9887.0364,2609.144,1661.7272,457.71,13392.9524,0.0,1284.2548,0.0,0.0,0.0,0.0,12161.2196,0.0,0.0,9887.0364,2609.144,0.0,0.0,10750.8348,2642.1176,0.0,0.0,399.72,23788906.7251
runs/CZ03/SFm&1&rDXHP&Ex&dxHP_equip/RB-dxHP_equip-spltHP-SEER-BA-rDXHP-NoLRM-40%UC-AOE/instance-out.sql,CZ03,SFm,weighted,rDXHP,Ex,dxHP_equip,,RB-dxHP_equip-spltHP-SEER-BA-rDXHP-NoLRM-40%UC-AOE,SFm&1&rDXHP&Ex&dxHP_equip,RB-dxHP_equip-spltHP-SEER-BA-rDXHP-NoLRM-40%UC-AOE,39.5068,93.2164,39716.0496,94970.7596,39716.0496,8706.9208,2565.7308,1661.7272,457.71,13392.9524,0.0,781.9756,0.0,0.0,0.0,0.0,12149.0276,0.0,0.0,8706.9208,2565.7308,0.0,0.0,10750.8348,2642.1176,0.0,0.0,399.72,27391609.6108
runs/CZ04/SFm&1&rDXHP&Ex&dxHP_equip/RB-dxHP_equip-spltHP-SEER-BA-rDXHP-NoLRM-40%UC-AOE/instance-out.sql,CZ04,SFm,weighted,rDXHP,Ex,dxHP_equip,,RB-dxHP_equip-spltHP-SEER-BA-rDXHP-NoLRM-40%UC-AOE,SFm&1&rDXHP&Ex&dxHP_equip,RB-dxHP_equip-spltHP-SEER-BA-rDXHP-NoLRM-40%UC-AOE,45.3916,112.0532,45924.9336,114841.7944,45924.9336,9819.146,6556.4592,1661.7272,457.71,13392.9524,0.0,1987.5184,0.0,0.0,0.0,0.0,12049.4156,0.0,0.0,9819.146,6556.4592,0.0,0.0,10750.8348,2642.1176,0.0,0.0,399.72,40035874.0703
runs/CZ05/SFm&1&rDXHP&Ex&dxHP_equip/RB-dxHP_equip-spltHP-SEER-BA-rDXHP-NoLRM-40%UC-AOE/instance-out.sql,CZ05,SFm,weighted,rDXHP,Ex,dxHP_equip,,RB-dxHP_equip-spltHP-SEER-BA-rDXHP-NoLRM-40%UC-AOE,SFm&1&rDXHP&Ex&dxHP_equip,RB-dxHP_equip-spltHP-SEER-BA-rDXHP-NoLRM-40%UC-AOE,38.8728,91.1844,39055.8228,92874.3336,39055.828,8261.7436,2225.7964,1661.7272,457.71,13392.9524,0.0,904.22,0.0,0.0,0.0,0.0,12151.6684,0.0,0.0,8261.7436,2225.7964,0.0,0.0,10750.8348,2642.1176,0.0,0.0,399.72,22788702.4731
runs/CZ06/SFm&1&rDXHP&Ex&dxHP_equip/RB-dxHP_equip-spltHP-SEER-BA-rDXHP-NoLRM-40%UC-AOE/instance-out.sql,CZ06,SFm,weighted,rDXHP,Ex,dxHP_equip,,RB-dxHP_equip-spltHP-SEER-BA-rDXHP-NoLRM-40%UC-AOE,SFm&1&rDXHP&Ex&dxHP_equip,RB-dxHP_equip-spltHP-SEER-BA-rDXHP-NoLRM-40%UC-AOE,35.531,81.993,36897.7455,86291.836,36897.7455,4980.909,3316.06,1676.927,457.71,13838.389,0.0,680.5185,0.0,0.0,0.0,0.0,11947.222,0.0,0.0,4980.909,3316.06,0.0,0.0,11112.8755,2725.5135,0.0,0.0,418.62,23950316.0773
runs/CZ07/SFm&1&rDXHP&Ex&dxHP_equip/RB-dxHP_equip-spltHP-SEER-BA-rDXHP-NoLRM-40%UC-AOE/instance-out.sql,CZ07,SFm,weighted,rDXHP,Ex,dxHP_equip,,RB-dxHP_equip-spltHP-SEER-BA-rDXHP-NoLRM-40%UC-AOE,SFm&1&rDXHP&Ex&dxHP_equip,RB-dxHP_equip-spltHP-SEER-BA-rDXHP-NoLRM-40%UC-AOE,33.9155,76.9385,35084.8025,80603.617,35084.808,4303.2855,2346.223,1676.927,457.71,13838.389,0.0,540.6605,0.0,0.0,0.0,0.0,11921.612,0.0,0.0,4303.2855,2346.223,0.0,0.0,11112.8755,2725.5135,0.0,0.0,418.62,26707507.0585
runs/CZ08/SFm&1&rDXHP&Ex&dxHP_equip/RB-dxHP_equip-spltHP-SEER-BA-rDXHP-NoLRM-40%UC-AOE/instance-out.sql,CZ08,SFm,weighted,rDXHP,Ex,dxHP_equip,,RB-dxHP_equip-spltHP-SEER-BA-rDXHP-NoLRM-40%UC-AOE,SFm&1&rDXHP&Ex&dxHP_equip,RB-dxHP_equip-spltHP-SEER-BA-rDXHP-NoLRM-40%UC-AOE,38.1815,90.602,39829.842,95771.9095,39829.8375,4060.2175,6757.0325,1676.927,457.71,13838.389,0.0,1185.526,0.0,0.0,0.0,0.0,11854.0345,0.0,0.0,4060.2175,6757.0325,0.0,0.0,11112.8755,2725.5135,0.0,0.0,418.62,50573191.1179
runs/CZ09/SFm&1&rDXHP&Ex&dxHP_equip/RB-dxHP_equip-spltHP-SEER-BA-rDXHP-NoLRM-40%UC-AOE/instance-out.sql,CZ09,SFm,weighted,rDXHP,Ex,dxHP_equip,,RB-dxHP_equip-spltHP-SEER-BA-rDXHP-NoLRM-40%UC-AOE,SFm&1&rDXHP&Ex&dxHP_equip,RB-dxHP_equip-spltHP-SEER-BA-rDXHP-NoLRM-40%UC-AOE,42.99,102.8275,40076.4335,97061.6113,40076.4268,5795.748,6423.967,1629.1562,457.71,12438.4454,0.0,1459.5024,0.0,0.0,0.0,0.0,11871.8912,0.0,0.0,5795.748,6423.967,0.0,0.0,9975.0333,2463.4121,0.0,0.0,359.22,55527610.162
runs/CZ01/SFm&1&rDXHP&Ex&dxHP_equip/RB-dxHP_equip-spltHP-SEER-BA-rDXHP-NoLRM-7.5%UC-AOE/instance-out.sql,CZ01,SFm,weighted,rDXHP,Ex,dxHP_equip,,RB-dxHP_equip-spltHP-SEER-BA-rDXHP-NoLRM-7.5%UC-AOE,SFm&1&rDXHP&Ex&dxHP_equip,RB-dxHP_equip-spltHP-SEER-BA-rDXHP-NoLRM-7.5%UC-AOE,33.1892,72.7012,32908.7252,72952.4044,32908.7252,4482.0136,129.3608,1661.7272,457.71,13392.9524,0.0,415.2972,0.0,0.0,0.0,0.0,12369.6492,0.0,0.0,4482.0136,129.3608,0.0,0.0,10750.8348,2642.1176,0.0,0.0,399.72,9813760.7558
runs/CZ02/SFm&1&rDXHP&Ex&dxHP_equip/RB-dxHP_equip-spltHP-SEER-BA-rDXHP-NoLRM-7.5%UC-AOE/instance-out.sql,CZ02,SFm,weighted,rDXHP,Ex,dxHP_equip,,RB-dxHP_equip-spltHP-SEER-BA-rDXHP-NoLRM-7.5%UC-AOE,SFm&1&rDXHP&Ex&dxHP_equip,RB-dxHP_equip-spltHP-SEER-BA-rDXHP-NoLRM-7.5%UC-AOE,38.7988,90.9288,38909.7132,92391.7176,38909.7132,8179.2988,1772.5508,1661.7272,457.71,13392.9524,0.0,1284.2548,0.0,0.0,0.0,0.0,12161.2196,0.0,0.0,8179.2988,1772.5508,0.0,0.0,10750.8348,2642.1176,0.0,0.0,399.72,19177893.5653
runs/CZ03/SFm&1&rDXHP&Ex&dxHP_equip/RB-dxHP_equip-spltHP-SEER-BA-rDXHP-NoLRM-7.5%UC-AOE/instance-out.sql,CZ03,SFm,weighted,rDXHP,Ex,dxHP_equip,,RB-dxHP_equip-spltHP-SEER-BA-rDXHP-NoLRM-7.5%UC-AOE,SFm&1&rDXHP&Ex&dxHP_equip,RB-dxHP_equip-spltHP-SEER-BA-rDXHP-NoLRM-7.5%UC-AOE,37.2808,86.1504,37345.4024,87462.924,37345.4024,7158.946,1743.0584,1661.7272,457.71,13392.9524,0.0,781.9756,0.0,0.0,0.0,0.0,12149.0276,0.0,0.0,7158.946,1743.0584,0.0,0.0,10750.8348,2642.1176,0.0,0.0,399.72,21591183.009
runs/CZ04/SFm&1&rDXHP&Ex&dxHP_equip/RB-dxHP_equip-spltHP-SEER-BA-rDXHP-NoLRM-7.5%UC-AOE/instance-out.sql,CZ04,SFm,weighted,rDXHP,Ex,dxHP_equip,,RB-dxHP_equip-spltHP-SEER-BA-rDXHP-NoLRM-7.5%UC-AOE,SFm&1&rDXHP&Ex&dxHP_equip,RB-dxHP_equip-spltHP-SEER-BA-rDXHP-NoLRM-7.5%UC-AOE,41.8172,100.7288,42134.2568,102836.7288,42134.262,8130.7244,4454.204,1661.7272,457.71,13392.9524,0.0,1987.5184,0.0,0.0,0.0,0.0,12049.4156,0.0,0.0,8130.7244,4454.204,0.0,0.0,10750.8348,2642.1176,0.0,0.0,399.72,30886113.797
runs/CZ05/SFm&1&rDXHP&Ex&dxHP_equip/RB-dxHP_equip-spltHP-SEER-BA-rDXHP-NoLRM-7.5%UC-AOE/instance-out.sql,CZ05,SFm,weighted,rDXHP,Ex,dxHP_equip,,RB-dxHP_equip-spltHP-SEER-BA-rDXHP-NoLRM-7.5%UC-AOE,SFm&1&rDXHP&Ex&dxHP_equip,RB-dxHP_equip-spltHP-SEER-BA-rDXHP-NoLRM-7.5%UC-AOE,36.8308,84.7204,36884.3044,85997.128,36884.3044,6803.8992,1512.1172,1661.7272,457.71,13392.9524,0.0,904.22,0.0,0.0,0.0,0.0,12151.6684,0.0,0.0,6803.8992,1512.1172,0.0,0.0,10750.8348,2642.1176,0.0,0.0,399.72,18422660.2954
runs/CZ06/SFm&1&rDXHP&Ex&dxHP_equip/RB-dxHP_equip-spltHP-SEER-BA-rDXHP-NoLRM-7.5%UC-AOE/instance-out.sql,CZ06,SFm,weighted,rDXHP,Ex,dxHP_equip,,RB-dxHP_equip-spltHP-SEER-BA-rDXHP-NoLRM-7.5%UC-AOE,SFm&1&rDXHP&Ex&dxHP_equip,RB-dxHP_equip-spltHP-SEER-BA-rDXHP-NoLRM-7.5%UC-AOE,33.744,76.3435,34938.0835,80085.586,34938.0835,4084.508,2252.8035,1676.927,457.71,13838.389,0.0,680.5185,0.0,0.0,0.0,0.0,11947.222,0.0,0.0,4084.508,2252.8035,0.0,0.0,11112.8755,2725.5135,0.0,0.0,418.62,19255981.7363
runs/CZ07/SFm&1&rDXHP&Ex&dxHP_equip/RB-dxHP_equip-spltHP-SEER-BA-rDXHP-NoLRM-7.5%UC-AOE/instance-out.sql,CZ07,SFm,weighted,rDXHP,Ex,dxHP_equip,,RB-dxHP_equip-spltHP-SEER-BA-rDXHP-NoLRM-7.5%UC-AOE,SFm&1&rDXHP&Ex&dxHP_equip,RB-dxHP_equip-spltHP-SEER-BA-rDXHP-NoLRM-7.5%UC-AOE,32.515,72.4985,33557.9135,75767.9485,33557.9135,3528.6765,1593.932,1676.927,457.71,13838.389,0.0,540.6605,0.0,0.0,0.0,0.0,11921.612,0.0,0.0,3528.6765,1593.932,0.0,0.0,11112.8755,2725.5135,0.0,0.0,418.62,21226889.6885
runs/CZ08/SFm&1&rDXHP&Ex&dxHP_equip/RB-dxHP_equip-spltHP-SEER-BA-rDXHP-NoLRM-7.5%UC-AOE/instance-out.sql,CZ08,SFm,weighted,rDXHP,Ex,dxHP_equip,,RB-dxHP_equip-spltHP-SEER-BA-rDXHP-NoLRM-7.5%UC-AOE,SFm&1&rDXHP&Ex&dxHP_equip,RB-dxHP_equip-spltHP-SEER-BA-rDXHP-NoLRM-7.5%UC-AOE,35.556,82.2785,36941.2805,86623.8205,36941.275,3338.2195,4590.4645,1676.927,457.71,13838.389,0.0,1185.526,0.0,0.0,0.0,0.0,11854.0345,0.0,0.0,3338.2195,4590.4645,0.0,0.0,11112.8755,2725.5135,0.0,0.0,418.62,38211675.6758
runs/CZ09/SFm&1&rDXHP&Ex&dxHP_equip/RB-dxHP_equip-spltHP-SEER-BA-rDXHP-NoLRM-7.5%UC-AOE/instance-out.sql,CZ09,SFm,weighted,rDXHP,Ex,dxHP_equip,,RB-dxHP_equip-spltHP-SEER-BA-rDXHP-NoLRM-7.5%UC-AOE,SFm&1&rDXHP&Ex&dxHP_equip,RB-dxHP_equip-spltHP-SEER-BA-rDXHP-NoLRM-7.5%UC-AOE,39.8231,92.7972,36983.516,87266.3528,36983.516,4762.6077,4364.1931,1629.1562,457.71,12438.4454,0.0,1459.5024,0.0,0.0,0.0,0.0,11871.8912,0.0,0.0,4762.6077,4364.1931,0.0,0.0,9975.0333,2463.4121,0.0,0.0,359.22,41592407.0881
