File Name,Net Site EUI (kWh/m2),Net Site Energy (kWh),Net Source EUI (kWh/m2),Net Source Energy (kWh)
CZ01/Htl&0&cDXGF&New&dxAC_equip/NE-dxAC-PkgAC-18to33-New-SEER-13.4/instance-out.sql,42.53,541764.29,129.50,1649632.39
CZ01/Htl&0&cDXGF&New&dxAC_equip/NE-dxAC-PkgAC-18to33-New-SEER-15.2/instance-out.sql,42.43,540558.35,129.18,1645604.54
CZ01/Htl&0&cDXGF&New&dxAC_equip/NE-dxAC-PkgAC-18to33-New-SEER-16.2/instance-out.sql,42.40,540071.30,129.06,1643977.81
CZ01/Htl&0&cDXGF&New&dxAC_equip/NE-dxAC-PkgAC-18to33-New-SEER-17.1/instance-out.sql,42.37,539681.93,128.95,1642677.29
CZ01/Htl&0&cDXGF&New&dxAC_equip/NE-dxAC-PkgAC-18to33-New-SEER-18.1/instance-out.sql,42.34,539311.75,128.86,1641440.92
CZ01/Htl&0&cDXGF&New&dxAC_equip/NE-dxAC-PkgAC-33to65-New-SEER-13.4/instance-out.sql,41.21,524965.83,125.10,1593591.23
CZ01/Htl&0&cDXGF&New&dxAC_equip/NE-dxAC-PkgAC-33to65-New-SEER-15.2/instance-out.sql,41.21,524943.12,125.09,1593515.37
CZ01/Htl&0&cDXGF&New&dxAC_equip/NE-dxAC-PkgAC-33to65-New-SEER-16.2/instance-out.sql,41.21,524933.95,125.09,1593484.74
CZ01/Htl&0&cDXGF&New&dxAC_equip/NE-dxAC-PkgAC-33to65-New-SEER-17.1/instance-out.sql,41.21,524926.62,125.09,1593460.24
CZ01/Htl&0&cDXGF&New&dxAC_equip/NE-dxAC-PkgAC-33to65-New-SEER-18.1/instance-out.sql,41.21,524919.65,125.09,1593436.96
CZ02/Htl&0&cDXGF&New&dxAC_equip/NE-dxAC-PkgAC-18to33-New-SEER-13.4/instance-out.sql,45.93,585089.30,143.46,1827508.11
CZ02/Htl&0&cDXGF&New&dxAC_equip/NE-dxAC-PkgAC-18to33-New-SEER-15.2/instance-out.sql,45.68,581894.93,142.63,1816838.93
CZ02/Htl&0&cDXGF&New&dxAC_equip/NE-dxAC-PkgAC-18to33-New-SEER-16.2/instance-out.sql,45.58,580604.82,142.29,1812529.95
CZ02/Htl&0&cDXGF&New&dxAC_equip/NE-dxAC-PkgAC-18to33-New-SEER-17.1/instance-out.sql,45.50,579573.41,142.02,1809085.05
CZ02/Htl&0&cDXGF&New&dxAC_equip/NE-dxAC-PkgAC-18to33-New-SEER-18.1/instance-out.sql,45.42,578592.88,141.76,1805810.09
CZ02/Htl&0&cDXGF&New&dxAC_equip/NE-dxAC-PkgAC-33to65-New-SEER-13.4/instance-out.sql,44.06,561247.28,137.21,1747871.90
CZ02/Htl&0&cDXGF&New&dxAC_equip/NE-dxAC-PkgAC-33to65-New-SEER-15.2/instance-out.sql,43.94,559735.27,136.81,1742821.78
CZ02/Htl&0&cDXGF&New&dxAC_equip/NE-dxAC-PkgAC-33to65-New-SEER-16.2/instance-out.sql,43.89,559124.61,136.65,1740782.19
CZ02/Htl&0&cDXGF&New&dxAC_equip/NE-dxAC-PkgAC-33to65-New-SEER-17.1/instance-out.sql,43.85,558636.41,136.53,1739151.59
CZ02/Htl&0&cDXGF&New&dxAC_equip/NE-dxAC-PkgAC-33to65-New-SEER-18.1/instance-out.sql,43.82,558172.29,136.40,1737601.43
CZ03/Htl&0&cDXGF&New&dxAC_equip/NE-dxAC-PkgAC-18to33-New-SEER-13.4/instance-out.sql,44.29,564144.63,139.51,1777157.34
CZ03/Htl&0&cDXGF&New&dxAC_equip/NE-dxAC-PkgAC-18to33-New-SEER-15.2/instance-out.sql,44.07,561442.86,138.80,1768133.45
CZ03/Htl&0&cDXGF&New&dxAC_equip/NE-dxAC-PkgAC-18to33-New-SEER-16.2/instance-out.sql,43.99,560351.70,138.52,1764488.96
CZ03/Htl&0&cDXGF&New&dxAC_equip/NE-dxAC-PkgAC-18to33-New-SEER-17.1/instance-out.sql,43.92,559479.35,138.29,1761575.31
CZ03/Htl&0&cDXGF&New&dxAC_equip/NE-dxAC-PkgAC-18to33-New-SEER-18.1/instance-out.sql,43.86,558650.03,138.07,1758805.37
CZ03/Htl&0&cDXGF&New&dxAC_equip/NE-dxAC-PkgAC-33to65-New-SEER-13.4/instance-out.sql,41.99,534862.95,131.83,1679354.59
CZ03/Htl&0&cDXGF&New&dxAC_equip/NE-dxAC-PkgAC-33to65-New-SEER-15.2/instance-out.sql,41.94,534227.28,131.67,1677231.45
CZ03/Htl&0&cDXGF&New&dxAC_equip/NE-dxAC-PkgAC-33to65-New-SEER-16.2/instance-out.sql,41.92,533970.55,131.60,1676373.98
CZ03/Htl&0&cDXGF&New&dxAC_equip/NE-dxAC-PkgAC-33to65-New-SEER-17.1/instance-out.sql,41.90,533765.30,131.54,1675688.45
CZ03/Htl&0&cDXGF&New&dxAC_equip/NE-dxAC-PkgAC-33to65-New-SEER-18.1/instance-out.sql,41.89,533570.18,131.49,1675036.74
CZ04/Htl&0&cDXGF&New&dxAC_equip/NE-dxAC-PkgAC-18to33-New-SEER-13.4/instance-out.sql,46.32,590109.91,146.65,1868124.70
CZ04/Htl&0&cDXGF&New&dxAC_equip/NE-dxAC-PkgAC-18to33-New-SEER-15.2/instance-out.sql,46.03,586407.14,145.68,1855757.44
CZ04/Htl&0&cDXGF&New&dxAC_equip/NE-dxAC-PkgAC-18to33-New-SEER-16.2/instance-out.sql,45.92,584911.69,145.29,1850762.66
CZ04/Htl&0&cDXGF&New&dxAC_equip/NE-dxAC-PkgAC-18to33-New-SEER-17.1/instance-out.sql,45.82,583716.13,144.97,1846769.48
CZ04/Htl&0&cDXGF&New&dxAC_equip/NE-dxAC-PkgAC-18to33-New-SEER-18.1/instance-out.sql,45.73,582579.55,144.68,1842973.28
CZ04/Htl&0&cDXGF&New&dxAC_equip/NE-dxAC-PkgAC-33to65-New-SEER-13.4/instance-out.sql,44.26,563798.35,139.75,1780159.05
CZ04/Htl&0&cDXGF&New&dxAC_equip/NE-dxAC-PkgAC-33to65-New-SEER-15.2/instance-out.sql,44.11,561954.66,139.26,1774001.14
CZ04/Htl&0&cDXGF&New&dxAC_equip/NE-dxAC-PkgAC-33to65-New-SEER-16.2/instance-out.sql,44.06,561210.05,139.07,1771514.14
CZ04/Htl&0&cDXGF&New&dxAC_equip/NE-dxAC-PkgAC-33to65-New-SEER-17.1/instance-out.sql,44.01,560614.76,138.91,1769525.86
CZ04/Htl&0&cDXGF&New&dxAC_equip/NE-dxAC-PkgAC-33to65-New-SEER-18.1/instance-out.sql,43.96,560048.83,138.76,1767635.65
CZ05/Htl&0&cDXGF&New&dxAC_equip/NE-dxAC-PkgAC-18to33-New-SEER-13.4/instance-out.sql,44.59,568022.38,140.73,1792638.14
CZ05/Htl&0&cDXGF&New&dxAC_equip/NE-dxAC-PkgAC-18to33-New-SEER-15.2/instance-out.sql,44.36,565055.39,139.95,1782728.40
CZ05/Htl&0&cDXGF&New&dxAC_equip/NE-dxAC-PkgAC-18to33-New-SEER-16.2/instance-out.sql,44.26,563857.11,139.63,1778726.14
CZ05/Htl&0&cDXGF&New&dxAC_equip/NE-dxAC-PkgAC-18to33-New-SEER-17.1/instance-out.sql,44.19,562899.12,139.38,1775526.45
CZ05/Htl&0&cDXGF&New&dxAC_equip/NE-dxAC-PkgAC-18to33-New-SEER-18.1/instance-out.sql,44.12,561988.38,139.14,1772484.60
CZ05/Htl&0&cDXGF&New&dxAC_equip/NE-dxAC-PkgAC-33to65-New-SEER-13.4/instance-out.sql,42.34,539400.59,133.23,1697096.87
CZ05/Htl&0&cDXGF&New&dxAC_equip/NE-dxAC-PkgAC-33to65-New-SEER-15.2/instance-out.sql,42.27,538451.37,132.98,1693926.46
CZ05/Htl&0&cDXGF&New&dxAC_equip/NE-dxAC-PkgAC-33to65-New-SEER-16.2/instance-out.sql,42.24,538068.00,132.88,1692646.03
CZ05/Htl&0&cDXGF&New&dxAC_equip/NE-dxAC-PkgAC-33to65-New-SEER-17.1/instance-out.sql,42.22,537761.51,132.80,1691622.36
CZ05/Htl&0&cDXGF&New&dxAC_equip/NE-dxAC-PkgAC-33to65-New-SEER-18.1/instance-out.sql,42.19,537470.14,132.72,1690649.18
CZ06/Htl&0&cDXGF&New&dxAC_equip/NE-dxAC-PkgAC-18to33-New-SEER-13.4/instance-out.sql,46.41,591256.02,148.27,1888786.62
CZ06/Htl&0&cDXGF&New&dxAC_equip/NE-dxAC-PkgAC-18to33-New-SEER-15.2/instance-out.sql,46.10,587273.68,147.23,1875485.62
CZ06/Htl&0&cDXGF&New&dxAC_equip/NE-dxAC-PkgAC-18to33-New-SEER-16.2/instance-out.sql,45.98,585665.33,146.81,1870113.73
CZ06/Htl&0&cDXGF&New&dxAC_equip/NE-dxAC-PkgAC-18to33-New-SEER-17.1/instance-out.sql,45.87,584379.51,146.47,1865819.07
CZ06/Htl&0&cDXGF&New&dxAC_equip/NE-dxAC-PkgAC-18to33-New-SEER-18.1/instance-out.sql,45.78,583157.11,146.15,1861736.25
CZ06/Htl&0&cDXGF&New&dxAC_equip/NE-dxAC-PkgAC-33to65-New-SEER-13.4/instance-out.sql,43.74,557230.78,139.34,1775010.44
CZ06/Htl&0&cDXGF&New&dxAC_equip/NE-dxAC-PkgAC-33to65-New-SEER-15.2/instance-out.sql,43.62,555653.25,138.93,1769741.49
CZ06/Htl&0&cDXGF&New&dxAC_equip/NE-dxAC-PkgAC-33to65-New-SEER-16.2/instance-out.sql,43.57,555016.14,138.76,1767613.51
CZ06/Htl&0&cDXGF&New&dxAC_equip/NE-dxAC-PkgAC-33to65-New-SEER-17.1/instance-out.sql,43.53,554506.78,138.63,1765912.26
CZ06/Htl&0&cDXGF&New&dxAC_equip/NE-dxAC-PkgAC-33to65-New-SEER-18.1/instance-out.sql,43.49,554022.55,138.50,1764294.93
CZ07/Htl&0&cDXGF&New&dxAC_equip/NE-dxAC-PkgAC-18to33-New-SEER-13.4/instance-out.sql,46.55,593025.66,148.76,1895015.24
CZ07/Htl&0&cDXGF&New&dxAC_equip/NE-dxAC-PkgAC-18to33-New-SEER-15.2/instance-out.sql,46.23,588890.89,147.68,1881205.10
CZ07/Htl&0&cDXGF&New&dxAC_equip/NE-dxAC-PkgAC-18to33-New-SEER-16.2/instance-out.sql,46.10,587220.97,147.24,1875627.59
CZ07/Htl&0&cDXGF&New&dxAC_equip/NE-dxAC-PkgAC-18to33-New-SEER-17.1/instance-out.sql,45.99,585885.93,146.89,1871168.53
CZ07/Htl&0&cDXGF&New&dxAC_equip/NE-dxAC-PkgAC-18to33-New-SEER-18.1/instance-out.sql,45.89,584616.74,146.56,1866929.43
CZ07/Htl&0&cDXGF&New&dxAC_equip/NE-dxAC-PkgAC-33to65-New-SEER-13.4/instance-out.sql,44.35,564964.78,141.41,1801318.52
CZ07/Htl&0&cDXGF&New&dxAC_equip/NE-dxAC-PkgAC-33to65-New-SEER-15.2/instance-out.sql,44.18,562809.09,140.84,1794118.50
CZ07/Htl&0&cDXGF&New&dxAC_equip/NE-dxAC-PkgAC-33to65-New-SEER-16.2/instance-out.sql,44.11,561938.46,140.61,1791210.62
CZ07/Htl&0&cDXGF&New&dxAC_equip/NE-dxAC-PkgAC-33to65-New-SEER-17.1/instance-out.sql,44.06,561242.43,140.43,1788885.85
CZ07/Htl&0&cDXGF&New&dxAC_equip/NE-dxAC-PkgAC-33to65-New-SEER-18.1/instance-out.sql,44.01,560580.72,140.26,1786675.77
CZ08/Htl&0&cDXGF&New&dxAC_equip/NE-dxAC-PkgAC-18to33-New-SEER-13.4/instance-out.sql,47.58,606136.74,152.05,1936945.99
CZ08/Htl&0&cDXGF&New&dxAC_equip/NE-dxAC-PkgAC-18to33-New-SEER-15.2/instance-out.sql,47.22,601575.99,150.86,1921713.07
CZ08/Htl&0&cDXGF&New&dxAC_equip/NE-dxAC-PkgAC-18to33-New-SEER-16.2/instance-out.sql,47.08,599734.03,150.37,1915560.93
CZ08/Htl&0&cDXGF&New&dxAC_equip/NE-dxAC-PkgAC-18to33-New-SEER-17.1/instance-out.sql,46.96,598261.44,149.99,1910642.48
CZ08/Htl&0&cDXGF&New&dxAC_equip/NE-dxAC-PkgAC-18to33-New-SEER-18.1/instance-out.sql,46.85,596861.49,149.62,1905966.65
CZ08/Htl&0&cDXGF&New&dxAC_equip/NE-dxAC-PkgAC-33to65-New-SEER-13.4/instance-out.sql,45.41,578417.91,144.80,1844544.37
CZ08/Htl&0&cDXGF&New&dxAC_equip/NE-dxAC-PkgAC-33to65-New-SEER-15.2/instance-out.sql,45.20,575807.42,144.12,1835825.34
CZ08/Htl&0&cDXGF&New&dxAC_equip/NE-dxAC-PkgAC-33to65-New-SEER-16.2/instance-out.sql,45.12,574753.11,143.84,1832303.97
CZ08/Htl&0&cDXGF&New&dxAC_equip/NE-dxAC-PkgAC-33to65-New-SEER-17.1/instance-out.sql,45.05,573910.23,143.62,1829488.74
CZ08/Htl&0&cDXGF&New&dxAC_equip/NE-dxAC-PkgAC-33to65-New-SEER-18.1/instance-out.sql,44.99,573108.93,143.41,1826812.39
CZ09/Htl&0&cDXGF&New&dxAC_equip/NE-dxAC-PkgAC-18to33-New-SEER-13.4/instance-out.sql,48.15,613312.96,154.03,1962134.01
CZ09/Htl&0&cDXGF&New&dxAC_equip/NE-dxAC-PkgAC-18to33-New-SEER-15.2/instance-out.sql,47.77,608481.46,152.76,1945996.79
CZ09/Htl&0&cDXGF&New&dxAC_equip/NE-dxAC-PkgAC-18to33-New-SEER-16.2/instance-out.sql,47.61,606530.16,152.25,1939479.44
CZ09/Htl&0&cDXGF&New&dxAC_equip/NE-dxAC-PkgAC-18to33-New-SEER-17.1/instance-out.sql,47.49,604970.15,151.84,1934269.01
CZ09/Htl&0&cDXGF&New&dxAC_equip/NE-dxAC-PkgAC-18to33-New-SEER-18.1/instance-out.sql,47.37,603487.09,151.45,1929315.60
CZ09/Htl&0&cDXGF&New&dxAC_equip/NE-dxAC-PkgAC-33to65-New-SEER-13.4/instance-out.sql,46.07,586898.49,147.11,1873960.69
CZ09/Htl&0&cDXGF&New&dxAC_equip/NE-dxAC-PkgAC-33to65-New-SEER-15.2/instance-out.sql,45.84,583929.15,146.33,1864043.10
CZ09/Htl&0&cDXGF&New&dxAC_equip/NE-dxAC-PkgAC-33to65-New-SEER-16.2/instance-out.sql,45.75,582729.92,146.02,1860037.68
CZ09/Htl&0&cDXGF&New&dxAC_equip/NE-dxAC-PkgAC-33to65-New-SEER-17.1/instance-out.sql,45.67,581771.18,145.76,1856835.46
CZ09/Htl&0&cDXGF&New&dxAC_equip/NE-dxAC-PkgAC-33to65-New-SEER-18.1/instance-out.sql,45.60,580859.72,145.53,1853791.20
CZ10/Htl&0&cDXGF&New&dxAC_equip/NE-dxAC-PkgAC-18to33-New-SEER-13.4/instance-out.sql,50.66,645313.57,161.82,2061374.03
CZ10/Htl&0&cDXGF&New&dxAC_equip/NE-dxAC-PkgAC-18to33-New-SEER-15.2/instance-out.sql,50.20,639425.23,160.28,2041706.98
CZ10/Htl&0&cDXGF&New&dxAC_equip/NE-dxAC-PkgAC-18to33-New-SEER-16.2/instance-out.sql,50.01,637047.10,159.65,2033764.02
CZ10/Htl&0&cDXGF&New&dxAC_equip/NE-dxAC-PkgAC-18to33-New-SEER-17.1/instance-out.sql,49.86,635145.86,159.16,2027413.87
CZ10/Htl&0&cDXGF&New&dxAC_equip/NE-dxAC-PkgAC-18to33-New-SEER-18.1/instance-out.sql,49.72,633338.40,158.68,2021376.95
CZ10/Htl&0&cDXGF&New&dxAC_equip/NE-dxAC-PkgAC-33to65-New-SEER-13.4/instance-out.sql,48.96,623633.77,156.14,1989005.14
CZ10/Htl&0&cDXGF&New&dxAC_equip/NE-dxAC-PkgAC-33to65-New-SEER-15.2/instance-out.sql,48.61,619273.83,155.00,1974442.94
CZ10/Htl&0&cDXGF&New&dxAC_equip/NE-dxAC-PkgAC-33to65-New-SEER-16.2/instance-out.sql,48.48,617512.97,154.54,1968561.68
CZ10/Htl&0&cDXGF&New&dxAC_equip/NE-dxAC-PkgAC-33to65-New-SEER-17.1/instance-out.sql,48.37,616105.23,154.17,1963859.80
CZ10/Htl&0&cDXGF&New&dxAC_equip/NE-dxAC-PkgAC-33to65-New-SEER-18.1/instance-out.sql,48.26,614766.92,153.82,1959389.84
CZ11/Htl&0&cDXGF&New&dxAC_equip/NE-dxAC-PkgAC-18to33-New-SEER-13.4/instance-out.sql,51.36,654207.56,161.69,2059655.79
CZ11/Htl&0&cDXGF&New&dxAC_equip/NE-dxAC-PkgAC-18to33-New-SEER-15.2/instance-out.sql,50.90,648377.92,160.16,2040184.77
CZ11/Htl&0&cDXGF&New&dxAC_equip/NE-dxAC-PkgAC-18to33-New-SEER-16.2/instance-out.sql,50.71,646023.49,159.54,2032320.98
CZ11/Htl&0&cDXGF&New&dxAC_equip/NE-dxAC-PkgAC-18to33-New-SEER-17.1/instance-out.sql,50.57,644141.20,159.05,2026034.12
CZ11/Htl&0&cDXGF&New&dxAC_equip/NE-dxAC-PkgAC-18to33-New-SEER-18.1/instance-out.sql,50.43,642351.75,158.58,2020057.38
CZ11/Htl&0&cDXGF&New&dxAC_equip/NE-dxAC-PkgAC-33to65-New-SEER-13.4/instance-out.sql,50.05,637543.10,157.32,2004040.17
CZ11/Htl&0&cDXGF&New&dxAC_equip/NE-dxAC-PkgAC-33to65-New-SEER-15.2/instance-out.sql,49.68,632887.92,156.10,1988491.86
CZ11/Htl&0&cDXGF&New&dxAC_equip/NE-dxAC-PkgAC-33to65-New-SEER-16.2/instance-out.sql,49.54,631007.83,155.61,1982212.35
CZ11/Htl&0&cDXGF&New&dxAC_equip/NE-dxAC-PkgAC-33to65-New-SEER-17.1/instance-out.sql,49.42,629504.75,155.21,1977192.07
CZ11/Htl&0&cDXGF&New&dxAC_equip/NE-dxAC-PkgAC-33to65-New-SEER-18.1/instance-out.sql,49.31,628075.81,154.84,1972419.43
CZ12/Htl&0&cDXGF&New&dxAC_equip/NE-dxAC-PkgAC-18to33-New-SEER-13.4/instance-out.sql,49.30,627999.13,154.82,1972162.51
CZ12/Htl&0&cDXGF&New&dxAC_equip/NE-dxAC-PkgAC-18to33-New-SEER-15.2/instance-out.sql,48.91,623011.19,153.51,1955502.79
CZ12/Htl&0&cDXGF&New&dxAC_equip/NE-dxAC-PkgAC-18to33-New-SEER-16.2/instance-out.sql,48.75,620996.71,152.98,1948774.41
CZ12/Htl&0&cDXGF&New&dxAC_equip/NE-dxAC-PkgAC-18to33-New-SEER-17.1/instance-out.sql,48.62,619386.19,152.56,1943395.27
CZ12/Htl&0&cDXGF&New&dxAC_equip/NE-dxAC-PkgAC-18to33-New-SEER-18.1/instance-out.sql,48.50,617855.11,152.16,1938281.48
CZ12/Htl&0&cDXGF&New&dxAC_equip/NE-dxAC-PkgAC-33to65-New-SEER-13.4/instance-out.sql,47.84,609400.36,149.95,1910161.34
CZ12/Htl&0&cDXGF&New&dxAC_equip/NE-dxAC-PkgAC-33to65-New-SEER-15.2/instance-out.sql,47.55,605721.06,148.99,1897872.49
CZ12/Htl&0&cDXGF&New&dxAC_equip/NE-dxAC-PkgAC-33to65-New-SEER-16.2/instance-out.sql,47.43,604235.10,148.60,1892909.37
CZ12/Htl&0&cDXGF&New&dxAC_equip/NE-dxAC-PkgAC-33to65-New-SEER-17.1/instance-out.sql,47.34,603047.12,148.29,1888941.52
CZ12/Htl&0&cDXGF&New&dxAC_equip/NE-dxAC-PkgAC-33to65-New-SEER-18.1/instance-out.sql,47.25,601917.73,147.99,1885169.38
CZ13/Htl&0&cDXGF&New&dxAC_equip/NE-dxAC-PkgAC-18to33-New-SEER-13.4/instance-out.sql,52.02,662711.19,164.62,2096973.15
CZ13/Htl&0&cDXGF&New&dxAC_equip/NE-dxAC-PkgAC-18to33-New-SEER-15.2/instance-out.sql,51.53,656437.81,162.97,2076020.08
CZ13/Htl&0&cDXGF&New&dxAC_equip/NE-dxAC-PkgAC-18to33-New-SEER-16.2/instance-out.sql,51.33,653904.18,162.31,2067557.74
CZ13/Htl&0&cDXGF&New&dxAC_equip/NE-dxAC-PkgAC-18to33-New-SEER-17.1/instance-out.sql,51.17,651878.62,161.78,2060792.36
CZ13/Htl&0&cDXGF&New&dxAC_equip/NE-dxAC-PkgAC-18to33-New-SEER-18.1/instance-out.sql,51.02,649952.97,161.27,2054360.69
CZ13/Htl&0&cDXGF&New&dxAC_equip/NE-dxAC-PkgAC-33to65-New-SEER-13.4/instance-out.sql,50.68,645569.93,160.12,2039716.13
CZ13/Htl&0&cDXGF&New&dxAC_equip/NE-dxAC-PkgAC-33to65-New-SEER-15.2/instance-out.sql,50.28,640506.17,158.79,2022803.17
CZ13/Htl&0&cDXGF&New&dxAC_equip/NE-dxAC-PkgAC-33to65-New-SEER-16.2/instance-out.sql,50.12,638461.06,158.26,2015972.51
CZ13/Htl&0&cDXGF&New&dxAC_equip/NE-dxAC-PkgAC-33to65-New-SEER-17.1/instance-out.sql,49.99,636826.06,157.83,2010511.61
CZ13/Htl&0&cDXGF&New&dxAC_equip/NE-dxAC-PkgAC-33to65-New-SEER-18.1/instance-out.sql,49.87,635271.71,157.42,2005320.08
CZ14/Htl&0&cDXGF&New&dxAC_equip/NE-dxAC-PkgAC-18to33-New-SEER-13.4/instance-out.sql,54.97,700278.29,175.95,2241301.68
CZ14/Htl&0&cDXGF&New&dxAC_equip/NE-dxAC-PkgAC-18to33-New-SEER-15.2/instance-out.sql,54.35,692380.39,173.88,2214922.68
CZ14/Htl&0&cDXGF&New&dxAC_equip/NE-dxAC-PkgAC-18to33-New-SEER-16.2/instance-out.sql,54.10,689190.65,173.04,2204268.96
CZ14/Htl&0&cDXGF&New&dxAC_equip/NE-dxAC-PkgAC-18to33-New-SEER-17.1/instance-out.sql,53.90,686640.56,172.37,2195751.63
CZ14/Htl&0&cDXGF&New&dxAC_equip/NE-dxAC-PkgAC-18to33-New-SEER-18.1/instance-out.sql,53.71,684216.25,171.73,2187654.44
CZ14/Htl&0&cDXGF&New&dxAC_equip/NE-dxAC-PkgAC-33to65-New-SEER-13.4/instance-out.sql,53.60,682726.88,171.34,2182613.88
CZ14/Htl&0&cDXGF&New&dxAC_equip/NE-dxAC-PkgAC-33to65-New-SEER-15.2/instance-out.sql,53.07,676069.41,169.59,2160377.92
CZ14/Htl&0&cDXGF&New&dxAC_equip/NE-dxAC-PkgAC-33to65-New-SEER-16.2/instance-out.sql,52.86,673380.64,168.89,2151397.45
CZ14/Htl&0&cDXGF&New&dxAC_equip/NE-dxAC-PkgAC-33to65-New-SEER-17.1/instance-out.sql,52.69,671231.06,168.32,2144217.84
CZ14/Htl&0&cDXGF&New&dxAC_equip/NE-dxAC-PkgAC-33to65-New-SEER-18.1/instance-out.sql,52.53,669187.51,167.79,2137392.38
CZ15/Htl&0&cDXGF&New&dxAC_equip/NE-dxAC-PkgAC-18to33-New-SEER-13.4/instance-out.sql,58.05,739512.47,187.35,2386562.81
CZ15/Htl&0&cDXGF&New&dxAC_equip/NE-dxAC-PkgAC-18to33-New-SEER-15.2/instance-out.sql,57.27,729500.01,184.72,2353121.20
CZ15/Htl&0&cDXGF&New&dxAC_equip/NE-dxAC-PkgAC-18to33-New-SEER-16.2/instance-out.sql,56.95,725456.26,183.66,2339615.10
CZ15/Htl&0&cDXGF&New&dxAC_equip/NE-dxAC-PkgAC-18to33-New-SEER-17.1/instance-out.sql,56.70,722223.41,182.82,2328817.38
CZ15/Htl&0&cDXGF&New&dxAC_equip/NE-dxAC-PkgAC-18to33-New-SEER-18.1/instance-out.sql,56.45,719150.03,182.01,2318552.29
CZ15/Htl&0&cDXGF&New&dxAC_equip/NE-dxAC-PkgAC-33to65-New-SEER-13.4/instance-out.sql,56.96,725558.09,183.71,2340159.77
CZ15/Htl&0&cDXGF&New&dxAC_equip/NE-dxAC-PkgAC-33to65-New-SEER-15.2/instance-out.sql,56.25,716523.93,181.34,2309985.68
CZ15/Htl&0&cDXGF&New&dxAC_equip/NE-dxAC-PkgAC-33to65-New-SEER-16.2/instance-out.sql,55.96,712875.29,180.38,2297799.23
CZ15/Htl&0&cDXGF&New&dxAC_equip/NE-dxAC-PkgAC-33to65-New-SEER-17.1/instance-out.sql,55.73,709958.32,179.62,2288056.54
CZ15/Htl&0&cDXGF&New&dxAC_equip/NE-dxAC-PkgAC-33to65-New-SEER-18.1/instance-out.sql,55.52,707185.23,178.89,2278794.43
CZ16/Htl&0&cDXGF&New&dxAC_equip/NE-dxAC-PkgAC-18to33-New-SEER-13.4/instance-out.sql,52.99,675044.80,165.00,2101870.28
CZ16/Htl&0&cDXGF&New&dxAC_equip/NE-dxAC-PkgAC-18to33-New-SEER-15.2/instance-out.sql,52.56,669483.28,163.54,2083294.82
CZ16/Htl&0&cDXGF&New&dxAC_equip/NE-dxAC-PkgAC-18to33-New-SEER-16.2/instance-out.sql,52.38,667237.15,162.95,2075792.73
CZ16/Htl&0&cDXGF&New&dxAC_equip/NE-dxAC-PkgAC-18to33-New-SEER-17.1/instance-out.sql,52.24,665441.43,162.48,2069795.03
CZ16/Htl&0&cDXGF&New&dxAC_equip/NE-dxAC-PkgAC-18to33-New-SEER-18.1/instance-out.sql,52.10,663734.29,162.03,2064093.19
CZ16/Htl&0&cDXGF&New&dxAC_equip/NE-dxAC-PkgAC-33to65-New-SEER-13.4/instance-out.sql,51.61,657440.74,160.39,2043171.81
CZ16/Htl&0&cDXGF&New&dxAC_equip/NE-dxAC-PkgAC-33to65-New-SEER-15.2/instance-out.sql,51.27,653118.29,159.26,2028734.82
CZ16/Htl&0&cDXGF&New&dxAC_equip/NE-dxAC-PkgAC-33to65-New-SEER-16.2/instance-out.sql,51.13,651372.58,158.80,2022904.13
CZ16/Htl&0&cDXGF&New&dxAC_equip/NE-dxAC-PkgAC-33to65-New-SEER-17.1/instance-out.sql,51.02,649976.93,158.44,2018242.68
CZ16/Htl&0&cDXGF&New&dxAC_equip/NE-dxAC-PkgAC-33to65-New-SEER-18.1/instance-out.sql,50.92,648650.13,158.09,2013811.16

File Name,Total (kWh),Heating (kWh),Cooling (kWh),Interior Lighting (kWh),Exterior Lighting (kWh),Interior Equipment (kWh),Exterior Equipment (kWh),Fans (kWh),Pumps (kWh),Heat Rejection (kWh),Humidification (kWh),Heat Recovery (kWh),Water Systems (kWh),Refrigeration (kWh),Generators (kWh),Heating Elec (kWh),Cooling Elec (kWh),Heating NG (kWh),Cooling NG (kWh),Interior Equipment Elec (kWh),Interior Equipment NG (kWh)
CZ01/Htl&0&cDXGF&New&dxAC_equip/NE-dxAC-PkgAC-18to33-New-SEER-13.4/instance-out.sql,541764.29,30822.35,31850.68,125722.95,0.0,205621.82,0.0,134841.06,0.0,0.0,0.0,0.0,12905.43,0.0,0.0,0.00,31850.68,30822.35,0.00,179632.92,25988.90
CZ01/Htl&0&cDXGF&New&dxAC_equip/NE-dxAC-PkgAC-18to33-New-SEER-15.2/instance-out.sql,540558.35,30822.35,30644.74,125722.95,0.0,205621.82,0.0,134841.06,0.0,0.0,0.0,0.0,12905.43,0.0,0.0,0.00,30644.74,30822.35,0.00,179632.92,25988.90
CZ01/Htl&0&cDXGF&New&dxAC_equip/NE-dxAC-PkgAC-18to33-New-SEER-16.2/instance-out.sql,540071.31,30822.35,30157.7,125722.95,0.0,205621.82,0.0,134841.06,0.0,0.0,0.0,0.0,12905.43,0.0,0.0,0.00,30157.70,30822.35,0.00,179632.92,25988.90
CZ01/Htl&0&cDXGF&New&dxAC_equip/NE-dxAC-PkgAC-18to33-New-SEER-17.1/instance-out.sql,539681.9299999999,30822.35,29768.32,125722.95,0.0,205621.82,0.0,134841.06,0.0,0.0,0.0,0.0,12905.43,0.0,0.0,0.00,29768.32,30822.35,0.00,179632.92,25988.90
CZ01/Htl&0&cDXGF&New&dxAC_equip/NE-dxAC-PkgAC-18to33-New-SEER-18.1/instance-out.sql,539311.76,30822.35,29398.15,125722.95,0.0,205621.82,0.0,134841.06,0.0,0.0,0.0,0.0,12905.43,0.0,0.0,0.00,29398.15,30822.35,0.00,179632.92,25988.90
CZ01/Htl&0&cDXGF&New&dxAC_equip/NE-dxAC-PkgAC-33to65-New-SEER-13.4/instance-out.sql,524965.83,30823.78,15080.96,125722.95,0.0,205621.82,0.0,134840.97,0.0,0.0,0.0,0.0,12875.36,0.0,0.0,0.00,15080.96,30823.78,0.00,179632.92,25988.90
CZ01/Htl&0&cDXGF&New&dxAC_equip/NE-dxAC-PkgAC-33to65-New-SEER-15.2/instance-out.sql,524943.12,30823.78,15058.25,125722.95,0.0,205621.82,0.0,134840.97,0.0,0.0,0.0,0.0,12875.36,0.0,0.0,0.00,15058.25,30823.78,0.00,179632.92,25988.90
CZ01/Htl&0&cDXGF&New&dxAC_equip/NE-dxAC-PkgAC-33to65-New-SEER-16.2/instance-out.sql,524933.95,30823.78,15049.07,125722.95,0.0,205621.82,0.0,134840.97,0.0,0.0,0.0,0.0,12875.36,0.0,0.0,0.00,15049.07,30823.78,0.00,179632.92,25988.90
CZ01/Htl&0&cDXGF&New&dxAC_equip/NE-dxAC-PkgAC-33to65-New-SEER-17.1/instance-out.sql,524926.61,30823.78,15041.74,125722.95,0.0,205621.82,0.0,134840.97,0.0,0.0,0.0,0.0,12875.36,0.0,0.0,0.00,15041.74,30823.78,0.00,179632.92,25988.90
CZ01/Htl&0&cDXGF&New&dxAC_equip/NE-dxAC-PkgAC-33to65-New-SEER-18.1/instance-out.sql,524919.64,30823.78,15034.77,125722.95,0.0,205621.82,0.0,134840.97,0.0,0.0,0.0,0.0,12875.36,0.0,0.0,0.00,15034.77,30823.78,0.00,179632.92,25988.90
CZ02/Htl&0&cDXGF&New&dxAC_equip/NE-dxAC-PkgAC-18to33-New-SEER-13.4/instance-out.sql,585089.2999999999,17405.18,75147.95,125722.95,0.0,205621.82,0.0,149334.66,0.0,0.0,0.0,0.0,11856.74,0.0,0.0,0.00,75147.95,17405.18,0.00,179632.92,25988.90
CZ02/Htl&0&cDXGF&New&dxAC_equip/NE-dxAC-PkgAC-18to33-New-SEER-15.2/instance-out.sql,581894.94,17405.18,71953.58,125722.95,0.0,205621.82,0.0,149334.66,0.0,0.0,0.0,0.0,11856.74,0.0,0.0,0.00,71953.58,17405.18,0.00,179632.92,25988.90
CZ02/Htl&0&cDXGF&New&dxAC_equip/NE-dxAC-PkgAC-18to33-New-SEER-16.2/instance-out.sql,580604.82,17405.18,70663.47,125722.95,0.0,205621.82,0.0,149334.66,0.0,0.0,0.0,0.0,11856.74,0.0,0.0,0.00,70663.47,17405.18,0.00,179632.92,25988.90
CZ02/Htl&0&cDXGF&New&dxAC_equip/NE-dxAC-PkgAC-18to33-New-SEER-17.1/instance-out.sql,579573.4199999999,17405.18,69632.06,125722.95,0.0,205621.82,0.0,149334.66,0.0,0.0,0.0,0.0,11856.74,0.0,0.0,0.00,69632.06,17405.18,0.00,179632.92,25988.90
CZ02/Htl&0&cDXGF&New&dxAC_equip/NE-dxAC-PkgAC-18to33-New-SEER-18.1/instance-out.sql,578592.89,17405.18,68651.53,125722.95,0.0,205621.82,0.0,149334.66,0.0,0.0,0.0,0.0,11856.74,0.0,0.0,0.00,68651.53,17405.18,0.00,179632.92,25988.90
CZ02/Htl&0&cDXGF&New&dxAC_equip/NE-dxAC-PkgAC-33to65-New-SEER-13.4/instance-out.sql,561247.28,17406.21,51304.32,125722.95,0.0,205621.82,0.0,149334.58,0.0,0.0,0.0,0.0,11857.41,0.0,0.0,0.00,51304.32,17406.21,0.00,179632.92,25988.90
CZ02/Htl&0&cDXGF&New&dxAC_equip/NE-dxAC-PkgAC-33to65-New-SEER-15.2/instance-out.sql,559735.27,17406.21,49792.31,125722.95,0.0,205621.82,0.0,149334.58,0.0,0.0,0.0,0.0,11857.41,0.0,0.0,0.00,49792.31,17406.21,0.00,179632.92,25988.90
CZ02/Htl&0&cDXGF&New&dxAC_equip/NE-dxAC-PkgAC-33to65-New-SEER-16.2/instance-out.sql,559124.61,17406.21,49181.65,125722.95,0.0,205621.82,0.0,149334.58,0.0,0.0,0.0,0.0,11857.41,0.0,0.0,0.00,49181.65,17406.21,0.00,179632.92,25988.90
CZ02/Htl&0&cDXGF&New&dxAC_equip/NE-dxAC-PkgAC-33to65-New-SEER-17.1/instance-out.sql,558636.41,17406.21,48693.45,125722.95,0.0,205621.82,0.0,149334.58,0.0,0.0,0.0,0.0,11857.41,0.0,0.0,0.00,48693.45,17406.21,0.00,179632.92,25988.90
CZ02/Htl&0&cDXGF&New&dxAC_equip/NE-dxAC-PkgAC-33to65-New-SEER-18.1/instance-out.sql,558172.29,17406.21,48229.33,125722.95,0.0,205621.82,0.0,149334.58,0.0,0.0,0.0,0.0,11857.41,0.0,0.0,0.00,48229.33,17406.21,0.00,179632.92,25988.90
CZ03/Htl&0&cDXGF&New&dxAC_equip/NE-dxAC-PkgAC-18to33-New-SEER-13.4/instance-out.sql,564144.63,8879.55,65256.45,125722.95,0.0,205621.82,0.0,146831.17,0.0,0.0,0.0,0.0,11832.7,0.0,0.0,0.00,65256.45,8879.55,0.00,179632.92,25988.90
CZ03/Htl&0&cDXGF&New&dxAC_equip/NE-dxAC-PkgAC-18to33-New-SEER-15.2/instance-out.sql,561442.86,8879.55,62554.69,125722.95,0.0,205621.82,0.0,146831.17,0.0,0.0,0.0,0.0,11832.7,0.0,0.0,0.00,62554.69,8879.55,0.00,179632.92,25988.90
CZ03/Htl&0&cDXGF&New&dxAC_equip/NE-dxAC-PkgAC-18to33-New-SEER-16.2/instance-out.sql,560351.7,8879.55,61463.52,125722.95,0.0,205621.82,0.0,146831.17,0.0,0.0,0.0,0.0,11832.7,0.0,0.0,0.00,61463.52,8879.55,0.00,179632.92,25988.90
CZ03/Htl&0&cDXGF&New&dxAC_equip/NE-dxAC-PkgAC-18to33-New-SEER-17.1/instance-out.sql,559479.35,8879.55,60591.17,125722.95,0.0,205621.82,0.0,146831.17,0.0,0.0,0.0,0.0,11832.7,0.0,0.0,0.00,60591.17,8879.55,0.00,179632.92,25988.90
CZ03/Htl&0&cDXGF&New&dxAC_equip/NE-dxAC-PkgAC-18to33-New-SEER-18.1/instance-out.sql,558650.03,8879.55,59761.85,125722.95,0.0,205621.82,0.0,146831.17,0.0,0.0,0.0,0.0,11832.7,0.0,0.0,0.00,59761.85,8879.55,0.00,179632.92,25988.90
CZ03/Htl&0&cDXGF&New&dxAC_equip/NE-dxAC-PkgAC-33to65-New-SEER-13.4/instance-out.sql,534862.9500000001,8880.4,35974.05,125722.95,0.0,205621.82,0.0,146831.04,0.0,0.0,0.0,0.0,11832.7,0.0,0.0,0.00,35974.05,8880.40,0.00,179632.92,25988.90
CZ03/Htl&0&cDXGF&New&dxAC_equip/NE-dxAC-PkgAC-33to65-New-SEER-15.2/instance-out.sql,534227.28,8880.4,35338.38,125722.95,0.0,205621.82,0.0,146831.04,0.0,0.0,0.0,0.0,11832.7,0.0,0.0,0.00,35338.38,8880.40,0.00,179632.92,25988.90
CZ03/Htl&0&cDXGF&New&dxAC_equip/NE-dxAC-PkgAC-33to65-New-SEER-16.2/instance-out.sql,533970.55,8880.4,35081.65,125722.95,0.0,205621.82,0.0,146831.04,0.0,0.0,0.0,0.0,11832.7,0.0,0.0,0.00,35081.65,8880.40,0.00,179632.92,25988.90
CZ03/Htl&0&cDXGF&New&dxAC_equip/NE-dxAC-PkgAC-33to65-New-SEER-17.1/instance-out.sql,533765.3,8880.4,34876.41,125722.95,0.0,205621.82,0.0,146831.04,0.0,0.0,0.0,0.0,11832.7,0.0,0.0,0.00,34876.41,8880.40,0.00,179632.92,25988.90
CZ03/Htl&0&cDXGF&New&dxAC_equip/NE-dxAC-PkgAC-33to65-New-SEER-18.1/instance-out.sql,533570.18,8880.4,34681.28,125722.95,0.0,205621.82,0.0,146831.04,0.0,0.0,0.0,0.0,11832.7,0.0,0.0,0.00,34681.28,8880.40,0.00,179632.92,25988.90
CZ04/Htl&0&cDXGF&New&dxAC_equip/NE-dxAC-PkgAC-18to33-New-SEER-13.4/instance-out.sql,590109.9099999999,7434.46,88109.3,125722.95,0.0,205621.82,0.0,151794.15,0.0,0.0,0.0,0.0,11427.24,0.0,0.0,0.00,88109.30,7434.46,0.00,179632.92,25988.90
CZ04/Htl&0&cDXGF&New&dxAC_equip/NE-dxAC-PkgAC-18to33-New-SEER-15.2/instance-out.sql,586407.14,7434.46,84406.53,125722.95,0.0,205621.82,0.0,151794.15,0.0,0.0,0.0,0.0,11427.24,0.0,0.0,0.00,84406.53,7434.46,0.00,179632.92,25988.90
CZ04/Htl&0&cDXGF&New&dxAC_equip/NE-dxAC-PkgAC-18to33-New-SEER-16.2/instance-out.sql,584911.69,7434.46,82911.09,125722.95,0.0,205621.82,0.0,151794.15,0.0,0.0,0.0,0.0,11427.24,0.0,0.0,0.00,82911.09,7434.46,0.00,179632.92,25988.90
CZ04/Htl&0&cDXGF&New&dxAC_equip/NE-dxAC-PkgAC-18to33-New-SEER-17.1/instance-out.sql,583716.13,7434.46,81715.52,125722.95,0.0,205621.82,0.0,151794.15,0.0,0.0,0.0,0.0,11427.24,0.0,0.0,0.00,81715.52,7434.46,0.00,179632.92,25988.90
CZ04/Htl&0&cDXGF&New&dxAC_equip/NE-dxAC-PkgAC-18to33-New-SEER-18.1/instance-out.sql,582579.5499999999,7434.46,80578.94,125722.95,0.0,205621.82,0.0,151794.15,0.0,0.0,0.0,0.0,11427.24,0.0,0.0,0.00,80578.94,7434.46,0.00,179632.92,25988.90
CZ04/Htl&0&cDXGF&New&dxAC_equip/NE-dxAC-PkgAC-33to65-New-SEER-13.4/instance-out.sql,563798.35,7435.58,61760.75,125722.95,0.0,205621.82,0.0,151794.06,0.0,0.0,0.0,0.0,11463.2,0.0,0.0,0.00,61760.75,7435.58,0.00,179632.92,25988.90
CZ04/Htl&0&cDXGF&New&dxAC_equip/NE-dxAC-PkgAC-33to65-New-SEER-15.2/instance-out.sql,561954.66,7435.58,59917.06,125722.95,0.0,205621.82,0.0,151794.06,0.0,0.0,0.0,0.0,11463.2,0.0,0.0,0.00,59917.06,7435.58,0.00,179632.92,25988.90
CZ04/Htl&0&cDXGF&New&dxAC_equip/NE-dxAC-PkgAC-33to65-New-SEER-16.2/instance-out.sql,561210.05,7435.58,59172.45,125722.95,0.0,205621.82,0.0,151794.06,0.0,0.0,0.0,0.0,11463.2,0.0,0.0,0.00,59172.45,7435.58,0.00,179632.92,25988.90
CZ04/Htl&0&cDXGF&New&dxAC_equip/NE-dxAC-PkgAC-33to65-New-SEER-17.1/instance-out.sql,560614.76,7435.58,58577.16,125722.95,0.0,205621.82,0.0,151794.06,0.0,0.0,0.0,0.0,11463.2,0.0,0.0,0.00,58577.16,7435.58,0.00,179632.92,25988.90
CZ04/Htl&0&cDXGF&New&dxAC_equip/NE-dxAC-PkgAC-33to65-New-SEER-18.1/instance-out.sql,560048.83,7435.58,58011.23,125722.95,0.0,205621.82,0.0,151794.06,0.0,0.0,0.0,0.0,11463.2,0.0,0.0,0.00,58011.23,7435.58,0.00,179632.92,25988.90
CZ05/Htl&0&cDXGF&New&dxAC_equip/NE-dxAC-PkgAC-18to33-New-SEER-13.4/instance-out.sql,568022.38,7774.07,71657.92,125722.95,0.0,205621.82,0.0,145410.42,0.0,0.0,0.0,0.0,11835.21,0.0,0.0,0.00,71657.92,7774.07,0.00,179632.92,25988.90
CZ05/Htl&0&cDXGF&New&dxAC_equip/NE-dxAC-PkgAC-18to33-New-SEER-15.2/instance-out.sql,565055.39,7774.07,68690.93,125722.95,0.0,205621.82,0.0,145410.42,0.0,0.0,0.0,0.0,11835.21,0.0,0.0,0.00,68690.93,7774.07,0.00,179632.92,25988.90
CZ05/Htl&0&cDXGF&New&dxAC_equip/NE-dxAC-PkgAC-18to33-New-SEER-16.2/instance-out.sql,563857.11,7774.07,67492.64,125722.95,0.0,205621.82,0.0,145410.42,0.0,0.0,0.0,0.0,11835.21,0.0,0.0,0.00,67492.64,7774.07,0.00,179632.92,25988.90
CZ05/Htl&0&cDXGF&New&dxAC_equip/NE-dxAC-PkgAC-18to33-New-SEER-17.1/instance-out.sql,562899.12,7774.07,66534.65,125722.95,0.0,205621.82,0.0,145410.42,0.0,0.0,0.0,0.0,11835.21,0.0,0.0,0.00,66534.65,7774.07,0.00,179632.92,25988.90
CZ05/Htl&0&cDXGF&New&dxAC_equip/NE-dxAC-PkgAC-18to33-New-SEER-18.1/instance-out.sql,561988.38,7774.07,65623.92,125722.95,0.0,205621.82,0.0,145410.42,0.0,0.0,0.0,0.0,11835.21,0.0,0.0,0.00,65623.92,7774.07,0.00,179632.92,25988.90
CZ05/Htl&0&cDXGF&New&dxAC_equip/NE-dxAC-PkgAC-33to65-New-SEER-13.4/instance-out.sql,539400.59,7775.53,43060.46,125722.95,0.0,205621.82,0.0,145410.29,0.0,0.0,0.0,0.0,11809.54,0.0,0.0,0.00,43060.46,7775.53,0.00,179632.92,25988.90
CZ05/Htl&0&cDXGF&New&dxAC_equip/NE-dxAC-PkgAC-33to65-New-SEER-15.2/instance-out.sql,538451.36,7775.53,42111.24,125722.95,0.0,205621.82,0.0,145410.29,0.0,0.0,0.0,0.0,11809.54,0.0,0.0,0.00,42111.24,7775.53,0.00,179632.92,25988.90
CZ05/Htl&0&cDXGF&New&dxAC_equip/NE-dxAC-PkgAC-33to65-New-SEER-16.2/instance-out.sql,538068.0,7775.53,41727.88,125722.95,0.0,205621.82,0.0,145410.29,0.0,0.0,0.0,0.0,11809.54,0.0,0.0,0.00,41727.88,7775.53,0.00,179632.92,25988.90
CZ05/Htl&0&cDXGF&New&dxAC_equip/NE-dxAC-PkgAC-33to65-New-SEER-17.1/instance-out.sql,537761.51,7775.53,41421.39,125722.95,0.0,205621.82,0.0,145410.29,0.0,0.0,0.0,0.0,11809.54,0.0,0.0,0.00,41421.39,7775.53,0.00,179632.92,25988.90
CZ05/Htl&0&cDXGF&New&dxAC_equip/NE-dxAC-PkgAC-33to65-New-SEER-18.1/instance-out.sql,537470.14,7775.53,41130.02,125722.95,0.0,205621.82,0.0,145410.29,0.0,0.0,0.0,0.0,11809.54,0.0,0.0,0.00,41130.02,7775.53,0.00,179632.92,25988.90
CZ06/Htl&0&cDXGF&New&dxAC_equip/NE-dxAC-PkgAC-18to33-New-SEER-13.4/instance-out.sql,591256.02,578.89,97646.08,125722.95,0.0,205621.82,0.0,150744.92,0.0,0.0,0.0,0.0,10941.36,0.0,0.0,0.00,97646.08,578.89,0.00,179632.92,25988.90
CZ06/Htl&0&cDXGF&New&dxAC_equip/NE-dxAC-PkgAC-18to33-New-SEER-15.2/instance-out.sql,587273.68,578.89,93663.74,125722.95,0.0,205621.82,0.0,150744.92,0.0,0.0,0.0,0.0,10941.36,0.0,0.0,0.00,93663.74,578.89,0.00,179632.92,25988.90
CZ06/Htl&0&cDXGF&New&dxAC_equip/NE-dxAC-PkgAC-18to33-New-SEER-16.2/instance-out.sql,585665.3300000001,578.89,92055.39,125722.95,0.0,205621.82,0.0,150744.92,0.0,0.0,0.0,0.0,10941.36,0.0,0.0,0.00,92055.39,578.89,0.00,179632.92,25988.90
CZ06/Htl&0&cDXGF&New&dxAC_equip/NE-dxAC-PkgAC-18to33-New-SEER-17.1/instance-out.sql,584379.51,578.89,90769.57,125722.95,0.0,205621.82,0.0,150744.92,0.0,0.0,0.0,0.0,10941.36,0.0,0.0,0.00,90769.57,578.89,0.00,179632.92,25988.90
CZ06/Htl&0&cDXGF&New&dxAC_equip/NE-dxAC-PkgAC-18to33-New-SEER-18.1/instance-out.sql,583157.11,578.89,89547.17,125722.95,0.0,205621.82,0.0,150744.92,0.0,0.0,0.0,0.0,10941.36,0.0,0.0,0.00,89547.17,578.89,0.00,179632.92,25988.90
CZ06/Htl&0&cDXGF&New&dxAC_equip/NE-dxAC-PkgAC-33to65-New-SEER-13.4/instance-out.sql,557230.78,579.24,63563.45,125722.95,0.0,205621.82,0.0,150744.8,0.0,0.0,0.0,0.0,10998.54,0.0,0.0,0.00,63563.45,579.24,0.00,179632.92,25988.90
CZ06/Htl&0&cDXGF&New&dxAC_equip/NE-dxAC-PkgAC-33to65-New-SEER-15.2/instance-out.sql,555653.25,579.24,61985.92,125722.95,0.0,205621.82,0.0,150744.8,0.0,0.0,0.0,0.0,10998.54,0.0,0.0,0.00,61985.92,579.24,0.00,179632.92,25988.90
CZ06/Htl&0&cDXGF&New&dxAC_equip/NE-dxAC-PkgAC-33to65-New-SEER-16.2/instance-out.sql,555016.13,579.24,61348.8,125722.95,0.0,205621.82,0.0,150744.8,0.0,0.0,0.0,0.0,10998.54,0.0,0.0,0.00,61348.80,579.24,0.00,179632.92,25988.90
CZ06/Htl&0&cDXGF&New&dxAC_equip/NE-dxAC-PkgAC-33to65-New-SEER-17.1/instance-out.sql,554506.78,579.24,60839.44,125722.95,0.0,205621.82,0.0,150744.8,0.0,0.0,0.0,0.0,10998.54,0.0,0.0,0.00,60839.44,579.24,0.00,179632.92,25988.90
CZ06/Htl&0&cDXGF&New&dxAC_equip/NE-dxAC-PkgAC-33to65-New-SEER-18.1/instance-out.sql,554022.54,579.24,60355.21,125722.95,0.0,205621.82,0.0,150744.8,0.0,0.0,0.0,0.0,10998.54,0.0,0.0,0.00,60355.21,579.24,0.00,179632.92,25988.90
CZ07/Htl&0&cDXGF&New&dxAC_equip/NE-dxAC-PkgAC-18to33-New-SEER-13.4/instance-out.sql,593025.6599999999,525.44,100988.02,125722.95,0.0,205621.82,0.0,149311.31,0.0,0.0,0.0,0.0,10856.12,0.0,0.0,0.00,100988.02,525.44,0.00,179632.92,25988.90
CZ07/Htl&0&cDXGF&New&dxAC_equip/NE-dxAC-PkgAC-18to33-New-SEER-15.2/instance-out.sql,588890.89,525.44,96853.25,125722.95,0.0,205621.82,0.0,149311.31,0.0,0.0,0.0,0.0,10856.12,0.0,0.0,0.00,96853.25,525.44,0.00,179632.92,25988.90
CZ07/Htl&0&cDXGF&New&dxAC_equip/NE-dxAC-PkgAC-18to33-New-SEER-16.2/instance-out.sql,587220.97,525.44,95183.33,125722.95,0.0,205621.82,0.0,149311.31,0.0,0.0,0.0,0.0,10856.12,0.0,0.0,0.00,95183.33,525.44,0.00,179632.92,25988.90
CZ07/Htl&0&cDXGF&New&dxAC_equip/NE-dxAC-PkgAC-18to33-New-SEER-17.1/instance-out.sql,585885.9299999999,525.44,93848.29,125722.95,0.0,205621.82,0.0,149311.31,0.0,0.0,0.0,0.0,10856.12,0.0,0.0,0.00,93848.29,525.44,0.00,179632.92,25988.90
CZ07/Htl&0&cDXGF&New&dxAC_equip/NE-dxAC-PkgAC-18to33-New-SEER-18.1/instance-out.sql,584616.74,525.44,92579.09,125722.95,0.0,205621.82,0.0,149311.31,0.0,0.0,0.0,0.0,10856.12,0.0,0.0,0.00,92579.09,525.44,0.00,179632.92,25988.90
CZ07/Htl&0&cDXGF&New&dxAC_equip/NE-dxAC-PkgAC-33to65-New-SEER-13.4/instance-out.sql,564964.78,525.75,72938.88,125722.95,0.0,205621.82,0.0,149311.18,0.0,0.0,0.0,0.0,10844.21,0.0,0.0,0.00,72938.88,525.75,0.00,179632.92,25988.90
CZ07/Htl&0&cDXGF&New&dxAC_equip/NE-dxAC-PkgAC-33to65-New-SEER-15.2/instance-out.sql,562809.08,525.75,70783.18,125722.95,0.0,205621.82,0.0,149311.18,0.0,0.0,0.0,0.0,10844.21,0.0,0.0,0.00,70783.18,525.75,0.00,179632.92,25988.90
CZ07/Htl&0&cDXGF&New&dxAC_equip/NE-dxAC-PkgAC-33to65-New-SEER-16.2/instance-out.sql,561938.46,525.75,69912.56,125722.95,0.0,205621.82,0.0,149311.18,0.0,0.0,0.0,0.0,10844.21,0.0,0.0,0.00,69912.56,525.75,0.00,179632.92,25988.90
CZ07/Htl&0&cDXGF&New&dxAC_equip/NE-dxAC-PkgAC-33to65-New-SEER-17.1/instance-out.sql,561242.42,525.75,69216.52,125722.95,0.0,205621.82,0.0,149311.18,0.0,0.0,0.0,0.0,10844.21,0.0,0.0,0.00,69216.52,525.75,0.00,179632.92,25988.90
CZ07/Htl&0&cDXGF&New&dxAC_equip/NE-dxAC-PkgAC-33to65-New-SEER-18.1/instance-out.sql,560580.72,525.75,68554.82,125722.95,0.0,205621.82,0.0,149311.18,0.0,0.0,0.0,0.0,10844.21,0.0,0.0,0.00,68554.82,525.75,0.00,179632.92,25988.90
CZ08/Htl&0&cDXGF&New&dxAC_equip/NE-dxAC-PkgAC-18to33-New-SEER-13.4/instance-out.sql,606136.74,1318.12,109965.0,125722.95,0.0,205621.82,0.0,152634.14,0.0,0.0,0.0,0.0,10874.73,0.0,0.0,0.00,109965.00,1318.12,0.00,179632.92,25988.90
CZ08/Htl&0&cDXGF&New&dxAC_equip/NE-dxAC-PkgAC-18to33-New-SEER-15.2/instance-out.sql,601575.99,1318.12,105404.24,125722.95,0.0,205621.82,0.0,152634.14,0.0,0.0,0.0,0.0,10874.73,0.0,0.0,0.00,105404.24,1318.12,0.00,179632.92,25988.90
CZ08/Htl&0&cDXGF&New&dxAC_equip/NE-dxAC-PkgAC-18to33-New-SEER-16.2/instance-out.sql,599734.03,1318.12,103562.28,125722.95,0.0,205621.82,0.0,152634.14,0.0,0.0,0.0,0.0,10874.73,0.0,0.0,0.00,103562.28,1318.12,0.00,179632.92,25988.90
CZ08/Htl&0&cDXGF&New&dxAC_equip/NE-dxAC-PkgAC-18to33-New-SEER-17.1/instance-out.sql,598261.44,1318.12,102089.69,125722.95,0.0,205621.82,0.0,152634.14,0.0,0.0,0.0,0.0,10874.73,0.0,0.0,0.00,102089.69,1318.12,0.00,179632.92,25988.90
CZ08/Htl&0&cDXGF&New&dxAC_equip/NE-dxAC-PkgAC-18to33-New-SEER-18.1/instance-out.sql,596861.49,1318.12,100689.74,125722.95,0.0,205621.82,0.0,152634.14,0.0,0.0,0.0,0.0,10874.73,0.0,0.0,0.00,100689.74,1318.12,0.00,179632.92,25988.90
CZ08/Htl&0&cDXGF&New&dxAC_equip/NE-dxAC-PkgAC-33to65-New-SEER-13.4/instance-out.sql,578417.91,1318.65,82324.45,125722.95,0.0,205621.82,0.0,152634.04,0.0,0.0,0.0,0.0,10796.0,0.0,0.0,0.00,82324.45,1318.65,0.00,179632.92,25988.90
CZ08/Htl&0&cDXGF&New&dxAC_equip/NE-dxAC-PkgAC-33to65-New-SEER-15.2/instance-out.sql,575807.42,1318.65,79713.96,125722.95,0.0,205621.82,0.0,152634.04,0.0,0.0,0.0,0.0,10796.0,0.0,0.0,0.00,79713.96,1318.65,0.00,179632.92,25988.90
CZ08/Htl&0&cDXGF&New&dxAC_equip/NE-dxAC-PkgAC-33to65-New-SEER-16.2/instance-out.sql,574753.12,1318.65,78659.66,125722.95,0.0,205621.82,0.0,152634.04,0.0,0.0,0.0,0.0,10796.0,0.0,0.0,0.00,78659.66,1318.65,0.00,179632.92,25988.90
CZ08/Htl&0&cDXGF&New&dxAC_equip/NE-dxAC-PkgAC-33to65-New-SEER-17.1/instance-out.sql,573910.24,1318.65,77816.78,125722.95,0.0,205621.82,0.0,152634.04,0.0,0.0,0.0,0.0,10796.0,0.0,0.0,0.00,77816.78,1318.65,0.00,179632.92,25988.90
CZ08/Htl&0&cDXGF&New&dxAC_equip/NE-dxAC-PkgAC-33to65-New-SEER-18.1/instance-out.sql,573108.93,1318.65,77015.47,125722.95,0.0,205621.82,0.0,152634.04,0.0,0.0,0.0,0.0,10796.0,0.0,0.0,0.00,77015.47,1318.65,0.00,179632.92,25988.90
CZ09/Htl&0&cDXGF&New&dxAC_equip/NE-dxAC-PkgAC-18to33-New-SEER-13.4/instance-out.sql,613312.9600000001,948.7,115669.67,125722.95,0.0,205621.82,0.0,154637.5,0.0,0.0,0.0,0.0,10712.33,0.0,0.0,0.00,115669.67,948.70,0.00,179632.92,25988.90
CZ09/Htl&0&cDXGF&New&dxAC_equip/NE-dxAC-PkgAC-18to33-New-SEER-15.2/instance-out.sql,608481.4600000001,948.7,110838.16,125722.95,0.0,205621.82,0.0,154637.5,0.0,0.0,0.0,0.0,10712.33,0.0,0.0,0.00,110838.16,948.70,0.00,179632.92,25988.90
CZ09/Htl&0&cDXGF&New&dxAC_equip/NE-dxAC-PkgAC-18to33-New-SEER-16.2/instance-out.sql,606530.16,948.7,108886.86,125722.95,0.0,205621.82,0.0,154637.5,0.0,0.0,0.0,0.0,10712.33,0.0,0.0,0.00,108886.86,948.70,0.00,179632.92,25988.90
CZ09/Htl&0&cDXGF&New&dxAC_equip/NE-dxAC-PkgAC-18to33-New-SEER-17.1/instance-out.sql,604970.15,948.7,107326.85,125722.95,0.0,205621.82,0.0,154637.5,0.0,0.0,0.0,0.0,10712.33,0.0,0.0,0.00,107326.85,948.70,0.00,179632.92,25988.90
CZ09/Htl&0&cDXGF&New&dxAC_equip/NE-dxAC-PkgAC-18to33-New-SEER-18.1/instance-out.sql,603487.0900000001,948.7,105843.79,125722.95,0.0,205621.82,0.0,154637.5,0.0,0.0,0.0,0.0,10712.33,0.0,0.0,0.00,105843.79,948.70,0.00,179632.92,25988.90
CZ09/Htl&0&cDXGF&New&dxAC_equip/NE-dxAC-PkgAC-33to65-New-SEER-13.4/instance-out.sql,586898.4900000001,949.16,89277.53,125722.95,0.0,205621.82,0.0,154637.41,0.0,0.0,0.0,0.0,10689.62,0.0,0.0,0.00,89277.53,949.16,0.00,179632.92,25988.90
CZ09/Htl&0&cDXGF&New&dxAC_equip/NE-dxAC-PkgAC-33to65-New-SEER-15.2/instance-out.sql,583929.15,949.16,86308.19,125722.95,0.0,205621.82,0.0,154637.41,0.0,0.0,0.0,0.0,10689.62,0.0,0.0,0.00,86308.19,949.16,0.00,179632.92,25988.90
CZ09/Htl&0&cDXGF&New&dxAC_equip/NE-dxAC-PkgAC-33to65-New-SEER-16.2/instance-out.sql,582729.92,949.16,85108.97,125722.95,0.0,205621.82,0.0,154637.41,0.0,0.0,0.0,0.0,10689.62,0.0,0.0,0.00,85108.97,949.16,0.00,179632.92,25988.90
CZ09/Htl&0&cDXGF&New&dxAC_equip/NE-dxAC-PkgAC-33to65-New-SEER-17.1/instance-out.sql,581771.18,949.16,84150.22,125722.95,0.0,205621.82,0.0,154637.41,0.0,0.0,0.0,0.0,10689.62,0.0,0.0,0.00,84150.22,949.16,0.00,179632.92,25988.90
CZ09/Htl&0&cDXGF&New&dxAC_equip/NE-dxAC-PkgAC-33to65-New-SEER-18.1/instance-out.sql,580859.7200000001,949.16,83238.76,125722.95,0.0,205621.82,0.0,154637.41,0.0,0.0,0.0,0.0,10689.62,0.0,0.0,0.00,83238.76,949.16,0.00,179632.92,25988.90
CZ10/Htl&0&cDXGF&New&dxAC_equip/NE-dxAC-PkgAC-18to33-New-SEER-13.4/instance-out.sql,645313.5700000001,4410.01,136820.57,125722.95,0.0,205621.82,0.0,162154.45,0.0,0.0,0.0,0.0,10583.77,0.0,0.0,0.00,136820.57,4410.01,0.00,179632.92,25988.90
CZ10/Htl&0&cDXGF&New&dxAC_equip/NE-dxAC-PkgAC-18to33-New-SEER-15.2/instance-out.sql,639425.2300000001,4410.01,130932.23,125722.95,0.0,205621.82,0.0,162154.45,0.0,0.0,0.0,0.0,10583.77,0.0,0.0,0.00,130932.23,4410.01,0.00,179632.92,25988.90
CZ10/Htl&0&cDXGF&New&dxAC_equip/NE-dxAC-PkgAC-18to33-New-SEER-16.2/instance-out.sql,637047.1000000001,4410.01,128554.1,125722.95,0.0,205621.82,0.0,162154.45,0.0,0.0,0.0,0.0,10583.77,0.0,0.0,0.00,128554.10,4410.01,0.00,179632.92,25988.90
CZ10/Htl&0&cDXGF&New&dxAC_equip/NE-dxAC-PkgAC-18to33-New-SEER-17.1/instance-out.sql,635145.8500000001,4410.01,126652.86,125722.95,0.0,205621.82,0.0,162154.45,0.0,0.0,0.0,0.0,10583.77,0.0,0.0,0.00,126652.86,4410.01,0.00,179632.92,25988.90
CZ10/Htl&0&cDXGF&New&dxAC_equip/NE-dxAC-PkgAC-18to33-New-SEER-18.1/instance-out.sql,633338.39,4410.01,124845.4,125722.95,0.0,205621.82,0.0,162154.45,0.0,0.0,0.0,0.0,10583.77,0.0,0.0,0.00,124845.40,4410.01,0.00,179632.92,25988.90
CZ10/Htl&0&cDXGF&New&dxAC_equip/NE-dxAC-PkgAC-33to65-New-SEER-13.4/instance-out.sql,623633.77,4410.83,115158.99,125722.95,0.0,205621.82,0.0,162154.39,0.0,0.0,0.0,0.0,10564.79,0.0,0.0,0.00,115158.99,4410.83,0.00,179632.92,25988.90
CZ10/Htl&0&cDXGF&New&dxAC_equip/NE-dxAC-PkgAC-33to65-New-SEER-15.2/instance-out.sql,619273.8200000001,4410.83,110799.05,125722.95,0.0,205621.82,0.0,162154.39,0.0,0.0,0.0,0.0,10564.79,0.0,0.0,0.00,110799.05,4410.83,0.00,179632.92,25988.90
CZ10/Htl&0&cDXGF&New&dxAC_equip/NE-dxAC-PkgAC-33to65-New-SEER-16.2/instance-out.sql,617512.97,4410.83,109038.2,125722.95,0.0,205621.82,0.0,162154.39,0.0,0.0,0.0,0.0,10564.79,0.0,0.0,0.00,109038.20,4410.83,0.00,179632.92,25988.90
CZ10/Htl&0&cDXGF&New&dxAC_equip/NE-dxAC-PkgAC-33to65-New-SEER-17.1/instance-out.sql,616105.22,4410.83,107630.45,125722.95,0.0,205621.82,0.0,162154.39,0.0,0.0,0.0,0.0,10564.79,0.0,0.0,0.00,107630.45,4410.83,0.00,179632.92,25988.90
CZ10/Htl&0&cDXGF&New&dxAC_equip/NE-dxAC-PkgAC-33to65-New-SEER-18.1/instance-out.sql,614766.91,4410.83,106292.14,125722.95,0.0,205621.82,0.0,162154.39,0.0,0.0,0.0,0.0,10564.79,0.0,0.0,0.00,106292.14,4410.83,0.00,179632.92,25988.90
CZ11/Htl&0&cDXGF&New&dxAC_equip/NE-dxAC-PkgAC-18to33-New-SEER-13.4/instance-out.sql,654207.57,17828.45,132485.36,125722.95,0.0,205621.82,0.0,161679.26,0.0,0.0,0.0,0.0,10869.73,0.0,0.0,0.00,132485.36,17828.45,0.00,179632.92,25988.90
CZ11/Htl&0&cDXGF&New&dxAC_equip/NE-dxAC-PkgAC-18to33-New-SEER-15.2/instance-out.sql,648377.9199999999,17828.45,126655.71,125722.95,0.0,205621.82,0.0,161679.26,0.0,0.0,0.0,0.0,10869.73,0.0,0.0,0.00,126655.71,17828.45,0.00,179632.92,25988.90
CZ11/Htl&0&cDXGF&New&dxAC_equip/NE-dxAC-PkgAC-18to33-New-SEER-16.2/instance-out.sql,646023.49,17828.45,124301.28,125722.95,0.0,205621.82,0.0,161679.26,0.0,0.0,0.0,0.0,10869.73,0.0,0.0,0.00,124301.28,17828.45,0.00,179632.92,25988.90
CZ11/Htl&0&cDXGF&New&dxAC_equip/NE-dxAC-PkgAC-18to33-New-SEER-17.1/instance-out.sql,644141.2,17828.45,122418.99,125722.95,0.0,205621.82,0.0,161679.26,0.0,0.0,0.0,0.0,10869.73,0.0,0.0,0.00,122418.99,17828.45,0.00,179632.92,25988.90
CZ11/Htl&0&cDXGF&New&dxAC_equip/NE-dxAC-PkgAC-18to33-New-SEER-18.1/instance-out.sql,642351.75,17828.45,120629.55,125722.95,0.0,205621.82,0.0,161679.26,0.0,0.0,0.0,0.0,10869.73,0.0,0.0,0.00,120629.55,17828.45,0.00,179632.92,25988.90
CZ11/Htl&0&cDXGF&New&dxAC_equip/NE-dxAC-PkgAC-33to65-New-SEER-13.4/instance-out.sql,637543.1,17829.33,115839.99,125722.95,0.0,205621.82,0.0,161679.22,0.0,0.0,0.0,0.0,10849.8,0.0,0.0,0.00,115839.99,17829.33,0.00,179632.92,25988.90
CZ11/Htl&0&cDXGF&New&dxAC_equip/NE-dxAC-PkgAC-33to65-New-SEER-15.2/instance-out.sql,632887.92,17829.33,111184.81,125722.95,0.0,205621.82,0.0,161679.22,0.0,0.0,0.0,0.0,10849.8,0.0,0.0,0.00,111184.81,17829.33,0.00,179632.92,25988.90
CZ11/Htl&0&cDXGF&New&dxAC_equip/NE-dxAC-PkgAC-33to65-New-SEER-16.2/instance-out.sql,631007.8300000001,17829.33,109304.71,125722.95,0.0,205621.82,0.0,161679.22,0.0,0.0,0.0,0.0,10849.8,0.0,0.0,0.00,109304.71,17829.33,0.00,179632.92,25988.90
CZ11/Htl&0&cDXGF&New&dxAC_equip/NE-dxAC-PkgAC-33to65-New-SEER-17.1/instance-out.sql,629504.75,17829.33,107801.63,125722.95,0.0,205621.82,0.0,161679.22,0.0,0.0,0.0,0.0,10849.8,0.0,0.0,0.00,107801.63,17829.33,0.00,179632.92,25988.90
CZ11/Htl&0&cDXGF&New&dxAC_equip/NE-dxAC-PkgAC-33to65-New-SEER-18.1/instance-out.sql,628075.81,17829.33,106372.7,125722.95,0.0,205621.82,0.0,161679.22,0.0,0.0,0.0,0.0,10849.8,0.0,0.0,0.00,106372.70,17829.33,0.00,179632.92,25988.90
CZ12/Htl&0&cDXGF&New&dxAC_equip/NE-dxAC-PkgAC-18to33-New-SEER-13.4/instance-out.sql,627999.13,17507.69,114265.3,125722.95,0.0,205621.82,0.0,153709.58,0.0,0.0,0.0,0.0,11171.79,0.0,0.0,0.00,114265.30,17507.69,0.00,179632.92,25988.90
CZ12/Htl&0&cDXGF&New&dxAC_equip/NE-dxAC-PkgAC-18to33-New-SEER-15.2/instance-out.sql,623011.1900000001,17507.69,109277.36,125722.95,0.0,205621.82,0.0,153709.58,0.0,0.0,0.0,0.0,11171.79,0.0,0.0,0.00,109277.36,17507.69,0.00,179632.92,25988.90
CZ12/Htl&0&cDXGF&New&dxAC_equip/NE-dxAC-PkgAC-18to33-New-SEER-16.2/instance-out.sql,620996.71,17507.69,107262.88,125722.95,0.0,205621.82,0.0,153709.58,0.0,0.0,0.0,0.0,11171.79,0.0,0.0,0.00,107262.88,17507.69,0.00,179632.92,25988.90
CZ12/Htl&0&cDXGF&New&dxAC_equip/NE-dxAC-PkgAC-18to33-New-SEER-17.1/instance-out.sql,619386.1900000001,17507.69,105652.36,125722.95,0.0,205621.82,0.0,153709.58,0.0,0.0,0.0,0.0,11171.79,0.0,0.0,0.00,105652.36,17507.69,0.00,179632.92,25988.90
CZ12/Htl&0&cDXGF&New&dxAC_equip/NE-dxAC-PkgAC-18to33-New-SEER-18.1/instance-out.sql,617855.11,17507.69,104121.28,125722.95,0.0,205621.82,0.0,153709.58,0.0,0.0,0.0,0.0,11171.79,0.0,0.0,0.00,104121.28,17507.69,0.00,179632.92,25988.90
CZ12/Htl&0&cDXGF&New&dxAC_equip/NE-dxAC-PkgAC-33to65-New-SEER-13.4/instance-out.sql,609400.36,17508.46,95718.35,125722.95,0.0,205621.82,0.0,153709.54,0.0,0.0,0.0,0.0,11119.24,0.0,0.0,0.00,95718.35,17508.46,0.00,179632.92,25988.90
CZ12/Htl&0&cDXGF&New&dxAC_equip/NE-dxAC-PkgAC-33to65-New-SEER-15.2/instance-out.sql,605721.0599999999,17508.46,92039.06,125722.95,0.0,205621.82,0.0,153709.54,0.0,0.0,0.0,0.0,11119.24,0.0,0.0,0.00,92039.06,17508.46,0.00,179632.92,25988.90
CZ12/Htl&0&cDXGF&New&dxAC_equip/NE-dxAC-PkgAC-33to65-New-SEER-16.2/instance-out.sql,604235.1,17508.46,90553.1,125722.95,0.0,205621.82,0.0,153709.54,0.0,0.0,0.0,0.0,11119.24,0.0,0.0,0.00,90553.10,17508.46,0.00,179632.92,25988.90
CZ12/Htl&0&cDXGF&New&dxAC_equip/NE-dxAC-PkgAC-33to65-New-SEER-17.1/instance-out.sql,603047.12,17508.46,89365.11,125722.95,0.0,205621.82,0.0,153709.54,0.0,0.0,0.0,0.0,11119.24,0.0,0.0,0.00,89365.11,17508.46,0.00,179632.92,25988.90
CZ12/Htl&0&cDXGF&New&dxAC_equip/NE-dxAC-PkgAC-33to65-New-SEER-18.1/instance-out.sql,601917.74,17508.46,88235.73,125722.95,0.0,205621.82,0.0,153709.54,0.0,0.0,0.0,0.0,11119.24,0.0,0.0,0.00,88235.73,17508.46,0.00,179632.92,25988.90
CZ13/Htl&0&cDXGF&New&dxAC_equip/NE-dxAC-PkgAC-18to33-New-SEER-13.4/instance-out.sql,662711.1900000001,14223.81,145695.59,125722.95,0.0,205621.82,0.0,160860.69,0.0,0.0,0.0,0.0,10586.35,0.0,0.0,0.00,145695.59,14223.81,0.00,179632.92,25988.90
CZ13/Htl&0&cDXGF&New&dxAC_equip/NE-dxAC-PkgAC-18to33-New-SEER-15.2/instance-out.sql,656437.8200000001,14223.81,139422.21,125722.95,0.0,205621.82,0.0,160860.69,0.0,0.0,0.0,0.0,10586.35,0.0,0.0,0.00,139422.21,14223.81,0.00,179632.92,25988.90
CZ13/Htl&0&cDXGF&New&dxAC_equip/NE-dxAC-PkgAC-18to33-New-SEER-16.2/instance-out.sql,653904.18,14223.81,136888.58,125722.95,0.0,205621.82,0.0,160860.69,0.0,0.0,0.0,0.0,10586.35,0.0,0.0,0.00,136888.58,14223.81,0.00,179632.92,25988.90
CZ13/Htl&0&cDXGF&New&dxAC_equip/NE-dxAC-PkgAC-18to33-New-SEER-17.1/instance-out.sql,651878.62,14223.81,134863.01,125722.95,0.0,205621.82,0.0,160860.69,0.0,0.0,0.0,0.0,10586.35,0.0,0.0,0.00,134863.01,14223.81,0.00,179632.92,25988.90
CZ13/Htl&0&cDXGF&New&dxAC_equip/NE-dxAC-PkgAC-18to33-New-SEER-18.1/instance-out.sql,649952.9700000001,14223.81,132937.37,125722.95,0.0,205621.82,0.0,160860.69,0.0,0.0,0.0,0.0,10586.35,0.0,0.0,0.00,132937.37,14223.81,0.00,179632.92,25988.90
CZ13/Htl&0&cDXGF&New&dxAC_equip/NE-dxAC-PkgAC-33to65-New-SEER-13.4/instance-out.sql,645569.94,14224.52,128552.09,125722.95,0.0,205621.82,0.0,160860.65,0.0,0.0,0.0,0.0,10587.91,0.0,0.0,0.00,128552.09,14224.52,0.00,179632.92,25988.90
CZ13/Htl&0&cDXGF&New&dxAC_equip/NE-dxAC-PkgAC-33to65-New-SEER-15.2/instance-out.sql,640506.1799999999,14224.52,123488.33,125722.95,0.0,205621.82,0.0,160860.65,0.0,0.0,0.0,0.0,10587.91,0.0,0.0,0.00,123488.33,14224.52,0.00,179632.92,25988.90
CZ13/Htl&0&cDXGF&New&dxAC_equip/NE-dxAC-PkgAC-33to65-New-SEER-16.2/instance-out.sql,638461.07,14224.52,121443.22,125722.95,0.0,205621.82,0.0,160860.65,0.0,0.0,0.0,0.0,10587.91,0.0,0.0,0.00,121443.22,14224.52,0.00,179632.92,25988.90
CZ13/Htl&0&cDXGF&New&dxAC_equip/NE-dxAC-PkgAC-33to65-New-SEER-17.1/instance-out.sql,636826.07,14224.52,119808.22,125722.95,0.0,205621.82,0.0,160860.65,0.0,0.0,0.0,0.0,10587.91,0.0,0.0,0.00,119808.22,14224.52,0.00,179632.92,25988.90
CZ13/Htl&0&cDXGF&New&dxAC_equip/NE-dxAC-PkgAC-33to65-New-SEER-18.1/instance-out.sql,635271.72,14224.52,118253.87,125722.95,0.0,205621.82,0.0,160860.65,0.0,0.0,0.0,0.0,10587.91,0.0,0.0,0.00,118253.87,14224.52,0.00,179632.92,25988.90
CZ14/Htl&0&cDXGF&New&dxAC_equip/NE-dxAC-PkgAC-18to33-New-SEER-13.4/instance-out.sql,700278.2899999999,6581.08,177295.68,125722.95,0.0,205621.82,0.0,175050.28,0.0,0.0,0.0,0.0,10006.49,0.0,0.0,0.00,177295.68,6581.08,0.00,179632.92,25988.90
CZ14/Htl&0&cDXGF&New&dxAC_equip/NE-dxAC-PkgAC-18to33-New-SEER-15.2/instance-out.sql,692380.39,6581.08,169397.78,125722.95,0.0,205621.82,0.0,175050.28,0.0,0.0,0.0,0.0,10006.49,0.0,0.0,0.00,169397.78,6581.08,0.00,179632.92,25988.90
CZ14/Htl&0&cDXGF&New&dxAC_equip/NE-dxAC-PkgAC-18to33-New-SEER-16.2/instance-out.sql,689190.6499999999,6581.08,166208.04,125722.95,0.0,205621.82,0.0,175050.28,0.0,0.0,0.0,0.0,10006.49,0.0,0.0,0.00,166208.04,6581.08,0.00,179632.92,25988.90
CZ14/Htl&0&cDXGF&New&dxAC_equip/NE-dxAC-PkgAC-18to33-New-SEER-17.1/instance-out.sql,686640.5599999999,6581.08,163657.94,125722.95,0.0,205621.82,0.0,175050.28,0.0,0.0,0.0,0.0,10006.49,0.0,0.0,0.00,163657.94,6581.08,0.00,179632.92,25988.90
CZ14/Htl&0&cDXGF&New&dxAC_equip/NE-dxAC-PkgAC-18to33-New-SEER-18.1/instance-out.sql,684216.25,6581.08,161233.64,125722.95,0.0,205621.82,0.0,175050.28,0.0,0.0,0.0,0.0,10006.49,0.0,0.0,0.00,161233.64,6581.08,0.00,179632.92,25988.90
CZ14/Htl&0&cDXGF&New&dxAC_equip/NE-dxAC-PkgAC-33to65-New-SEER-13.4/instance-out.sql,682726.88,6582.1,159715.5,125722.95,0.0,205621.82,0.0,175050.24,0.0,0.0,0.0,0.0,10034.28,0.0,0.0,0.00,159715.50,6582.10,0.00,179632.92,25988.90
CZ14/Htl&0&cDXGF&New&dxAC_equip/NE-dxAC-PkgAC-33to65-New-SEER-15.2/instance-out.sql,676069.41,6582.1,153058.02,125722.95,0.0,205621.82,0.0,175050.24,0.0,0.0,0.0,0.0,10034.28,0.0,0.0,0.00,153058.02,6582.10,0.00,179632.92,25988.90
CZ14/Htl&0&cDXGF&New&dxAC_equip/NE-dxAC-PkgAC-33to65-New-SEER-16.2/instance-out.sql,673380.65,6582.1,150369.26,125722.95,0.0,205621.82,0.0,175050.24,0.0,0.0,0.0,0.0,10034.28,0.0,0.0,0.00,150369.26,6582.10,0.00,179632.92,25988.90
CZ14/Htl&0&cDXGF&New&dxAC_equip/NE-dxAC-PkgAC-33to65-New-SEER-17.1/instance-out.sql,671231.06,6582.1,148219.67,125722.95,0.0,205621.82,0.0,175050.24,0.0,0.0,0.0,0.0,10034.28,0.0,0.0,0.00,148219.67,6582.10,0.00,179632.92,25988.90
CZ14/Htl&0&cDXGF&New&dxAC_equip/NE-dxAC-PkgAC-33to65-New-SEER-18.1/instance-out.sql,669187.51,6582.1,146176.12,125722.95,0.0,205621.82,0.0,175050.24,0.0,0.0,0.0,0.0,10034.28,0.0,0.0,0.00,146176.12,6582.10,0.00,179632.92,25988.90
CZ15/Htl&0&cDXGF&New&dxAC_equip/NE-dxAC-PkgAC-18to33-New-SEER-13.4/instance-out.sql,739512.4600000001,1363.02,229760.31,125722.95,0.0,205621.82,0.0,168020.87,0.0,0.0,0.0,0.0,9023.49,0.0,0.0,0.00,229760.31,1363.02,0.00,179632.92,25988.90
CZ15/Htl&0&cDXGF&New&dxAC_equip/NE-dxAC-PkgAC-18to33-New-SEER-15.2/instance-out.sql,729500.0,1363.02,219747.86,125722.95,0.0,205621.82,0.0,168020.87,0.0,0.0,0.0,0.0,9023.49,0.0,0.0,0.00,219747.86,1363.02,0.00,179632.92,25988.90
CZ15/Htl&0&cDXGF&New&dxAC_equip/NE-dxAC-PkgAC-18to33-New-SEER-16.2/instance-out.sql,725456.26,1363.02,215704.11,125722.95,0.0,205621.82,0.0,168020.87,0.0,0.0,0.0,0.0,9023.49,0.0,0.0,0.00,215704.11,1363.02,0.00,179632.92,25988.90
CZ15/Htl&0&cDXGF&New&dxAC_equip/NE-dxAC-PkgAC-18to33-New-SEER-17.1/instance-out.sql,722223.41,1363.02,212471.26,125722.95,0.0,205621.82,0.0,168020.87,0.0,0.0,0.0,0.0,9023.49,0.0,0.0,0.00,212471.26,1363.02,0.00,179632.92,25988.90
CZ15/Htl&0&cDXGF&New&dxAC_equip/NE-dxAC-PkgAC-18to33-New-SEER-18.1/instance-out.sql,719150.03,1363.02,209397.88,125722.95,0.0,205621.82,0.0,168020.87,0.0,0.0,0.0,0.0,9023.49,0.0,0.0,0.00,209397.88,1363.02,0.00,179632.92,25988.90
CZ15/Htl&0&cDXGF&New&dxAC_equip/NE-dxAC-PkgAC-33to65-New-SEER-13.4/instance-out.sql,725558.0900000001,1363.46,215895.21,125722.95,0.0,205621.82,0.0,168020.81,0.0,0.0,0.0,0.0,8933.84,0.0,0.0,0.00,215895.21,1363.46,0.00,179632.92,25988.90
CZ15/Htl&0&cDXGF&New&dxAC_equip/NE-dxAC-PkgAC-33to65-New-SEER-15.2/instance-out.sql,716523.9299999999,1363.46,206861.05,125722.95,0.0,205621.82,0.0,168020.81,0.0,0.0,0.0,0.0,8933.84,0.0,0.0,0.00,206861.05,1363.46,0.00,179632.92,25988.90
CZ15/Htl&0&cDXGF&New&dxAC_equip/NE-dxAC-PkgAC-33to65-New-SEER-16.2/instance-out.sql,712875.29,1363.46,203212.42,125722.95,0.0,205621.82,0.0,168020.81,0.0,0.0,0.0,0.0,8933.84,0.0,0.0,0.00,203212.42,1363.46,0.00,179632.92,25988.90
CZ15/Htl&0&cDXGF&New&dxAC_equip/NE-dxAC-PkgAC-33to65-New-SEER-17.1/instance-out.sql,709958.3200000001,1363.46,200295.44,125722.95,0.0,205621.82,0.0,168020.81,0.0,0.0,0.0,0.0,8933.84,0.0,0.0,0.00,200295.44,1363.46,0.00,179632.92,25988.90
CZ15/Htl&0&cDXGF&New&dxAC_equip/NE-dxAC-PkgAC-33to65-New-SEER-18.1/instance-out.sql,707185.23,1363.46,197522.36,125722.95,0.0,205621.82,0.0,168020.81,0.0,0.0,0.0,0.0,8933.84,0.0,0.0,0.00,197522.36,1363.46,0.00,179632.92,25988.90
CZ16/Htl&0&cDXGF&New&dxAC_equip/NE-dxAC-PkgAC-18to33-New-SEER-13.4/instance-out.sql,675044.7899999999,28880.72,123409.45,125722.95,0.0,205621.82,0.0,179650.89,0.0,0.0,0.0,0.0,11758.96,0.0,0.0,0.00,123409.45,28880.72,0.00,179632.92,25988.90
CZ16/Htl&0&cDXGF&New&dxAC_equip/NE-dxAC-PkgAC-18to33-New-SEER-15.2/instance-out.sql,669483.2799999999,28880.72,117847.94,125722.95,0.0,205621.82,0.0,179650.89,0.0,0.0,0.0,0.0,11758.96,0.0,0.0,0.00,117847.94,28880.72,0.00,179632.92,25988.90
CZ16/Htl&0&cDXGF&New&dxAC_equip/NE-dxAC-PkgAC-18to33-New-SEER-16.2/instance-out.sql,667237.14,28880.72,115601.8,125722.95,0.0,205621.82,0.0,179650.89,0.0,0.0,0.0,0.0,11758.96,0.0,0.0,0.00,115601.80,28880.72,0.00,179632.92,25988.90
CZ16/Htl&0&cDXGF&New&dxAC_equip/NE-dxAC-PkgAC-18to33-New-SEER-17.1/instance-out.sql,665441.4299999999,28880.72,113806.08,125722.95,0.0,205621.82,0.0,179650.89,0.0,0.0,0.0,0.0,11758.96,0.0,0.0,0.00,113806.08,28880.72,0.00,179632.92,25988.90
CZ16/Htl&0&cDXGF&New&dxAC_equip/NE-dxAC-PkgAC-18to33-New-SEER-18.1/instance-out.sql,663734.2899999999,28880.72,112098.95,125722.95,0.0,205621.82,0.0,179650.89,0.0,0.0,0.0,0.0,11758.96,0.0,0.0,0.00,112098.95,28880.72,0.00,179632.92,25988.90
CZ16/Htl&0&cDXGF&New&dxAC_equip/NE-dxAC-PkgAC-33to65-New-SEER-13.4/instance-out.sql,657440.74,28882.26,105848.65,125722.95,0.0,205621.82,0.0,179650.85,0.0,0.0,0.0,0.0,11714.22,0.0,0.0,0.00,105848.65,28882.26,0.00,179632.92,25988.90
CZ16/Htl&0&cDXGF&New&dxAC_equip/NE-dxAC-PkgAC-33to65-New-SEER-15.2/instance-out.sql,653118.29,28882.26,101526.2,125722.95,0.0,205621.82,0.0,179650.85,0.0,0.0,0.0,0.0,11714.22,0.0,0.0,0.00,101526.20,28882.26,0.00,179632.92,25988.90
CZ16/Htl&0&cDXGF&New&dxAC_equip/NE-dxAC-PkgAC-33to65-New-SEER-16.2/instance-out.sql,651372.58,28882.26,99780.48,125722.95,0.0,205621.82,0.0,179650.85,0.0,0.0,0.0,0.0,11714.22,0.0,0.0,0.00,99780.48,28882.26,0.00,179632.92,25988.90
CZ16/Htl&0&cDXGF&New&dxAC_equip/NE-dxAC-PkgAC-33to65-New-SEER-17.1/instance-out.sql,649976.93,28882.26,98384.84,125722.95,0.0,205621.82,0.0,179650.85,0.0,0.0,0.0,0.0,11714.22,0.0,0.0,0.00,98384.84,28882.26,0.00,179632.92,25988.90
CZ16/Htl&0&cDXGF&New&dxAC_equip/NE-dxAC-PkgAC-33to65-New-SEER-18.1/instance-out.sql,648650.13,28882.26,97058.04,125722.95,0.0,205621.82,0.0,179650.85,0.0,0.0,0.0,0.0,11714.22,0.0,0.0,0.00,97058.04,28882.26,0.00,179632.92,25988.90

File Name,Electricity (kWh),Natural Gas (kWh)
CZ01/Htl&0&cDXGF&New&dxAC_equip/NE-dxAC-PkgAC-18to33-New-SEER-13.4/instance-out.sql,472047.61,69716.68
CZ01/Htl&0&cDXGF&New&dxAC_equip/NE-dxAC-PkgAC-18to33-New-SEER-15.2/instance-out.sql,470841.67,69716.68
CZ01/Htl&0&cDXGF&New&dxAC_equip/NE-dxAC-PkgAC-18to33-New-SEER-16.2/instance-out.sql,470354.63,69716.68
CZ01/Htl&0&cDXGF&New&dxAC_equip/NE-dxAC-PkgAC-18to33-New-SEER-17.1/instance-out.sql,469965.25,69716.68
CZ01/Htl&0&cDXGF&New&dxAC_equip/NE-dxAC-PkgAC-18to33-New-SEER-18.1/instance-out.sql,469595.08,69716.68
CZ01/Htl&0&cDXGF&New&dxAC_equip/NE-dxAC-PkgAC-33to65-New-SEER-13.4/instance-out.sql,455277.80,69688.03
CZ01/Htl&0&cDXGF&New&dxAC_equip/NE-dxAC-PkgAC-33to65-New-SEER-15.2/instance-out.sql,455255.09,69688.03
CZ01/Htl&0&cDXGF&New&dxAC_equip/NE-dxAC-PkgAC-33to65-New-SEER-16.2/instance-out.sql,455245.92,69688.03
CZ01/Htl&0&cDXGF&New&dxAC_equip/NE-dxAC-PkgAC-33to65-New-SEER-17.1/instance-out.sql,455238.58,69688.03
CZ01/Htl&0&cDXGF&New&dxAC_equip/NE-dxAC-PkgAC-33to65-New-SEER-18.1/instance-out.sql,455231.61,69688.03
CZ02/Htl&0&cDXGF&New&dxAC_equip/NE-dxAC-PkgAC-18to33-New-SEER-13.4/instance-out.sql,529838.47,55250.83
CZ02/Htl&0&cDXGF&New&dxAC_equip/NE-dxAC-PkgAC-18to33-New-SEER-15.2/instance-out.sql,526644.11,55250.83
CZ02/Htl&0&cDXGF&New&dxAC_equip/NE-dxAC-PkgAC-18to33-New-SEER-16.2/instance-out.sql,525353.99,55250.83
CZ02/Htl&0&cDXGF&New&dxAC_equip/NE-dxAC-PkgAC-18to33-New-SEER-17.1/instance-out.sql,524322.59,55250.83
CZ02/Htl&0&cDXGF&New&dxAC_equip/NE-dxAC-PkgAC-18to33-New-SEER-18.1/instance-out.sql,523342.06,55250.83
CZ02/Htl&0&cDXGF&New&dxAC_equip/NE-dxAC-PkgAC-33to65-New-SEER-13.4/instance-out.sql,505994.77,55252.51
CZ02/Htl&0&cDXGF&New&dxAC_equip/NE-dxAC-PkgAC-33to65-New-SEER-15.2/instance-out.sql,504482.76,55252.51
CZ02/Htl&0&cDXGF&New&dxAC_equip/NE-dxAC-PkgAC-33to65-New-SEER-16.2/instance-out.sql,503872.10,55252.51
CZ02/Htl&0&cDXGF&New&dxAC_equip/NE-dxAC-PkgAC-33to65-New-SEER-17.1/instance-out.sql,503383.90,55252.51
CZ02/Htl&0&cDXGF&New&dxAC_equip/NE-dxAC-PkgAC-33to65-New-SEER-18.1/instance-out.sql,502919.78,55252.51
CZ03/Htl&0&cDXGF&New&dxAC_equip/NE-dxAC-PkgAC-18to33-New-SEER-13.4/instance-out.sql,517443.49,46701.14
CZ03/Htl&0&cDXGF&New&dxAC_equip/NE-dxAC-PkgAC-18to33-New-SEER-15.2/instance-out.sql,514741.72,46701.14
CZ03/Htl&0&cDXGF&New&dxAC_equip/NE-dxAC-PkgAC-18to33-New-SEER-16.2/instance-out.sql,513650.56,46701.14
CZ03/Htl&0&cDXGF&New&dxAC_equip/NE-dxAC-PkgAC-18to33-New-SEER-17.1/instance-out.sql,512778.21,46701.14
CZ03/Htl&0&cDXGF&New&dxAC_equip/NE-dxAC-PkgAC-18to33-New-SEER-18.1/instance-out.sql,511948.89,46701.14
CZ03/Htl&0&cDXGF&New&dxAC_equip/NE-dxAC-PkgAC-33to65-New-SEER-13.4/instance-out.sql,488160.96,46701.99
CZ03/Htl&0&cDXGF&New&dxAC_equip/NE-dxAC-PkgAC-33to65-New-SEER-15.2/instance-out.sql,487525.29,46701.99
CZ03/Htl&0&cDXGF&New&dxAC_equip/NE-dxAC-PkgAC-33to65-New-SEER-16.2/instance-out.sql,487268.56,46701.99
CZ03/Htl&0&cDXGF&New&dxAC_equip/NE-dxAC-PkgAC-33to65-New-SEER-17.1/instance-out.sql,487063.31,46701.99
CZ03/Htl&0&cDXGF&New&dxAC_equip/NE-dxAC-PkgAC-33to65-New-SEER-18.1/instance-out.sql,486868.19,46701.99
CZ04/Htl&0&cDXGF&New&dxAC_equip/NE-dxAC-PkgAC-18to33-New-SEER-13.4/instance-out.sql,545259.32,44850.59
CZ04/Htl&0&cDXGF&New&dxAC_equip/NE-dxAC-PkgAC-18to33-New-SEER-15.2/instance-out.sql,541556.55,44850.59
CZ04/Htl&0&cDXGF&New&dxAC_equip/NE-dxAC-PkgAC-18to33-New-SEER-16.2/instance-out.sql,540061.10,44850.59
CZ04/Htl&0&cDXGF&New&dxAC_equip/NE-dxAC-PkgAC-18to33-New-SEER-17.1/instance-out.sql,538865.54,44850.59
CZ04/Htl&0&cDXGF&New&dxAC_equip/NE-dxAC-PkgAC-18to33-New-SEER-18.1/instance-out.sql,537728.96,44850.59
CZ04/Htl&0&cDXGF&New&dxAC_equip/NE-dxAC-PkgAC-33to65-New-SEER-13.4/instance-out.sql,518910.68,44887.67
CZ04/Htl&0&cDXGF&New&dxAC_equip/NE-dxAC-PkgAC-33to65-New-SEER-15.2/instance-out.sql,517066.99,44887.67
CZ04/Htl&0&cDXGF&New&dxAC_equip/NE-dxAC-PkgAC-33to65-New-SEER-16.2/instance-out.sql,516322.38,44887.67
CZ04/Htl&0&cDXGF&New&dxAC_equip/NE-dxAC-PkgAC-33to65-New-SEER-17.1/instance-out.sql,515727.09,44887.67
CZ04/Htl&0&cDXGF&New&dxAC_equip/NE-dxAC-PkgAC-33to65-New-SEER-18.1/instance-out.sql,515161.16,44887.67
CZ05/Htl&0&cDXGF&New&dxAC_equip/NE-dxAC-PkgAC-18to33-New-SEER-13.4/instance-out.sql,522424.21,45598.17
CZ05/Htl&0&cDXGF&New&dxAC_equip/NE-dxAC-PkgAC-18to33-New-SEER-15.2/instance-out.sql,519457.22,45598.17
CZ05/Htl&0&cDXGF&New&dxAC_equip/NE-dxAC-PkgAC-18to33-New-SEER-16.2/instance-out.sql,518258.94,45598.17
CZ05/Htl&0&cDXGF&New&dxAC_equip/NE-dxAC-PkgAC-18to33-New-SEER-17.1/instance-out.sql,517300.95,45598.17
CZ05/Htl&0&cDXGF&New&dxAC_equip/NE-dxAC-PkgAC-18to33-New-SEER-18.1/instance-out.sql,516390.21,45598.17
CZ05/Htl&0&cDXGF&New&dxAC_equip/NE-dxAC-PkgAC-33to65-New-SEER-13.4/instance-out.sql,493826.63,45573.96
CZ05/Htl&0&cDXGF&New&dxAC_equip/NE-dxAC-PkgAC-33to65-New-SEER-15.2/instance-out.sql,492877.40,45573.96
CZ05/Htl&0&cDXGF&New&dxAC_equip/NE-dxAC-PkgAC-33to65-New-SEER-16.2/instance-out.sql,492494.04,45573.96
CZ05/Htl&0&cDXGF&New&dxAC_equip/NE-dxAC-PkgAC-33to65-New-SEER-17.1/instance-out.sql,492187.55,45573.96
CZ05/Htl&0&cDXGF&New&dxAC_equip/NE-dxAC-PkgAC-33to65-New-SEER-18.1/instance-out.sql,491896.18,45573.96
CZ06/Htl&0&cDXGF&New&dxAC_equip/NE-dxAC-PkgAC-18to33-New-SEER-13.4/instance-out.sql,553746.87,37509.15
CZ06/Htl&0&cDXGF&New&dxAC_equip/NE-dxAC-PkgAC-18to33-New-SEER-15.2/instance-out.sql,549764.53,37509.15
CZ06/Htl&0&cDXGF&New&dxAC_equip/NE-dxAC-PkgAC-18to33-New-SEER-16.2/instance-out.sql,548156.18,37509.15
CZ06/Htl&0&cDXGF&New&dxAC_equip/NE-dxAC-PkgAC-18to33-New-SEER-17.1/instance-out.sql,546870.36,37509.15
CZ06/Htl&0&cDXGF&New&dxAC_equip/NE-dxAC-PkgAC-18to33-New-SEER-18.1/instance-out.sql,545647.96,37509.15
CZ06/Htl&0&cDXGF&New&dxAC_equip/NE-dxAC-PkgAC-33to65-New-SEER-13.4/instance-out.sql,519664.11,37566.67
CZ06/Htl&0&cDXGF&New&dxAC_equip/NE-dxAC-PkgAC-33to65-New-SEER-15.2/instance-out.sql,518086.58,37566.67
CZ06/Htl&0&cDXGF&New&dxAC_equip/NE-dxAC-PkgAC-33to65-New-SEER-16.2/instance-out.sql,517449.46,37566.67
CZ06/Htl&0&cDXGF&New&dxAC_equip/NE-dxAC-PkgAC-33to65-New-SEER-17.1/instance-out.sql,516940.11,37566.67
CZ06/Htl&0&cDXGF&New&dxAC_equip/NE-dxAC-PkgAC-33to65-New-SEER-18.1/instance-out.sql,516455.87,37566.67
CZ07/Htl&0&cDXGF&New&dxAC_equip/NE-dxAC-PkgAC-18to33-New-SEER-13.4/instance-out.sql,555655.20,37370.46
CZ07/Htl&0&cDXGF&New&dxAC_equip/NE-dxAC-PkgAC-18to33-New-SEER-15.2/instance-out.sql,551520.43,37370.46
CZ07/Htl&0&cDXGF&New&dxAC_equip/NE-dxAC-PkgAC-18to33-New-SEER-16.2/instance-out.sql,549850.51,37370.46
CZ07/Htl&0&cDXGF&New&dxAC_equip/NE-dxAC-PkgAC-18to33-New-SEER-17.1/instance-out.sql,548515.47,37370.46
CZ07/Htl&0&cDXGF&New&dxAC_equip/NE-dxAC-PkgAC-18to33-New-SEER-18.1/instance-out.sql,547246.28,37370.46
CZ07/Htl&0&cDXGF&New&dxAC_equip/NE-dxAC-PkgAC-33to65-New-SEER-13.4/instance-out.sql,527605.93,37358.85
CZ07/Htl&0&cDXGF&New&dxAC_equip/NE-dxAC-PkgAC-33to65-New-SEER-15.2/instance-out.sql,525450.23,37358.85
CZ07/Htl&0&cDXGF&New&dxAC_equip/NE-dxAC-PkgAC-33to65-New-SEER-16.2/instance-out.sql,524579.61,37358.85
CZ07/Htl&0&cDXGF&New&dxAC_equip/NE-dxAC-PkgAC-33to65-New-SEER-17.1/instance-out.sql,523883.57,37358.85
CZ07/Htl&0&cDXGF&New&dxAC_equip/NE-dxAC-PkgAC-33to65-New-SEER-18.1/instance-out.sql,523221.87,37358.85
CZ08/Htl&0&cDXGF&New&dxAC_equip/NE-dxAC-PkgAC-18to33-New-SEER-13.4/instance-out.sql,567955.00,38181.74
CZ08/Htl&0&cDXGF&New&dxAC_equip/NE-dxAC-PkgAC-18to33-New-SEER-15.2/instance-out.sql,563394.25,38181.74
CZ08/Htl&0&cDXGF&New&dxAC_equip/NE-dxAC-PkgAC-18to33-New-SEER-16.2/instance-out.sql,561552.29,38181.74
CZ08/Htl&0&cDXGF&New&dxAC_equip/NE-dxAC-PkgAC-18to33-New-SEER-17.1/instance-out.sql,560079.70,38181.74
CZ08/Htl&0&cDXGF&New&dxAC_equip/NE-dxAC-PkgAC-18to33-New-SEER-18.1/instance-out.sql,558679.75,38181.74
CZ08/Htl&0&cDXGF&New&dxAC_equip/NE-dxAC-PkgAC-33to65-New-SEER-13.4/instance-out.sql,540314.36,38103.55
CZ08/Htl&0&cDXGF&New&dxAC_equip/NE-dxAC-PkgAC-33to65-New-SEER-15.2/instance-out.sql,537703.87,38103.55
CZ08/Htl&0&cDXGF&New&dxAC_equip/NE-dxAC-PkgAC-33to65-New-SEER-16.2/instance-out.sql,536649.57,38103.55
CZ08/Htl&0&cDXGF&New&dxAC_equip/NE-dxAC-PkgAC-33to65-New-SEER-17.1/instance-out.sql,535806.69,38103.55
CZ08/Htl&0&cDXGF&New&dxAC_equip/NE-dxAC-PkgAC-33to65-New-SEER-18.1/instance-out.sql,535005.38,38103.55
CZ09/Htl&0&cDXGF&New&dxAC_equip/NE-dxAC-PkgAC-18to33-New-SEER-13.4/instance-out.sql,575663.03,37649.93
CZ09/Htl&0&cDXGF&New&dxAC_equip/NE-dxAC-PkgAC-18to33-New-SEER-15.2/instance-out.sql,570831.53,37649.93
CZ09/Htl&0&cDXGF&New&dxAC_equip/NE-dxAC-PkgAC-18to33-New-SEER-16.2/instance-out.sql,568880.23,37649.93
CZ09/Htl&0&cDXGF&New&dxAC_equip/NE-dxAC-PkgAC-18to33-New-SEER-17.1/instance-out.sql,567320.22,37649.93
CZ09/Htl&0&cDXGF&New&dxAC_equip/NE-dxAC-PkgAC-18to33-New-SEER-18.1/instance-out.sql,565837.16,37649.93
CZ09/Htl&0&cDXGF&New&dxAC_equip/NE-dxAC-PkgAC-33to65-New-SEER-13.4/instance-out.sql,549270.81,37627.68
CZ09/Htl&0&cDXGF&New&dxAC_equip/NE-dxAC-PkgAC-33to65-New-SEER-15.2/instance-out.sql,546301.47,37627.68
CZ09/Htl&0&cDXGF&New&dxAC_equip/NE-dxAC-PkgAC-33to65-New-SEER-16.2/instance-out.sql,545102.24,37627.68
CZ09/Htl&0&cDXGF&New&dxAC_equip/NE-dxAC-PkgAC-33to65-New-SEER-17.1/instance-out.sql,544143.50,37627.68
CZ09/Htl&0&cDXGF&New&dxAC_equip/NE-dxAC-PkgAC-33to65-New-SEER-18.1/instance-out.sql,543232.04,37627.68
CZ10/Htl&0&cDXGF&New&dxAC_equip/NE-dxAC-PkgAC-18to33-New-SEER-13.4/instance-out.sql,604330.89,40982.68
CZ10/Htl&0&cDXGF&New&dxAC_equip/NE-dxAC-PkgAC-18to33-New-SEER-15.2/instance-out.sql,598442.55,40982.68
CZ10/Htl&0&cDXGF&New&dxAC_equip/NE-dxAC-PkgAC-18to33-New-SEER-16.2/instance-out.sql,596064.42,40982.68
CZ10/Htl&0&cDXGF&New&dxAC_equip/NE-dxAC-PkgAC-18to33-New-SEER-17.1/instance-out.sql,594163.17,40982.68
CZ10/Htl&0&cDXGF&New&dxAC_equip/NE-dxAC-PkgAC-18to33-New-SEER-18.1/instance-out.sql,592355.71,40982.68
CZ10/Htl&0&cDXGF&New&dxAC_equip/NE-dxAC-PkgAC-33to65-New-SEER-13.4/instance-out.sql,582669.25,40964.52
CZ10/Htl&0&cDXGF&New&dxAC_equip/NE-dxAC-PkgAC-33to65-New-SEER-15.2/instance-out.sql,578309.30,40964.52
CZ10/Htl&0&cDXGF&New&dxAC_equip/NE-dxAC-PkgAC-33to65-New-SEER-16.2/instance-out.sql,576548.45,40964.52
CZ10/Htl&0&cDXGF&New&dxAC_equip/NE-dxAC-PkgAC-33to65-New-SEER-17.1/instance-out.sql,575140.70,40964.52
CZ10/Htl&0&cDXGF&New&dxAC_equip/NE-dxAC-PkgAC-33to65-New-SEER-18.1/instance-out.sql,573802.39,40964.52
CZ11/Htl&0&cDXGF&New&dxAC_equip/NE-dxAC-PkgAC-18to33-New-SEER-13.4/instance-out.sql,599520.49,54687.08
CZ11/Htl&0&cDXGF&New&dxAC_equip/NE-dxAC-PkgAC-18to33-New-SEER-15.2/instance-out.sql,593690.84,54687.08
CZ11/Htl&0&cDXGF&New&dxAC_equip/NE-dxAC-PkgAC-18to33-New-SEER-16.2/instance-out.sql,591336.41,54687.08
CZ11/Htl&0&cDXGF&New&dxAC_equip/NE-dxAC-PkgAC-18to33-New-SEER-17.1/instance-out.sql,589454.12,54687.08
CZ11/Htl&0&cDXGF&New&dxAC_equip/NE-dxAC-PkgAC-18to33-New-SEER-18.1/instance-out.sql,587664.67,54687.08
CZ11/Htl&0&cDXGF&New&dxAC_equip/NE-dxAC-PkgAC-33to65-New-SEER-13.4/instance-out.sql,582875.07,54668.03
CZ11/Htl&0&cDXGF&New&dxAC_equip/NE-dxAC-PkgAC-33to65-New-SEER-15.2/instance-out.sql,578219.89,54668.03
CZ11/Htl&0&cDXGF&New&dxAC_equip/NE-dxAC-PkgAC-33to65-New-SEER-16.2/instance-out.sql,576339.80,54668.03
CZ11/Htl&0&cDXGF&New&dxAC_equip/NE-dxAC-PkgAC-33to65-New-SEER-17.1/instance-out.sql,574836.72,54668.03
CZ11/Htl&0&cDXGF&New&dxAC_equip/NE-dxAC-PkgAC-33to65-New-SEER-18.1/instance-out.sql,573407.78,54668.03
CZ12/Htl&0&cDXGF&New&dxAC_equip/NE-dxAC-PkgAC-18to33-New-SEER-13.4/instance-out.sql,573330.75,54668.38
CZ12/Htl&0&cDXGF&New&dxAC_equip/NE-dxAC-PkgAC-18to33-New-SEER-15.2/instance-out.sql,568342.81,54668.38
CZ12/Htl&0&cDXGF&New&dxAC_equip/NE-dxAC-PkgAC-18to33-New-SEER-16.2/instance-out.sql,566328.33,54668.38
CZ12/Htl&0&cDXGF&New&dxAC_equip/NE-dxAC-PkgAC-18to33-New-SEER-17.1/instance-out.sql,564717.81,54668.38
CZ12/Htl&0&cDXGF&New&dxAC_equip/NE-dxAC-PkgAC-18to33-New-SEER-18.1/instance-out.sql,563186.73,54668.38
CZ12/Htl&0&cDXGF&New&dxAC_equip/NE-dxAC-PkgAC-33to65-New-SEER-13.4/instance-out.sql,554783.76,54616.60
CZ12/Htl&0&cDXGF&New&dxAC_equip/NE-dxAC-PkgAC-33to65-New-SEER-15.2/instance-out.sql,551104.46,54616.60
CZ12/Htl&0&cDXGF&New&dxAC_equip/NE-dxAC-PkgAC-33to65-New-SEER-16.2/instance-out.sql,549618.50,54616.60
CZ12/Htl&0&cDXGF&New&dxAC_equip/NE-dxAC-PkgAC-33to65-New-SEER-17.1/instance-out.sql,548430.52,54616.60
CZ12/Htl&0&cDXGF&New&dxAC_equip/NE-dxAC-PkgAC-33to65-New-SEER-18.1/instance-out.sql,547301.14,54616.60
CZ13/Htl&0&cDXGF&New&dxAC_equip/NE-dxAC-PkgAC-18to33-New-SEER-13.4/instance-out.sql,611912.14,50799.05
CZ13/Htl&0&cDXGF&New&dxAC_equip/NE-dxAC-PkgAC-18to33-New-SEER-15.2/instance-out.sql,605638.77,50799.05
CZ13/Htl&0&cDXGF&New&dxAC_equip/NE-dxAC-PkgAC-18to33-New-SEER-16.2/instance-out.sql,603105.13,50799.05
CZ13/Htl&0&cDXGF&New&dxAC_equip/NE-dxAC-PkgAC-18to33-New-SEER-17.1/instance-out.sql,601079.57,50799.05
CZ13/Htl&0&cDXGF&New&dxAC_equip/NE-dxAC-PkgAC-18to33-New-SEER-18.1/instance-out.sql,599153.92,50799.05
CZ13/Htl&0&cDXGF&New&dxAC_equip/NE-dxAC-PkgAC-33to65-New-SEER-13.4/instance-out.sql,594768.61,50801.33
CZ13/Htl&0&cDXGF&New&dxAC_equip/NE-dxAC-PkgAC-33to65-New-SEER-15.2/instance-out.sql,589704.85,50801.33
CZ13/Htl&0&cDXGF&New&dxAC_equip/NE-dxAC-PkgAC-33to65-New-SEER-16.2/instance-out.sql,587659.74,50801.33
CZ13/Htl&0&cDXGF&New&dxAC_equip/NE-dxAC-PkgAC-33to65-New-SEER-17.1/instance-out.sql,586024.74,50801.33
CZ13/Htl&0&cDXGF&New&dxAC_equip/NE-dxAC-PkgAC-33to65-New-SEER-18.1/instance-out.sql,584470.39,50801.33
CZ14/Htl&0&cDXGF&New&dxAC_equip/NE-dxAC-PkgAC-18to33-New-SEER-13.4/instance-out.sql,657701.83,42576.46
CZ14/Htl&0&cDXGF&New&dxAC_equip/NE-dxAC-PkgAC-18to33-New-SEER-15.2/instance-out.sql,649803.93,42576.46
CZ14/Htl&0&cDXGF&New&dxAC_equip/NE-dxAC-PkgAC-18to33-New-SEER-16.2/instance-out.sql,646614.19,42576.46
CZ14/Htl&0&cDXGF&New&dxAC_equip/NE-dxAC-PkgAC-18to33-New-SEER-17.1/instance-out.sql,644064.10,42576.46
CZ14/Htl&0&cDXGF&New&dxAC_equip/NE-dxAC-PkgAC-18to33-New-SEER-18.1/instance-out.sql,641639.79,42576.46
CZ14/Htl&0&cDXGF&New&dxAC_equip/NE-dxAC-PkgAC-33to65-New-SEER-13.4/instance-out.sql,640121.60,42605.28
CZ14/Htl&0&cDXGF&New&dxAC_equip/NE-dxAC-PkgAC-33to65-New-SEER-15.2/instance-out.sql,633464.13,42605.28
CZ14/Htl&0&cDXGF&New&dxAC_equip/NE-dxAC-PkgAC-33to65-New-SEER-16.2/instance-out.sql,630775.37,42605.28
CZ14/Htl&0&cDXGF&New&dxAC_equip/NE-dxAC-PkgAC-33to65-New-SEER-17.1/instance-out.sql,628625.78,42605.28
CZ14/Htl&0&cDXGF&New&dxAC_equip/NE-dxAC-PkgAC-33to65-New-SEER-18.1/instance-out.sql,626582.23,42605.28
CZ15/Htl&0&cDXGF&New&dxAC_equip/NE-dxAC-PkgAC-18to33-New-SEER-13.4/instance-out.sql,703137.05,36375.41
CZ15/Htl&0&cDXGF&New&dxAC_equip/NE-dxAC-PkgAC-18to33-New-SEER-15.2/instance-out.sql,693124.59,36375.41
CZ15/Htl&0&cDXGF&New&dxAC_equip/NE-dxAC-PkgAC-18to33-New-SEER-16.2/instance-out.sql,689080.85,36375.41
CZ15/Htl&0&cDXGF&New&dxAC_equip/NE-dxAC-PkgAC-18to33-New-SEER-17.1/instance-out.sql,685848.00,36375.41
CZ15/Htl&0&cDXGF&New&dxAC_equip/NE-dxAC-PkgAC-18to33-New-SEER-18.1/instance-out.sql,682774.62,36375.41
CZ15/Htl&0&cDXGF&New&dxAC_equip/NE-dxAC-PkgAC-33to65-New-SEER-13.4/instance-out.sql,689271.90,36286.19
CZ15/Htl&0&cDXGF&New&dxAC_equip/NE-dxAC-PkgAC-33to65-New-SEER-15.2/instance-out.sql,680237.74,36286.19
CZ15/Htl&0&cDXGF&New&dxAC_equip/NE-dxAC-PkgAC-33to65-New-SEER-16.2/instance-out.sql,676589.10,36286.19
CZ15/Htl&0&cDXGF&New&dxAC_equip/NE-dxAC-PkgAC-33to65-New-SEER-17.1/instance-out.sql,673672.13,36286.19
CZ15/Htl&0&cDXGF&New&dxAC_equip/NE-dxAC-PkgAC-33to65-New-SEER-18.1/instance-out.sql,670899.04,36286.19
CZ16/Htl&0&cDXGF&New&dxAC_equip/NE-dxAC-PkgAC-18to33-New-SEER-13.4/instance-out.sql,608416.21,66628.58
CZ16/Htl&0&cDXGF&New&dxAC_equip/NE-dxAC-PkgAC-18to33-New-SEER-15.2/instance-out.sql,602854.70,66628.58
CZ16/Htl&0&cDXGF&New&dxAC_equip/NE-dxAC-PkgAC-18to33-New-SEER-16.2/instance-out.sql,600608.56,66628.58
CZ16/Htl&0&cDXGF&New&dxAC_equip/NE-dxAC-PkgAC-18to33-New-SEER-17.1/instance-out.sql,598812.85,66628.58
CZ16/Htl&0&cDXGF&New&dxAC_equip/NE-dxAC-PkgAC-18to33-New-SEER-18.1/instance-out.sql,597105.71,66628.58
CZ16/Htl&0&cDXGF&New&dxAC_equip/NE-dxAC-PkgAC-33to65-New-SEER-13.4/instance-out.sql,590855.36,66585.38
CZ16/Htl&0&cDXGF&New&dxAC_equip/NE-dxAC-PkgAC-33to65-New-SEER-15.2/instance-out.sql,586532.91,66585.38
CZ16/Htl&0&cDXGF&New&dxAC_equip/NE-dxAC-PkgAC-33to65-New-SEER-16.2/instance-out.sql,584787.20,66585.38
CZ16/Htl&0&cDXGF&New&dxAC_equip/NE-dxAC-PkgAC-33to65-New-SEER-17.1/instance-out.sql,583391.55,66585.38
CZ16/Htl&0&cDXGF&New&dxAC_equip/NE-dxAC-PkgAC-33to65-New-SEER-18.1/instance-out.sql,582064.75,66585.38

File Name,Unmet Heating (Hours),Unmet Cooling (Hours)
CZ01/Htl&0&cDXGF&New&dxAC_equip/NE-dxAC-PkgAC-18to33-New-SEER-13.4/instance-out.sql,0.00,0.00
CZ01/Htl&0&cDXGF&New&dxAC_equip/NE-dxAC-PkgAC-18to33-New-SEER-15.2/instance-out.sql,0.00,0.00
CZ01/Htl&0&cDXGF&New&dxAC_equip/NE-dxAC-PkgAC-18to33-New-SEER-16.2/instance-out.sql,0.00,0.00
CZ01/Htl&0&cDXGF&New&dxAC_equip/NE-dxAC-PkgAC-18to33-New-SEER-17.1/instance-out.sql,0.00,0.00
CZ01/Htl&0&cDXGF&New&dxAC_equip/NE-dxAC-PkgAC-18to33-New-SEER-18.1/instance-out.sql,0.00,0.00
CZ01/Htl&0&cDXGF&New&dxAC_equip/NE-dxAC-PkgAC-33to65-New-SEER-13.4/instance-out.sql,0.00,0.00
CZ01/Htl&0&cDXGF&New&dxAC_equip/NE-dxAC-PkgAC-33to65-New-SEER-15.2/instance-out.sql,0.00,0.00
CZ01/Htl&0&cDXGF&New&dxAC_equip/NE-dxAC-PkgAC-33to65-New-SEER-16.2/instance-out.sql,0.00,0.00
CZ01/Htl&0&cDXGF&New&dxAC_equip/NE-dxAC-PkgAC-33to65-New-SEER-17.1/instance-out.sql,0.00,0.00
CZ01/Htl&0&cDXGF&New&dxAC_equip/NE-dxAC-PkgAC-33to65-New-SEER-18.1/instance-out.sql,0.00,0.00
CZ02/Htl&0&cDXGF&New&dxAC_equip/NE-dxAC-PkgAC-18to33-New-SEER-13.4/instance-out.sql,0.00,0.00
CZ02/Htl&0&cDXGF&New&dxAC_equip/NE-dxAC-PkgAC-18to33-New-SEER-15.2/instance-out.sql,0.00,0.00
CZ02/Htl&0&cDXGF&New&dxAC_equip/NE-dxAC-PkgAC-18to33-New-SEER-16.2/instance-out.sql,0.00,0.00
CZ02/Htl&0&cDXGF&New&dxAC_equip/NE-dxAC-PkgAC-18to33-New-SEER-17.1/instance-out.sql,0.00,0.00
CZ02/Htl&0&cDXGF&New&dxAC_equip/NE-dxAC-PkgAC-18to33-New-SEER-18.1/instance-out.sql,0.00,0.00
CZ02/Htl&0&cDXGF&New&dxAC_equip/NE-dxAC-PkgAC-33to65-New-SEER-13.4/instance-out.sql,0.00,0.00
CZ02/Htl&0&cDXGF&New&dxAC_equip/NE-dxAC-PkgAC-33to65-New-SEER-15.2/instance-out.sql,0.00,0.00
CZ02/Htl&0&cDXGF&New&dxAC_equip/NE-dxAC-PkgAC-33to65-New-SEER-16.2/instance-out.sql,0.00,0.00
CZ02/Htl&0&cDXGF&New&dxAC_equip/NE-dxAC-PkgAC-33to65-New-SEER-17.1/instance-out.sql,0.00,0.00
CZ02/Htl&0&cDXGF&New&dxAC_equip/NE-dxAC-PkgAC-33to65-New-SEER-18.1/instance-out.sql,0.00,0.00
CZ03/Htl&0&cDXGF&New&dxAC_equip/NE-dxAC-PkgAC-18to33-New-SEER-13.4/instance-out.sql,0.00,0.00
CZ03/Htl&0&cDXGF&New&dxAC_equip/NE-dxAC-PkgAC-18to33-New-SEER-15.2/instance-out.sql,0.00,0.00
CZ03/Htl&0&cDXGF&New&dxAC_equip/NE-dxAC-PkgAC-18to33-New-SEER-16.2/instance-out.sql,0.00,0.00
CZ03/Htl&0&cDXGF&New&dxAC_equip/NE-dxAC-PkgAC-18to33-New-SEER-17.1/instance-out.sql,0.00,0.00
CZ03/Htl&0&cDXGF&New&dxAC_equip/NE-dxAC-PkgAC-18to33-New-SEER-18.1/instance-out.sql,0.00,0.00
CZ03/Htl&0&cDXGF&New&dxAC_equip/NE-dxAC-PkgAC-33to65-New-SEER-13.4/instance-out.sql,0.00,0.00
CZ03/Htl&0&cDXGF&New&dxAC_equip/NE-dxAC-PkgAC-33to65-New-SEER-15.2/instance-out.sql,0.00,0.00
CZ03/Htl&0&cDXGF&New&dxAC_equip/NE-dxAC-PkgAC-33to65-New-SEER-16.2/instance-out.sql,0.00,0.00
CZ03/Htl&0&cDXGF&New&dxAC_equip/NE-dxAC-PkgAC-33to65-New-SEER-17.1/instance-out.sql,0.00,0.00
CZ03/Htl&0&cDXGF&New&dxAC_equip/NE-dxAC-PkgAC-33to65-New-SEER-18.1/instance-out.sql,0.00,0.00
CZ04/Htl&0&cDXGF&New&dxAC_equip/NE-dxAC-PkgAC-18to33-New-SEER-13.4/instance-out.sql,0.00,0.00
CZ04/Htl&0&cDXGF&New&dxAC_equip/NE-dxAC-PkgAC-18to33-New-SEER-15.2/instance-out.sql,0.00,0.00
CZ04/Htl&0&cDXGF&New&dxAC_equip/NE-dxAC-PkgAC-18to33-New-SEER-16.2/instance-out.sql,0.00,0.00
CZ04/Htl&0&cDXGF&New&dxAC_equip/NE-dxAC-PkgAC-18to33-New-SEER-17.1/instance-out.sql,0.00,0.00
CZ04/Htl&0&cDXGF&New&dxAC_equip/NE-dxAC-PkgAC-18to33-New-SEER-18.1/instance-out.sql,0.00,0.00
CZ04/Htl&0&cDXGF&New&dxAC_equip/NE-dxAC-PkgAC-33to65-New-SEER-13.4/instance-out.sql,0.00,0.00
CZ04/Htl&0&cDXGF&New&dxAC_equip/NE-dxAC-PkgAC-33to65-New-SEER-15.2/instance-out.sql,0.00,0.00
CZ04/Htl&0&cDXGF&New&dxAC_equip/NE-dxAC-PkgAC-33to65-New-SEER-16.2/instance-out.sql,0.00,0.00
CZ04/Htl&0&cDXGF&New&dxAC_equip/NE-dxAC-PkgAC-33to65-New-SEER-17.1/instance-out.sql,0.00,0.00
CZ04/Htl&0&cDXGF&New&dxAC_equip/NE-dxAC-PkgAC-33to65-New-SEER-18.1/instance-out.sql,0.00,0.00
CZ05/Htl&0&cDXGF&New&dxAC_equip/NE-dxAC-PkgAC-18to33-New-SEER-13.4/instance-out.sql,0.00,0.00
CZ05/Htl&0&cDXGF&New&dxAC_equip/NE-dxAC-PkgAC-18to33-New-SEER-15.2/instance-out.sql,0.00,0.00
CZ05/Htl&0&cDXGF&New&dxAC_equip/NE-dxAC-PkgAC-18to33-New-SEER-16.2/instance-out.sql,0.00,0.00
CZ05/Htl&0&cDXGF&New&dxAC_equip/NE-dxAC-PkgAC-18to33-New-SEER-17.1/instance-out.sql,0.00,0.00
CZ05/Htl&0&cDXGF&New&dxAC_equip/NE-dxAC-PkgAC-18to33-New-SEER-18.1/instance-out.sql,0.00,0.00
CZ05/Htl&0&cDXGF&New&dxAC_equip/NE-dxAC-PkgAC-33to65-New-SEER-13.4/instance-out.sql,0.00,0.00
CZ05/Htl&0&cDXGF&New&dxAC_equip/NE-dxAC-PkgAC-33to65-New-SEER-15.2/instance-out.sql,0.00,0.00
CZ05/Htl&0&cDXGF&New&dxAC_equip/NE-dxAC-PkgAC-33to65-New-SEER-16.2/instance-out.sql,0.00,0.00
CZ05/Htl&0&cDXGF&New&dxAC_equip/NE-dxAC-PkgAC-33to65-New-SEER-17.1/instance-out.sql,0.00,0.00
CZ05/Htl&0&cDXGF&New&dxAC_equip/NE-dxAC-PkgAC-33to65-New-SEER-18.1/instance-out.sql,0.00,0.00
CZ06/Htl&0&cDXGF&New&dxAC_equip/NE-dxAC-PkgAC-18to33-New-SEER-13.4/instance-out.sql,0.00,0.00
CZ06/Htl&0&cDXGF&New&dxAC_equip/NE-dxAC-PkgAC-18to33-New-SEER-15.2/instance-out.sql,0.00,0.00
CZ06/Htl&0&cDXGF&New&dxAC_equip/NE-dxAC-PkgAC-18to33-New-SEER-16.2/instance-out.sql,0.00,0.00
CZ06/Htl&0&cDXGF&New&dxAC_equip/NE-dxAC-PkgAC-18to33-New-SEER-17.1/instance-out.sql,0.00,0.00
CZ06/Htl&0&cDXGF&New&dxAC_equip/NE-dxAC-PkgAC-18to33-New-SEER-18.1/instance-out.sql,0.00,0.00
CZ06/Htl&0&cDXGF&New&dxAC_equip/NE-dxAC-PkgAC-33to65-New-SEER-13.4/instance-out.sql,0.00,0.00
CZ06/Htl&0&cDXGF&New&dxAC_equip/NE-dxAC-PkgAC-33to65-New-SEER-15.2/instance-out.sql,0.00,0.00
CZ06/Htl&0&cDXGF&New&dxAC_equip/NE-dxAC-PkgAC-33to65-New-SEER-16.2/instance-out.sql,0.00,0.00
CZ06/Htl&0&cDXGF&New&dxAC_equip/NE-dxAC-PkgAC-33to65-New-SEER-17.1/instance-out.sql,0.00,0.00
CZ06/Htl&0&cDXGF&New&dxAC_equip/NE-dxAC-PkgAC-33to65-New-SEER-18.1/instance-out.sql,0.00,0.00
CZ07/Htl&0&cDXGF&New&dxAC_equip/NE-dxAC-PkgAC-18to33-New-SEER-13.4/instance-out.sql,0.00,0.00
CZ07/Htl&0&cDXGF&New&dxAC_equip/NE-dxAC-PkgAC-18to33-New-SEER-15.2/instance-out.sql,0.00,0.00
CZ07/Htl&0&cDXGF&New&dxAC_equip/NE-dxAC-PkgAC-18to33-New-SEER-16.2/instance-out.sql,0.00,0.00
CZ07/Htl&0&cDXGF&New&dxAC_equip/NE-dxAC-PkgAC-18to33-New-SEER-17.1/instance-out.sql,0.00,0.00
CZ07/Htl&0&cDXGF&New&dxAC_equip/NE-dxAC-PkgAC-18to33-New-SEER-18.1/instance-out.sql,0.00,0.00
CZ07/Htl&0&cDXGF&New&dxAC_equip/NE-dxAC-PkgAC-33to65-New-SEER-13.4/instance-out.sql,0.00,0.00
CZ07/Htl&0&cDXGF&New&dxAC_equip/NE-dxAC-PkgAC-33to65-New-SEER-15.2/instance-out.sql,0.00,0.00
CZ07/Htl&0&cDXGF&New&dxAC_equip/NE-dxAC-PkgAC-33to65-New-SEER-16.2/instance-out.sql,0.00,0.00
CZ07/Htl&0&cDXGF&New&dxAC_equip/NE-dxAC-PkgAC-33to65-New-SEER-17.1/instance-out.sql,0.00,0.00
CZ07/Htl&0&cDXGF&New&dxAC_equip/NE-dxAC-PkgAC-33to65-New-SEER-18.1/instance-out.sql,0.00,0.00
CZ08/Htl&0&cDXGF&New&dxAC_equip/NE-dxAC-PkgAC-18to33-New-SEER-13.4/instance-out.sql,0.00,0.00
CZ08/Htl&0&cDXGF&New&dxAC_equip/NE-dxAC-PkgAC-18to33-New-SEER-15.2/instance-out.sql,0.00,0.00
CZ08/Htl&0&cDXGF&New&dxAC_equip/NE-dxAC-PkgAC-18to33-New-SEER-16.2/instance-out.sql,0.00,0.00
CZ08/Htl&0&cDXGF&New&dxAC_equip/NE-dxAC-PkgAC-18to33-New-SEER-17.1/instance-out.sql,0.00,0.00
CZ08/Htl&0&cDXGF&New&dxAC_equip/NE-dxAC-PkgAC-18to33-New-SEER-18.1/instance-out.sql,0.00,0.00
CZ08/Htl&0&cDXGF&New&dxAC_equip/NE-dxAC-PkgAC-33to65-New-SEER-13.4/instance-out.sql,0.00,0.00
CZ08/Htl&0&cDXGF&New&dxAC_equip/NE-dxAC-PkgAC-33to65-New-SEER-15.2/instance-out.sql,0.00,0.00
CZ08/Htl&0&cDXGF&New&dxAC_equip/NE-dxAC-PkgAC-33to65-New-SEER-16.2/instance-out.sql,0.00,0.00
CZ08/Htl&0&cDXGF&New&dxAC_equip/NE-dxAC-PkgAC-33to65-New-SEER-17.1/instance-out.sql,0.00,0.00
CZ08/Htl&0&cDXGF&New&dxAC_equip/NE-dxAC-PkgAC-33to65-New-SEER-18.1/instance-out.sql,0.00,0.00
CZ09/Htl&0&cDXGF&New&dxAC_equip/NE-dxAC-PkgAC-18to33-New-SEER-13.4/instance-out.sql,0.00,0.00
CZ09/Htl&0&cDXGF&New&dxAC_equip/NE-dxAC-PkgAC-18to33-New-SEER-15.2/instance-out.sql,0.00,0.00
CZ09/Htl&0&cDXGF&New&dxAC_equip/NE-dxAC-PkgAC-18to33-New-SEER-16.2/instance-out.sql,0.00,0.00
CZ09/Htl&0&cDXGF&New&dxAC_equip/NE-dxAC-PkgAC-18to33-New-SEER-17.1/instance-out.sql,0.00,0.00
CZ09/Htl&0&cDXGF&New&dxAC_equip/NE-dxAC-PkgAC-18to33-New-SEER-18.1/instance-out.sql,0.00,0.00
CZ09/Htl&0&cDXGF&New&dxAC_equip/NE-dxAC-PkgAC-33to65-New-SEER-13.4/instance-out.sql,0.00,0.00
CZ09/Htl&0&cDXGF&New&dxAC_equip/NE-dxAC-PkgAC-33to65-New-SEER-15.2/instance-out.sql,0.00,0.00
CZ09/Htl&0&cDXGF&New&dxAC_equip/NE-dxAC-PkgAC-33to65-New-SEER-16.2/instance-out.sql,0.00,0.00
CZ09/Htl&0&cDXGF&New&dxAC_equip/NE-dxAC-PkgAC-33to65-New-SEER-17.1/instance-out.sql,0.00,0.00
CZ09/Htl&0&cDXGF&New&dxAC_equip/NE-dxAC-PkgAC-33to65-New-SEER-18.1/instance-out.sql,0.00,0.00
CZ10/Htl&0&cDXGF&New&dxAC_equip/NE-dxAC-PkgAC-18to33-New-SEER-13.4/instance-out.sql,0.00,0.00
CZ10/Htl&0&cDXGF&New&dxAC_equip/NE-dxAC-PkgAC-18to33-New-SEER-15.2/instance-out.sql,0.00,0.00
CZ10/Htl&0&cDXGF&New&dxAC_equip/NE-dxAC-PkgAC-18to33-New-SEER-16.2/instance-out.sql,0.00,0.00
CZ10/Htl&0&cDXGF&New&dxAC_equip/NE-dxAC-PkgAC-18to33-New-SEER-17.1/instance-out.sql,0.00,0.00
CZ10/Htl&0&cDXGF&New&dxAC_equip/NE-dxAC-PkgAC-18to33-New-SEER-18.1/instance-out.sql,0.00,0.00
CZ10/Htl&0&cDXGF&New&dxAC_equip/NE-dxAC-PkgAC-33to65-New-SEER-13.4/instance-out.sql,0.00,0.00
CZ10/Htl&0&cDXGF&New&dxAC_equip/NE-dxAC-PkgAC-33to65-New-SEER-15.2/instance-out.sql,0.00,0.00
CZ10/Htl&0&cDXGF&New&dxAC_equip/NE-dxAC-PkgAC-33to65-New-SEER-16.2/instance-out.sql,0.00,0.00
CZ10/Htl&0&cDXGF&New&dxAC_equip/NE-dxAC-PkgAC-33to65-New-SEER-17.1/instance-out.sql,0.00,0.00
CZ10/Htl&0&cDXGF&New&dxAC_equip/NE-dxAC-PkgAC-33to65-New-SEER-18.1/instance-out.sql,0.00,0.00
CZ11/Htl&0&cDXGF&New&dxAC_equip/NE-dxAC-PkgAC-18to33-New-SEER-13.4/instance-out.sql,0.00,0.00
CZ11/Htl&0&cDXGF&New&dxAC_equip/NE-dxAC-PkgAC-18to33-New-SEER-15.2/instance-out.sql,0.00,0.00
CZ11/Htl&0&cDXGF&New&dxAC_equip/NE-dxAC-PkgAC-18to33-New-SEER-16.2/instance-out.sql,0.00,0.00
CZ11/Htl&0&cDXGF&New&dxAC_equip/NE-dxAC-PkgAC-18to33-New-SEER-17.1/instance-out.sql,0.00,0.00
CZ11/Htl&0&cDXGF&New&dxAC_equip/NE-dxAC-PkgAC-18to33-New-SEER-18.1/instance-out.sql,0.00,0.00
CZ11/Htl&0&cDXGF&New&dxAC_equip/NE-dxAC-PkgAC-33to65-New-SEER-13.4/instance-out.sql,0.00,0.00
CZ11/Htl&0&cDXGF&New&dxAC_equip/NE-dxAC-PkgAC-33to65-New-SEER-15.2/instance-out.sql,0.00,0.00
CZ11/Htl&0&cDXGF&New&dxAC_equip/NE-dxAC-PkgAC-33to65-New-SEER-16.2/instance-out.sql,0.00,0.00
CZ11/Htl&0&cDXGF&New&dxAC_equip/NE-dxAC-PkgAC-33to65-New-SEER-17.1/instance-out.sql,0.00,0.00
CZ11/Htl&0&cDXGF&New&dxAC_equip/NE-dxAC-PkgAC-33to65-New-SEER-18.1/instance-out.sql,0.00,0.00
CZ12/Htl&0&cDXGF&New&dxAC_equip/NE-dxAC-PkgAC-18to33-New-SEER-13.4/instance-out.sql,0.00,0.00
CZ12/Htl&0&cDXGF&New&dxAC_equip/NE-dxAC-PkgAC-18to33-New-SEER-15.2/instance-out.sql,0.00,0.00
CZ12/Htl&0&cDXGF&New&dxAC_equip/NE-dxAC-PkgAC-18to33-New-SEER-16.2/instance-out.sql,0.00,0.00
CZ12/Htl&0&cDXGF&New&dxAC_equip/NE-dxAC-PkgAC-18to33-New-SEER-17.1/instance-out.sql,0.00,0.00
CZ12/Htl&0&cDXGF&New&dxAC_equip/NE-dxAC-PkgAC-18to33-New-SEER-18.1/instance-out.sql,0.00,0.00
CZ12/Htl&0&cDXGF&New&dxAC_equip/NE-dxAC-PkgAC-33to65-New-SEER-13.4/instance-out.sql,0.00,0.00
CZ12/Htl&0&cDXGF&New&dxAC_equip/NE-dxAC-PkgAC-33to65-New-SEER-15.2/instance-out.sql,0.00,0.00
CZ12/Htl&0&cDXGF&New&dxAC_equip/NE-dxAC-PkgAC-33to65-New-SEER-16.2/instance-out.sql,0.00,0.00
CZ12/Htl&0&cDXGF&New&dxAC_equip/NE-dxAC-PkgAC-33to65-New-SEER-17.1/instance-out.sql,0.00,0.00
CZ12/Htl&0&cDXGF&New&dxAC_equip/NE-dxAC-PkgAC-33to65-New-SEER-18.1/instance-out.sql,0.00,0.00
CZ13/Htl&0&cDXGF&New&dxAC_equip/NE-dxAC-PkgAC-18to33-New-SEER-13.4/instance-out.sql,0.00,0.00
CZ13/Htl&0&cDXGF&New&dxAC_equip/NE-dxAC-PkgAC-18to33-New-SEER-15.2/instance-out.sql,0.00,0.00
CZ13/Htl&0&cDXGF&New&dxAC_equip/NE-dxAC-PkgAC-18to33-New-SEER-16.2/instance-out.sql,0.00,0.00
CZ13/Htl&0&cDXGF&New&dxAC_equip/NE-dxAC-PkgAC-18to33-New-SEER-17.1/instance-out.sql,0.00,0.00
CZ13/Htl&0&cDXGF&New&dxAC_equip/NE-dxAC-PkgAC-18to33-New-SEER-18.1/instance-out.sql,0.00,0.00
CZ13/Htl&0&cDXGF&New&dxAC_equip/NE-dxAC-PkgAC-33to65-New-SEER-13.4/instance-out.sql,0.00,0.00
CZ13/Htl&0&cDXGF&New&dxAC_equip/NE-dxAC-PkgAC-33to65-New-SEER-15.2/instance-out.sql,0.00,0.00
CZ13/Htl&0&cDXGF&New&dxAC_equip/NE-dxAC-PkgAC-33to65-New-SEER-16.2/instance-out.sql,0.00,0.00
CZ13/Htl&0&cDXGF&New&dxAC_equip/NE-dxAC-PkgAC-33to65-New-SEER-17.1/instance-out.sql,0.00,0.00
CZ13/Htl&0&cDXGF&New&dxAC_equip/NE-dxAC-PkgAC-33to65-New-SEER-18.1/instance-out.sql,0.00,0.00
CZ14/Htl&0&cDXGF&New&dxAC_equip/NE-dxAC-PkgAC-18to33-New-SEER-13.4/instance-out.sql,0.00,0.00
CZ14/Htl&0&cDXGF&New&dxAC_equip/NE-dxAC-PkgAC-18to33-New-SEER-15.2/instance-out.sql,0.00,0.00
CZ14/Htl&0&cDXGF&New&dxAC_equip/NE-dxAC-PkgAC-18to33-New-SEER-16.2/instance-out.sql,0.00,0.00
CZ14/Htl&0&cDXGF&New&dxAC_equip/NE-dxAC-PkgAC-18to33-New-SEER-17.1/instance-out.sql,0.00,0.00
CZ14/Htl&0&cDXGF&New&dxAC_equip/NE-dxAC-PkgAC-18to33-New-SEER-18.1/instance-out.sql,0.00,0.00
CZ14/Htl&0&cDXGF&New&dxAC_equip/NE-dxAC-PkgAC-33to65-New-SEER-13.4/instance-out.sql,0.00,0.00
CZ14/Htl&0&cDXGF&New&dxAC_equip/NE-dxAC-PkgAC-33to65-New-SEER-15.2/instance-out.sql,0.00,0.00
CZ14/Htl&0&cDXGF&New&dxAC_equip/NE-dxAC-PkgAC-33to65-New-SEER-16.2/instance-out.sql,0.00,0.00
CZ14/Htl&0&cDXGF&New&dxAC_equip/NE-dxAC-PkgAC-33to65-New-SEER-17.1/instance-out.sql,0.00,0.00
CZ14/Htl&0&cDXGF&New&dxAC_equip/NE-dxAC-PkgAC-33to65-New-SEER-18.1/instance-out.sql,0.00,0.00
CZ15/Htl&0&cDXGF&New&dxAC_equip/NE-dxAC-PkgAC-18to33-New-SEER-13.4/instance-out.sql,0.00,0.00
CZ15/Htl&0&cDXGF&New&dxAC_equip/NE-dxAC-PkgAC-18to33-New-SEER-15.2/instance-out.sql,0.00,0.00
CZ15/Htl&0&cDXGF&New&dxAC_equip/NE-dxAC-PkgAC-18to33-New-SEER-16.2/instance-out.sql,0.00,0.00
CZ15/Htl&0&cDXGF&New&dxAC_equip/NE-dxAC-PkgAC-18to33-New-SEER-17.1/instance-out.sql,0.00,0.00
CZ15/Htl&0&cDXGF&New&dxAC_equip/NE-dxAC-PkgAC-18to33-New-SEER-18.1/instance-out.sql,0.00,0.00
CZ15/Htl&0&cDXGF&New&dxAC_equip/NE-dxAC-PkgAC-33to65-New-SEER-13.4/instance-out.sql,0.00,0.00
CZ15/Htl&0&cDXGF&New&dxAC_equip/NE-dxAC-PkgAC-33to65-New-SEER-15.2/instance-out.sql,0.00,0.00
CZ15/Htl&0&cDXGF&New&dxAC_equip/NE-dxAC-PkgAC-33to65-New-SEER-16.2/instance-out.sql,0.00,0.00
CZ15/Htl&0&cDXGF&New&dxAC_equip/NE-dxAC-PkgAC-33to65-New-SEER-17.1/instance-out.sql,0.00,0.00
CZ15/Htl&0&cDXGF&New&dxAC_equip/NE-dxAC-PkgAC-33to65-New-SEER-18.1/instance-out.sql,0.00,0.00
CZ16/Htl&0&cDXGF&New&dxAC_equip/NE-dxAC-PkgAC-18to33-New-SEER-13.4/instance-out.sql,0.00,0.00
CZ16/Htl&0&cDXGF&New&dxAC_equip/NE-dxAC-PkgAC-18to33-New-SEER-15.2/instance-out.sql,0.00,0.00
CZ16/Htl&0&cDXGF&New&dxAC_equip/NE-dxAC-PkgAC-18to33-New-SEER-16.2/instance-out.sql,0.00,0.00
CZ16/Htl&0&cDXGF&New&dxAC_equip/NE-dxAC-PkgAC-18to33-New-SEER-17.1/instance-out.sql,0.00,0.00
CZ16/Htl&0&cDXGF&New&dxAC_equip/NE-dxAC-PkgAC-18to33-New-SEER-18.1/instance-out.sql,0.00,0.00
CZ16/Htl&0&cDXGF&New&dxAC_equip/NE-dxAC-PkgAC-33to65-New-SEER-13.4/instance-out.sql,0.00,0.00
CZ16/Htl&0&cDXGF&New&dxAC_equip/NE-dxAC-PkgAC-33to65-New-SEER-15.2/instance-out.sql,0.00,0.00
CZ16/Htl&0&cDXGF&New&dxAC_equip/NE-dxAC-PkgAC-33to65-New-SEER-16.2/instance-out.sql,0.00,0.00
CZ16/Htl&0&cDXGF&New&dxAC_equip/NE-dxAC-PkgAC-33to65-New-SEER-17.1/instance-out.sql,0.00,0.00
CZ16/Htl&0&cDXGF&New&dxAC_equip/NE-dxAC-PkgAC-33to65-New-SEER-18.1/instance-out.sql,0.00,0.00

