File Name,Net Site EUI (kWh/m2),Net Source EUI (kWh/m2),Total Energy/Net Site Energy (kWh),Total Energy/Net Source Energy (kWh)
CZ01/DMo&0&rDXGF&Ex&Fenes__ManufWin/Default/instance-out.sql,49.22,81.12,34072.58,56161.84
CZ01/DMo&0&rDXGF&Ex&Fenes__ManufWin/Base1.23/instance-out.sql,49.22,81.12,34072.58,56161.84
CZ01/DMo&0&rDXGF&Ex&Fenes__ManufWin/Msr-0.25-0.40/instance-out.sql,49.22,81.12,34072.58,56161.84
CZ01/DMo&0&rDXGF&Ex&Fenes__ManufWin/Msr-0.28-0.23/instance-out.sql,49.22,81.12,34072.58,56161.84
CZ01/DMo&0&rDXHP&Ex&Fenes__ManufWin/Default/instance-out.sql,48.40,97.05,33506.33,67187.94
CZ01/DMo&0&rDXHP&Ex&Fenes__ManufWin/Base1.23/instance-out.sql,48.40,97.05,33506.33,67187.94
CZ01/DMo&0&rDXHP&Ex&Fenes__ManufWin/Msr-0.25-0.40/instance-out.sql,48.40,97.05,33506.33,67187.94
CZ01/DMo&0&rDXHP&Ex&Fenes__ManufWin/Msr-0.28-0.23/instance-out.sql,48.40,97.05,33506.33,67187.94
CZ01/DMo&0&rDXGF&New&Fenes__ManufWin/Default/instance-out.sql,42.14,72.34,29175.18,50080.77
CZ01/DMo&0&rDXGF&New&Fenes__ManufWin/Base-0.5-0.6/instance-out.sql,42.66,72.70,29530.97,50332.87
CZ01/DMo&0&rDXGF&New&Fenes__ManufWin/Msr-0.25-0.40/instance-out.sql,41.80,72.13,28938.43,49935.87
CZ01/DMo&0&rDXGF&New&Fenes__ManufWin/Msr-0.28-0.23/instance-out.sql,41.90,72.19,29009.98,49977.71
CZ01/DMo&0&rDXHP&New&Fenes__ManufWin/Default/instance-out.sql,44.13,83.51,30554.54,57818.29
CZ01/DMo&0&rDXHP&New&Fenes__ManufWin/Base-0.5-0.6/instance-out.sql,44.66,85.17,30915.94,58965.93
CZ01/DMo&0&rDXHP&New&Fenes__ManufWin/Msr-0.25-0.40/instance-out.sql,43.77,82.35,30300.27,57011.28
CZ01/DMo&0&rDXHP&New&Fenes__ManufWin/Msr-0.28-0.23/instance-out.sql,43.88,82.71,30379.17,57262.32
CZ02/DMo&0&rDXGF&Ex&Fenes__ManufWin/Default/instance-out.sql,57.29,94.87,39660.04,65681.39
CZ02/DMo&0&rDXGF&Ex&Fenes__ManufWin/Base1.23/instance-out.sql,57.29,94.87,39660.04,65681.39
CZ02/DMo&0&rDXGF&Ex&Fenes__ManufWin/Msr-0.25-0.40/instance-out.sql,57.29,94.87,39660.04,65681.39
CZ02/DMo&0&rDXGF&Ex&Fenes__ManufWin/Msr-0.28-0.23/instance-out.sql,57.29,94.87,39660.04,65681.39
CZ02/DMo&0&rDXHP&Ex&Fenes__ManufWin/Default/instance-out.sql,52.79,111.23,36547.93,77005.65
CZ02/DMo&0&rDXHP&Ex&Fenes__ManufWin/Base1.23/instance-out.sql,52.79,111.23,36547.93,77005.65
CZ02/DMo&0&rDXHP&Ex&Fenes__ManufWin/Msr-0.25-0.40/instance-out.sql,52.79,111.23,36547.93,77005.65
CZ02/DMo&0&rDXHP&Ex&Fenes__ManufWin/Msr-0.28-0.23/instance-out.sql,52.79,111.23,36547.93,77005.65
CZ02/DMo&0&rDXGF&New&Fenes__ManufWin/Default/instance-out.sql,46.97,80.16,32520.20,55493.76
CZ02/DMo&0&rDXGF&New&Fenes__ManufWin/Base-0.5-0.6/instance-out.sql,47.93,81.11,33181.07,56152.66
CZ02/DMo&0&rDXGF&New&Fenes__ManufWin/Msr-0.25-0.40/instance-out.sql,46.28,79.47,32038.56,55019.16
CZ02/DMo&0&rDXGF&New&Fenes__ManufWin/Msr-0.28-0.23/instance-out.sql,46.49,79.68,32187.34,55165.58
CZ02/DMo&0&rDXHP&New&Fenes__ManufWin/Default/instance-out.sql,47.32,93.89,32763.63,65002.74
CZ02/DMo&0&rDXHP&New&Fenes__ManufWin/Base-0.5-0.6/instance-out.sql,47.99,95.99,33222.08,66457.62
CZ02/DMo&0&rDXHP&New&Fenes__ManufWin/Msr-0.25-0.40/instance-out.sql,46.82,92.28,32412.30,63888.88
CZ02/DMo&0&rDXHP&New&Fenes__ManufWin/Msr-0.28-0.23/instance-out.sql,46.98,92.79,32523.56,64241.81
CZ03/DMo&0&rDXGF&Ex&Fenes__ManufWin/Default/instance-out.sql,54.88,97.53,37990.81,67520.66
CZ03/DMo&0&rDXGF&Ex&Fenes__ManufWin/Base1.23/instance-out.sql,54.88,97.53,37990.81,67520.66
CZ03/DMo&0&rDXGF&Ex&Fenes__ManufWin/Msr-0.25-0.40/instance-out.sql,54.88,97.53,37990.81,67520.66
CZ03/DMo&0&rDXGF&Ex&Fenes__ManufWin/Msr-0.28-0.23/instance-out.sql,54.88,97.53,37990.81,67520.66
CZ03/DMo&0&rDXHP&Ex&Fenes__ManufWin/Default/instance-out.sql,49.74,101.53,34436.43,70292.21
CZ03/DMo&0&rDXHP&Ex&Fenes__ManufWin/Base1.23/instance-out.sql,49.74,101.53,34436.43,70292.21
CZ03/DMo&0&rDXHP&Ex&Fenes__ManufWin/Msr-0.25-0.40/instance-out.sql,49.74,101.53,34436.43,70292.21
CZ03/DMo&0&rDXHP&Ex&Fenes__ManufWin/Msr-0.28-0.23/instance-out.sql,49.74,101.53,34436.43,70292.21
CZ03/DMo&0&rDXGF&New&Fenes__ManufWin/Default/instance-out.sql,46.26,82.95,32026.12,57428.59
CZ03/DMo&0&rDXGF&New&Fenes__ManufWin/Base-0.5-0.6/instance-out.sql,46.73,83.04,32354.21,57489.59
CZ03/DMo&0&rDXGF&New&Fenes__ManufWin/Msr-0.25-0.40/instance-out.sql,45.94,82.95,31805.67,57429.33
CZ03/DMo&0&rDXGF&New&Fenes__ManufWin/Msr-0.28-0.23/instance-out.sql,46.04,82.94,31870.96,57423.79
CZ03/DMo&0&rDXHP&New&Fenes__ManufWin/Default/instance-out.sql,45.25,87.31,31327.05,60445.23
CZ03/DMo&0&rDXHP&New&Fenes__ManufWin/Base-0.5-0.6/instance-out.sql,45.36,87.65,31401.49,60683.74
CZ03/DMo&0&rDXHP&New&Fenes__ManufWin/Msr-0.25-0.40/instance-out.sql,45.19,87.11,31284.50,60307.89
CZ03/DMo&0&rDXHP&New&Fenes__ManufWin/Msr-0.28-0.23/instance-out.sql,45.20,87.16,31295.81,60344.94
CZ04/DMo&0&rDXGF&Ex&Fenes__ManufWin/Default/instance-out.sql,53.07,92.94,36743.54,64343.93
CZ04/DMo&0&rDXGF&Ex&Fenes__ManufWin/Base1.23/instance-out.sql,53.07,92.94,36743.54,64343.93
CZ04/DMo&0&rDXGF&Ex&Fenes__ManufWin/Msr-0.25-0.40/instance-out.sql,53.07,92.94,36743.54,64343.93
CZ04/DMo&0&rDXGF&Ex&Fenes__ManufWin/Msr-0.28-0.23/instance-out.sql,53.07,92.94,36743.54,64343.93
CZ04/DMo&0&rDXHP&Ex&Fenes__ManufWin/Default/instance-out.sql,48.76,98.55,33754.09,68227.39
CZ04/DMo&0&rDXHP&Ex&Fenes__ManufWin/Base1.23/instance-out.sql,48.76,98.55,33754.09,68227.39
CZ04/DMo&0&rDXHP&Ex&Fenes__ManufWin/Msr-0.25-0.40/instance-out.sql,48.76,98.55,33754.09,68227.39
CZ04/DMo&0&rDXHP&Ex&Fenes__ManufWin/Msr-0.28-0.23/instance-out.sql,48.76,98.55,33754.09,68227.39
CZ04/DMo&0&rDXGF&New&Fenes__ManufWin/Default/instance-out.sql,45.23,80.69,31315.87,55860.18
CZ04/DMo&0&rDXGF&New&Fenes__ManufWin/Base-0.5-0.6/instance-out.sql,45.80,81.08,31708.95,56130.06
CZ04/DMo&0&rDXGF&New&Fenes__ManufWin/Msr-0.25-0.40/instance-out.sql,44.84,80.45,31045.88,55697.62
CZ04/DMo&0&rDXGF&New&Fenes__ManufWin/Msr-0.28-0.23/instance-out.sql,44.96,80.52,31127.57,55743.91
CZ04/DMo&0&rDXHP&New&Fenes__ManufWin/Default/instance-out.sql,44.76,85.89,30987.98,59464.41
CZ04/DMo&0&rDXHP&New&Fenes__ManufWin/Base-0.5-0.6/instance-out.sql,45.00,86.67,31157.41,60004.24
CZ04/DMo&0&rDXHP&New&Fenes__ManufWin/Msr-0.25-0.40/instance-out.sql,44.59,85.36,30871.44,59093.58
CZ04/DMo&0&rDXHP&New&Fenes__ManufWin/Msr-0.28-0.23/instance-out.sql,44.64,85.52,30906.63,59205.35
CZ05/DMo&0&rDXGF&Ex&Fenes__ManufWin/Default/instance-out.sql,54.79,95.76,37932.49,66296.16
CZ05/DMo&0&rDXGF&Ex&Fenes__ManufWin/Base1.23/instance-out.sql,54.79,95.76,37932.49,66296.16
CZ05/DMo&0&rDXGF&Ex&Fenes__ManufWin/Msr-0.25-0.40/instance-out.sql,54.79,95.76,37932.49,66296.16
CZ05/DMo&0&rDXGF&Ex&Fenes__ManufWin/Msr-0.28-0.23/instance-out.sql,54.79,95.76,37932.49,66296.16
CZ05/DMo&0&rDXHP&Ex&Fenes__ManufWin/Default/instance-out.sql,50.73,104.70,35121.78,72484.40
CZ05/DMo&0&rDXHP&Ex&Fenes__ManufWin/Base1.23/instance-out.sql,50.73,104.70,35121.78,72484.40
CZ05/DMo&0&rDXHP&Ex&Fenes__ManufWin/Msr-0.25-0.40/instance-out.sql,50.73,104.70,35121.78,72484.40
CZ05/DMo&0&rDXHP&Ex&Fenes__ManufWin/Msr-0.28-0.23/instance-out.sql,50.73,104.70,35121.78,72484.40
CZ05/DMo&0&rDXGF&New&Fenes__ManufWin/Default/instance-out.sql,45.50,80.68,31502.05,55852.89
CZ05/DMo&0&rDXGF&New&Fenes__ManufWin/Base-0.5-0.6/instance-out.sql,46.10,81.08,31912.81,56130.93
CZ05/DMo&0&rDXGF&New&Fenes__ManufWin/Msr-0.25-0.40/instance-out.sql,45.09,80.44,31219.78,55687.53
CZ05/DMo&0&rDXGF&New&Fenes__ManufWin/Msr-0.28-0.23/instance-out.sql,45.22,80.51,31306.14,55736.53
CZ05/DMo&0&rDXHP&New&Fenes__ManufWin/Default/instance-out.sql,45.56,88.31,31541.25,61140.61
CZ05/DMo&0&rDXHP&New&Fenes__ManufWin/Base-0.5-0.6/instance-out.sql,45.89,89.36,31769.73,61867.37
CZ05/DMo&0&rDXHP&New&Fenes__ManufWin/Msr-0.25-0.40/instance-out.sql,45.32,87.56,31377.52,60620.37
CZ05/DMo&0&rDXHP&New&Fenes__ManufWin/Msr-0.28-0.23/instance-out.sql,45.40,87.79,31428.13,60781.15
CZ06/DMo&0&rDXGF&Ex&Fenes__ManufWin/Default/instance-out.sql,52.02,97.96,36011.59,67822.01
CZ06/DMo&0&rDXGF&Ex&Fenes__ManufWin/Base1.23/instance-out.sql,52.02,97.96,36011.59,67822.01
CZ06/DMo&0&rDXGF&Ex&Fenes__ManufWin/Msr-0.25-0.40/instance-out.sql,52.02,97.96,36011.59,67822.01
CZ06/DMo&0&rDXGF&Ex&Fenes__ManufWin/Msr-0.28-0.23/instance-out.sql,52.02,97.96,36011.59,67822.01
CZ06/DMo&0&rDXHP&Ex&Fenes__ManufWin/Default/instance-out.sql,48.38,97.43,33493.65,67453.70
CZ06/DMo&0&rDXHP&Ex&Fenes__ManufWin/Base1.23/instance-out.sql,48.38,97.43,33493.65,67453.70
CZ06/DMo&0&rDXHP&Ex&Fenes__ManufWin/Msr-0.25-0.40/instance-out.sql,48.38,97.43,33493.65,67453.70
CZ06/DMo&0&rDXHP&Ex&Fenes__ManufWin/Msr-0.28-0.23/instance-out.sql,48.38,97.43,33493.65,67453.70
CZ06/DMo&0&rDXGF&New&Fenes__ManufWin/Default/instance-out.sql,46.27,87.31,32036.76,60443.25
CZ06/DMo&0&rDXGF&New&Fenes__ManufWin/Base-0.5-0.6/instance-out.sql,46.31,86.70,32060.04,60024.53
CZ06/DMo&0&rDXGF&New&Fenes__ManufWin/Msr-0.25-0.40/instance-out.sql,46.29,87.85,32046.35,60816.73
CZ06/DMo&0&rDXGF&New&Fenes__ManufWin/Msr-0.28-0.23/instance-out.sql,46.29,87.68,32044.62,60704.16
CZ06/DMo&0&rDXHP&New&Fenes__ManufWin/Default/instance-out.sql,45.16,87.25,31264.05,60403.75
CZ06/DMo&0&rDXHP&New&Fenes__ManufWin/Base-0.5-0.6/instance-out.sql,44.97,86.65,31131.80,59987.19
CZ06/DMo&0&rDXHP&New&Fenes__ManufWin/Msr-0.25-0.40/instance-out.sql,45.33,87.79,31383.30,60778.81
CZ06/DMo&0&rDXHP&New&Fenes__ManufWin/Msr-0.28-0.23/instance-out.sql,45.28,87.63,31347.71,60665.86
CZ07/DMo&0&rDXGF&Ex&Fenes__ManufWin/Default/instance-out.sql,49.91,93.23,34552.44,64545.69
CZ07/DMo&0&rDXGF&Ex&Fenes__ManufWin/Base1.23/instance-out.sql,49.91,93.23,34552.44,64545.69
CZ07/DMo&0&rDXGF&Ex&Fenes__ManufWin/Msr-0.25-0.40/instance-out.sql,49.91,93.23,34552.44,64545.69
CZ07/DMo&0&rDXGF&Ex&Fenes__ManufWin/Msr-0.28-0.23/instance-out.sql,49.91,93.23,34552.44,64545.69
CZ07/DMo&0&rDXHP&Ex&Fenes__ManufWin/Default/instance-out.sql,46.85,92.64,32435.84,64136.72
CZ07/DMo&0&rDXHP&Ex&Fenes__ManufWin/Base1.23/instance-out.sql,46.85,92.64,32435.84,64136.72
CZ07/DMo&0&rDXHP&Ex&Fenes__ManufWin/Msr-0.25-0.40/instance-out.sql,46.85,92.64,32435.84,64136.72
CZ07/DMo&0&rDXHP&Ex&Fenes__ManufWin/Msr-0.28-0.23/instance-out.sql,46.85,92.64,32435.84,64136.72
CZ07/DMo&0&rDXGF&New&Fenes__ManufWin/Default/instance-out.sql,45.38,84.83,31419.83,58728.41
CZ07/DMo&0&rDXGF&New&Fenes__ManufWin/Base-0.5-0.6/instance-out.sql,45.44,84.38,31457.15,58415.40
CZ07/DMo&0&rDXGF&New&Fenes__ManufWin/Msr-0.25-0.40/instance-out.sql,45.33,85.12,31380.93,58930.84
CZ07/DMo&0&rDXGF&New&Fenes__ManufWin/Msr-0.28-0.23/instance-out.sql,45.33,84.99,31382.65,58840.73
CZ07/DMo&0&rDXHP&New&Fenes__ManufWin/Default/instance-out.sql,44.34,84.69,30696.77,58633.47
CZ07/DMo&0&rDXHP&New&Fenes__ManufWin/Base-0.5-0.6/instance-out.sql,44.19,84.23,30595.50,58314.83
CZ07/DMo&0&rDXHP&New&Fenes__ManufWin/Msr-0.25-0.40/instance-out.sql,44.44,85.00,30764.96,58848.49
CZ07/DMo&0&rDXHP&New&Fenes__ManufWin/Msr-0.28-0.23/instance-out.sql,44.39,84.87,30735.16,58754.88
CZ08/DMo&0&rDXGF&Ex&Fenes__ManufWin/Default/instance-out.sql,51.12,97.31,35388.33,67366.37
CZ08/DMo&0&rDXGF&Ex&Fenes__ManufWin/Base1.23/instance-out.sql,51.12,97.31,35388.33,67366.37
CZ08/DMo&0&rDXGF&Ex&Fenes__ManufWin/Msr-0.25-0.40/instance-out.sql,51.12,97.31,35388.33,67366.37
CZ08/DMo&0&rDXGF&Ex&Fenes__ManufWin/Msr-0.28-0.23/instance-out.sql,51.12,97.31,35388.33,67366.37
CZ08/DMo&0&rDXHP&Ex&Fenes__ManufWin/Default/instance-out.sql,48.37,97.44,33487.61,67462.04
CZ08/DMo&0&rDXHP&Ex&Fenes__ManufWin/Base1.23/instance-out.sql,48.37,97.44,33487.61,67462.04
CZ08/DMo&0&rDXHP&Ex&Fenes__ManufWin/Msr-0.25-0.40/instance-out.sql,48.37,97.44,33487.61,67462.04
CZ08/DMo&0&rDXHP&Ex&Fenes__ManufWin/Msr-0.28-0.23/instance-out.sql,48.37,97.44,33487.61,67462.04
CZ08/DMo&0&rDXGF&New&Fenes__ManufWin/Default/instance-out.sql,46.06,86.72,31886.07,60036.24
CZ08/DMo&0&rDXGF&New&Fenes__ManufWin/Base-0.5-0.6/instance-out.sql,46.19,86.42,31977.84,59831.22
CZ08/DMo&0&rDXGF&New&Fenes__ManufWin/Msr-0.25-0.40/instance-out.sql,45.96,86.94,31819.62,60192.80
CZ08/DMo&0&rDXGF&New&Fenes__ManufWin/Msr-0.28-0.23/instance-out.sql,46.00,86.90,31846.41,60161.28
CZ08/DMo&0&rDXHP&New&Fenes__ManufWin/Default/instance-out.sql,45.15,87.28,31260.19,60423.89
CZ08/DMo&0&rDXHP&New&Fenes__ManufWin/Base-0.5-0.6/instance-out.sql,45.06,86.98,31194.37,60217.91
CZ08/DMo&0&rDXHP&New&Fenes__ManufWin/Msr-0.25-0.40/instance-out.sql,45.23,87.51,31311.13,60583.82
CZ08/DMo&0&rDXHP&New&Fenes__ManufWin/Msr-0.28-0.23/instance-out.sql,45.21,87.46,31301.34,60553.06
CZ09/DMo&0&rDXGF&Ex&Fenes__ManufWin/Default/instance-out.sql,55.95,109.18,38735.08,75583.53
CZ09/DMo&0&rDXGF&Ex&Fenes__ManufWin/Base1.23/instance-out.sql,55.95,109.18,38735.08,75583.53
CZ09/DMo&0&rDXGF&Ex&Fenes__ManufWin/Msr-0.25-0.40/instance-out.sql,55.95,109.18,38735.08,75583.53
CZ09/DMo&0&rDXGF&Ex&Fenes__ManufWin/Msr-0.28-0.23/instance-out.sql,55.95,109.18,38735.08,75583.53
CZ09/DMo&0&rDXHP&Ex&Fenes__ManufWin/Default/instance-out.sql,51.99,108.94,35992.46,75419.49
CZ09/DMo&0&rDXHP&Ex&Fenes__ManufWin/Base1.23/instance-out.sql,51.99,108.94,35992.46,75419.49
CZ09/DMo&0&rDXHP&Ex&Fenes__ManufWin/Msr-0.25-0.40/instance-out.sql,51.99,108.94,35992.46,75419.49
CZ09/DMo&0&rDXHP&Ex&Fenes__ManufWin/Msr-0.28-0.23/instance-out.sql,51.99,108.94,35992.46,75419.49
CZ09/DMo&0&rDXGF&New&Fenes__ManufWin/Default/instance-out.sql,48.33,94.53,33457.33,65444.09
CZ09/DMo&0&rDXGF&New&Fenes__ManufWin/Base-0.5-0.6/instance-out.sql,48.37,94.06,33487.25,65116.45
CZ09/DMo&0&rDXGF&New&Fenes__ManufWin/Msr-0.25-0.40/instance-out.sql,48.32,94.95,33455.22,65738.44
CZ09/DMo&0&rDXGF&New&Fenes__ManufWin/Msr-0.28-0.23/instance-out.sql,48.32,94.81,33453.20,65639.91
CZ09/DMo&0&rDXHP&New&Fenes__ManufWin/Default/instance-out.sql,47.62,95.14,32968.65,65867.94
CZ09/DMo&0&rDXHP&New&Fenes__ManufWin/Base-0.5-0.6/instance-out.sql,47.48,94.69,32869.28,65555.30
CZ09/DMo&0&rDXHP&New&Fenes__ManufWin/Msr-0.25-0.40/instance-out.sql,47.75,95.56,33060.35,66156.25
CZ09/DMo&0&rDXHP&New&Fenes__ManufWin/Msr-0.28-0.23/instance-out.sql,47.71,95.42,33029.92,66060.08
CZ10/DMo&0&rDXGF&Ex&Fenes__ManufWin/Default/instance-out.sql,62.46,114.82,43243.79,79493.24
CZ10/DMo&0&rDXGF&Ex&Fenes__ManufWin/Base1.23/instance-out.sql,62.46,114.82,43243.79,79493.24
CZ10/DMo&0&rDXGF&Ex&Fenes__ManufWin/Msr-0.25-0.40/instance-out.sql,62.46,114.82,43243.79,79493.24
CZ10/DMo&0&rDXGF&Ex&Fenes__ManufWin/Msr-0.28-0.23/instance-out.sql,62.46,114.82,43243.79,79493.24
CZ10/DMo&0&rDXHP&Ex&Fenes__ManufWin/Default/instance-out.sql,56.39,122.90,39042.40,85087.06
CZ10/DMo&0&rDXHP&Ex&Fenes__ManufWin/Base1.23/instance-out.sql,56.39,122.90,39042.40,85087.06
CZ10/DMo&0&rDXHP&Ex&Fenes__ManufWin/Msr-0.25-0.40/instance-out.sql,56.39,122.90,39042.40,85087.06
CZ10/DMo&0&rDXHP&Ex&Fenes__ManufWin/Msr-0.28-0.23/instance-out.sql,56.39,122.90,39042.40,85087.06
CZ10/DMo&0&rDXGF&New&Fenes__ManufWin/Default/instance-out.sql,50.36,93.80,34861.78,64939.94
CZ10/DMo&0&rDXGF&New&Fenes__ManufWin/Base-0.5-0.6/instance-out.sql,51.11,94.42,35386.27,65371.01
CZ10/DMo&0&rDXGF&New&Fenes__ManufWin/Msr-0.25-0.40/instance-out.sql,49.84,93.42,34506.66,64677.66
CZ10/DMo&0&rDXGF&New&Fenes__ManufWin/Msr-0.28-0.23/instance-out.sql,50.00,93.53,34613.88,64753.63
CZ10/DMo&0&rDXHP&New&Fenes__ManufWin/Default/instance-out.sql,49.43,100.85,34218.20,69817.72
CZ10/DMo&0&rDXHP&New&Fenes__ManufWin/Base-0.5-0.6/instance-out.sql,49.80,102.03,34475.61,70636.44
CZ10/DMo&0&rDXHP&New&Fenes__ManufWin/Msr-0.25-0.40/instance-out.sql,49.17,100.03,34040.57,69252.46
CZ10/DMo&0&rDXHP&New&Fenes__ManufWin/Msr-0.28-0.23/instance-out.sql,49.25,100.28,34094.47,69423.52
CZ11/DMo&0&rDXGF&Ex&Fenes__ManufWin/Default/instance-out.sql,73.53,133.76,50909.21,92606.49
CZ11/DMo&0&rDXGF&Ex&Fenes__ManufWin/Base1.23/instance-out.sql,73.53,133.76,50909.21,92606.49
CZ11/DMo&0&rDXGF&Ex&Fenes__ManufWin/Msr-0.25-0.40/instance-out.sql,73.53,133.76,50909.21,92606.49
CZ11/DMo&0&rDXGF&Ex&Fenes__ManufWin/Msr-0.28-0.23/instance-out.sql,73.53,133.76,50909.21,92606.49
CZ11/DMo&0&rDXHP&Ex&Fenes__ManufWin/Default/instance-out.sql,64.07,147.08,44355.75,101824.20
CZ11/DMo&0&rDXHP&Ex&Fenes__ManufWin/Base1.23/instance-out.sql,64.07,147.08,44355.75,101824.20
CZ11/DMo&0&rDXHP&Ex&Fenes__ManufWin/Msr-0.25-0.40/instance-out.sql,64.07,147.08,44355.75,101824.20
CZ11/DMo&0&rDXHP&Ex&Fenes__ManufWin/Msr-0.28-0.23/instance-out.sql,64.07,147.08,44355.75,101824.20
CZ11/DMo&0&rDXGF&New&Fenes__ManufWin/Default/instance-out.sql,55.58,103.40,38481.02,71584.34
CZ11/DMo&0&rDXGF&New&Fenes__ManufWin/Base-0.5-0.6/instance-out.sql,56.79,104.71,39316.92,72491.96
CZ11/DMo&0&rDXGF&New&Fenes__ManufWin/Msr-0.25-0.40/instance-out.sql,54.77,102.57,37916.75,71007.50
CZ11/DMo&0&rDXGF&New&Fenes__ManufWin/Msr-0.28-0.23/instance-out.sql,55.01,102.80,38081.53,71168.21
CZ11/DMo&0&rDXHP&New&Fenes__ManufWin/Default/instance-out.sql,53.96,115.08,37358.16,79668.49
CZ11/DMo&0&rDXHP&New&Fenes__ManufWin/Base-0.5-0.6/instance-out.sql,54.63,117.21,37824.43,81148.95
CZ11/DMo&0&rDXHP&New&Fenes__ManufWin/Msr-0.25-0.40/instance-out.sql,53.50,113.62,37039.92,78658.48
CZ11/DMo&0&rDXHP&New&Fenes__ManufWin/Msr-0.28-0.23/instance-out.sql,53.63,114.03,37130.41,78946.98
CZ12/DMo&0&rDXGF&Ex&Fenes__ManufWin/Default/instance-out.sql,69.95,123.19,48425.44,85289.21
CZ12/DMo&0&rDXGF&Ex&Fenes__ManufWin/Base1.23/instance-out.sql,69.95,123.19,48425.44,85289.21
CZ12/DMo&0&rDXGF&Ex&Fenes__ManufWin/Msr-0.25-0.40/instance-out.sql,69.95,123.19,48425.44,85289.21
CZ12/DMo&0&rDXGF&Ex&Fenes__ManufWin/Msr-0.28-0.23/instance-out.sql,69.95,123.19,48425.44,85289.21
CZ12/DMo&0&rDXHP&Ex&Fenes__ManufWin/Default/instance-out.sql,61.37,138.53,42485.76,95906.45
CZ12/DMo&0&rDXHP&Ex&Fenes__ManufWin/Base1.23/instance-out.sql,61.37,138.53,42485.76,95906.45
CZ12/DMo&0&rDXHP&Ex&Fenes__ManufWin/Msr-0.25-0.40/instance-out.sql,61.37,138.53,42485.76,95906.45
CZ12/DMo&0&rDXHP&Ex&Fenes__ManufWin/Msr-0.28-0.23/instance-out.sql,61.37,138.53,42485.76,95906.45
CZ12/DMo&0&rDXGF&New&Fenes__ManufWin/Default/instance-out.sql,54.38,97.87,37645.06,67753.48
CZ12/DMo&0&rDXGF&New&Fenes__ManufWin/Base-0.5-0.6/instance-out.sql,55.53,98.98,38443.69,68527.97
CZ12/DMo&0&rDXGF&New&Fenes__ManufWin/Msr-0.25-0.40/instance-out.sql,53.56,97.11,37082.20,67228.93
CZ12/DMo&0&rDXGF&New&Fenes__ManufWin/Msr-0.28-0.23/instance-out.sql,53.81,97.34,37254.76,67388.25
CZ12/DMo&0&rDXHP&New&Fenes__ManufWin/Default/instance-out.sql,52.81,111.42,36559.33,77134.66
CZ12/DMo&0&rDXHP&New&Fenes__ManufWin/Base-0.5-0.6/instance-out.sql,53.45,113.45,37002.46,78542.41
CZ12/DMo&0&rDXHP&New&Fenes__ManufWin/Msr-0.25-0.40/instance-out.sql,52.34,109.95,36239.07,76117.71
CZ12/DMo&0&rDXHP&New&Fenes__ManufWin/Msr-0.28-0.23/instance-out.sql,52.49,110.40,36337.35,76429.67
CZ13/DMo&0&rDXGF&Ex&Fenes__ManufWin/Default/instance-out.sql,70.41,134.29,48743.11,92973.21
CZ13/DMo&0&rDXGF&Ex&Fenes__ManufWin/Base1.23/instance-out.sql,70.41,134.29,48743.11,92973.21
CZ13/DMo&0&rDXGF&Ex&Fenes__ManufWin/Msr-0.25-0.40/instance-out.sql,70.41,134.29,48743.11,92973.21
CZ13/DMo&0&rDXGF&Ex&Fenes__ManufWin/Msr-0.28-0.23/instance-out.sql,70.41,134.29,48743.11,92973.21
CZ13/DMo&0&rDXHP&Ex&Fenes__ManufWin/Default/instance-out.sql,63.28,144.74,43811.60,100202.75
CZ13/DMo&0&rDXHP&Ex&Fenes__ManufWin/Base1.23/instance-out.sql,63.28,144.74,43811.60,100202.75
CZ13/DMo&0&rDXHP&Ex&Fenes__ManufWin/Msr-0.25-0.40/instance-out.sql,63.28,144.74,43811.60,100202.75
CZ13/DMo&0&rDXHP&Ex&Fenes__ManufWin/Msr-0.28-0.23/instance-out.sql,63.28,144.74,43811.60,100202.75
CZ13/DMo&0&rDXGF&New&Fenes__ManufWin/Default/instance-out.sql,55.74,106.84,38590.78,73963.88
CZ13/DMo&0&rDXGF&New&Fenes__ManufWin/Base-0.5-0.6/instance-out.sql,56.66,107.77,39225.63,74610.40
CZ13/DMo&0&rDXGF&New&Fenes__ManufWin/Msr-0.25-0.40/instance-out.sql,55.09,106.21,38142.30,73527.94
CZ13/DMo&0&rDXGF&New&Fenes__ManufWin/Msr-0.28-0.23/instance-out.sql,55.29,106.39,38278.86,73657.96
CZ13/DMo&0&rDXHP&New&Fenes__ManufWin/Default/instance-out.sql,54.26,116.18,37563.04,80434.88
CZ13/DMo&0&rDXHP&New&Fenes__ManufWin/Base-0.5-0.6/instance-out.sql,54.74,117.73,37900.03,81505.31
CZ13/DMo&0&rDXHP&New&Fenes__ManufWin/Msr-0.25-0.40/instance-out.sql,53.91,115.08,37321.89,79669.60
CZ13/DMo&0&rDXHP&New&Fenes__ManufWin/Msr-0.28-0.23/instance-out.sql,54.02,115.42,37395.78,79903.85
CZ14/DMo&0&rDXGF&Ex&Fenes__ManufWin/Default/instance-out.sql,80.88,147.81,55992.24,102330.17
CZ14/DMo&0&rDXGF&Ex&Fenes__ManufWin/Base1.23/instance-out.sql,80.88,147.81,55992.24,102330.17
CZ14/DMo&0&rDXGF&Ex&Fenes__ManufWin/Msr-0.25-0.40/instance-out.sql,80.88,147.81,55992.24,102330.17
CZ14/DMo&0&rDXGF&Ex&Fenes__ManufWin/Msr-0.28-0.23/instance-out.sql,80.88,147.81,55992.24,102330.17
CZ14/DMo&0&rDXHP&Ex&Fenes__ManufWin/Default/instance-out.sql,68.02,159.80,47089.36,110630.06
CZ14/DMo&0&rDXHP&Ex&Fenes__ManufWin/Base1.23/instance-out.sql,68.02,159.80,47089.36,110630.06
CZ14/DMo&0&rDXHP&Ex&Fenes__ManufWin/Msr-0.25-0.40/instance-out.sql,68.02,159.80,47089.36,110630.06
CZ14/DMo&0&rDXHP&Ex&Fenes__ManufWin/Msr-0.28-0.23/instance-out.sql,68.02,159.80,47089.36,110630.06
CZ14/DMo&0&rDXGF&New&Fenes__ManufWin/Default/instance-out.sql,59.46,111.39,41162.98,77118.43
CZ14/DMo&0&rDXGF&New&Fenes__ManufWin/Base-0.5-0.6/instance-out.sql,61.04,113.25,42261.29,78403.73
CZ14/DMo&0&rDXGF&New&Fenes__ManufWin/Msr-0.25-0.40/instance-out.sql,58.37,110.13,40408.22,76247.36
CZ14/DMo&0&rDXGF&New&Fenes__ManufWin/Msr-0.28-0.23/instance-out.sql,58.70,110.52,40638.11,76511.54
CZ14/DMo&0&rDXHP&New&Fenes__ManufWin/Default/instance-out.sql,56.31,122.74,38986.64,84976.72
CZ14/DMo&0&rDXHP&New&Fenes__ManufWin/Base-0.5-0.6/instance-out.sql,57.12,125.29,39542.26,86740.05
CZ14/DMo&0&rDXHP&New&Fenes__ManufWin/Msr-0.25-0.40/instance-out.sql,55.75,120.96,38596.54,83739.19
CZ14/DMo&0&rDXHP&New&Fenes__ManufWin/Msr-0.28-0.23/instance-out.sql,55.92,121.51,38716.38,84119.84
CZ15/DMo&0&rDXGF&Ex&Fenes__ManufWin/Default/instance-out.sql,72.62,157.38,50275.84,108952.89
CZ15/DMo&0&rDXGF&Ex&Fenes__ManufWin/Base1.23/instance-out.sql,72.62,157.38,50275.84,108952.89
CZ15/DMo&0&rDXGF&Ex&Fenes__ManufWin/Msr-0.25-0.40/instance-out.sql,72.62,157.38,50275.84,108952.89
CZ15/DMo&0&rDXGF&Ex&Fenes__ManufWin/Msr-0.28-0.23/instance-out.sql,72.62,157.38,50275.84,108952.89
CZ15/DMo&0&rDXHP&Ex&Fenes__ManufWin/Default/instance-out.sql,67.54,158.40,46756.35,109665.74
CZ15/DMo&0&rDXHP&Ex&Fenes__ManufWin/Base1.23/instance-out.sql,67.54,158.40,46756.35,109665.74
CZ15/DMo&0&rDXHP&Ex&Fenes__ManufWin/Msr-0.25-0.40/instance-out.sql,67.54,158.40,46756.35,109665.74
CZ15/DMo&0&rDXHP&Ex&Fenes__ManufWin/Msr-0.28-0.23/instance-out.sql,67.54,158.40,46756.35,109665.74
CZ15/DMo&0&rDXGF&New&Fenes__ManufWin/Default/instance-out.sql,57.79,122.20,40011.72,84597.66
CZ15/DMo&0&rDXGF&New&Fenes__ManufWin/Base-0.5-0.6/instance-out.sql,58.44,123.20,40460.88,85291.00
CZ15/DMo&0&rDXGF&New&Fenes__ManufWin/Msr-0.25-0.40/instance-out.sql,57.43,121.62,39756.70,84202.46
CZ15/DMo&0&rDXGF&New&Fenes__ManufWin/Msr-0.28-0.23/instance-out.sql,57.54,121.79,39833.80,84319.76
CZ15/DMo&0&rDXHP&New&Fenes__ManufWin/Default/instance-out.sql,56.77,124.39,39299.59,86119.16
CZ15/DMo&0&rDXHP&New&Fenes__ManufWin/Base-0.5-0.6/instance-out.sql,57.13,125.54,39549.58,86911.50
CZ15/DMo&0&rDXHP&New&Fenes__ManufWin/Msr-0.25-0.40/instance-out.sql,56.54,123.67,39141.25,85616.31
CZ15/DMo&0&rDXHP&New&Fenes__ManufWin/Msr-0.28-0.23/instance-out.sql,56.61,123.89,39189.42,85769.95
CZ16/DMo&0&rDXGF&Ex&Fenes__ManufWin/Default/instance-out.sql,66.36,122.54,45940.05,84833.44
CZ16/DMo&0&rDXGF&Ex&Fenes__ManufWin/Base1.23/instance-out.sql,66.36,122.54,45940.05,84833.44
CZ16/DMo&0&rDXGF&Ex&Fenes__ManufWin/Msr-0.25-0.40/instance-out.sql,66.36,122.54,45940.05,84833.44
CZ16/DMo&0&rDXGF&Ex&Fenes__ManufWin/Msr-0.28-0.23/instance-out.sql,66.36,122.54,45940.05,84833.44
CZ16/DMo&0&rDXHP&Ex&Fenes__ManufWin/Default/instance-out.sql,64.83,149.35,44885.40,103396.48
CZ16/DMo&0&rDXHP&Ex&Fenes__ManufWin/Base1.23/instance-out.sql,64.83,149.35,44885.40,103396.48
CZ16/DMo&0&rDXHP&Ex&Fenes__ManufWin/Msr-0.25-0.40/instance-out.sql,64.83,149.35,44885.40,103396.48
CZ16/DMo&0&rDXHP&Ex&Fenes__ManufWin/Msr-0.28-0.23/instance-out.sql,64.83,149.35,44885.40,103396.48
CZ16/DMo&0&rDXGF&New&Fenes__ManufWin/Default/instance-out.sql,52.37,97.46,36256.69,67473.14
CZ16/DMo&0&rDXGF&New&Fenes__ManufWin/Base-0.5-0.6/instance-out.sql,53.43,98.53,36993.52,68212.98
CZ16/DMo&0&rDXGF&New&Fenes__ManufWin/Msr-0.25-0.40/instance-out.sql,51.63,96.74,35741.50,66976.58
CZ16/DMo&0&rDXGF&New&Fenes__ManufWin/Msr-0.28-0.23/instance-out.sql,51.85,96.96,35897.03,67123.72
CZ16/DMo&0&rDXHP&New&Fenes__ManufWin/Default/instance-out.sql,54.15,115.52,37487.30,79974.61
CZ16/DMo&0&rDXHP&New&Fenes__ManufWin/Base-0.5-0.6/instance-out.sql,55.16,118.73,38187.57,82195.90
CZ16/DMo&0&rDXHP&New&Fenes__ManufWin/Msr-0.25-0.40/instance-out.sql,53.43,113.25,36991.12,78401.58
CZ16/DMo&0&rDXHP&New&Fenes__ManufWin/Msr-0.28-0.23/instance-out.sql,53.65,113.94,37142.39,78881.21

File Name,Total (kWh),Heating (kWh),Cooling (kWh),Interior Lighting (kWh),Exterior Lighting (kWh),Interior Equipment (kWh),Exterior Equipment (kWh),Fans (kWh),Pumps (kWh),Heat Rejection (kWh),Humidification (kWh),Heat Recovery (kWh),Water Systems (kWh),Refrigeration (kWh),Generators (kWh),Heating Elec (kWh),Cooling Elec (kWh),Heating NG (kWh),Cooling NG (kWh),Interior Equipment Elec (kWh),Interior Equipment NG (kWh)
CZ01/DMo&0&rDXGF&Ex&Fenes__ManufWin/Default/instance-out.sql,34072.58,6153.14,510.26,3135.57,0.0,12980.689999999999,0.0,417.66,0.0,0.0,0.0,0.0,10875.26,0.0,0.0,0.00,510.26,6153.14,0.00,5167.03,7813.66
CZ01/DMo&0&rDXGF&Ex&Fenes__ManufWin/Base1.23/instance-out.sql,34072.58,6153.14,510.26,3135.57,0.0,12980.689999999999,0.0,417.66,0.0,0.0,0.0,0.0,10875.26,0.0,0.0,0.00,510.26,6153.14,0.00,5167.03,7813.66
CZ01/DMo&0&rDXGF&Ex&Fenes__ManufWin/Msr-0.25-0.40/instance-out.sql,34072.58,6153.14,510.26,3135.57,0.0,12980.689999999999,0.0,417.66,0.0,0.0,0.0,0.0,10875.26,0.0,0.0,0.00,510.26,6153.14,0.00,5167.03,7813.66
CZ01/DMo&0&rDXGF&Ex&Fenes__ManufWin/Msr-0.28-0.23/instance-out.sql,34072.58,6153.14,510.26,3135.57,0.0,12980.689999999999,0.0,417.66,0.0,0.0,0.0,0.0,10875.26,0.0,0.0,0.00,510.26,6153.14,0.00,5167.03,7813.66
CZ01/DMo&0&rDXHP&Ex&Fenes__ManufWin/Default/instance-out.sql,33506.34,5551.25,510.25,3135.57,0.0,12980.689999999999,0.0,454.46,0.0,0.0,0.0,0.0,10874.11,0.0,0.0,5551.25,510.25,0.00,0.00,5167.03,7813.66
CZ01/DMo&0&rDXHP&Ex&Fenes__ManufWin/Base1.23/instance-out.sql,33506.34,5551.25,510.25,3135.57,0.0,12980.689999999999,0.0,454.46,0.0,0.0,0.0,0.0,10874.11,0.0,0.0,5551.25,510.25,0.00,0.00,5167.03,7813.66
CZ01/DMo&0&rDXHP&Ex&Fenes__ManufWin/Msr-0.25-0.40/instance-out.sql,33506.34,5551.25,510.25,3135.57,0.0,12980.689999999999,0.0,454.46,0.0,0.0,0.0,0.0,10874.11,0.0,0.0,5551.25,510.25,0.00,0.00,5167.03,7813.66
CZ01/DMo&0&rDXHP&Ex&Fenes__ManufWin/Msr-0.28-0.23/instance-out.sql,33506.34,5551.25,510.25,3135.57,0.0,12980.689999999999,0.0,454.46,0.0,0.0,0.0,0.0,10874.11,0.0,0.0,5551.25,510.25,0.00,0.00,5167.03,7813.66
CZ01/DMo&0&rDXGF&New&Fenes__ManufWin/Default/instance-out.sql,29175.18,1616.55,449.79,3135.57,0.0,12980.689999999999,0.0,107.36,0.0,0.0,0.0,0.0,10885.21,0.0,0.0,0.00,449.79,1616.55,0.00,5167.03,7813.66
CZ01/DMo&0&rDXGF&New&Fenes__ManufWin/Base-0.5-0.6/instance-out.sql,29530.97,2037.77,389.06,3135.57,0.0,12980.689999999999,0.0,103.97,0.0,0.0,0.0,0.0,10883.9,0.0,0.0,0.00,389.06,2037.77,0.00,5167.03,7813.66
CZ01/DMo&0&rDXGF&New&Fenes__ManufWin/Msr-0.25-0.40/instance-out.sql,28938.43,1325.73,500.87,3135.57,0.0,12980.689999999999,0.0,109.93,0.0,0.0,0.0,0.0,10885.64,0.0,0.0,0.00,500.87,1325.73,0.00,5167.03,7813.66
CZ01/DMo&0&rDXGF&New&Fenes__ManufWin/Msr-0.28-0.23/instance-out.sql,29009.98,1414.58,484.49,3135.57,0.0,12980.689999999999,0.0,109.16,0.0,0.0,0.0,0.0,10885.49,0.0,0.0,0.00,484.49,1414.58,0.00,5167.03,7813.66
CZ01/DMo&0&rDXHP&New&Fenes__ManufWin/Default/instance-out.sql,30554.55,2989.02,450.0,3135.57,0.0,12980.689999999999,0.0,114.91,0.0,0.0,0.0,0.0,10884.35,0.0,0.0,2989.02,450.00,0.00,0.00,5167.03,7813.66
CZ01/DMo&0&rDXHP&New&Fenes__ManufWin/Base-0.5-0.6/instance-out.sql,30915.940000000002,3408.69,389.18,3135.57,0.0,12980.689999999999,0.0,118.95,0.0,0.0,0.0,0.0,10882.86,0.0,0.0,3408.69,389.18,0.00,0.00,5167.03,7813.66
CZ01/DMo&0&rDXHP&New&Fenes__ManufWin/Msr-0.25-0.40/instance-out.sql,30300.27,2685.41,500.95,3135.57,0.0,12980.689999999999,0.0,112.47,0.0,0.0,0.0,0.0,10885.18,0.0,0.0,2685.41,500.95,0.00,0.00,5167.03,7813.66
CZ01/DMo&0&rDXHP&New&Fenes__ManufWin/Msr-0.28-0.23/instance-out.sql,30379.17,2780.53,484.54,3135.57,0.0,12980.689999999999,0.0,113.22,0.0,0.0,0.0,0.0,10884.62,0.0,0.0,2780.53,484.54,0.00,0.00,5167.03,7813.66
CZ02/DMo&0&rDXGF&Ex&Fenes__ManufWin/Default/instance-out.sql,39660.04,10168.75,1670.81,3135.57,0.0,12980.689999999999,0.0,919.49,0.0,0.0,0.0,0.0,10784.73,0.0,0.0,0.00,1670.81,10168.75,0.00,5167.03,7813.66
CZ02/DMo&0&rDXGF&Ex&Fenes__ManufWin/Base1.23/instance-out.sql,39660.04,10168.75,1670.81,3135.57,0.0,12980.689999999999,0.0,919.49,0.0,0.0,0.0,0.0,10784.73,0.0,0.0,0.00,1670.81,10168.75,0.00,5167.03,7813.66
CZ02/DMo&0&rDXGF&Ex&Fenes__ManufWin/Msr-0.25-0.40/instance-out.sql,39660.04,10168.75,1670.81,3135.57,0.0,12980.689999999999,0.0,919.49,0.0,0.0,0.0,0.0,10784.73,0.0,0.0,0.00,1670.81,10168.75,0.00,5167.03,7813.66
CZ02/DMo&0&rDXGF&Ex&Fenes__ManufWin/Msr-0.28-0.23/instance-out.sql,39660.04,10168.75,1670.81,3135.57,0.0,12980.689999999999,0.0,919.49,0.0,0.0,0.0,0.0,10784.73,0.0,0.0,0.00,1670.81,10168.75,0.00,5167.03,7813.66
CZ02/DMo&0&rDXHP&Ex&Fenes__ManufWin/Default/instance-out.sql,36547.93,7094.88,1671.02,3135.57,0.0,12980.689999999999,0.0,880.46,0.0,0.0,0.0,0.0,10785.3,0.0,0.0,7094.88,1671.02,0.00,0.00,5167.03,7813.66
CZ02/DMo&0&rDXHP&Ex&Fenes__ManufWin/Base1.23/instance-out.sql,36547.93,7094.88,1671.02,3135.57,0.0,12980.689999999999,0.0,880.46,0.0,0.0,0.0,0.0,10785.3,0.0,0.0,7094.88,1671.02,0.00,0.00,5167.03,7813.66
CZ02/DMo&0&rDXHP&Ex&Fenes__ManufWin/Msr-0.25-0.40/instance-out.sql,36547.93,7094.88,1671.02,3135.57,0.0,12980.689999999999,0.0,880.46,0.0,0.0,0.0,0.0,10785.3,0.0,0.0,7094.88,1671.02,0.00,0.00,5167.03,7813.66
CZ02/DMo&0&rDXHP&Ex&Fenes__ManufWin/Msr-0.28-0.23/instance-out.sql,36547.93,7094.88,1671.02,3135.57,0.0,12980.689999999999,0.0,880.46,0.0,0.0,0.0,0.0,10785.3,0.0,0.0,7094.88,1671.02,0.00,0.00,5167.03,7813.66
CZ02/DMo&0&rDXGF&New&Fenes__ManufWin/Default/instance-out.sql,32520.190000000002,4194.79,1163.96,3135.57,0.0,12980.689999999999,0.0,251.09,0.0,0.0,0.0,0.0,10794.1,0.0,0.0,0.00,1163.96,4194.79,0.00,5167.03,7813.66
CZ02/DMo&0&rDXGF&New&Fenes__ManufWin/Base-0.5-0.6/instance-out.sql,33181.07,4884.37,1127.84,3135.57,0.0,12980.689999999999,0.0,259.61,0.0,0.0,0.0,0.0,10792.99,0.0,0.0,0.00,1127.84,4884.37,0.00,5167.03,7813.66
CZ02/DMo&0&rDXGF&New&Fenes__ManufWin/Msr-0.25-0.40/instance-out.sql,32038.56,3689.66,1193.34,3135.57,0.0,12980.689999999999,0.0,244.51,0.0,0.0,0.0,0.0,10794.79,0.0,0.0,0.00,1193.34,3689.66,0.00,5167.03,7813.66
CZ02/DMo&0&rDXGF&New&Fenes__ManufWin/Msr-0.28-0.23/instance-out.sql,32187.35,3845.4,1184.13,3135.57,0.0,12980.689999999999,0.0,246.58,0.0,0.0,0.0,0.0,10794.97,0.0,0.0,0.00,1184.13,3845.40,0.00,5167.03,7813.66
CZ02/DMo&0&rDXHP&New&Fenes__ManufWin/Default/instance-out.sql,32763.629999999997,4429.86,1163.95,3135.57,0.0,12980.689999999999,0.0,259.6,0.0,0.0,0.0,0.0,10793.96,0.0,0.0,4429.86,1163.95,0.00,0.00,5167.03,7813.66
CZ02/DMo&0&rDXHP&New&Fenes__ManufWin/Base-0.5-0.6/instance-out.sql,33222.08,4909.57,1127.74,3135.57,0.0,12980.689999999999,0.0,275.98,0.0,0.0,0.0,0.0,10792.53,0.0,0.0,4909.57,1127.74,0.00,0.00,5167.03,7813.66
CZ02/DMo&0&rDXHP&New&Fenes__ManufWin/Msr-0.25-0.40/instance-out.sql,32412.29,4060.67,1193.33,3135.57,0.0,12980.689999999999,0.0,247.5,0.0,0.0,0.0,0.0,10794.54,0.0,0.0,4060.67,1193.33,0.00,0.00,5167.03,7813.66
CZ02/DMo&0&rDXHP&New&Fenes__ManufWin/Msr-0.28-0.23/instance-out.sql,32523.559999999998,4177.59,1184.14,3135.57,0.0,12980.689999999999,0.0,251.3,0.0,0.0,0.0,0.0,10794.26,0.0,0.0,4177.59,1184.14,0.00,0.00,5167.03,7813.66
CZ03/DMo&0&rDXGF&Ex&Fenes__ManufWin/Default/instance-out.sql,37990.82,6737.25,3021.22,3135.57,0.0,12980.689999999999,0.0,1320.74,0.0,0.0,0.0,0.0,10795.35,0.0,0.0,0.00,3021.22,6737.25,0.00,5167.03,7813.66
CZ03/DMo&0&rDXGF&Ex&Fenes__ManufWin/Base1.23/instance-out.sql,37990.82,6737.25,3021.22,3135.57,0.0,12980.689999999999,0.0,1320.74,0.0,0.0,0.0,0.0,10795.35,0.0,0.0,0.00,3021.22,6737.25,0.00,5167.03,7813.66
CZ03/DMo&0&rDXGF&Ex&Fenes__ManufWin/Msr-0.25-0.40/instance-out.sql,37990.82,6737.25,3021.22,3135.57,0.0,12980.689999999999,0.0,1320.74,0.0,0.0,0.0,0.0,10795.35,0.0,0.0,0.00,3021.22,6737.25,0.00,5167.03,7813.66
CZ03/DMo&0&rDXGF&Ex&Fenes__ManufWin/Msr-0.28-0.23/instance-out.sql,37990.82,6737.25,3021.22,3135.57,0.0,12980.689999999999,0.0,1320.74,0.0,0.0,0.0,0.0,10795.35,0.0,0.0,0.00,3021.22,6737.25,0.00,5167.03,7813.66
CZ03/DMo&0&rDXHP&Ex&Fenes__ManufWin/Default/instance-out.sql,34436.42,3381.4,3018.4,3135.57,0.0,12980.689999999999,0.0,1122.43,0.0,0.0,0.0,0.0,10797.93,0.0,0.0,3381.40,3018.40,0.00,0.00,5167.03,7813.66
CZ03/DMo&0&rDXHP&Ex&Fenes__ManufWin/Base1.23/instance-out.sql,34436.42,3381.4,3018.4,3135.57,0.0,12980.689999999999,0.0,1122.43,0.0,0.0,0.0,0.0,10797.93,0.0,0.0,3381.40,3018.40,0.00,0.00,5167.03,7813.66
CZ03/DMo&0&rDXHP&Ex&Fenes__ManufWin/Msr-0.25-0.40/instance-out.sql,34436.42,3381.4,3018.4,3135.57,0.0,12980.689999999999,0.0,1122.43,0.0,0.0,0.0,0.0,10797.93,0.0,0.0,3381.40,3018.40,0.00,0.00,5167.03,7813.66
CZ03/DMo&0&rDXHP&Ex&Fenes__ManufWin/Msr-0.28-0.23/instance-out.sql,34436.42,3381.4,3018.4,3135.57,0.0,12980.689999999999,0.0,1122.43,0.0,0.0,0.0,0.0,10797.93,0.0,0.0,3381.40,3018.40,0.00,0.00,5167.03,7813.66
CZ03/DMo&0&rDXGF&New&Fenes__ManufWin/Default/instance-out.sql,32026.120000000003,2512.36,2203.88,3135.57,0.0,12980.689999999999,0.0,397.15,0.0,0.0,0.0,0.0,10796.47,0.0,0.0,0.00,2203.88,2512.36,0.00,5167.03,7813.66
CZ03/DMo&0&rDXGF&New&Fenes__ManufWin/Base-0.5-0.6/instance-out.sql,32354.21,2982.99,2068.49,3135.57,0.0,12980.689999999999,0.0,391.1,0.0,0.0,0.0,0.0,10795.37,0.0,0.0,0.00,2068.49,2982.99,0.00,5167.03,7813.66
CZ03/DMo&0&rDXGF&New&Fenes__ManufWin/Msr-0.25-0.40/instance-out.sql,31805.67,2176.23,2313.72,3135.57,0.0,12980.689999999999,0.0,402.39,0.0,0.0,0.0,0.0,10797.06,0.0,0.0,0.00,2313.72,2176.23,0.00,5167.03,7813.66
CZ03/DMo&0&rDXGF&New&Fenes__ManufWin/Msr-0.28-0.23/instance-out.sql,31870.96,2278.17,2278.81,3135.57,0.0,12980.689999999999,0.0,400.66,0.0,0.0,0.0,0.0,10797.05,0.0,0.0,0.00,2278.81,2278.17,0.00,5167.03,7813.66
CZ03/DMo&0&rDXHP&New&Fenes__ManufWin/Default/instance-out.sql,31327.04,1854.18,2201.56,3135.57,0.0,12980.689999999999,0.0,357.31,0.0,0.0,0.0,0.0,10797.73,0.0,0.0,1854.18,2201.56,0.00,0.00,5167.03,7813.66
CZ03/DMo&0&rDXHP&New&Fenes__ManufWin/Base-0.5-0.6/instance-out.sql,31401.489999999998,2068.97,2066.59,3135.57,0.0,12980.689999999999,0.0,353.26,0.0,0.0,0.0,0.0,10796.41,0.0,0.0,2068.97,2066.59,0.00,0.00,5167.03,7813.66
CZ03/DMo&0&rDXHP&New&Fenes__ManufWin/Msr-0.25-0.40/instance-out.sql,31284.5,1695.96,2311.45,3135.57,0.0,12980.689999999999,0.0,361.85,0.0,0.0,0.0,0.0,10798.98,0.0,0.0,1695.96,2311.45,0.00,0.00,5167.03,7813.66
CZ03/DMo&0&rDXHP&New&Fenes__ManufWin/Msr-0.28-0.23/instance-out.sql,31295.81,1744.18,2276.69,3135.57,0.0,12980.689999999999,0.0,360.29,0.0,0.0,0.0,0.0,10798.38,0.0,0.0,1744.18,2276.69,0.00,0.00,5167.03,7813.66
CZ04/DMo&0&rDXGF&Ex&Fenes__ManufWin/Default/instance-out.sql,36743.54,6411.29,2509.66,3135.57,0.0,12980.689999999999,0.0,956.31,0.0,0.0,0.0,0.0,10750.03,0.0,0.0,0.00,2509.66,6411.29,0.00,5167.03,7813.66
CZ04/DMo&0&rDXGF&Ex&Fenes__ManufWin/Base1.23/instance-out.sql,36743.54,6411.29,2509.66,3135.57,0.0,12980.689999999999,0.0,956.31,0.0,0.0,0.0,0.0,10750.03,0.0,0.0,0.00,2509.66,6411.29,0.00,5167.03,7813.66
CZ04/DMo&0&rDXGF&Ex&Fenes__ManufWin/Msr-0.25-0.40/instance-out.sql,36743.54,6411.29,2509.66,3135.57,0.0,12980.689999999999,0.0,956.31,0.0,0.0,0.0,0.0,10750.03,0.0,0.0,0.00,2509.66,6411.29,0.00,5167.03,7813.66
CZ04/DMo&0&rDXGF&Ex&Fenes__ManufWin/Msr-0.28-0.23/instance-out.sql,36743.54,6411.29,2509.66,3135.57,0.0,12980.689999999999,0.0,956.31,0.0,0.0,0.0,0.0,10750.03,0.0,0.0,0.00,2509.66,6411.29,0.00,5167.03,7813.66
CZ04/DMo&0&rDXHP&Ex&Fenes__ManufWin/Default/instance-out.sql,33754.09,3545.44,2508.85,3135.57,0.0,12980.689999999999,0.0,831.76,0.0,0.0,0.0,0.0,10751.79,0.0,0.0,3545.44,2508.85,0.00,0.00,5167.03,7813.66
CZ04/DMo&0&rDXHP&Ex&Fenes__ManufWin/Base1.23/instance-out.sql,33754.09,3545.44,2508.85,3135.57,0.0,12980.689999999999,0.0,831.76,0.0,0.0,0.0,0.0,10751.79,0.0,0.0,3545.44,2508.85,0.00,0.00,5167.03,7813.66
CZ04/DMo&0&rDXHP&Ex&Fenes__ManufWin/Msr-0.25-0.40/instance-out.sql,33754.09,3545.44,2508.85,3135.57,0.0,12980.689999999999,0.0,831.76,0.0,0.0,0.0,0.0,10751.79,0.0,0.0,3545.44,2508.85,0.00,0.00,5167.03,7813.66
CZ04/DMo&0&rDXHP&Ex&Fenes__ManufWin/Msr-0.28-0.23/instance-out.sql,33754.09,3545.44,2508.85,3135.57,0.0,12980.689999999999,0.0,831.76,0.0,0.0,0.0,0.0,10751.79,0.0,0.0,3545.44,2508.85,0.00,0.00,5167.03,7813.66
CZ04/DMo&0&rDXGF&New&Fenes__ManufWin/Default/instance-out.sql,31315.870000000003,2230.04,1920.44,3135.57,0.0,12980.689999999999,0.0,297.26,0.0,0.0,0.0,0.0,10751.88,0.0,0.0,0.00,1920.44,2230.04,0.00,5167.03,7813.66
CZ04/DMo&0&rDXGF&New&Fenes__ManufWin/Base-0.5-0.6/instance-out.sql,31708.95,2699.08,1842.97,3135.57,0.0,12980.689999999999,0.0,299.73,0.0,0.0,0.0,0.0,10750.91,0.0,0.0,0.00,1842.97,2699.08,0.00,5167.03,7813.66
CZ04/DMo&0&rDXGF&New&Fenes__ManufWin/Msr-0.25-0.40/instance-out.sql,31045.879999999997,1896.78,1984.5,3135.57,0.0,12980.689999999999,0.0,295.66,0.0,0.0,0.0,0.0,10752.68,0.0,0.0,0.00,1984.50,1896.78,0.00,5167.03,7813.66
CZ04/DMo&0&rDXGF&New&Fenes__ManufWin/Msr-0.28-0.23/instance-out.sql,31127.57,1998.89,1963.76,3135.57,0.0,12980.689999999999,0.0,296.11,0.0,0.0,0.0,0.0,10752.55,0.0,0.0,0.00,1963.76,1998.89,0.00,5167.03,7813.66
CZ04/DMo&0&rDXHP&New&Fenes__ManufWin/Default/instance-out.sql,30987.980000000003,1926.29,1920.01,3135.57,0.0,12980.689999999999,0.0,272.34,0.0,0.0,0.0,0.0,10753.09,0.0,0.0,1926.29,1920.01,0.00,0.00,5167.03,7813.66
CZ04/DMo&0&rDXHP&New&Fenes__ManufWin/Base-0.5-0.6/instance-out.sql,31157.409999999996,2170.33,1842.78,3135.57,0.0,12980.689999999999,0.0,276.51,0.0,0.0,0.0,0.0,10751.53,0.0,0.0,2170.33,1842.78,0.00,0.00,5167.03,7813.66
CZ04/DMo&0&rDXHP&New&Fenes__ManufWin/Msr-0.25-0.40/instance-out.sql,30871.43,1746.71,1984.25,3135.57,0.0,12980.689999999999,0.0,270.3,0.0,0.0,0.0,0.0,10753.92,0.0,0.0,1746.71,1984.25,0.00,0.00,5167.03,7813.66
CZ04/DMo&0&rDXHP&New&Fenes__ManufWin/Msr-0.28-0.23/instance-out.sql,30906.63,1802.36,1963.43,3135.57,0.0,12980.689999999999,0.0,270.81,0.0,0.0,0.0,0.0,10753.77,0.0,0.0,1802.36,1963.43,0.00,0.00,5167.03,7813.66
CZ05/DMo&0&rDXGF&Ex&Fenes__ManufWin/Default/instance-out.sql,37932.479999999996,7245.54,2617.49,3135.57,0.0,12980.689999999999,0.0,1166.97,0.0,0.0,0.0,0.0,10786.23,0.0,0.0,0.00,2617.49,7245.54,0.00,5167.03,7813.66
CZ05/DMo&0&rDXGF&Ex&Fenes__ManufWin/Base1.23/instance-out.sql,37932.479999999996,7245.54,2617.49,3135.57,0.0,12980.689999999999,0.0,1166.97,0.0,0.0,0.0,0.0,10786.23,0.0,0.0,0.00,2617.49,7245.54,0.00,5167.03,7813.66
CZ05/DMo&0&rDXGF&Ex&Fenes__ManufWin/Msr-0.25-0.40/instance-out.sql,37932.479999999996,7245.54,2617.49,3135.57,0.0,12980.689999999999,0.0,1166.97,0.0,0.0,0.0,0.0,10786.23,0.0,0.0,0.00,2617.49,7245.54,0.00,5167.03,7813.66
CZ05/DMo&0&rDXGF&Ex&Fenes__ManufWin/Msr-0.28-0.23/instance-out.sql,37932.479999999996,7245.54,2617.49,3135.57,0.0,12980.689999999999,0.0,1166.97,0.0,0.0,0.0,0.0,10786.23,0.0,0.0,0.00,2617.49,7245.54,0.00,5167.03,7813.66
CZ05/DMo&0&rDXHP&Ex&Fenes__ManufWin/Default/instance-out.sql,35121.78,4526.8,2616.64,3135.57,0.0,12980.689999999999,0.0,1074.55,0.0,0.0,0.0,0.0,10787.53,0.0,0.0,4526.80,2616.64,0.00,0.00,5167.03,7813.66
CZ05/DMo&0&rDXHP&Ex&Fenes__ManufWin/Base1.23/instance-out.sql,35121.78,4526.8,2616.64,3135.57,0.0,12980.689999999999,0.0,1074.55,0.0,0.0,0.0,0.0,10787.53,0.0,0.0,4526.80,2616.64,0.00,0.00,5167.03,7813.66
CZ05/DMo&0&rDXHP&Ex&Fenes__ManufWin/Msr-0.25-0.40/instance-out.sql,35121.78,4526.8,2616.64,3135.57,0.0,12980.689999999999,0.0,1074.55,0.0,0.0,0.0,0.0,10787.53,0.0,0.0,4526.80,2616.64,0.00,0.00,5167.03,7813.66
CZ05/DMo&0&rDXHP&Ex&Fenes__ManufWin/Msr-0.28-0.23/instance-out.sql,35121.78,4526.8,2616.64,3135.57,0.0,12980.689999999999,0.0,1074.55,0.0,0.0,0.0,0.0,10787.53,0.0,0.0,4526.80,2616.64,0.00,0.00,5167.03,7813.66
CZ05/DMo&0&rDXGF&New&Fenes__ManufWin/Default/instance-out.sql,31502.04,2479.92,1794.55,3135.57,0.0,12980.689999999999,0.0,322.76,0.0,0.0,0.0,0.0,10788.56,0.0,0.0,0.00,1794.55,2479.92,0.00,5167.03,7813.66
CZ05/DMo&0&rDXGF&New&Fenes__ManufWin/Base-0.5-0.6/instance-out.sql,31912.82,2971.63,1713.48,3135.57,0.0,12980.689999999999,0.0,323.54,0.0,0.0,0.0,0.0,10787.91,0.0,0.0,0.00,1713.48,2971.63,0.00,5167.03,7813.66
CZ05/DMo&0&rDXGF&New&Fenes__ManufWin/Msr-0.25-0.40/instance-out.sql,31219.78,2128.89,1862.08,3135.57,0.0,12980.689999999999,0.0,322.74,0.0,0.0,0.0,0.0,10789.81,0.0,0.0,0.00,1862.08,2128.89,0.00,5167.03,7813.66
CZ05/DMo&0&rDXGF&New&Fenes__ManufWin/Msr-0.28-0.23/instance-out.sql,31306.14,2236.81,1840.65,3135.57,0.0,12980.689999999999,0.0,322.75,0.0,0.0,0.0,0.0,10789.68,0.0,0.0,0.00,1840.65,2236.81,0.00,5167.03,7813.66
CZ05/DMo&0&rDXHP&New&Fenes__ManufWin/Default/instance-out.sql,31541.25,2527.91,1794.37,3135.57,0.0,12980.689999999999,0.0,313.14,0.0,0.0,0.0,0.0,10789.57,0.0,0.0,2527.91,1794.37,0.00,0.00,5167.03,7813.66
CZ05/DMo&0&rDXHP&New&Fenes__ManufWin/Base-0.5-0.6/instance-out.sql,31769.73,2833.76,1713.3,3135.57,0.0,12980.689999999999,0.0,318.36,0.0,0.0,0.0,0.0,10788.05,0.0,0.0,2833.76,1713.30,0.00,0.00,5167.03,7813.66
CZ05/DMo&0&rDXHP&New&Fenes__ManufWin/Msr-0.25-0.40/instance-out.sql,31377.519999999997,2298.79,1861.69,3135.57,0.0,12980.689999999999,0.0,310.39,0.0,0.0,0.0,0.0,10790.39,0.0,0.0,2298.79,1861.69,0.00,0.00,5167.03,7813.66
CZ05/DMo&0&rDXHP&New&Fenes__ManufWin/Msr-0.28-0.23/instance-out.sql,31428.13,2370.25,1840.29,3135.57,0.0,12980.689999999999,0.0,311.18,0.0,0.0,0.0,0.0,10790.15,0.0,0.0,2370.25,1840.29,0.00,0.00,5167.03,7813.66
CZ06/DMo&0&rDXGF&Ex&Fenes__ManufWin/Default/instance-out.sql,36011.58,3654.15,4070.32,3135.57,0.0,12980.689999999999,0.0,1446.3,0.0,0.0,0.0,0.0,10724.56,0.0,0.0,0.00,4070.32,3654.15,0.00,5167.03,7813.66
CZ06/DMo&0&rDXGF&Ex&Fenes__ManufWin/Base1.23/instance-out.sql,36011.58,3654.15,4070.32,3135.57,0.0,12980.689999999999,0.0,1446.3,0.0,0.0,0.0,0.0,10724.56,0.0,0.0,0.00,4070.32,3654.15,0.00,5167.03,7813.66
CZ06/DMo&0&rDXGF&Ex&Fenes__ManufWin/Msr-0.25-0.40/instance-out.sql,36011.58,3654.15,4070.32,3135.57,0.0,12980.689999999999,0.0,1446.3,0.0,0.0,0.0,0.0,10724.56,0.0,0.0,0.00,4070.32,3654.15,0.00,5167.03,7813.66
CZ06/DMo&0&rDXGF&Ex&Fenes__ManufWin/Msr-0.28-0.23/instance-out.sql,36011.58,3654.15,4070.32,3135.57,0.0,12980.689999999999,0.0,1446.3,0.0,0.0,0.0,0.0,10724.56,0.0,0.0,0.00,4070.32,3654.15,0.00,5167.03,7813.66
CZ06/DMo&0&rDXHP&Ex&Fenes__ManufWin/Default/instance-out.sql,33493.65,1393.09,4068.31,3135.57,0.0,12980.689999999999,0.0,1188.75,0.0,0.0,0.0,0.0,10727.24,0.0,0.0,1393.09,4068.31,0.00,0.00,5167.03,7813.66
CZ06/DMo&0&rDXHP&Ex&Fenes__ManufWin/Base1.23/instance-out.sql,33493.65,1393.09,4068.31,3135.57,0.0,12980.689999999999,0.0,1188.75,0.0,0.0,0.0,0.0,10727.24,0.0,0.0,1393.09,4068.31,0.00,0.00,5167.03,7813.66
CZ06/DMo&0&rDXHP&Ex&Fenes__ManufWin/Msr-0.25-0.40/instance-out.sql,33493.65,1393.09,4068.31,3135.57,0.0,12980.689999999999,0.0,1188.75,0.0,0.0,0.0,0.0,10727.24,0.0,0.0,1393.09,4068.31,0.00,0.00,5167.03,7813.66
CZ06/DMo&0&rDXHP&Ex&Fenes__ManufWin/Msr-0.28-0.23/instance-out.sql,33493.65,1393.09,4068.31,3135.57,0.0,12980.689999999999,0.0,1188.75,0.0,0.0,0.0,0.0,10727.24,0.0,0.0,1393.09,4068.31,0.00,0.00,5167.03,7813.66
CZ06/DMo&0&rDXGF&New&Fenes__ManufWin/Default/instance-out.sql,32036.760000000002,1157.67,3505.16,3135.57,0.0,12980.689999999999,0.0,537.61,0.0,0.0,0.0,0.0,10720.06,0.0,0.0,0.00,3505.16,1157.67,0.00,5167.03,7813.66
CZ06/DMo&0&rDXGF&New&Fenes__ManufWin/Base-0.5-0.6/instance-out.sql,32060.04,1395.29,3307.88,3135.57,0.0,12980.689999999999,0.0,521.75,0.0,0.0,0.0,0.0,10718.85,0.0,0.0,0.00,3307.88,1395.29,0.00,5167.03,7813.66
CZ06/DMo&0&rDXGF&New&Fenes__ManufWin/Msr-0.25-0.40/instance-out.sql,32046.35,992.03,3665.83,3135.57,0.0,12980.689999999999,0.0,551.24,0.0,0.0,0.0,0.0,10720.99,0.0,0.0,0.00,3665.83,992.03,0.00,5167.03,7813.66
CZ06/DMo&0&rDXGF&New&Fenes__ManufWin/Msr-0.28-0.23/instance-out.sql,32044.620000000003,1043.55,3616.83,3135.57,0.0,12980.689999999999,0.0,547.1,0.0,0.0,0.0,0.0,10720.87,0.0,0.0,0.00,3616.83,1043.55,0.00,5167.03,7813.66
CZ06/DMo&0&rDXHP&New&Fenes__ManufWin/Default/instance-out.sql,31264.050000000003,460.76,3499.57,3135.57,0.0,12980.689999999999,0.0,465.59,0.0,0.0,0.0,0.0,10721.86,0.0,0.0,460.76,3499.57,0.00,0.00,5167.03,7813.66
CZ06/DMo&0&rDXHP&New&Fenes__ManufWin/Base-0.5-0.6/instance-out.sql,31131.800000000003,545.54,3302.69,3135.57,0.0,12980.689999999999,0.0,446.54,0.0,0.0,0.0,0.0,10720.77,0.0,0.0,545.54,3302.69,0.00,0.00,5167.03,7813.66
CZ06/DMo&0&rDXHP&New&Fenes__ManufWin/Msr-0.25-0.40/instance-out.sql,31383.309999999998,402.11,3659.86,3135.57,0.0,12980.689999999999,0.0,481.96,0.0,0.0,0.0,0.0,10723.12,0.0,0.0,402.11,3659.86,0.00,0.00,5167.03,7813.66
CZ06/DMo&0&rDXHP&New&Fenes__ManufWin/Msr-0.28-0.23/instance-out.sql,31347.71,420.25,3610.96,3135.57,0.0,12980.689999999999,0.0,477.01,0.0,0.0,0.0,0.0,10723.23,0.0,0.0,420.25,3610.96,0.00,0.00,5167.03,7813.66
CZ07/DMo&0&rDXGF&Ex&Fenes__ManufWin/Default/instance-out.sql,34552.44,3025.19,3391.17,3135.57,0.0,12980.689999999999,0.0,1311.92,0.0,0.0,0.0,0.0,10707.9,0.0,0.0,0.00,3391.17,3025.19,0.00,5167.03,7813.66
CZ07/DMo&0&rDXGF&Ex&Fenes__ManufWin/Base1.23/instance-out.sql,34552.44,3025.19,3391.17,3135.57,0.0,12980.689999999999,0.0,1311.92,0.0,0.0,0.0,0.0,10707.9,0.0,0.0,0.00,3391.17,3025.19,0.00,5167.03,7813.66
CZ07/DMo&0&rDXGF&Ex&Fenes__ManufWin/Msr-0.25-0.40/instance-out.sql,34552.44,3025.19,3391.17,3135.57,0.0,12980.689999999999,0.0,1311.92,0.0,0.0,0.0,0.0,10707.9,0.0,0.0,0.00,3391.17,3025.19,0.00,5167.03,7813.66
CZ07/DMo&0&rDXGF&Ex&Fenes__ManufWin/Msr-0.28-0.23/instance-out.sql,34552.44,3025.19,3391.17,3135.57,0.0,12980.689999999999,0.0,1311.92,0.0,0.0,0.0,0.0,10707.9,0.0,0.0,0.00,3391.17,3025.19,0.00,5167.03,7813.66
CZ07/DMo&0&rDXHP&Ex&Fenes__ManufWin/Default/instance-out.sql,32435.85,1247.17,3389.02,3135.57,0.0,12980.689999999999,0.0,972.04,0.0,0.0,0.0,0.0,10711.35,0.0,0.0,1247.17,3389.02,0.00,0.00,5167.03,7813.66
CZ07/DMo&0&rDXHP&Ex&Fenes__ManufWin/Base1.23/instance-out.sql,32435.85,1247.17,3389.02,3135.57,0.0,12980.689999999999,0.0,972.04,0.0,0.0,0.0,0.0,10711.35,0.0,0.0,1247.17,3389.02,0.00,0.00,5167.03,7813.66
CZ07/DMo&0&rDXHP&Ex&Fenes__ManufWin/Msr-0.25-0.40/instance-out.sql,32435.85,1247.17,3389.02,3135.57,0.0,12980.689999999999,0.0,972.04,0.0,0.0,0.0,0.0,10711.35,0.0,0.0,1247.17,3389.02,0.00,0.00,5167.03,7813.66
CZ07/DMo&0&rDXHP&Ex&Fenes__ManufWin/Msr-0.28-0.23/instance-out.sql,32435.85,1247.17,3389.02,3135.57,0.0,12980.689999999999,0.0,972.04,0.0,0.0,0.0,0.0,10711.35,0.0,0.0,1247.17,3389.02,0.00,0.00,5167.03,7813.66
CZ07/DMo&0&rDXGF&New&Fenes__ManufWin/Default/instance-out.sql,31419.83,1056.7,3036.54,3135.57,0.0,12980.689999999999,0.0,504.03,0.0,0.0,0.0,0.0,10706.3,0.0,0.0,0.00,3036.54,1056.70,0.00,5167.03,7813.66
CZ07/DMo&0&rDXGF&New&Fenes__ManufWin/Base-0.5-0.6/instance-out.sql,31457.16,1265.1,2875.29,3135.57,0.0,12980.689999999999,0.0,495.58,0.0,0.0,0.0,0.0,10704.91,0.0,0.0,0.00,2875.29,1265.10,0.00,5167.03,7813.66
CZ07/DMo&0&rDXGF&New&Fenes__ManufWin/Msr-0.25-0.40/instance-out.sql,31380.93,899.55,3150.16,3135.57,0.0,12980.689999999999,0.0,507.83,0.0,0.0,0.0,0.0,10707.13,0.0,0.0,0.00,3150.16,899.55,0.00,5167.03,7813.66
CZ07/DMo&0&rDXGF&New&Fenes__ManufWin/Msr-0.28-0.23/instance-out.sql,31382.65,945.52,3108.58,3135.57,0.0,12980.689999999999,0.0,505.25,0.0,0.0,0.0,0.0,10707.04,0.0,0.0,0.00,3108.58,945.52,0.00,5167.03,7813.66
CZ07/DMo&0&rDXHP&New&Fenes__ManufWin/Default/instance-out.sql,30696.770000000004,440.2,3029.98,3135.57,0.0,12980.689999999999,0.0,401.09,0.0,0.0,0.0,0.0,10709.24,0.0,0.0,440.20,3029.98,0.00,0.00,5167.03,7813.66
CZ07/DMo&0&rDXHP&New&Fenes__ManufWin/Base-0.5-0.6/instance-out.sql,30595.5,515.46,2869.3,3135.57,0.0,12980.689999999999,0.0,386.25,0.0,0.0,0.0,0.0,10708.24,0.0,0.0,515.46,2869.30,0.00,0.00,5167.03,7813.66
CZ07/DMo&0&rDXHP&New&Fenes__ManufWin/Msr-0.25-0.40/instance-out.sql,30764.96,384.17,3143.61,3135.57,0.0,12980.689999999999,0.0,411.23,0.0,0.0,0.0,0.0,10709.7,0.0,0.0,384.17,3143.61,0.00,0.00,5167.03,7813.66
CZ07/DMo&0&rDXHP&New&Fenes__ManufWin/Msr-0.28-0.23/instance-out.sql,30735.15,400.34,3102.1,3135.57,0.0,12980.689999999999,0.0,407.14,0.0,0.0,0.0,0.0,10709.31,0.0,0.0,400.34,3102.10,0.00,0.00,5167.03,7813.66
CZ08/DMo&0&rDXGF&Ex&Fenes__ManufWin/Default/instance-out.sql,35388.33,2939.07,4293.58,3135.57,0.0,12980.689999999999,0.0,1328.65,0.0,0.0,0.0,0.0,10710.77,0.0,0.0,0.00,4293.58,2939.07,0.00,5167.03,7813.66
CZ08/DMo&0&rDXGF&Ex&Fenes__ManufWin/Base1.23/instance-out.sql,35388.33,2939.07,4293.58,3135.57,0.0,12980.689999999999,0.0,1328.65,0.0,0.0,0.0,0.0,10710.77,0.0,0.0,0.00,4293.58,2939.07,0.00,5167.03,7813.66
CZ08/DMo&0&rDXGF&Ex&Fenes__ManufWin/Msr-0.25-0.40/instance-out.sql,35388.33,2939.07,4293.58,3135.57,0.0,12980.689999999999,0.0,1328.65,0.0,0.0,0.0,0.0,10710.77,0.0,0.0,0.00,4293.58,2939.07,0.00,5167.03,7813.66
CZ08/DMo&0&rDXGF&Ex&Fenes__ManufWin/Msr-0.28-0.23/instance-out.sql,35388.33,2939.07,4293.58,3135.57,0.0,12980.689999999999,0.0,1328.65,0.0,0.0,0.0,0.0,10710.77,0.0,0.0,0.00,4293.58,2939.07,0.00,5167.03,7813.66
CZ08/DMo&0&rDXHP&Ex&Fenes__ManufWin/Default/instance-out.sql,33487.62,1288.73,4291.63,3135.57,0.0,12980.689999999999,0.0,1076.94,0.0,0.0,0.0,0.0,10714.06,0.0,0.0,1288.73,4291.63,0.00,0.00,5167.03,7813.66
CZ08/DMo&0&rDXHP&Ex&Fenes__ManufWin/Base1.23/instance-out.sql,33487.62,1288.73,4291.63,3135.57,0.0,12980.689999999999,0.0,1076.94,0.0,0.0,0.0,0.0,10714.06,0.0,0.0,1288.73,4291.63,0.00,0.00,5167.03,7813.66
CZ08/DMo&0&rDXHP&Ex&Fenes__ManufWin/Msr-0.25-0.40/instance-out.sql,33487.62,1288.73,4291.63,3135.57,0.0,12980.689999999999,0.0,1076.94,0.0,0.0,0.0,0.0,10714.06,0.0,0.0,1288.73,4291.63,0.00,0.00,5167.03,7813.66
CZ08/DMo&0&rDXHP&Ex&Fenes__ManufWin/Msr-0.28-0.23/instance-out.sql,33487.62,1288.73,4291.63,3135.57,0.0,12980.689999999999,0.0,1076.94,0.0,0.0,0.0,0.0,10714.06,0.0,0.0,1288.73,4291.63,0.00,0.00,5167.03,7813.66
CZ08/DMo&0&rDXGF&New&Fenes__ManufWin/Default/instance-out.sql,31886.07,1140.01,3434.99,3135.57,0.0,12980.689999999999,0.0,490.8,0.0,0.0,0.0,0.0,10704.01,0.0,0.0,0.00,3434.99,1140.01,0.00,5167.03,7813.66
CZ08/DMo&0&rDXGF&New&Fenes__ManufWin/Base-0.5-0.6/instance-out.sql,31977.84,1379.13,3294.16,3135.57,0.0,12980.689999999999,0.0,485.45,0.0,0.0,0.0,0.0,10702.84,0.0,0.0,0.00,3294.16,1379.13,0.00,5167.03,7813.66
CZ08/DMo&0&rDXGF&New&Fenes__ManufWin/Msr-0.25-0.40/instance-out.sql,31819.620000000003,963.19,3543.01,3135.57,0.0,12980.689999999999,0.0,492.51,0.0,0.0,0.0,0.0,10704.65,0.0,0.0,0.00,3543.01,963.19,0.00,5167.03,7813.66
CZ08/DMo&0&rDXGF&New&Fenes__ManufWin/Msr-0.28-0.23/instance-out.sql,31846.4,1018.95,3512.77,3135.57,0.0,12980.689999999999,0.0,493.69,0.0,0.0,0.0,0.0,10704.74,0.0,0.0,0.00,3512.77,1018.95,0.00,5167.03,7813.66
CZ08/DMo&0&rDXHP&New&Fenes__ManufWin/Default/instance-out.sql,31260.18,584.88,3432.39,3135.57,0.0,12980.689999999999,0.0,420.33,0.0,0.0,0.0,0.0,10706.32,0.0,0.0,584.88,3432.39,0.00,0.00,5167.03,7813.66
CZ08/DMo&0&rDXHP&New&Fenes__ManufWin/Base-0.5-0.6/instance-out.sql,31194.37,672.2,3291.18,3135.57,0.0,12980.689999999999,0.0,409.59,0.0,0.0,0.0,0.0,10705.14,0.0,0.0,672.20,3291.18,0.00,0.00,5167.03,7813.66
CZ08/DMo&0&rDXHP&New&Fenes__ManufWin/Msr-0.25-0.40/instance-out.sql,31311.129999999997,520.29,3540.23,3135.57,0.0,12980.689999999999,0.0,427.35,0.0,0.0,0.0,0.0,10707.0,0.0,0.0,520.29,3540.23,0.00,0.00,5167.03,7813.66
CZ08/DMo&0&rDXHP&New&Fenes__ManufWin/Msr-0.28-0.23/instance-out.sql,31301.329999999998,541.11,3510.5,3135.57,0.0,12980.689999999999,0.0,426.6,0.0,0.0,0.0,0.0,10706.87,0.0,0.0,541.11,3510.50,0.00,0.00,5167.03,7813.66
CZ09/DMo&0&rDXGF&Ex&Fenes__ManufWin/Default/instance-out.sql,38735.08,4093.43,6096.18,3135.57,0.0,12980.689999999999,0.0,1729.26,0.0,0.0,0.0,0.0,10699.95,0.0,0.0,0.00,6096.18,4093.43,0.00,5167.03,7813.66
CZ09/DMo&0&rDXGF&Ex&Fenes__ManufWin/Base1.23/instance-out.sql,38735.08,4093.43,6096.18,3135.57,0.0,12980.689999999999,0.0,1729.26,0.0,0.0,0.0,0.0,10699.95,0.0,0.0,0.00,6096.18,4093.43,0.00,5167.03,7813.66
CZ09/DMo&0&rDXGF&Ex&Fenes__ManufWin/Msr-0.25-0.40/instance-out.sql,38735.08,4093.43,6096.18,3135.57,0.0,12980.689999999999,0.0,1729.26,0.0,0.0,0.0,0.0,10699.95,0.0,0.0,0.00,6096.18,4093.43,0.00,5167.03,7813.66
CZ09/DMo&0&rDXGF&Ex&Fenes__ManufWin/Msr-0.28-0.23/instance-out.sql,38735.08,4093.43,6096.18,3135.57,0.0,12980.689999999999,0.0,1729.26,0.0,0.0,0.0,0.0,10699.95,0.0,0.0,0.00,6096.18,4093.43,0.00,5167.03,7813.66
CZ09/DMo&0&rDXHP&Ex&Fenes__ManufWin/Default/instance-out.sql,35992.46,1508.62,6092.63,3135.57,0.0,12980.689999999999,0.0,1572.7,0.0,0.0,0.0,0.0,10702.25,0.0,0.0,1508.62,6092.63,0.00,0.00,5167.03,7813.66
CZ09/DMo&0&rDXHP&Ex&Fenes__ManufWin/Base1.23/instance-out.sql,35992.46,1508.62,6092.63,3135.57,0.0,12980.689999999999,0.0,1572.7,0.0,0.0,0.0,0.0,10702.25,0.0,0.0,1508.62,6092.63,0.00,0.00,5167.03,7813.66
CZ09/DMo&0&rDXHP&Ex&Fenes__ManufWin/Msr-0.25-0.40/instance-out.sql,35992.46,1508.62,6092.63,3135.57,0.0,12980.689999999999,0.0,1572.7,0.0,0.0,0.0,0.0,10702.25,0.0,0.0,1508.62,6092.63,0.00,0.00,5167.03,7813.66
CZ09/DMo&0&rDXHP&Ex&Fenes__ManufWin/Msr-0.28-0.23/instance-out.sql,35992.46,1508.62,6092.63,3135.57,0.0,12980.689999999999,0.0,1572.7,0.0,0.0,0.0,0.0,10702.25,0.0,0.0,1508.62,6092.63,0.00,0.00,5167.03,7813.66
CZ09/DMo&0&rDXGF&New&Fenes__ManufWin/Default/instance-out.sql,33457.33,947.23,5050.74,3135.57,0.0,12980.689999999999,0.0,653.55,0.0,0.0,0.0,0.0,10689.55,0.0,0.0,0.00,5050.74,947.23,0.00,5167.03,7813.66
CZ09/DMo&0&rDXGF&New&Fenes__ManufWin/Base-0.5-0.6/instance-out.sql,33487.26,1151.09,4890.1,3135.57,0.0,12980.689999999999,0.0,641.32,0.0,0.0,0.0,0.0,10688.48,0.0,0.0,0.00,4890.10,1151.09,0.00,5167.03,7813.66
CZ09/DMo&0&rDXGF&New&Fenes__ManufWin/Msr-0.25-0.40/instance-out.sql,33455.22,801.76,5182.64,3135.57,0.0,12980.689999999999,0.0,664.05,0.0,0.0,0.0,0.0,10690.5,0.0,0.0,0.00,5182.64,801.76,0.00,5167.03,7813.66
CZ09/DMo&0&rDXGF&New&Fenes__ManufWin/Msr-0.28-0.23/instance-out.sql,33453.2,846.25,5139.86,3135.57,0.0,12980.689999999999,0.0,660.58,0.0,0.0,0.0,0.0,10690.24,0.0,0.0,0.00,5139.86,846.25,0.00,5167.03,7813.66
CZ09/DMo&0&rDXHP&New&Fenes__ManufWin/Default/instance-out.sql,32968.65,484.54,5048.18,3135.57,0.0,12980.689999999999,0.0,629.36,0.0,0.0,0.0,0.0,10690.31,0.0,0.0,484.54,5048.18,0.00,0.00,5167.03,7813.66
CZ09/DMo&0&rDXHP&New&Fenes__ManufWin/Base-0.5-0.6/instance-out.sql,32869.28,560.89,4887.91,3135.57,0.0,12980.689999999999,0.0,614.9,0.0,0.0,0.0,0.0,10689.32,0.0,0.0,560.89,4887.91,0.00,0.00,5167.03,7813.66
CZ09/DMo&0&rDXHP&New&Fenes__ManufWin/Msr-0.25-0.40/instance-out.sql,33060.35,430.65,5180.21,3135.57,0.0,12980.689999999999,0.0,641.91,0.0,0.0,0.0,0.0,10691.32,0.0,0.0,430.65,5180.21,0.00,0.00,5167.03,7813.66
CZ09/DMo&0&rDXHP&New&Fenes__ManufWin/Msr-0.28-0.23/instance-out.sql,33029.92,447.28,5137.36,3135.57,0.0,12980.689999999999,0.0,637.8,0.0,0.0,0.0,0.0,10691.22,0.0,0.0,447.28,5137.36,0.00,0.00,5167.03,7813.66
CZ10/DMo&0&rDXGF&Ex&Fenes__ManufWin/Default/instance-out.sql,43243.78,9075.87,5729.85,3135.57,0.0,12980.689999999999,0.0,1626.2,0.0,0.0,0.0,0.0,10695.6,0.0,0.0,0.00,5729.85,9075.87,0.00,5167.03,7813.66
CZ10/DMo&0&rDXGF&Ex&Fenes__ManufWin/Base1.23/instance-out.sql,43243.78,9075.87,5729.85,3135.57,0.0,12980.689999999999,0.0,1626.2,0.0,0.0,0.0,0.0,10695.6,0.0,0.0,0.00,5729.85,9075.87,0.00,5167.03,7813.66
CZ10/DMo&0&rDXGF&Ex&Fenes__ManufWin/Msr-0.25-0.40/instance-out.sql,43243.78,9075.87,5729.85,3135.57,0.0,12980.689999999999,0.0,1626.2,0.0,0.0,0.0,0.0,10695.6,0.0,0.0,0.00,5729.85,9075.87,0.00,5167.03,7813.66
CZ10/DMo&0&rDXGF&Ex&Fenes__ManufWin/Msr-0.28-0.23/instance-out.sql,43243.78,9075.87,5729.85,3135.57,0.0,12980.689999999999,0.0,1626.2,0.0,0.0,0.0,0.0,10695.6,0.0,0.0,0.00,5729.85,9075.87,0.00,5167.03,7813.66
CZ10/DMo&0&rDXHP&Ex&Fenes__ManufWin/Default/instance-out.sql,39042.399999999994,5031.84,5728.31,3135.57,0.0,12980.689999999999,0.0,1467.79,0.0,0.0,0.0,0.0,10698.21,0.0,0.0,5031.84,5728.31,0.00,0.00,5167.03,7813.66
CZ10/DMo&0&rDXHP&Ex&Fenes__ManufWin/Base1.23/instance-out.sql,39042.399999999994,5031.84,5728.31,3135.57,0.0,12980.689999999999,0.0,1467.79,0.0,0.0,0.0,0.0,10698.21,0.0,0.0,5031.84,5728.31,0.00,0.00,5167.03,7813.66
CZ10/DMo&0&rDXHP&Ex&Fenes__ManufWin/Msr-0.25-0.40/instance-out.sql,39042.399999999994,5031.84,5728.31,3135.57,0.0,12980.689999999999,0.0,1467.79,0.0,0.0,0.0,0.0,10698.21,0.0,0.0,5031.84,5728.31,0.00,0.00,5167.03,7813.66
CZ10/DMo&0&rDXHP&Ex&Fenes__ManufWin/Msr-0.28-0.23/instance-out.sql,39042.399999999994,5031.84,5728.31,3135.57,0.0,12980.689999999999,0.0,1467.79,0.0,0.0,0.0,0.0,10698.21,0.0,0.0,5031.84,5728.31,0.00,0.00,5167.03,7813.66
CZ10/DMo&0&rDXGF&New&Fenes__ManufWin/Default/instance-out.sql,34861.78,3321.15,4212.95,3135.57,0.0,12980.689999999999,0.0,518.42,0.0,0.0,0.0,0.0,10693.0,0.0,0.0,0.00,4212.95,3321.15,0.00,5167.03,7813.66
CZ10/DMo&0&rDXGF&New&Fenes__ManufWin/Base-0.5-0.6/instance-out.sql,35386.270000000004,3912.98,4141.47,3135.57,0.0,12980.689999999999,0.0,523.91,0.0,0.0,0.0,0.0,10691.65,0.0,0.0,0.00,4141.47,3912.98,0.00,5167.03,7813.66
CZ10/DMo&0&rDXGF&New&Fenes__ManufWin/Msr-0.25-0.40/instance-out.sql,34506.66,2906.02,4275.08,3135.57,0.0,12980.689999999999,0.0,515.19,0.0,0.0,0.0,0.0,10694.11,0.0,0.0,0.00,4275.08,2906.02,0.00,5167.03,7813.66
CZ10/DMo&0&rDXGF&New&Fenes__ManufWin/Msr-0.28-0.23/instance-out.sql,34613.880000000005,3033.3,4254.82,3135.57,0.0,12980.689999999999,0.0,516.12,0.0,0.0,0.0,0.0,10693.38,0.0,0.0,0.00,4254.82,3033.30,0.00,5167.03,7813.66
CZ10/DMo&0&rDXHP&New&Fenes__ManufWin/Default/instance-out.sql,34218.2,2703.59,4212.66,3135.57,0.0,12980.689999999999,0.0,491.76,0.0,0.0,0.0,0.0,10693.93,0.0,0.0,2703.59,4212.66,0.00,0.00,5167.03,7813.66
CZ10/DMo&0&rDXHP&New&Fenes__ManufWin/Base-0.5-0.6/instance-out.sql,34475.61,3026.59,4141.11,3135.57,0.0,12980.689999999999,0.0,499.4,0.0,0.0,0.0,0.0,10692.25,0.0,0.0,3026.59,4141.11,0.00,0.00,5167.03,7813.66
CZ10/DMo&0&rDXHP&New&Fenes__ManufWin/Msr-0.25-0.40/instance-out.sql,34040.57,2467.13,4274.63,3135.57,0.0,12980.689999999999,0.0,487.31,0.0,0.0,0.0,0.0,10695.23,0.0,0.0,2467.13,4274.63,0.00,0.00,5167.03,7813.66
CZ10/DMo&0&rDXHP&New&Fenes__ManufWin/Msr-0.28-0.23/instance-out.sql,34094.47,2540.14,4254.44,3135.57,0.0,12980.689999999999,0.0,488.56,0.0,0.0,0.0,0.0,10695.07,0.0,0.0,2540.14,4254.44,0.00,0.00,5167.03,7813.66
CZ11/DMo&0&rDXGF&Ex&Fenes__ManufWin/Default/instance-out.sql,50909.21000000001,14390.25,7384.69,3135.57,0.0,12980.689999999999,0.0,2277.62,0.0,0.0,0.0,0.0,10740.39,0.0,0.0,0.00,7384.69,14390.25,0.00,5167.03,7813.66
CZ11/DMo&0&rDXGF&Ex&Fenes__ManufWin/Base1.23/instance-out.sql,50909.21000000001,14390.25,7384.69,3135.57,0.0,12980.689999999999,0.0,2277.62,0.0,0.0,0.0,0.0,10740.39,0.0,0.0,0.00,7384.69,14390.25,0.00,5167.03,7813.66
CZ11/DMo&0&rDXGF&Ex&Fenes__ManufWin/Msr-0.25-0.40/instance-out.sql,50909.21000000001,14390.25,7384.69,3135.57,0.0,12980.689999999999,0.0,2277.62,0.0,0.0,0.0,0.0,10740.39,0.0,0.0,0.00,7384.69,14390.25,0.00,5167.03,7813.66
CZ11/DMo&0&rDXGF&Ex&Fenes__ManufWin/Msr-0.28-0.23/instance-out.sql,50909.21000000001,14390.25,7384.69,3135.57,0.0,12980.689999999999,0.0,2277.62,0.0,0.0,0.0,0.0,10740.39,0.0,0.0,0.00,7384.69,14390.25,0.00,5167.03,7813.66
CZ11/DMo&0&rDXHP&Ex&Fenes__ManufWin/Default/instance-out.sql,44355.75,7980.63,7384.12,3135.57,0.0,12980.689999999999,0.0,2133.2,0.0,0.0,0.0,0.0,10741.53,0.0,0.0,7980.63,7384.12,0.00,0.00,5167.03,7813.66
CZ11/DMo&0&rDXHP&Ex&Fenes__ManufWin/Base1.23/instance-out.sql,44355.75,7980.63,7384.12,3135.57,0.0,12980.689999999999,0.0,2133.2,0.0,0.0,0.0,0.0,10741.53,0.0,0.0,7980.63,7384.12,0.00,0.00,5167.03,7813.66
CZ11/DMo&0&rDXHP&Ex&Fenes__ManufWin/Msr-0.25-0.40/instance-out.sql,44355.75,7980.63,7384.12,3135.57,0.0,12980.689999999999,0.0,2133.2,0.0,0.0,0.0,0.0,10741.53,0.0,0.0,7980.63,7384.12,0.00,0.00,5167.03,7813.66
CZ11/DMo&0&rDXHP&Ex&Fenes__ManufWin/Msr-0.28-0.23/instance-out.sql,44355.75,7980.63,7384.12,3135.57,0.0,12980.689999999999,0.0,2133.2,0.0,0.0,0.0,0.0,10741.53,0.0,0.0,7980.63,7384.12,0.00,0.00,5167.03,7813.66
CZ11/DMo&0&rDXGF&New&Fenes__ManufWin/Default/instance-out.sql,38481.020000000004,5589.19,5317.59,3135.57,0.0,12980.689999999999,0.0,720.14,0.0,0.0,0.0,0.0,10737.83,0.0,0.0,0.00,5317.59,5589.19,0.00,5167.03,7813.66
CZ11/DMo&0&rDXGF&New&Fenes__ManufWin/Base-0.5-0.6/instance-out.sql,39316.93,6425.05,5303.66,3135.57,0.0,12980.689999999999,0.0,734.79,0.0,0.0,0.0,0.0,10737.15,0.0,0.0,0.00,5303.66,6425.05,0.00,5167.03,7813.66
CZ11/DMo&0&rDXGF&New&Fenes__ManufWin/Msr-0.25-0.40/instance-out.sql,37916.75,5007.15,5343.48,3135.57,0.0,12980.689999999999,0.0,710.97,0.0,0.0,0.0,0.0,10738.89,0.0,0.0,0.00,5343.48,5007.15,0.00,5167.03,7813.66
CZ11/DMo&0&rDXGF&New&Fenes__ManufWin/Msr-0.28-0.23/instance-out.sql,38081.53,5180.71,5332.96,3135.57,0.0,12980.689999999999,0.0,712.89,0.0,0.0,0.0,0.0,10738.7,0.0,0.0,0.00,5332.96,5180.71,0.00,5167.03,7813.66
CZ11/DMo&0&rDXHP&New&Fenes__ManufWin/Default/instance-out.sql,37358.16,4480.38,5317.15,3135.57,0.0,12980.689999999999,0.0,705.55,0.0,0.0,0.0,0.0,10738.81,0.0,0.0,4480.38,5317.15,0.00,0.00,5167.03,7813.66
CZ11/DMo&0&rDXHP&New&Fenes__ManufWin/Base-0.5-0.6/instance-out.sql,37824.43,4941.98,5303.36,3135.57,0.0,12980.689999999999,0.0,725.83,0.0,0.0,0.0,0.0,10737.0,0.0,0.0,4941.98,5303.36,0.00,0.00,5167.03,7813.66
CZ11/DMo&0&rDXHP&New&Fenes__ManufWin/Msr-0.25-0.40/instance-out.sql,37039.92999999999,4148.13,5343.16,3135.57,0.0,12980.689999999999,0.0,692.52,0.0,0.0,0.0,0.0,10739.85,0.0,0.0,4148.13,5343.16,0.00,0.00,5167.03,7813.66
CZ11/DMo&0&rDXHP&New&Fenes__ManufWin/Msr-0.28-0.23/instance-out.sql,37130.42,4247.08,5332.57,3135.57,0.0,12980.689999999999,0.0,695.57,0.0,0.0,0.0,0.0,10738.93,0.0,0.0,4247.08,5332.57,0.00,0.00,5167.03,7813.66
CZ12/DMo&0&rDXGF&Ex&Fenes__ManufWin/Default/instance-out.sql,48425.44,14129.82,5523.27,3135.57,0.0,12980.689999999999,0.0,1918.74,0.0,0.0,0.0,0.0,10737.35,0.0,0.0,0.00,5523.27,14129.82,0.00,5167.03,7813.66
CZ12/DMo&0&rDXGF&Ex&Fenes__ManufWin/Base1.23/instance-out.sql,48425.44,14129.82,5523.27,3135.57,0.0,12980.689999999999,0.0,1918.74,0.0,0.0,0.0,0.0,10737.35,0.0,0.0,0.00,5523.27,14129.82,0.00,5167.03,7813.66
CZ12/DMo&0&rDXGF&Ex&Fenes__ManufWin/Msr-0.25-0.40/instance-out.sql,48425.44,14129.82,5523.27,3135.57,0.0,12980.689999999999,0.0,1918.74,0.0,0.0,0.0,0.0,10737.35,0.0,0.0,0.00,5523.27,14129.82,0.00,5167.03,7813.66
CZ12/DMo&0&rDXGF&Ex&Fenes__ManufWin/Msr-0.28-0.23/instance-out.sql,48425.44,14129.82,5523.27,3135.57,0.0,12980.689999999999,0.0,1918.74,0.0,0.0,0.0,0.0,10737.35,0.0,0.0,0.00,5523.27,14129.82,0.00,5167.03,7813.66
CZ12/DMo&0&rDXHP&Ex&Fenes__ManufWin/Default/instance-out.sql,42485.770000000004,8333.88,5522.47,3135.57,0.0,12980.689999999999,0.0,1773.79,0.0,0.0,0.0,0.0,10739.37,0.0,0.0,8333.88,5522.47,0.00,0.00,5167.03,7813.66
CZ12/DMo&0&rDXHP&Ex&Fenes__ManufWin/Base1.23/instance-out.sql,42485.770000000004,8333.88,5522.47,3135.57,0.0,12980.689999999999,0.0,1773.79,0.0,0.0,0.0,0.0,10739.37,0.0,0.0,8333.88,5522.47,0.00,0.00,5167.03,7813.66
CZ12/DMo&0&rDXHP&Ex&Fenes__ManufWin/Msr-0.25-0.40/instance-out.sql,42485.770000000004,8333.88,5522.47,3135.57,0.0,12980.689999999999,0.0,1773.79,0.0,0.0,0.0,0.0,10739.37,0.0,0.0,8333.88,5522.47,0.00,0.00,5167.03,7813.66
CZ12/DMo&0&rDXHP&Ex&Fenes__ManufWin/Msr-0.28-0.23/instance-out.sql,42485.770000000004,8333.88,5522.47,3135.57,0.0,12980.689999999999,0.0,1773.79,0.0,0.0,0.0,0.0,10739.37,0.0,0.0,8333.88,5522.47,0.00,0.00,5167.03,7813.66
CZ12/DMo&0&rDXGF&New&Fenes__ManufWin/Default/instance-out.sql,37645.06,6155.54,4019.26,3135.57,0.0,12980.689999999999,0.0,614.4,0.0,0.0,0.0,0.0,10739.61,0.0,0.0,0.00,4019.26,6155.54,0.00,5167.03,7813.66
CZ12/DMo&0&rDXGF&New&Fenes__ManufWin/Base-0.5-0.6/instance-out.sql,38443.7,6999.06,3966.52,3135.57,0.0,12980.689999999999,0.0,623.35,0.0,0.0,0.0,0.0,10738.51,0.0,0.0,0.00,3966.52,6999.06,0.00,5167.03,7813.66
CZ12/DMo&0&rDXGF&New&Fenes__ManufWin/Msr-0.25-0.40/instance-out.sql,37082.19,5550.06,4066.69,3135.57,0.0,12980.689999999999,0.0,608.06,0.0,0.0,0.0,0.0,10741.12,0.0,0.0,0.00,4066.69,5550.06,0.00,5167.03,7813.66
CZ12/DMo&0&rDXGF&New&Fenes__ManufWin/Msr-0.28-0.23/instance-out.sql,37254.76,5736.51,4051.41,3135.57,0.0,12980.689999999999,0.0,610.02,0.0,0.0,0.0,0.0,10740.56,0.0,0.0,0.00,4051.41,5736.51,0.00,5167.03,7813.66
CZ12/DMo&0&rDXHP&New&Fenes__ManufWin/Default/instance-out.sql,36559.33,5093.87,4019.09,3135.57,0.0,12980.689999999999,0.0,589.41,0.0,0.0,0.0,0.0,10740.7,0.0,0.0,5093.87,4019.09,0.00,0.00,5167.03,7813.66
CZ12/DMo&0&rDXHP&New&Fenes__ManufWin/Base-0.5-0.6/instance-out.sql,37002.46,5574.92,3966.18,3135.57,0.0,12980.689999999999,0.0,606.49,0.0,0.0,0.0,0.0,10738.61,0.0,0.0,5574.92,3966.18,0.00,0.00,5167.03,7813.66
CZ12/DMo&0&rDXHP&New&Fenes__ManufWin/Msr-0.25-0.40/instance-out.sql,36239.07,4736.93,4066.48,3135.57,0.0,12980.689999999999,0.0,577.41,0.0,0.0,0.0,0.0,10741.99,0.0,0.0,4736.93,4066.48,0.00,0.00,5167.03,7813.66
CZ12/DMo&0&rDXHP&New&Fenes__ManufWin/Msr-0.28-0.23/instance-out.sql,36337.36,4847.52,4050.91,3135.57,0.0,12980.689999999999,0.0,581.0,0.0,0.0,0.0,0.0,10741.66,0.0,0.0,4847.52,4050.91,0.00,0.00,5167.03,7813.66
CZ13/DMo&0&rDXGF&Ex&Fenes__ManufWin/Default/instance-out.sql,48743.11,10971.35,8546.54,3135.57,0.0,12980.689999999999,0.0,2419.07,0.0,0.0,0.0,0.0,10689.89,0.0,0.0,0.00,8546.54,10971.35,0.00,5167.03,7813.66
CZ13/DMo&0&rDXGF&Ex&Fenes__ManufWin/Base1.23/instance-out.sql,48743.11,10971.35,8546.54,3135.57,0.0,12980.689999999999,0.0,2419.07,0.0,0.0,0.0,0.0,10689.89,0.0,0.0,0.00,8546.54,10971.35,0.00,5167.03,7813.66
CZ13/DMo&0&rDXGF&Ex&Fenes__ManufWin/Msr-0.25-0.40/instance-out.sql,48743.11,10971.35,8546.54,3135.57,0.0,12980.689999999999,0.0,2419.07,0.0,0.0,0.0,0.0,10689.89,0.0,0.0,0.00,8546.54,10971.35,0.00,5167.03,7813.66
CZ13/DMo&0&rDXGF&Ex&Fenes__ManufWin/Msr-0.28-0.23/instance-out.sql,48743.11,10971.35,8546.54,3135.57,0.0,12980.689999999999,0.0,2419.07,0.0,0.0,0.0,0.0,10689.89,0.0,0.0,0.00,8546.54,10971.35,0.00,5167.03,7813.66
CZ13/DMo&0&rDXHP&Ex&Fenes__ManufWin/Default/instance-out.sql,43811.600000000006,6273.95,8545.67,3135.57,0.0,12980.689999999999,0.0,2183.09,0.0,0.0,0.0,0.0,10692.63,0.0,0.0,6273.95,8545.67,0.00,0.00,5167.03,7813.66
CZ13/DMo&0&rDXHP&Ex&Fenes__ManufWin/Base1.23/instance-out.sql,43811.600000000006,6273.95,8545.67,3135.57,0.0,12980.689999999999,0.0,2183.09,0.0,0.0,0.0,0.0,10692.63,0.0,0.0,6273.95,8545.67,0.00,0.00,5167.03,7813.66
CZ13/DMo&0&rDXHP&Ex&Fenes__ManufWin/Msr-0.25-0.40/instance-out.sql,43811.600000000006,6273.95,8545.67,3135.57,0.0,12980.689999999999,0.0,2183.09,0.0,0.0,0.0,0.0,10692.63,0.0,0.0,6273.95,8545.67,0.00,0.00,5167.03,7813.66
CZ13/DMo&0&rDXHP&Ex&Fenes__ManufWin/Msr-0.28-0.23/instance-out.sql,43811.600000000006,6273.95,8545.67,3135.57,0.0,12980.689999999999,0.0,2183.09,0.0,0.0,0.0,0.0,10692.63,0.0,0.0,6273.95,8545.67,0.00,0.00,5167.03,7813.66
CZ13/DMo&0&rDXGF&New&Fenes__ManufWin/Default/instance-out.sql,38590.79,4671.35,6297.2,3135.57,0.0,12980.689999999999,0.0,825.78,0.0,0.0,0.0,0.0,10680.2,0.0,0.0,0.00,6297.20,4671.35,0.00,5167.03,7813.66
CZ13/DMo&0&rDXGF&New&Fenes__ManufWin/Base-0.5-0.6/instance-out.sql,39225.63,5327.08,6266.29,3135.57,0.0,12980.689999999999,0.0,836.69,0.0,0.0,0.0,0.0,10679.31,0.0,0.0,0.00,6266.29,5327.08,0.00,5167.03,7813.66
CZ13/DMo&0&rDXGF&New&Fenes__ManufWin/Msr-0.25-0.40/instance-out.sql,38142.3,4197.62,6328.88,3135.57,0.0,12980.689999999999,0.0,818.2,0.0,0.0,0.0,0.0,10681.34,0.0,0.0,0.00,6328.88,4197.62,0.00,5167.03,7813.66
CZ13/DMo&0&rDXGF&New&Fenes__ManufWin/Msr-0.28-0.23/instance-out.sql,38278.86,4343.06,6317.96,3135.57,0.0,12980.689999999999,0.0,820.47,0.0,0.0,0.0,0.0,10681.11,0.0,0.0,0.00,6317.96,4343.06,0.00,5167.03,7813.66
CZ13/DMo&0&rDXHP&New&Fenes__ManufWin/Default/instance-out.sql,37563.03,3700.73,6296.07,3135.57,0.0,12980.689999999999,0.0,767.58,0.0,0.0,0.0,0.0,10682.38,0.0,0.0,3700.73,6296.07,0.00,0.00,5167.03,7813.66
CZ13/DMo&0&rDXHP&New&Fenes__ManufWin/Base-0.5-0.6/instance-out.sql,37900.03,4055.4,6265.33,3135.57,0.0,12980.689999999999,0.0,782.18,0.0,0.0,0.0,0.0,10680.86,0.0,0.0,4055.40,6265.33,0.00,0.00,5167.03,7813.66
CZ13/DMo&0&rDXHP&New&Fenes__ManufWin/Msr-0.25-0.40/instance-out.sql,37321.89,3437.02,6327.6,3135.57,0.0,12980.689999999999,0.0,757.87,0.0,0.0,0.0,0.0,10683.14,0.0,0.0,3437.02,6327.60,0.00,0.00,5167.03,7813.66
CZ13/DMo&0&rDXHP&New&Fenes__ManufWin/Msr-0.28-0.23/instance-out.sql,37395.78,3518.89,6316.84,3135.57,0.0,12980.689999999999,0.0,760.77,0.0,0.0,0.0,0.0,10683.03,0.0,0.0,3518.89,6316.84,0.00,0.00,5167.03,7813.66
CZ14/DMo&0&rDXGF&Ex&Fenes__ManufWin/Default/instance-out.sql,55992.240000000005,17522.91,9189.42,3135.57,0.0,12980.689999999999,0.0,2495.77,0.0,0.0,0.0,0.0,10667.87,0.0,0.0,0.00,9189.42,17522.91,0.00,5167.03,7813.66
CZ14/DMo&0&rDXGF&Ex&Fenes__ManufWin/Base1.23/instance-out.sql,55992.240000000005,17522.91,9189.42,3135.57,0.0,12980.689999999999,0.0,2495.77,0.0,0.0,0.0,0.0,10667.87,0.0,0.0,0.00,9189.42,17522.91,0.00,5167.03,7813.66
CZ14/DMo&0&rDXGF&Ex&Fenes__ManufWin/Msr-0.25-0.40/instance-out.sql,55992.240000000005,17522.91,9189.42,3135.57,0.0,12980.689999999999,0.0,2495.77,0.0,0.0,0.0,0.0,10667.87,0.0,0.0,0.00,9189.42,17522.91,0.00,5167.03,7813.66
CZ14/DMo&0&rDXGF&Ex&Fenes__ManufWin/Msr-0.28-0.23/instance-out.sql,55992.240000000005,17522.91,9189.42,3135.57,0.0,12980.689999999999,0.0,2495.77,0.0,0.0,0.0,0.0,10667.87,0.0,0.0,0.00,9189.42,17522.91,0.00,5167.03,7813.66
CZ14/DMo&0&rDXHP&Ex&Fenes__ManufWin/Default/instance-out.sql,47089.350000000006,8786.78,9188.44,3135.57,0.0,12980.689999999999,0.0,2327.65,0.0,0.0,0.0,0.0,10670.22,0.0,0.0,8786.78,9188.44,0.00,0.00,5167.03,7813.66
CZ14/DMo&0&rDXHP&Ex&Fenes__ManufWin/Base1.23/instance-out.sql,47089.350000000006,8786.78,9188.44,3135.57,0.0,12980.689999999999,0.0,2327.65,0.0,0.0,0.0,0.0,10670.22,0.0,0.0,8786.78,9188.44,0.00,0.00,5167.03,7813.66
CZ14/DMo&0&rDXHP&Ex&Fenes__ManufWin/Msr-0.25-0.40/instance-out.sql,47089.350000000006,8786.78,9188.44,3135.57,0.0,12980.689999999999,0.0,2327.65,0.0,0.0,0.0,0.0,10670.22,0.0,0.0,8786.78,9188.44,0.00,0.00,5167.03,7813.66
CZ14/DMo&0&rDXHP&Ex&Fenes__ManufWin/Msr-0.28-0.23/instance-out.sql,47089.350000000006,8786.78,9188.44,3135.57,0.0,12980.689999999999,0.0,2327.65,0.0,0.0,0.0,0.0,10670.22,0.0,0.0,8786.78,9188.44,0.00,0.00,5167.03,7813.66
CZ14/DMo&0&rDXGF&New&Fenes__ManufWin/Default/instance-out.sql,41162.98,7082.7,6509.76,3135.57,0.0,12980.689999999999,0.0,789.06,0.0,0.0,0.0,0.0,10665.2,0.0,0.0,0.00,6509.76,7082.70,0.00,5167.03,7813.66
CZ14/DMo&0&rDXGF&New&Fenes__ManufWin/Base-0.5-0.6/instance-out.sql,42261.3,8137.03,6536.88,3135.57,0.0,12980.689999999999,0.0,807.42,0.0,0.0,0.0,0.0,10663.7,0.0,0.0,0.00,6536.88,8137.03,0.00,5167.03,7813.66
CZ14/DMo&0&rDXGF&New&Fenes__ManufWin/Msr-0.25-0.40/instance-out.sql,40408.21,6352.14,6497.27,3135.57,0.0,12980.689999999999,0.0,776.15,0.0,0.0,0.0,0.0,10666.39,0.0,0.0,0.00,6497.27,6352.14,0.00,5167.03,7813.66
CZ14/DMo&0&rDXGF&New&Fenes__ManufWin/Msr-0.28-0.23/instance-out.sql,40638.1,6575.11,6500.49,3135.57,0.0,12980.689999999999,0.0,780.12,0.0,0.0,0.0,0.0,10666.13,0.0,0.0,0.00,6500.49,6575.11,0.00,5167.03,7813.66
CZ14/DMo&0&rDXHP&New&Fenes__ManufWin/Default/instance-out.sql,38986.64,4932.16,6509.81,3135.57,0.0,12980.689999999999,0.0,762.0,0.0,0.0,0.0,0.0,10666.4,0.0,0.0,4932.16,6509.81,0.00,0.00,5167.03,7813.66
CZ14/DMo&0&rDXHP&New&Fenes__ManufWin/Base-0.5-0.6/instance-out.sql,39542.259999999995,5436.78,6536.75,3135.57,0.0,12980.689999999999,0.0,787.83,0.0,0.0,0.0,0.0,10664.64,0.0,0.0,5436.78,6536.75,0.00,0.00,5167.03,7813.66
CZ14/DMo&0&rDXHP&New&Fenes__ManufWin/Msr-0.25-0.40/instance-out.sql,38596.55,4571.41,6497.17,3135.57,0.0,12980.689999999999,0.0,744.29,0.0,0.0,0.0,0.0,10667.41,0.0,0.0,4571.41,6497.17,0.00,0.00,5167.03,7813.66
CZ14/DMo&0&rDXHP&New&Fenes__ManufWin/Msr-0.28-0.23/instance-out.sql,38716.38,4683.11,6500.44,3135.57,0.0,12980.689999999999,0.0,749.69,0.0,0.0,0.0,0.0,10666.87,0.0,0.0,4683.11,6500.44,0.00,0.00,5167.03,7813.66
CZ15/DMo&0&rDXGF&Ex&Fenes__ManufWin/Default/instance-out.sql,50275.84,5696.38,14824.88,3135.57,0.0,12980.689999999999,0.0,3014.57,0.0,0.0,0.0,0.0,10623.75,0.0,0.0,0.00,14824.88,5696.38,0.00,5167.03,7813.66
CZ15/DMo&0&rDXGF&Ex&Fenes__ManufWin/Base1.23/instance-out.sql,50275.84,5696.38,14824.88,3135.57,0.0,12980.689999999999,0.0,3014.57,0.0,0.0,0.0,0.0,10623.75,0.0,0.0,0.00,14824.88,5696.38,0.00,5167.03,7813.66
CZ15/DMo&0&rDXGF&Ex&Fenes__ManufWin/Msr-0.25-0.40/instance-out.sql,50275.84,5696.38,14824.88,3135.57,0.0,12980.689999999999,0.0,3014.57,0.0,0.0,0.0,0.0,10623.75,0.0,0.0,0.00,14824.88,5696.38,0.00,5167.03,7813.66
CZ15/DMo&0&rDXGF&Ex&Fenes__ManufWin/Msr-0.28-0.23/instance-out.sql,50275.84,5696.38,14824.88,3135.57,0.0,12980.689999999999,0.0,3014.57,0.0,0.0,0.0,0.0,10623.75,0.0,0.0,0.00,14824.88,5696.38,0.00,5167.03,7813.66
CZ15/DMo&0&rDXHP&Ex&Fenes__ManufWin/Default/instance-out.sql,46756.35,2413.65,14820.75,3135.57,0.0,12980.689999999999,0.0,2778.82,0.0,0.0,0.0,0.0,10626.87,0.0,0.0,2413.65,14820.75,0.00,0.00,5167.03,7813.66
CZ15/DMo&0&rDXHP&Ex&Fenes__ManufWin/Base1.23/instance-out.sql,46756.35,2413.65,14820.75,3135.57,0.0,12980.689999999999,0.0,2778.82,0.0,0.0,0.0,0.0,10626.87,0.0,0.0,2413.65,14820.75,0.00,0.00,5167.03,7813.66
CZ15/DMo&0&rDXHP&Ex&Fenes__ManufWin/Msr-0.25-0.40/instance-out.sql,46756.35,2413.65,14820.75,3135.57,0.0,12980.689999999999,0.0,2778.82,0.0,0.0,0.0,0.0,10626.87,0.0,0.0,2413.65,14820.75,0.00,0.00,5167.03,7813.66
CZ15/DMo&0&rDXHP&Ex&Fenes__ManufWin/Msr-0.28-0.23/instance-out.sql,46756.35,2413.65,14820.75,3135.57,0.0,12980.689999999999,0.0,2778.82,0.0,0.0,0.0,0.0,10626.87,0.0,0.0,2413.65,14820.75,0.00,0.00,5167.03,7813.66
CZ15/DMo&0&rDXGF&New&Fenes__ManufWin/Default/instance-out.sql,40011.72,1814.09,10465.15,3135.57,0.0,12980.689999999999,0.0,1023.39,0.0,0.0,0.0,0.0,10592.82,0.0,0.0,0.00,10465.15,1814.09,0.00,5167.03,7813.66
CZ15/DMo&0&rDXGF&New&Fenes__ManufWin/Base-0.5-0.6/instance-out.sql,40460.88,2164.91,10546.69,3135.57,0.0,12980.689999999999,0.0,1040.97,0.0,0.0,0.0,0.0,10592.05,0.0,0.0,0.00,10546.69,2164.91,0.00,5167.03,7813.66
CZ15/DMo&0&rDXGF&New&Fenes__ManufWin/Msr-0.25-0.40/instance-out.sql,39756.7,1615.69,10417.67,3135.57,0.0,12980.689999999999,0.0,1013.86,0.0,0.0,0.0,0.0,10593.22,0.0,0.0,0.00,10417.67,1615.69,0.00,5167.03,7813.66
CZ15/DMo&0&rDXGF&New&Fenes__ManufWin/Msr-0.28-0.23/instance-out.sql,39833.79,1676.69,10431.02,3135.57,0.0,12980.689999999999,0.0,1016.7,0.0,0.0,0.0,0.0,10593.13,0.0,0.0,0.00,10431.02,1676.69,0.00,5167.03,7813.66
CZ15/DMo&0&rDXHP&New&Fenes__ManufWin/Default/instance-out.sql,39299.59,1134.8,10465.39,3135.57,0.0,12980.689999999999,0.0,989.39,0.0,0.0,0.0,0.0,10593.75,0.0,0.0,1134.80,10465.39,0.00,0.00,5167.03,7813.66
CZ15/DMo&0&rDXHP&New&Fenes__ManufWin/Base-0.5-0.6/instance-out.sql,39549.58,1288.51,10547.49,3135.57,0.0,12980.689999999999,0.0,1003.86,0.0,0.0,0.0,0.0,10593.45,0.0,0.0,1288.51,10547.49,0.00,0.00,5167.03,7813.66
CZ15/DMo&0&rDXHP&New&Fenes__ManufWin/Msr-0.25-0.40/instance-out.sql,39141.25,1032.04,10417.98,3135.57,0.0,12980.689999999999,0.0,980.55,0.0,0.0,0.0,0.0,10594.42,0.0,0.0,1032.04,10417.98,0.00,0.00,5167.03,7813.66
CZ15/DMo&0&rDXHP&New&Fenes__ManufWin/Msr-0.28-0.23/instance-out.sql,39189.42,1064.84,10431.22,3135.57,0.0,12980.689999999999,0.0,983.2,0.0,0.0,0.0,0.0,10593.9,0.0,0.0,1064.84,10431.22,0.00,0.00,5167.03,7813.66
CZ16/DMo&0&rDXGF&Ex&Fenes__ManufWin/Default/instance-out.sql,45940.05,10514.26,6341.24,3135.57,0.0,12980.689999999999,0.0,2175.38,0.0,0.0,0.0,0.0,10792.91,0.0,0.0,0.00,6341.24,10514.26,0.00,5167.03,7813.66
CZ16/DMo&0&rDXGF&Ex&Fenes__ManufWin/Base1.23/instance-out.sql,45940.05,10514.26,6341.24,3135.57,0.0,12980.689999999999,0.0,2175.38,0.0,0.0,0.0,0.0,10792.91,0.0,0.0,0.00,6341.24,10514.26,0.00,5167.03,7813.66
CZ16/DMo&0&rDXGF&Ex&Fenes__ManufWin/Msr-0.25-0.40/instance-out.sql,45940.05,10514.26,6341.24,3135.57,0.0,12980.689999999999,0.0,2175.38,0.0,0.0,0.0,0.0,10792.91,0.0,0.0,0.00,6341.24,10514.26,0.00,5167.03,7813.66
CZ16/DMo&0&rDXGF&Ex&Fenes__ManufWin/Msr-0.28-0.23/instance-out.sql,45940.05,10514.26,6341.24,3135.57,0.0,12980.689999999999,0.0,2175.38,0.0,0.0,0.0,0.0,10792.91,0.0,0.0,0.00,6341.24,10514.26,0.00,5167.03,7813.66
CZ16/DMo&0&rDXHP&Ex&Fenes__ManufWin/Default/instance-out.sql,44885.4,9390.64,6340.97,3135.57,0.0,12980.689999999999,0.0,2245.54,0.0,0.0,0.0,0.0,10791.99,0.0,0.0,9390.64,6340.97,0.00,0.00,5167.03,7813.66
CZ16/DMo&0&rDXHP&Ex&Fenes__ManufWin/Base1.23/instance-out.sql,44885.4,9390.64,6340.97,3135.57,0.0,12980.689999999999,0.0,2245.54,0.0,0.0,0.0,0.0,10791.99,0.0,0.0,9390.64,6340.97,0.00,0.00,5167.03,7813.66
CZ16/DMo&0&rDXHP&Ex&Fenes__ManufWin/Msr-0.25-0.40/instance-out.sql,44885.4,9390.64,6340.97,3135.57,0.0,12980.689999999999,0.0,2245.54,0.0,0.0,0.0,0.0,10791.99,0.0,0.0,9390.64,6340.97,0.00,0.00,5167.03,7813.66
CZ16/DMo&0&rDXHP&Ex&Fenes__ManufWin/Msr-0.28-0.23/instance-out.sql,44885.4,9390.64,6340.97,3135.57,0.0,12980.689999999999,0.0,2245.54,0.0,0.0,0.0,0.0,10791.99,0.0,0.0,9390.64,6340.97,0.00,0.00,5167.03,7813.66
CZ16/DMo&0&rDXGF&New&Fenes__ManufWin/Default/instance-out.sql,36256.68,4130.07,4507.87,3135.57,0.0,12980.689999999999,0.0,713.72,0.0,0.0,0.0,0.0,10788.77,0.0,0.0,0.00,4507.87,4130.07,0.00,5167.03,7813.66
CZ16/DMo&0&rDXGF&New&Fenes__ManufWin/Base-0.5-0.6/instance-out.sql,36993.52,4896.25,4468.07,3135.57,0.0,12980.689999999999,0.0,725.26,0.0,0.0,0.0,0.0,10787.68,0.0,0.0,0.00,4468.07,4896.25,0.00,5167.03,7813.66
CZ16/DMo&0&rDXGF&New&Fenes__ManufWin/Msr-0.25-0.40/instance-out.sql,35741.5,3583.81,4546.0,3135.57,0.0,12980.689999999999,0.0,705.3,0.0,0.0,0.0,0.0,10790.13,0.0,0.0,0.00,4546.00,3583.81,0.00,5167.03,7813.66
CZ16/DMo&0&rDXGF&New&Fenes__ManufWin/Msr-0.28-0.23/instance-out.sql,35897.03,3750.3,4533.19,3135.57,0.0,12980.689999999999,0.0,707.82,0.0,0.0,0.0,0.0,10789.46,0.0,0.0,0.00,4533.19,3750.30,0.00,5167.03,7813.66
CZ16/DMo&0&rDXHP&New&Fenes__ManufWin/Default/instance-out.sql,37487.28999999999,5326.13,4508.01,3135.57,0.0,12980.689999999999,0.0,748.7,0.0,0.0,0.0,0.0,10788.19,0.0,0.0,5326.13,4508.01,0.00,0.00,5167.03,7813.66
CZ16/DMo&0&rDXHP&New&Fenes__ManufWin/Base-0.5-0.6/instance-out.sql,38187.56,6043.06,4468.32,3135.57,0.0,12980.689999999999,0.0,773.43,0.0,0.0,0.0,0.0,10786.5,0.0,0.0,6043.06,4468.32,0.00,0.00,5167.03,7813.66
CZ16/DMo&0&rDXHP&New&Fenes__ManufWin/Msr-0.25-0.40/instance-out.sql,36991.119999999995,4807.91,4546.1,3135.57,0.0,12980.689999999999,0.0,731.87,0.0,0.0,0.0,0.0,10788.98,0.0,0.0,4807.91,4546.10,0.00,0.00,5167.03,7813.66
CZ16/DMo&0&rDXHP&New&Fenes__ManufWin/Msr-0.28-0.23/instance-out.sql,37142.39,4967.26,4533.29,3135.57,0.0,12980.689999999999,0.0,736.87,0.0,0.0,0.0,0.0,10788.71,0.0,0.0,4967.26,4533.29,0.00,0.00,5167.03,7813.66

File Name,Unmet Heating (Hours),Unmet Cooling (Hours)
CZ01/DMo&0&rDXGF&Ex&Fenes__ManufWin/Default/instance-out.sql,71.17,150.67
CZ01/DMo&0&rDXGF&Ex&Fenes__ManufWin/Base1.23/instance-out.sql,71.17,150.67
CZ01/DMo&0&rDXGF&Ex&Fenes__ManufWin/Msr-0.25-0.40/instance-out.sql,71.17,150.67
CZ01/DMo&0&rDXGF&Ex&Fenes__ManufWin/Msr-0.28-0.23/instance-out.sql,71.17,150.67
CZ01/DMo&0&rDXHP&Ex&Fenes__ManufWin/Default/instance-out.sql,0.00,150.67
CZ01/DMo&0&rDXHP&Ex&Fenes__ManufWin/Base1.23/instance-out.sql,0.00,150.67
CZ01/DMo&0&rDXHP&Ex&Fenes__ManufWin/Msr-0.25-0.40/instance-out.sql,0.00,150.67
CZ01/DMo&0&rDXHP&Ex&Fenes__ManufWin/Msr-0.28-0.23/instance-out.sql,0.00,150.67
CZ01/DMo&0&rDXGF&New&Fenes__ManufWin/Default/instance-out.sql,17.83,105.50
CZ01/DMo&0&rDXGF&New&Fenes__ManufWin/Base-0.5-0.6/instance-out.sql,19.00,110.83
CZ01/DMo&0&rDXGF&New&Fenes__ManufWin/Msr-0.25-0.40/instance-out.sql,16.67,100.17
CZ01/DMo&0&rDXGF&New&Fenes__ManufWin/Msr-0.28-0.23/instance-out.sql,17.00,101.33
CZ01/DMo&0&rDXHP&New&Fenes__ManufWin/Default/instance-out.sql,0.00,105.50
CZ01/DMo&0&rDXHP&New&Fenes__ManufWin/Base-0.5-0.6/instance-out.sql,0.00,110.83
CZ01/DMo&0&rDXHP&New&Fenes__ManufWin/Msr-0.25-0.40/instance-out.sql,0.00,100.17
CZ01/DMo&0&rDXHP&New&Fenes__ManufWin/Msr-0.28-0.23/instance-out.sql,0.00,101.33
CZ02/DMo&0&rDXGF&Ex&Fenes__ManufWin/Default/instance-out.sql,0.00,128.83
CZ02/DMo&0&rDXGF&Ex&Fenes__ManufWin/Base1.23/instance-out.sql,0.00,128.83
CZ02/DMo&0&rDXGF&Ex&Fenes__ManufWin/Msr-0.25-0.40/instance-out.sql,0.00,128.83
CZ02/DMo&0&rDXGF&Ex&Fenes__ManufWin/Msr-0.28-0.23/instance-out.sql,0.00,128.83
CZ02/DMo&0&rDXHP&Ex&Fenes__ManufWin/Default/instance-out.sql,0.00,128.83
CZ02/DMo&0&rDXHP&Ex&Fenes__ManufWin/Base1.23/instance-out.sql,0.00,128.83
CZ02/DMo&0&rDXHP&Ex&Fenes__ManufWin/Msr-0.25-0.40/instance-out.sql,0.00,128.83
CZ02/DMo&0&rDXHP&Ex&Fenes__ManufWin/Msr-0.28-0.23/instance-out.sql,0.00,128.83
CZ02/DMo&0&rDXGF&New&Fenes__ManufWin/Default/instance-out.sql,0.00,68.17
CZ02/DMo&0&rDXGF&New&Fenes__ManufWin/Base-0.5-0.6/instance-out.sql,0.00,63.83
CZ02/DMo&0&rDXGF&New&Fenes__ManufWin/Msr-0.25-0.40/instance-out.sql,0.00,72.67
CZ02/DMo&0&rDXGF&New&Fenes__ManufWin/Msr-0.28-0.23/instance-out.sql,0.00,71.50
CZ02/DMo&0&rDXHP&New&Fenes__ManufWin/Default/instance-out.sql,0.00,68.17
CZ02/DMo&0&rDXHP&New&Fenes__ManufWin/Base-0.5-0.6/instance-out.sql,0.00,63.83
CZ02/DMo&0&rDXHP&New&Fenes__ManufWin/Msr-0.25-0.40/instance-out.sql,0.00,72.83
CZ02/DMo&0&rDXHP&New&Fenes__ManufWin/Msr-0.28-0.23/instance-out.sql,0.00,71.50
CZ03/DMo&0&rDXGF&Ex&Fenes__ManufWin/Default/instance-out.sql,6.00,89.83
CZ03/DMo&0&rDXGF&Ex&Fenes__ManufWin/Base1.23/instance-out.sql,6.00,89.83
CZ03/DMo&0&rDXGF&Ex&Fenes__ManufWin/Msr-0.25-0.40/instance-out.sql,6.00,89.83
CZ03/DMo&0&rDXGF&Ex&Fenes__ManufWin/Msr-0.28-0.23/instance-out.sql,6.00,89.83
CZ03/DMo&0&rDXHP&Ex&Fenes__ManufWin/Default/instance-out.sql,0.00,89.83
CZ03/DMo&0&rDXHP&Ex&Fenes__ManufWin/Base1.23/instance-out.sql,0.00,89.83
CZ03/DMo&0&rDXHP&Ex&Fenes__ManufWin/Msr-0.25-0.40/instance-out.sql,0.00,89.83
CZ03/DMo&0&rDXHP&Ex&Fenes__ManufWin/Msr-0.28-0.23/instance-out.sql,0.00,89.83
CZ03/DMo&0&rDXGF&New&Fenes__ManufWin/Default/instance-out.sql,2.50,28.67
CZ03/DMo&0&rDXGF&New&Fenes__ManufWin/Base-0.5-0.6/instance-out.sql,0.00,30.17
CZ03/DMo&0&rDXGF&New&Fenes__ManufWin/Msr-0.25-0.40/instance-out.sql,4.17,27.67
CZ03/DMo&0&rDXGF&New&Fenes__ManufWin/Msr-0.28-0.23/instance-out.sql,3.83,28.00
CZ03/DMo&0&rDXHP&New&Fenes__ManufWin/Default/instance-out.sql,0.00,28.67
CZ03/DMo&0&rDXHP&New&Fenes__ManufWin/Base-0.5-0.6/instance-out.sql,0.00,30.17
CZ03/DMo&0&rDXHP&New&Fenes__ManufWin/Msr-0.25-0.40/instance-out.sql,0.00,27.67
CZ03/DMo&0&rDXHP&New&Fenes__ManufWin/Msr-0.28-0.23/instance-out.sql,0.00,28.00
CZ04/DMo&0&rDXGF&Ex&Fenes__ManufWin/Default/instance-out.sql,3.00,136.00
CZ04/DMo&0&rDXGF&Ex&Fenes__ManufWin/Base1.23/instance-out.sql,3.00,136.00
CZ04/DMo&0&rDXGF&Ex&Fenes__ManufWin/Msr-0.25-0.40/instance-out.sql,3.00,136.00
CZ04/DMo&0&rDXGF&Ex&Fenes__ManufWin/Msr-0.28-0.23/instance-out.sql,3.00,136.00
CZ04/DMo&0&rDXHP&Ex&Fenes__ManufWin/Default/instance-out.sql,0.00,136.00
CZ04/DMo&0&rDXHP&Ex&Fenes__ManufWin/Base1.23/instance-out.sql,0.00,136.00
CZ04/DMo&0&rDXHP&Ex&Fenes__ManufWin/Msr-0.25-0.40/instance-out.sql,0.00,136.00
CZ04/DMo&0&rDXHP&Ex&Fenes__ManufWin/Msr-0.28-0.23/instance-out.sql,0.00,136.00
CZ04/DMo&0&rDXGF&New&Fenes__ManufWin/Default/instance-out.sql,0.00,61.67
CZ04/DMo&0&rDXGF&New&Fenes__ManufWin/Base-0.5-0.6/instance-out.sql,0.00,60.83
CZ04/DMo&0&rDXGF&New&Fenes__ManufWin/Msr-0.25-0.40/instance-out.sql,0.00,62.83
CZ04/DMo&0&rDXGF&New&Fenes__ManufWin/Msr-0.28-0.23/instance-out.sql,0.00,62.67
CZ04/DMo&0&rDXHP&New&Fenes__ManufWin/Default/instance-out.sql,0.00,61.67
CZ04/DMo&0&rDXHP&New&Fenes__ManufWin/Base-0.5-0.6/instance-out.sql,0.00,60.67
CZ04/DMo&0&rDXHP&New&Fenes__ManufWin/Msr-0.25-0.40/instance-out.sql,0.00,62.83
CZ04/DMo&0&rDXHP&New&Fenes__ManufWin/Msr-0.28-0.23/instance-out.sql,0.00,62.67
CZ05/DMo&0&rDXGF&Ex&Fenes__ManufWin/Default/instance-out.sql,0.00,103.33
CZ05/DMo&0&rDXGF&Ex&Fenes__ManufWin/Base1.23/instance-out.sql,0.00,103.33
CZ05/DMo&0&rDXGF&Ex&Fenes__ManufWin/Msr-0.25-0.40/instance-out.sql,0.00,103.33
CZ05/DMo&0&rDXGF&Ex&Fenes__ManufWin/Msr-0.28-0.23/instance-out.sql,0.00,103.33
CZ05/DMo&0&rDXHP&Ex&Fenes__ManufWin/Default/instance-out.sql,0.00,103.17
CZ05/DMo&0&rDXHP&Ex&Fenes__ManufWin/Base1.23/instance-out.sql,0.00,103.17
CZ05/DMo&0&rDXHP&Ex&Fenes__ManufWin/Msr-0.25-0.40/instance-out.sql,0.00,103.17
CZ05/DMo&0&rDXHP&Ex&Fenes__ManufWin/Msr-0.28-0.23/instance-out.sql,0.00,103.17
CZ05/DMo&0&rDXGF&New&Fenes__ManufWin/Default/instance-out.sql,0.00,39.17
CZ05/DMo&0&rDXGF&New&Fenes__ManufWin/Base-0.5-0.6/instance-out.sql,0.00,38.83
CZ05/DMo&0&rDXGF&New&Fenes__ManufWin/Msr-0.25-0.40/instance-out.sql,0.00,38.83
CZ05/DMo&0&rDXGF&New&Fenes__ManufWin/Msr-0.28-0.23/instance-out.sql,0.00,39.00
CZ05/DMo&0&rDXHP&New&Fenes__ManufWin/Default/instance-out.sql,0.00,39.17
CZ05/DMo&0&rDXHP&New&Fenes__ManufWin/Base-0.5-0.6/instance-out.sql,0.00,38.83
CZ05/DMo&0&rDXHP&New&Fenes__ManufWin/Msr-0.25-0.40/instance-out.sql,0.00,38.83
CZ05/DMo&0&rDXHP&New&Fenes__ManufWin/Msr-0.28-0.23/instance-out.sql,0.00,39.00
CZ06/DMo&0&rDXGF&Ex&Fenes__ManufWin/Default/instance-out.sql,71.00,100.83
CZ06/DMo&0&rDXGF&Ex&Fenes__ManufWin/Base1.23/instance-out.sql,71.00,100.83
CZ06/DMo&0&rDXGF&Ex&Fenes__ManufWin/Msr-0.25-0.40/instance-out.sql,71.00,100.83
CZ06/DMo&0&rDXGF&Ex&Fenes__ManufWin/Msr-0.28-0.23/instance-out.sql,71.00,100.83
CZ06/DMo&0&rDXHP&Ex&Fenes__ManufWin/Default/instance-out.sql,0.00,100.83
CZ06/DMo&0&rDXHP&Ex&Fenes__ManufWin/Base1.23/instance-out.sql,0.00,100.83
CZ06/DMo&0&rDXHP&Ex&Fenes__ManufWin/Msr-0.25-0.40/instance-out.sql,0.00,100.83
CZ06/DMo&0&rDXHP&Ex&Fenes__ManufWin/Msr-0.28-0.23/instance-out.sql,0.00,100.83
CZ06/DMo&0&rDXGF&New&Fenes__ManufWin/Default/instance-out.sql,42.00,11.33
CZ06/DMo&0&rDXGF&New&Fenes__ManufWin/Base-0.5-0.6/instance-out.sql,42.33,11.83
CZ06/DMo&0&rDXGF&New&Fenes__ManufWin/Msr-0.25-0.40/instance-out.sql,43.83,12.00
CZ06/DMo&0&rDXGF&New&Fenes__ManufWin/Msr-0.28-0.23/instance-out.sql,43.33,11.67
CZ06/DMo&0&rDXHP&New&Fenes__ManufWin/Default/instance-out.sql,0.00,11.33
CZ06/DMo&0&rDXHP&New&Fenes__ManufWin/Base-0.5-0.6/instance-out.sql,0.00,11.83
CZ06/DMo&0&rDXHP&New&Fenes__ManufWin/Msr-0.25-0.40/instance-out.sql,0.00,12.00
CZ06/DMo&0&rDXHP&New&Fenes__ManufWin/Msr-0.28-0.23/instance-out.sql,0.00,11.67
CZ07/DMo&0&rDXGF&Ex&Fenes__ManufWin/Default/instance-out.sql,128.00,76.00
CZ07/DMo&0&rDXGF&Ex&Fenes__ManufWin/Base1.23/instance-out.sql,128.00,76.00
CZ07/DMo&0&rDXGF&Ex&Fenes__ManufWin/Msr-0.25-0.40/instance-out.sql,128.00,76.00
CZ07/DMo&0&rDXGF&Ex&Fenes__ManufWin/Msr-0.28-0.23/instance-out.sql,128.00,76.00
CZ07/DMo&0&rDXHP&Ex&Fenes__ManufWin/Default/instance-out.sql,0.00,76.00
CZ07/DMo&0&rDXHP&Ex&Fenes__ManufWin/Base1.23/instance-out.sql,0.00,76.00
CZ07/DMo&0&rDXHP&Ex&Fenes__ManufWin/Msr-0.25-0.40/instance-out.sql,0.00,76.00
CZ07/DMo&0&rDXHP&Ex&Fenes__ManufWin/Msr-0.28-0.23/instance-out.sql,0.00,76.00
CZ07/DMo&0&rDXGF&New&Fenes__ManufWin/Default/instance-out.sql,99.50,36.50
CZ07/DMo&0&rDXGF&New&Fenes__ManufWin/Base-0.5-0.6/instance-out.sql,99.17,35.67
CZ07/DMo&0&rDXGF&New&Fenes__ManufWin/Msr-0.25-0.40/instance-out.sql,103.00,37.50
CZ07/DMo&0&rDXGF&New&Fenes__ManufWin/Msr-0.28-0.23/instance-out.sql,100.67,37.33
CZ07/DMo&0&rDXHP&New&Fenes__ManufWin/Default/instance-out.sql,0.00,36.50
CZ07/DMo&0&rDXHP&New&Fenes__ManufWin/Base-0.5-0.6/instance-out.sql,0.00,35.67
CZ07/DMo&0&rDXHP&New&Fenes__ManufWin/Msr-0.25-0.40/instance-out.sql,0.00,37.50
CZ07/DMo&0&rDXHP&New&Fenes__ManufWin/Msr-0.28-0.23/instance-out.sql,0.00,37.33
CZ08/DMo&0&rDXGF&Ex&Fenes__ManufWin/Default/instance-out.sql,87.33,137.50
CZ08/DMo&0&rDXGF&Ex&Fenes__ManufWin/Base1.23/instance-out.sql,87.33,137.50
CZ08/DMo&0&rDXGF&Ex&Fenes__ManufWin/Msr-0.25-0.40/instance-out.sql,87.33,137.50
CZ08/DMo&0&rDXGF&Ex&Fenes__ManufWin/Msr-0.28-0.23/instance-out.sql,87.33,137.50
CZ08/DMo&0&rDXHP&Ex&Fenes__ManufWin/Default/instance-out.sql,0.00,137.67
CZ08/DMo&0&rDXHP&Ex&Fenes__ManufWin/Base1.23/instance-out.sql,0.00,137.67
CZ08/DMo&0&rDXHP&Ex&Fenes__ManufWin/Msr-0.25-0.40/instance-out.sql,0.00,137.67
CZ08/DMo&0&rDXHP&Ex&Fenes__ManufWin/Msr-0.28-0.23/instance-out.sql,0.00,137.67
CZ08/DMo&0&rDXGF&New&Fenes__ManufWin/Default/instance-out.sql,73.50,57.33
CZ08/DMo&0&rDXGF&New&Fenes__ManufWin/Base-0.5-0.6/instance-out.sql,72.33,53.83
CZ08/DMo&0&rDXGF&New&Fenes__ManufWin/Msr-0.25-0.40/instance-out.sql,72.67,59.83
CZ08/DMo&0&rDXGF&New&Fenes__ManufWin/Msr-0.28-0.23/instance-out.sql,74.17,59.17
CZ08/DMo&0&rDXHP&New&Fenes__ManufWin/Default/instance-out.sql,0.00,57.17
CZ08/DMo&0&rDXHP&New&Fenes__ManufWin/Base-0.5-0.6/instance-out.sql,0.00,53.83
CZ08/DMo&0&rDXHP&New&Fenes__ManufWin/Msr-0.25-0.40/instance-out.sql,0.00,60.00
CZ08/DMo&0&rDXHP&New&Fenes__ManufWin/Msr-0.28-0.23/instance-out.sql,0.00,59.17
CZ09/DMo&0&rDXGF&Ex&Fenes__ManufWin/Default/instance-out.sql,9.83,50.33
CZ09/DMo&0&rDXGF&Ex&Fenes__ManufWin/Base1.23/instance-out.sql,9.83,50.33
CZ09/DMo&0&rDXGF&Ex&Fenes__ManufWin/Msr-0.25-0.40/instance-out.sql,9.83,50.33
CZ09/DMo&0&rDXGF&Ex&Fenes__ManufWin/Msr-0.28-0.23/instance-out.sql,9.83,50.33
CZ09/DMo&0&rDXHP&Ex&Fenes__ManufWin/Default/instance-out.sql,0.00,50.33
CZ09/DMo&0&rDXHP&Ex&Fenes__ManufWin/Base1.23/instance-out.sql,0.00,50.33
CZ09/DMo&0&rDXHP&Ex&Fenes__ManufWin/Msr-0.25-0.40/instance-out.sql,0.00,50.33
CZ09/DMo&0&rDXHP&Ex&Fenes__ManufWin/Msr-0.28-0.23/instance-out.sql,0.00,50.33
CZ09/DMo&0&rDXGF&New&Fenes__ManufWin/Default/instance-out.sql,10.67,36.67
CZ09/DMo&0&rDXGF&New&Fenes__ManufWin/Base-0.5-0.6/instance-out.sql,11.17,35.00
CZ09/DMo&0&rDXGF&New&Fenes__ManufWin/Msr-0.25-0.40/instance-out.sql,9.83,39.17
CZ09/DMo&0&rDXGF&New&Fenes__ManufWin/Msr-0.28-0.23/instance-out.sql,10.00,38.83
CZ09/DMo&0&rDXHP&New&Fenes__ManufWin/Default/instance-out.sql,0.00,36.67
CZ09/DMo&0&rDXHP&New&Fenes__ManufWin/Base-0.5-0.6/instance-out.sql,0.00,35.00
CZ09/DMo&0&rDXHP&New&Fenes__ManufWin/Msr-0.25-0.40/instance-out.sql,0.00,39.00
CZ09/DMo&0&rDXHP&New&Fenes__ManufWin/Msr-0.28-0.23/instance-out.sql,0.00,38.83
CZ10/DMo&0&rDXGF&Ex&Fenes__ManufWin/Default/instance-out.sql,14.50,316.17
CZ10/DMo&0&rDXGF&Ex&Fenes__ManufWin/Base1.23/instance-out.sql,14.50,316.17
CZ10/DMo&0&rDXGF&Ex&Fenes__ManufWin/Msr-0.25-0.40/instance-out.sql,14.50,316.17
CZ10/DMo&0&rDXGF&Ex&Fenes__ManufWin/Msr-0.28-0.23/instance-out.sql,14.50,316.17
CZ10/DMo&0&rDXHP&Ex&Fenes__ManufWin/Default/instance-out.sql,0.00,316.33
CZ10/DMo&0&rDXHP&Ex&Fenes__ManufWin/Base1.23/instance-out.sql,0.00,316.33
CZ10/DMo&0&rDXHP&Ex&Fenes__ManufWin/Msr-0.25-0.40/instance-out.sql,0.00,316.33
CZ10/DMo&0&rDXHP&Ex&Fenes__ManufWin/Msr-0.28-0.23/instance-out.sql,0.00,316.33
CZ10/DMo&0&rDXGF&New&Fenes__ManufWin/Default/instance-out.sql,6.17,154.50
CZ10/DMo&0&rDXGF&New&Fenes__ManufWin/Base-0.5-0.6/instance-out.sql,6.00,140.33
CZ10/DMo&0&rDXGF&New&Fenes__ManufWin/Msr-0.25-0.40/instance-out.sql,6.67,163.00
CZ10/DMo&0&rDXGF&New&Fenes__ManufWin/Msr-0.28-0.23/instance-out.sql,6.50,161.00
CZ10/DMo&0&rDXHP&New&Fenes__ManufWin/Default/instance-out.sql,0.00,154.50
CZ10/DMo&0&rDXHP&New&Fenes__ManufWin/Base-0.5-0.6/instance-out.sql,0.00,140.33
CZ10/DMo&0&rDXHP&New&Fenes__ManufWin/Msr-0.25-0.40/instance-out.sql,0.00,163.00
CZ10/DMo&0&rDXHP&New&Fenes__ManufWin/Msr-0.28-0.23/instance-out.sql,0.00,160.83
CZ11/DMo&0&rDXGF&Ex&Fenes__ManufWin/Default/instance-out.sql,8.83,101.17
CZ11/DMo&0&rDXGF&Ex&Fenes__ManufWin/Base1.23/instance-out.sql,8.83,101.17
CZ11/DMo&0&rDXGF&Ex&Fenes__ManufWin/Msr-0.25-0.40/instance-out.sql,8.83,101.17
CZ11/DMo&0&rDXGF&Ex&Fenes__ManufWin/Msr-0.28-0.23/instance-out.sql,8.83,101.17
CZ11/DMo&0&rDXHP&Ex&Fenes__ManufWin/Default/instance-out.sql,0.00,101.17
CZ11/DMo&0&rDXHP&Ex&Fenes__ManufWin/Base1.23/instance-out.sql,0.00,101.17
CZ11/DMo&0&rDXHP&Ex&Fenes__ManufWin/Msr-0.25-0.40/instance-out.sql,0.00,101.17
CZ11/DMo&0&rDXHP&Ex&Fenes__ManufWin/Msr-0.28-0.23/instance-out.sql,0.00,101.17
CZ11/DMo&0&rDXGF&New&Fenes__ManufWin/Default/instance-out.sql,19.50,40.50
CZ11/DMo&0&rDXGF&New&Fenes__ManufWin/Base-0.5-0.6/instance-out.sql,18.33,40.33
CZ11/DMo&0&rDXGF&New&Fenes__ManufWin/Msr-0.25-0.40/instance-out.sql,20.17,41.67
CZ11/DMo&0&rDXGF&New&Fenes__ManufWin/Msr-0.28-0.23/instance-out.sql,20.17,41.00
CZ11/DMo&0&rDXHP&New&Fenes__ManufWin/Default/instance-out.sql,0.00,40.50
CZ11/DMo&0&rDXHP&New&Fenes__ManufWin/Base-0.5-0.6/instance-out.sql,0.00,40.33
CZ11/DMo&0&rDXHP&New&Fenes__ManufWin/Msr-0.25-0.40/instance-out.sql,0.00,41.67
CZ11/DMo&0&rDXHP&New&Fenes__ManufWin/Msr-0.28-0.23/instance-out.sql,0.00,40.83
CZ12/DMo&0&rDXGF&Ex&Fenes__ManufWin/Default/instance-out.sql,0.17,229.67
CZ12/DMo&0&rDXGF&Ex&Fenes__ManufWin/Base1.23/instance-out.sql,0.17,229.67
CZ12/DMo&0&rDXGF&Ex&Fenes__ManufWin/Msr-0.25-0.40/instance-out.sql,0.17,229.67
CZ12/DMo&0&rDXGF&Ex&Fenes__ManufWin/Msr-0.28-0.23/instance-out.sql,0.17,229.67
CZ12/DMo&0&rDXHP&Ex&Fenes__ManufWin/Default/instance-out.sql,0.00,229.67
CZ12/DMo&0&rDXHP&Ex&Fenes__ManufWin/Base1.23/instance-out.sql,0.00,229.67
CZ12/DMo&0&rDXHP&Ex&Fenes__ManufWin/Msr-0.25-0.40/instance-out.sql,0.00,229.67
CZ12/DMo&0&rDXHP&Ex&Fenes__ManufWin/Msr-0.28-0.23/instance-out.sql,0.00,229.67
CZ12/DMo&0&rDXGF&New&Fenes__ManufWin/Default/instance-out.sql,0.00,102.00
CZ12/DMo&0&rDXGF&New&Fenes__ManufWin/Base-0.5-0.6/instance-out.sql,0.00,101.17
CZ12/DMo&0&rDXGF&New&Fenes__ManufWin/Msr-0.25-0.40/instance-out.sql,0.00,101.50
CZ12/DMo&0&rDXGF&New&Fenes__ManufWin/Msr-0.28-0.23/instance-out.sql,0.00,102.50
CZ12/DMo&0&rDXHP&New&Fenes__ManufWin/Default/instance-out.sql,0.00,102.00
CZ12/DMo&0&rDXHP&New&Fenes__ManufWin/Base-0.5-0.6/instance-out.sql,0.00,101.17
CZ12/DMo&0&rDXHP&New&Fenes__ManufWin/Msr-0.25-0.40/instance-out.sql,0.00,101.50
CZ12/DMo&0&rDXHP&New&Fenes__ManufWin/Msr-0.28-0.23/instance-out.sql,0.00,102.50
CZ13/DMo&0&rDXGF&Ex&Fenes__ManufWin/Default/instance-out.sql,0.00,231.83
CZ13/DMo&0&rDXGF&Ex&Fenes__ManufWin/Base1.23/instance-out.sql,0.00,231.83
CZ13/DMo&0&rDXGF&Ex&Fenes__ManufWin/Msr-0.25-0.40/instance-out.sql,0.00,231.83
CZ13/DMo&0&rDXGF&Ex&Fenes__ManufWin/Msr-0.28-0.23/instance-out.sql,0.00,231.83
CZ13/DMo&0&rDXHP&Ex&Fenes__ManufWin/Default/instance-out.sql,0.00,232.00
CZ13/DMo&0&rDXHP&Ex&Fenes__ManufWin/Base1.23/instance-out.sql,0.00,232.00
CZ13/DMo&0&rDXHP&Ex&Fenes__ManufWin/Msr-0.25-0.40/instance-out.sql,0.00,232.00
CZ13/DMo&0&rDXHP&Ex&Fenes__ManufWin/Msr-0.28-0.23/instance-out.sql,0.00,232.00
CZ13/DMo&0&rDXGF&New&Fenes__ManufWin/Default/instance-out.sql,0.00,94.50
CZ13/DMo&0&rDXGF&New&Fenes__ManufWin/Base-0.5-0.6/instance-out.sql,0.00,89.83
CZ13/DMo&0&rDXGF&New&Fenes__ManufWin/Msr-0.25-0.40/instance-out.sql,0.00,98.00
CZ13/DMo&0&rDXGF&New&Fenes__ManufWin/Msr-0.28-0.23/instance-out.sql,0.00,96.67
CZ13/DMo&0&rDXHP&New&Fenes__ManufWin/Default/instance-out.sql,0.00,94.50
CZ13/DMo&0&rDXHP&New&Fenes__ManufWin/Base-0.5-0.6/instance-out.sql,0.00,89.83
CZ13/DMo&0&rDXHP&New&Fenes__ManufWin/Msr-0.25-0.40/instance-out.sql,0.00,98.00
CZ13/DMo&0&rDXHP&New&Fenes__ManufWin/Msr-0.28-0.23/instance-out.sql,0.00,96.83
CZ14/DMo&0&rDXGF&Ex&Fenes__ManufWin/Default/instance-out.sql,3.50,270.50
CZ14/DMo&0&rDXGF&Ex&Fenes__ManufWin/Base1.23/instance-out.sql,3.50,270.50
CZ14/DMo&0&rDXGF&Ex&Fenes__ManufWin/Msr-0.25-0.40/instance-out.sql,3.50,270.50
CZ14/DMo&0&rDXGF&Ex&Fenes__ManufWin/Msr-0.28-0.23/instance-out.sql,3.50,270.50
CZ14/DMo&0&rDXHP&Ex&Fenes__ManufWin/Default/instance-out.sql,0.00,270.50
CZ14/DMo&0&rDXHP&Ex&Fenes__ManufWin/Base1.23/instance-out.sql,0.00,270.50
CZ14/DMo&0&rDXHP&Ex&Fenes__ManufWin/Msr-0.25-0.40/instance-out.sql,0.00,270.50
CZ14/DMo&0&rDXHP&Ex&Fenes__ManufWin/Msr-0.28-0.23/instance-out.sql,0.00,270.50
CZ14/DMo&0&rDXGF&New&Fenes__ManufWin/Default/instance-out.sql,0.00,104.33
CZ14/DMo&0&rDXGF&New&Fenes__ManufWin/Base-0.5-0.6/instance-out.sql,0.00,96.50
CZ14/DMo&0&rDXGF&New&Fenes__ManufWin/Msr-0.25-0.40/instance-out.sql,0.00,110.00
CZ14/DMo&0&rDXGF&New&Fenes__ManufWin/Msr-0.28-0.23/instance-out.sql,0.00,107.83
CZ14/DMo&0&rDXHP&New&Fenes__ManufWin/Default/instance-out.sql,0.00,104.50
CZ14/DMo&0&rDXHP&New&Fenes__ManufWin/Base-0.5-0.6/instance-out.sql,0.00,96.50
CZ14/DMo&0&rDXHP&New&Fenes__ManufWin/Msr-0.25-0.40/instance-out.sql,0.00,110.00
CZ14/DMo&0&rDXHP&New&Fenes__ManufWin/Msr-0.28-0.23/instance-out.sql,0.00,107.83
CZ15/DMo&0&rDXGF&Ex&Fenes__ManufWin/Default/instance-out.sql,0.17,93.83
CZ15/DMo&0&rDXGF&Ex&Fenes__ManufWin/Base1.23/instance-out.sql,0.17,93.83
CZ15/DMo&0&rDXGF&Ex&Fenes__ManufWin/Msr-0.25-0.40/instance-out.sql,0.17,93.83
CZ15/DMo&0&rDXGF&Ex&Fenes__ManufWin/Msr-0.28-0.23/instance-out.sql,0.17,93.83
CZ15/DMo&0&rDXHP&Ex&Fenes__ManufWin/Default/instance-out.sql,0.00,93.83
CZ15/DMo&0&rDXHP&Ex&Fenes__ManufWin/Base1.23/instance-out.sql,0.00,93.83
CZ15/DMo&0&rDXHP&Ex&Fenes__ManufWin/Msr-0.25-0.40/instance-out.sql,0.00,93.83
CZ15/DMo&0&rDXHP&Ex&Fenes__ManufWin/Msr-0.28-0.23/instance-out.sql,0.00,93.83
CZ15/DMo&0&rDXGF&New&Fenes__ManufWin/Default/instance-out.sql,0.50,23.00
CZ15/DMo&0&rDXGF&New&Fenes__ManufWin/Base-0.5-0.6/instance-out.sql,0.50,19.50
CZ15/DMo&0&rDXGF&New&Fenes__ManufWin/Msr-0.25-0.40/instance-out.sql,0.67,26.33
CZ15/DMo&0&rDXGF&New&Fenes__ManufWin/Msr-0.28-0.23/instance-out.sql,0.50,25.33
CZ15/DMo&0&rDXHP&New&Fenes__ManufWin/Default/instance-out.sql,0.00,23.00
CZ15/DMo&0&rDXHP&New&Fenes__ManufWin/Base-0.5-0.6/instance-out.sql,0.00,19.50
CZ15/DMo&0&rDXHP&New&Fenes__ManufWin/Msr-0.25-0.40/instance-out.sql,0.00,26.33
CZ15/DMo&0&rDXHP&New&Fenes__ManufWin/Msr-0.28-0.23/instance-out.sql,0.00,25.33
CZ16/DMo&0&rDXGF&Ex&Fenes__ManufWin/Default/instance-out.sql,0.00,179.50
CZ16/DMo&0&rDXGF&Ex&Fenes__ManufWin/Base1.23/instance-out.sql,0.00,179.50
CZ16/DMo&0&rDXGF&Ex&Fenes__ManufWin/Msr-0.25-0.40/instance-out.sql,0.00,179.50
CZ16/DMo&0&rDXGF&Ex&Fenes__ManufWin/Msr-0.28-0.23/instance-out.sql,0.00,179.50
CZ16/DMo&0&rDXHP&Ex&Fenes__ManufWin/Default/instance-out.sql,0.00,179.67
CZ16/DMo&0&rDXHP&Ex&Fenes__ManufWin/Base1.23/instance-out.sql,0.00,179.67
CZ16/DMo&0&rDXHP&Ex&Fenes__ManufWin/Msr-0.25-0.40/instance-out.sql,0.00,179.67
CZ16/DMo&0&rDXHP&Ex&Fenes__ManufWin/Msr-0.28-0.23/instance-out.sql,0.00,179.67
CZ16/DMo&0&rDXGF&New&Fenes__ManufWin/Default/instance-out.sql,0.00,77.67
CZ16/DMo&0&rDXGF&New&Fenes__ManufWin/Base-0.5-0.6/instance-out.sql,0.00,74.33
CZ16/DMo&0&rDXGF&New&Fenes__ManufWin/Msr-0.25-0.40/instance-out.sql,0.00,80.33
CZ16/DMo&0&rDXGF&New&Fenes__ManufWin/Msr-0.28-0.23/instance-out.sql,0.00,79.67
CZ16/DMo&0&rDXHP&New&Fenes__ManufWin/Default/instance-out.sql,0.00,77.50
CZ16/DMo&0&rDXHP&New&Fenes__ManufWin/Base-0.5-0.6/instance-out.sql,0.00,74.33
CZ16/DMo&0&rDXHP&New&Fenes__ManufWin/Msr-0.25-0.40/instance-out.sql,0.00,80.50
CZ16/DMo&0&rDXHP&New&Fenes__ManufWin/Msr-0.28-0.23/instance-out.sql,0.00,79.67

