File Name,Net Site EUI (kWh/m2),Net Site Energy (kWh),Net Source EUI (kWh/m2),Net Source Energy (kWh)
CZ01/Htl&0&cAVVG&Ex&Chlr_equip/AirCldScrewChlr-ltl150tons-Ex-9.7EER-15.8IPLV/instance-out.sql,39.71,505910.79,107.47,1368955.96
CZ01/Htl&0&cAVVG&Ex&Chlr_equip/AirCldScrewChlr-ltl150tons-Ex-10.4EER-17.7IPLV/instance-out.sql,39.65,505056.88,107.24,1366103.90
CZ01/Htl&0&cAVVG&Ex&Chlr_equip/AirCldScrewChlr-ltl150tons-Ex-10.4EER-19.0IPLV/instance-out.sql,39.63,504890.05,107.20,1365546.70
CZ02/Htl&0&cAVVG&Ex&Chlr_equip/AirCldScrewChlr-ltl150tons-Ex-9.7EER-15.8IPLV/instance-out.sql,45.39,578217.85,128.34,1634823.40
CZ02/Htl&0&cAVVG&Ex&Chlr_equip/AirCldScrewChlr-ltl150tons-Ex-10.4EER-17.7IPLV/instance-out.sql,44.49,566777.55,125.34,1596612.80
CZ02/Htl&0&cAVVG&Ex&Chlr_equip/AirCldScrewChlr-ltl150tons-Ex-10.4EER-19.0IPLV/instance-out.sql,44.33,564747.77,124.80,1589833.33
CZ03/Htl&0&cAVVG&Ex&Chlr_equip/AirCldScrewChlr-ltl150tons-Ex-9.7EER-15.8IPLV/instance-out.sql,38.84,494763.14,115.06,1465706.10
CZ03/Htl&0&cAVVG&Ex&Chlr_equip/AirCldScrewChlr-ltl150tons-Ex-10.4EER-17.7IPLV/instance-out.sql,38.26,487432.70,113.14,1441222.42
CZ03/Htl&0&cAVVG&Ex&Chlr_equip/AirCldScrewChlr-ltl150tons-Ex-10.4EER-19.0IPLV/instance-out.sql,38.16,486050.97,112.78,1436607.45
CZ04/Htl&0&cAVVG&Ex&Chlr_equip/AirCldScrewChlr-ltl150tons-Ex-9.7EER-15.8IPLV/instance-out.sql,44.64,568651.90,131.23,1671621.49
CZ04/Htl&0&cAVVG&Ex&Chlr_equip/AirCldScrewChlr-ltl150tons-Ex-10.4EER-17.7IPLV/instance-out.sql,43.61,555512.22,127.78,1627734.97
CZ04/Htl&0&cAVVG&Ex&Chlr_equip/AirCldScrewChlr-ltl150tons-Ex-10.4EER-19.0IPLV/instance-out.sql,43.43,553201.16,127.17,1620016.02
CZ05/Htl&0&cAVVG&Ex&Chlr_equip/AirCldScrewChlr-ltl150tons-Ex-9.7EER-15.8IPLV/instance-out.sql,39.33,501036.68,117.57,1497637.34
CZ05/Htl&0&cAVVG&Ex&Chlr_equip/AirCldScrewChlr-ltl150tons-Ex-10.4EER-17.7IPLV/instance-out.sql,38.65,492309.62,115.28,1468488.95
CZ05/Htl&0&cAVVG&Ex&Chlr_equip/AirCldScrewChlr-ltl150tons-Ex-10.4EER-19.0IPLV/instance-out.sql,38.52,490680.07,114.85,1463046.23
CZ06/Htl&0&cAVVG&Ex&Chlr_equip/AirCldScrewChlr-ltl150tons-Ex-9.7EER-15.8IPLV/instance-out.sql,43.68,556454.06,133.49,1700467.74
CZ06/Htl&0&cAVVG&Ex&Chlr_equip/AirCldScrewChlr-ltl150tons-Ex-10.4EER-17.7IPLV/instance-out.sql,42.39,540008.28,129.18,1645538.83
CZ06/Htl&0&cAVVG&Ex&Chlr_equip/AirCldScrewChlr-ltl150tons-Ex-10.4EER-19.0IPLV/instance-out.sql,42.16,537009.85,128.39,1635524.10
CZ07/Htl&0&cAVVG&Ex&Chlr_equip/AirCldScrewChlr-ltl150tons-Ex-9.7EER-15.8IPLV/instance-out.sql,47.63,606707.00,142.11,1810339.65
CZ07/Htl&0&cAVVG&Ex&Chlr_equip/AirCldScrewChlr-ltl150tons-Ex-10.4EER-17.7IPLV/instance-out.sql,46.14,587716.44,137.14,1746911.18
CZ07/Htl&0&cAVVG&Ex&Chlr_equip/AirCldScrewChlr-ltl150tons-Ex-10.4EER-19.0IPLV/instance-out.sql,45.87,584359.55,136.26,1735699.18
CZ08/Htl&0&cAVVG&Ex&Chlr_equip/AirCldScrewChlr-ltl150tons-Ex-9.7EER-15.8IPLV/instance-out.sql,48.95,623550.15,146.10,1861081.55
CZ08/Htl&0&cAVVG&Ex&Chlr_equip/AirCldScrewChlr-ltl150tons-Ex-10.4EER-17.7IPLV/instance-out.sql,47.40,603776.82,140.91,1795038.64
CZ08/Htl&0&cAVVG&Ex&Chlr_equip/AirCldScrewChlr-ltl150tons-Ex-10.4EER-19.0IPLV/instance-out.sql,47.13,600315.71,140.01,1783478.52
CZ09/Htl&0&cAVVG&Ex&Chlr_equip/AirCldScrewChlr-ltl150tons-Ex-9.7EER-15.8IPLV/instance-out.sql,51.85,660518.04,154.23,1964720.89
CZ09/Htl&0&cAVVG&Ex&Chlr_equip/AirCldScrewChlr-ltl150tons-Ex-10.4EER-17.7IPLV/instance-out.sql,50.08,637934.38,148.31,1889291.48
CZ09/Htl&0&cAVVG&Ex&Chlr_equip/AirCldScrewChlr-ltl150tons-Ex-10.4EER-19.0IPLV/instance-out.sql,49.77,634030.58,147.29,1876252.79
CZ10/Htl&0&cAVVG&Ex&Chlr_equip/AirCldScrewChlr-ltl150tons-Ex-9.7EER-15.8IPLV/instance-out.sql,55.48,706707.53,162.15,2065515.46
CZ10/Htl&0&cAVVG&Ex&Chlr_equip/AirCldScrewChlr-ltl150tons-Ex-10.4EER-17.7IPLV/instance-out.sql,53.56,682275.51,155.74,1983912.53
CZ10/Htl&0&cAVVG&Ex&Chlr_equip/AirCldScrewChlr-ltl150tons-Ex-10.4EER-19.0IPLV/instance-out.sql,53.24,678188.10,154.67,1970260.57
CZ11/Htl&0&cAVVG&Ex&Chlr_equip/AirCldScrewChlr-ltl150tons-Ex-9.7EER-15.8IPLV/instance-out.sql,59.85,762348.13,167.84,2138015.60
CZ11/Htl&0&cAVVG&Ex&Chlr_equip/AirCldScrewChlr-ltl150tons-Ex-10.4EER-17.7IPLV/instance-out.sql,57.97,738448.00,161.57,2058189.17
CZ11/Htl&0&cAVVG&Ex&Chlr_equip/AirCldScrewChlr-ltl150tons-Ex-10.4EER-19.0IPLV/instance-out.sql,57.66,734544.02,160.55,2045149.87
CZ12/Htl&0&cAVVG&Ex&Chlr_equip/AirCldScrewChlr-ltl150tons-Ex-9.7EER-15.8IPLV/instance-out.sql,54.06,688687.05,153.16,1950981.27
CZ12/Htl&0&cAVVG&Ex&Chlr_equip/AirCldScrewChlr-ltl150tons-Ex-10.4EER-17.7IPLV/instance-out.sql,52.46,668310.32,147.81,1882923.01
CZ12/Htl&0&cAVVG&Ex&Chlr_equip/AirCldScrewChlr-ltl150tons-Ex-10.4EER-19.0IPLV/instance-out.sql,52.19,664885.27,146.91,1871483.33
CZ13/Htl&0&cAVVG&Ex&Chlr_equip/AirCldScrewChlr-ltl150tons-Ex-9.7EER-15.8IPLV/instance-out.sql,59.66,760039.92,171.38,2183170.14
CZ13/Htl&0&cAVVG&Ex&Chlr_equip/AirCldScrewChlr-ltl150tons-Ex-10.4EER-17.7IPLV/instance-out.sql,57.63,734107.96,164.58,2096557.40
CZ13/Htl&0&cAVVG&Ex&Chlr_equip/AirCldScrewChlr-ltl150tons-Ex-10.4EER-19.0IPLV/instance-out.sql,57.29,729847.04,163.47,2082325.90
CZ14/Htl&0&cAVVG&Ex&Chlr_equip/AirCldScrewChlr-ltl150tons-Ex-9.7EER-15.8IPLV/instance-out.sql,62.98,802278.39,184.96,2356176.89
CZ14/Htl&0&cAVVG&Ex&Chlr_equip/AirCldScrewChlr-ltl150tons-Ex-10.4EER-17.7IPLV/instance-out.sql,60.55,771284.58,176.84,2252657.57
CZ14/Htl&0&cAVVG&Ex&Chlr_equip/AirCldScrewChlr-ltl150tons-Ex-10.4EER-19.0IPLV/instance-out.sql,60.16,766316.65,175.54,2236064.68
CZ15/Htl&0&cAVVG&Ex&Chlr_equip/AirCldScrewChlr-ltl150tons-Ex-9.7EER-15.8IPLV/instance-out.sql,71.85,915301.36,212.72,2709735.58
CZ15/Htl&0&cAVVG&Ex&Chlr_equip/AirCldScrewChlr-ltl150tons-Ex-10.4EER-17.7IPLV/instance-out.sql,68.44,871834.02,201.32,2564554.69
CZ15/Htl&0&cAVVG&Ex&Chlr_equip/AirCldScrewChlr-ltl150tons-Ex-10.4EER-19.0IPLV/instance-out.sql,67.90,864887.39,199.50,2541352.93
CZ16/Htl&0&cAVVG&Ex&Chlr_equip/AirCldScrewChlr-ltl150tons-Ex-9.7EER-15.8IPLV/instance-out.sql,60.86,775220.36,168.20,2142659.95
CZ16/Htl&0&cAVVG&Ex&Chlr_equip/AirCldScrewChlr-ltl150tons-Ex-10.4EER-17.7IPLV/instance-out.sql,59.05,752172.00,162.16,2065678.43
CZ16/Htl&0&cAVVG&Ex&Chlr_equip/AirCldScrewChlr-ltl150tons-Ex-10.4EER-19.0IPLV/instance-out.sql,58.74,748304.99,161.15,2052762.62

File Name,Total (kWh),Heating (kWh),Cooling (kWh),Interior Lighting (kWh),Exterior Lighting (kWh),Interior Equipment (kWh),Exterior Equipment (kWh),Fans (kWh),Pumps (kWh),Heat Rejection (kWh),Humidification (kWh),Heat Recovery (kWh),Water Systems (kWh),Refrigeration (kWh),Generators (kWh),Heating Elec (kWh),Cooling Elec (kWh),Heating NG (kWh),Cooling NG (kWh),Interior Equipment Elec (kWh),Interior Equipment NG (kWh)
CZ01/Htl&0&cAVVG&Ex&Chlr_equip/AirCldScrewChlr-ltl150tons-Ex-9.7EER-15.8IPLV/instance-out.sql,505910.79000000004,101055.79,20392.97,125722.95,0.0,205621.82,0.0,39867.3,396.67,0.0,0.0,0.0,12853.29,0.0,0.0,0.00,20392.97,101055.79,0.00,179632.92,25988.90
CZ01/Htl&0&cAVVG&Ex&Chlr_equip/AirCldScrewChlr-ltl150tons-Ex-10.4EER-17.7IPLV/instance-out.sql,505056.88,101055.79,19539.06,125722.95,0.0,205621.82,0.0,39867.3,396.67,0.0,0.0,0.0,12853.29,0.0,0.0,0.00,19539.06,101055.79,0.00,179632.92,25988.90
CZ01/Htl&0&cAVVG&Ex&Chlr_equip/AirCldScrewChlr-ltl150tons-Ex-10.4EER-19.0IPLV/instance-out.sql,504890.05000000005,101055.79,19372.24,125722.95,0.0,205621.82,0.0,39867.3,396.67,0.0,0.0,0.0,12853.29,0.0,0.0,0.00,19372.24,101055.79,0.00,179632.92,25988.90
CZ02/Htl&0&cAVVG&Ex&Chlr_equip/AirCldScrewChlr-ltl150tons-Ex-9.7EER-15.8IPLV/instance-out.sql,578217.85,91361.12,85427.8,125722.95,0.0,205621.82,0.0,55781.96,2378.68,0.0,0.0,0.0,11923.52,0.0,0.0,0.00,85427.80,91361.12,0.00,179632.92,25988.90
CZ02/Htl&0&cAVVG&Ex&Chlr_equip/AirCldScrewChlr-ltl150tons-Ex-10.4EER-17.7IPLV/instance-out.sql,566777.55,91361.12,73987.5,125722.95,0.0,205621.82,0.0,55781.96,2378.68,0.0,0.0,0.0,11923.52,0.0,0.0,0.00,73987.50,91361.12,0.00,179632.92,25988.90
CZ02/Htl&0&cAVVG&Ex&Chlr_equip/AirCldScrewChlr-ltl150tons-Ex-10.4EER-19.0IPLV/instance-out.sql,564747.77,91361.12,71957.72,125722.95,0.0,205621.82,0.0,55781.96,2378.68,0.0,0.0,0.0,11923.52,0.0,0.0,0.00,71957.72,91361.12,0.00,179632.92,25988.90
CZ03/Htl&0&cAVVG&Ex&Chlr_equip/AirCldScrewChlr-ltl150tons-Ex-9.7EER-15.8IPLV/instance-out.sql,494763.13,43609.35,62647.19,125722.95,0.0,205621.82,0.0,43206.73,2086.81,0.0,0.0,0.0,11868.29,0.0,0.0,0.00,62647.19,43609.35,0.00,179632.92,25988.90
CZ03/Htl&0&cAVVG&Ex&Chlr_equip/AirCldScrewChlr-ltl150tons-Ex-10.4EER-17.7IPLV/instance-out.sql,487432.69,43609.35,55316.75,125722.95,0.0,205621.82,0.0,43206.73,2086.81,0.0,0.0,0.0,11868.29,0.0,0.0,0.00,55316.75,43609.35,0.00,179632.92,25988.90
CZ03/Htl&0&cAVVG&Ex&Chlr_equip/AirCldScrewChlr-ltl150tons-Ex-10.4EER-19.0IPLV/instance-out.sql,486050.95999999996,43609.35,53935.02,125722.95,0.0,205621.82,0.0,43206.73,2086.81,0.0,0.0,0.0,11868.29,0.0,0.0,0.00,53935.02,43609.35,0.00,179632.92,25988.90
CZ04/Htl&0&cAVVG&Ex&Chlr_equip/AirCldScrewChlr-ltl150tons-Ex-9.7EER-15.8IPLV/instance-out.sql,568651.9,61832.95,103244.37,125722.95,0.0,205621.82,0.0,58123.35,2636.61,0.0,0.0,0.0,11469.84,0.0,0.0,0.00,103244.37,61832.95,0.00,179632.92,25988.90
CZ04/Htl&0&cAVVG&Ex&Chlr_equip/AirCldScrewChlr-ltl150tons-Ex-10.4EER-17.7IPLV/instance-out.sql,555512.22,61832.95,90104.7,125722.95,0.0,205621.82,0.0,58123.35,2636.61,0.0,0.0,0.0,11469.84,0.0,0.0,0.00,90104.70,61832.95,0.00,179632.92,25988.90
CZ04/Htl&0&cAVVG&Ex&Chlr_equip/AirCldScrewChlr-ltl150tons-Ex-10.4EER-19.0IPLV/instance-out.sql,553201.1599999999,61832.95,87793.63,125722.95,0.0,205621.82,0.0,58123.35,2636.61,0.0,0.0,0.0,11469.84,0.0,0.0,0.00,87793.63,61832.95,0.00,179632.92,25988.90
CZ05/Htl&0&cAVVG&Ex&Chlr_equip/AirCldScrewChlr-ltl150tons-Ex-9.7EER-15.8IPLV/instance-out.sql,501036.68000000005,38798.1,71276.98,125722.95,0.0,205621.82,0.0,45547.3,2177.43,0.0,0.0,0.0,11892.11,0.0,0.0,0.00,71276.98,38798.10,0.00,179632.92,25988.90
CZ05/Htl&0&cAVVG&Ex&Chlr_equip/AirCldScrewChlr-ltl150tons-Ex-10.4EER-17.7IPLV/instance-out.sql,492309.62,38798.1,62549.91,125722.95,0.0,205621.82,0.0,45547.3,2177.43,0.0,0.0,0.0,11892.11,0.0,0.0,0.00,62549.91,38798.10,0.00,179632.92,25988.90
CZ05/Htl&0&cAVVG&Ex&Chlr_equip/AirCldScrewChlr-ltl150tons-Ex-10.4EER-19.0IPLV/instance-out.sql,490680.06000000006,38798.1,60920.36,125722.95,0.0,205621.82,0.0,45547.3,2177.43,0.0,0.0,0.0,11892.11,0.0,0.0,0.00,60920.36,38798.10,0.00,179632.92,25988.90
CZ06/Htl&0&cAVVG&Ex&Chlr_equip/AirCldScrewChlr-ltl150tons-Ex-9.7EER-15.8IPLV/instance-out.sql,556454.06,31936.59,119436.83,125722.95,0.0,205621.82,0.0,58923.0,3794.26,0.0,0.0,0.0,11018.61,0.0,0.0,0.00,119436.83,31936.59,0.00,179632.92,25988.90
CZ06/Htl&0&cAVVG&Ex&Chlr_equip/AirCldScrewChlr-ltl150tons-Ex-10.4EER-17.7IPLV/instance-out.sql,540008.28,31936.59,102991.06,125722.95,0.0,205621.82,0.0,58923.0,3794.26,0.0,0.0,0.0,11018.61,0.0,0.0,0.00,102991.06,31936.59,0.00,179632.92,25988.90
CZ06/Htl&0&cAVVG&Ex&Chlr_equip/AirCldScrewChlr-ltl150tons-Ex-10.4EER-19.0IPLV/instance-out.sql,537009.86,31936.59,99992.63,125722.95,0.0,205621.82,0.0,58923.0,3794.26,0.0,0.0,0.0,11018.61,0.0,0.0,0.00,99992.63,31936.59,0.00,179632.92,25988.90
CZ07/Htl&0&cAVVG&Ex&Chlr_equip/AirCldScrewChlr-ltl150tons-Ex-9.7EER-15.8IPLV/instance-out.sql,606707.0,57375.87,133911.72,125722.95,0.0,205621.82,0.0,68953.82,4258.92,0.0,0.0,0.0,10861.89,0.0,0.0,0.00,133911.72,57375.87,0.00,179632.92,25988.90
CZ07/Htl&0&cAVVG&Ex&Chlr_equip/AirCldScrewChlr-ltl150tons-Ex-10.4EER-17.7IPLV/instance-out.sql,587716.4400000001,57375.87,114921.16,125722.95,0.0,205621.82,0.0,68953.82,4258.92,0.0,0.0,0.0,10861.89,0.0,0.0,0.00,114921.16,57375.87,0.00,179632.92,25988.90
CZ07/Htl&0&cAVVG&Ex&Chlr_equip/AirCldScrewChlr-ltl150tons-Ex-10.4EER-19.0IPLV/instance-out.sql,584359.55,57375.87,111564.28,125722.95,0.0,205621.82,0.0,68953.82,4258.92,0.0,0.0,0.0,10861.89,0.0,0.0,0.00,111564.28,57375.87,0.00,179632.92,25988.90
CZ08/Htl&0&cAVVG&Ex&Chlr_equip/AirCldScrewChlr-ltl150tons-Ex-9.7EER-15.8IPLV/instance-out.sql,623550.14,59809.97,146562.43,125722.95,0.0,205621.82,0.0,71282.07,3718.31,0.0,0.0,0.0,10832.6,0.0,0.0,0.00,146562.43,59809.97,0.00,179632.92,25988.90
CZ08/Htl&0&cAVVG&Ex&Chlr_equip/AirCldScrewChlr-ltl150tons-Ex-10.4EER-17.7IPLV/instance-out.sql,603776.82,59809.97,126789.11,125722.95,0.0,205621.82,0.0,71282.07,3718.31,0.0,0.0,0.0,10832.6,0.0,0.0,0.00,126789.11,59809.97,0.00,179632.92,25988.90
CZ08/Htl&0&cAVVG&Ex&Chlr_equip/AirCldScrewChlr-ltl150tons-Ex-10.4EER-19.0IPLV/instance-out.sql,600315.71,59809.97,123327.99,125722.95,0.0,205621.82,0.0,71282.07,3718.31,0.0,0.0,0.0,10832.6,0.0,0.0,0.00,123327.99,59809.97,0.00,179632.92,25988.90
CZ09/Htl&0&cAVVG&Ex&Chlr_equip/AirCldScrewChlr-ltl150tons-Ex-9.7EER-15.8IPLV/instance-out.sql,660518.04,68487.55,167370.05,125722.95,0.0,205621.82,0.0,77982.03,4529.08,0.0,0.0,0.0,10804.56,0.0,0.0,0.00,167370.05,68487.55,0.00,179632.92,25988.90
CZ09/Htl&0&cAVVG&Ex&Chlr_equip/AirCldScrewChlr-ltl150tons-Ex-10.4EER-17.7IPLV/instance-out.sql,637934.38,68487.55,144786.39,125722.95,0.0,205621.82,0.0,77982.03,4529.08,0.0,0.0,0.0,10804.56,0.0,0.0,0.00,144786.39,68487.55,0.00,179632.92,25988.90
CZ09/Htl&0&cAVVG&Ex&Chlr_equip/AirCldScrewChlr-ltl150tons-Ex-10.4EER-19.0IPLV/instance-out.sql,634030.58,68487.55,140882.59,125722.95,0.0,205621.82,0.0,77982.03,4529.08,0.0,0.0,0.0,10804.56,0.0,0.0,0.00,140882.59,68487.55,0.00,179632.92,25988.90
CZ10/Htl&0&cAVVG&Ex&Chlr_equip/AirCldScrewChlr-ltl150tons-Ex-9.7EER-15.8IPLV/instance-out.sql,706707.53,92033.57,185326.99,125722.95,0.0,205621.82,0.0,83600.07,3821.16,0.0,0.0,0.0,10580.97,0.0,0.0,0.00,185326.99,92033.57,0.00,179632.92,25988.90
CZ10/Htl&0&cAVVG&Ex&Chlr_equip/AirCldScrewChlr-ltl150tons-Ex-10.4EER-17.7IPLV/instance-out.sql,682275.52,92033.57,160894.97,125722.95,0.0,205621.82,0.0,83600.07,3821.16,0.0,0.0,0.0,10580.97,0.0,0.0,0.00,160894.97,92033.57,0.00,179632.92,25988.90
CZ10/Htl&0&cAVVG&Ex&Chlr_equip/AirCldScrewChlr-ltl150tons-Ex-10.4EER-19.0IPLV/instance-out.sql,678188.1000000001,92033.57,156807.56,125722.95,0.0,205621.82,0.0,83600.07,3821.16,0.0,0.0,0.0,10580.97,0.0,0.0,0.00,156807.56,92033.57,0.00,179632.92,25988.90
CZ11/Htl&0&cAVVG&Ex&Chlr_equip/AirCldScrewChlr-ltl150tons-Ex-9.7EER-15.8IPLV/instance-out.sql,762348.13,141200.51,190228.42,125722.95,0.0,205621.82,0.0,85250.98,3480.96,0.0,0.0,0.0,10842.49,0.0,0.0,0.00,190228.42,141200.51,0.00,179632.92,25988.90
CZ11/Htl&0&cAVVG&Ex&Chlr_equip/AirCldScrewChlr-ltl150tons-Ex-10.4EER-17.7IPLV/instance-out.sql,738448.0,141200.51,166328.29,125722.95,0.0,205621.82,0.0,85250.98,3480.96,0.0,0.0,0.0,10842.49,0.0,0.0,0.00,166328.29,141200.51,0.00,179632.92,25988.90
CZ11/Htl&0&cAVVG&Ex&Chlr_equip/AirCldScrewChlr-ltl150tons-Ex-10.4EER-19.0IPLV/instance-out.sql,734544.02,141200.51,162424.31,125722.95,0.0,205621.82,0.0,85250.98,3480.96,0.0,0.0,0.0,10842.49,0.0,0.0,0.00,162424.31,141200.51,0.00,179632.92,25988.90
CZ12/Htl&0&cAVVG&Ex&Chlr_equip/AirCldScrewChlr-ltl150tons-Ex-9.7EER-15.8IPLV/instance-out.sql,688687.05,115217.86,154766.22,125722.95,0.0,205621.82,0.0,72997.37,3263.41,0.0,0.0,0.0,11097.42,0.0,0.0,0.00,154766.22,115217.86,0.00,179632.92,25988.90
CZ12/Htl&0&cAVVG&Ex&Chlr_equip/AirCldScrewChlr-ltl150tons-Ex-10.4EER-17.7IPLV/instance-out.sql,668310.3300000001,115217.86,134389.49,125722.95,0.0,205621.82,0.0,72997.37,3263.41,0.0,0.0,0.0,11097.42,0.0,0.0,0.00,134389.49,115217.86,0.00,179632.92,25988.90
CZ12/Htl&0&cAVVG&Ex&Chlr_equip/AirCldScrewChlr-ltl150tons-Ex-10.4EER-19.0IPLV/instance-out.sql,664885.27,115217.86,130964.44,125722.95,0.0,205621.82,0.0,72997.37,3263.41,0.0,0.0,0.0,11097.42,0.0,0.0,0.00,130964.44,115217.86,0.00,179632.92,25988.90
CZ13/Htl&0&cAVVG&Ex&Chlr_equip/AirCldScrewChlr-ltl150tons-Ex-9.7EER-15.8IPLV/instance-out.sql,760039.92,118445.51,208974.0,125722.95,0.0,205621.82,0.0,86957.18,3775.47,0.0,0.0,0.0,10543.0,0.0,0.0,0.00,208974.00,118445.51,0.00,179632.92,25988.90
CZ13/Htl&0&cAVVG&Ex&Chlr_equip/AirCldScrewChlr-ltl150tons-Ex-10.4EER-17.7IPLV/instance-out.sql,734107.9700000001,118445.51,183042.04,125722.95,0.0,205621.82,0.0,86957.18,3775.47,0.0,0.0,0.0,10543.0,0.0,0.0,0.00,183042.04,118445.51,0.00,179632.92,25988.90
CZ13/Htl&0&cAVVG&Ex&Chlr_equip/AirCldScrewChlr-ltl150tons-Ex-10.4EER-19.0IPLV/instance-out.sql,729847.04,118445.51,178781.11,125722.95,0.0,205621.82,0.0,86957.18,3775.47,0.0,0.0,0.0,10543.0,0.0,0.0,0.00,178781.11,118445.51,0.00,179632.92,25988.90
CZ14/Htl&0&cAVVG&Ex&Chlr_equip/AirCldScrewChlr-ltl150tons-Ex-9.7EER-15.8IPLV/instance-out.sql,802278.3999999999,104969.26,251386.32,125722.95,0.0,205621.82,0.0,99687.62,4796.28,0.0,0.0,0.0,10094.15,0.0,0.0,0.00,251386.32,104969.26,0.00,179632.92,25988.90
CZ14/Htl&0&cAVVG&Ex&Chlr_equip/AirCldScrewChlr-ltl150tons-Ex-10.4EER-17.7IPLV/instance-out.sql,771284.5900000001,104969.26,220392.51,125722.95,0.0,205621.82,0.0,99687.62,4796.28,0.0,0.0,0.0,10094.15,0.0,0.0,0.00,220392.51,104969.26,0.00,179632.92,25988.90
CZ14/Htl&0&cAVVG&Ex&Chlr_equip/AirCldScrewChlr-ltl150tons-Ex-10.4EER-19.0IPLV/instance-out.sql,766316.6599999999,104969.26,215424.58,125722.95,0.0,205621.82,0.0,99687.62,4796.28,0.0,0.0,0.0,10094.15,0.0,0.0,0.00,215424.58,104969.26,0.00,179632.92,25988.90
CZ15/Htl&0&cAVVG&Ex&Chlr_equip/AirCldScrewChlr-ltl150tons-Ex-9.7EER-15.8IPLV/instance-out.sql,915301.36,116500.92,343897.37,125722.95,0.0,205621.82,0.0,109811.41,4744.8,0.0,0.0,0.0,9002.09,0.0,0.0,0.00,343897.37,116500.92,0.00,179632.92,25988.90
CZ15/Htl&0&cAVVG&Ex&Chlr_equip/AirCldScrewChlr-ltl150tons-Ex-10.4EER-17.7IPLV/instance-out.sql,871834.02,116500.92,300430.03,125722.95,0.0,205621.82,0.0,109811.41,4744.8,0.0,0.0,0.0,9002.09,0.0,0.0,0.00,300430.03,116500.92,0.00,179632.92,25988.90
CZ15/Htl&0&cAVVG&Ex&Chlr_equip/AirCldScrewChlr-ltl150tons-Ex-10.4EER-19.0IPLV/instance-out.sql,864887.39,116500.92,293483.4,125722.95,0.0,205621.82,0.0,109811.41,4744.8,0.0,0.0,0.0,9002.09,0.0,0.0,0.00,293483.40,116500.92,0.00,179632.92,25988.90
CZ16/Htl&0&cAVVG&Ex&Chlr_equip/AirCldScrewChlr-ltl150tons-Ex-9.7EER-15.8IPLV/instance-out.sql,775220.35,157060.67,172008.92,125722.95,0.0,205621.82,0.0,99301.39,3797.95,0.0,0.0,0.0,11706.67,0.0,0.0,0.00,172008.92,157060.67,0.00,179632.92,25988.90
CZ16/Htl&0&cAVVG&Ex&Chlr_equip/AirCldScrewChlr-ltl150tons-Ex-10.4EER-17.7IPLV/instance-out.sql,752172.0,157060.67,148960.56,125722.95,0.0,205621.82,0.0,99301.39,3797.95,0.0,0.0,0.0,11706.67,0.0,0.0,0.00,148960.56,157060.67,0.00,179632.92,25988.90
CZ16/Htl&0&cAVVG&Ex&Chlr_equip/AirCldScrewChlr-ltl150tons-Ex-10.4EER-19.0IPLV/instance-out.sql,748304.99,157060.67,145093.55,125722.95,0.0,205621.82,0.0,99301.39,3797.95,0.0,0.0,0.0,11706.67,0.0,0.0,0.00,145093.55,157060.67,0.00,179632.92,25988.90

File Name,Electricity (kWh),Natural Gas (kWh)
CZ01/Htl&0&cAVVG&Ex&Chlr_equip/AirCldScrewChlr-ltl150tons-Ex-9.7EER-15.8IPLV/instance-out.sql,366012.81,139897.98
CZ01/Htl&0&cAVVG&Ex&Chlr_equip/AirCldScrewChlr-ltl150tons-Ex-10.4EER-17.7IPLV/instance-out.sql,365158.90,139897.98
CZ01/Htl&0&cAVVG&Ex&Chlr_equip/AirCldScrewChlr-ltl150tons-Ex-10.4EER-19.0IPLV/instance-out.sql,364992.07,139897.98
CZ02/Htl&0&cAVVG&Ex&Chlr_equip/AirCldScrewChlr-ltl150tons-Ex-9.7EER-15.8IPLV/instance-out.sql,448944.31,129273.54
CZ02/Htl&0&cAVVG&Ex&Chlr_equip/AirCldScrewChlr-ltl150tons-Ex-10.4EER-17.7IPLV/instance-out.sql,437504.01,129273.54
CZ02/Htl&0&cAVVG&Ex&Chlr_equip/AirCldScrewChlr-ltl150tons-Ex-10.4EER-19.0IPLV/instance-out.sql,435474.23,129273.54
CZ03/Htl&0&cAVVG&Ex&Chlr_equip/AirCldScrewChlr-ltl150tons-Ex-9.7EER-15.8IPLV/instance-out.sql,413296.59,81466.54
CZ03/Htl&0&cAVVG&Ex&Chlr_equip/AirCldScrewChlr-ltl150tons-Ex-10.4EER-17.7IPLV/instance-out.sql,405966.15,81466.54
CZ03/Htl&0&cAVVG&Ex&Chlr_equip/AirCldScrewChlr-ltl150tons-Ex-10.4EER-19.0IPLV/instance-out.sql,404584.42,81466.54
CZ04/Htl&0&cAVVG&Ex&Chlr_equip/AirCldScrewChlr-ltl150tons-Ex-9.7EER-15.8IPLV/instance-out.sql,469360.21,99291.69
CZ04/Htl&0&cAVVG&Ex&Chlr_equip/AirCldScrewChlr-ltl150tons-Ex-10.4EER-17.7IPLV/instance-out.sql,456220.53,99291.69
CZ04/Htl&0&cAVVG&Ex&Chlr_equip/AirCldScrewChlr-ltl150tons-Ex-10.4EER-19.0IPLV/instance-out.sql,453909.47,99291.69
CZ05/Htl&0&cAVVG&Ex&Chlr_equip/AirCldScrewChlr-ltl150tons-Ex-9.7EER-15.8IPLV/instance-out.sql,424357.58,76679.10
CZ05/Htl&0&cAVVG&Ex&Chlr_equip/AirCldScrewChlr-ltl150tons-Ex-10.4EER-17.7IPLV/instance-out.sql,415630.52,76679.10
CZ05/Htl&0&cAVVG&Ex&Chlr_equip/AirCldScrewChlr-ltl150tons-Ex-10.4EER-19.0IPLV/instance-out.sql,414000.96,76679.10
CZ06/Htl&0&cAVVG&Ex&Chlr_equip/AirCldScrewChlr-ltl150tons-Ex-9.7EER-15.8IPLV/instance-out.sql,487509.96,68944.10
CZ06/Htl&0&cAVVG&Ex&Chlr_equip/AirCldScrewChlr-ltl150tons-Ex-10.4EER-17.7IPLV/instance-out.sql,471064.18,68944.10
CZ06/Htl&0&cAVVG&Ex&Chlr_equip/AirCldScrewChlr-ltl150tons-Ex-10.4EER-19.0IPLV/instance-out.sql,468065.76,68944.10
CZ07/Htl&0&cAVVG&Ex&Chlr_equip/AirCldScrewChlr-ltl150tons-Ex-9.7EER-15.8IPLV/instance-out.sql,512480.34,94226.66
CZ07/Htl&0&cAVVG&Ex&Chlr_equip/AirCldScrewChlr-ltl150tons-Ex-10.4EER-17.7IPLV/instance-out.sql,493489.78,94226.66
CZ07/Htl&0&cAVVG&Ex&Chlr_equip/AirCldScrewChlr-ltl150tons-Ex-10.4EER-19.0IPLV/instance-out.sql,490132.89,94226.66
CZ08/Htl&0&cAVVG&Ex&Chlr_equip/AirCldScrewChlr-ltl150tons-Ex-9.7EER-15.8IPLV/instance-out.sql,526918.68,96631.46
CZ08/Htl&0&cAVVG&Ex&Chlr_equip/AirCldScrewChlr-ltl150tons-Ex-10.4EER-17.7IPLV/instance-out.sql,507145.36,96631.46
CZ08/Htl&0&cAVVG&Ex&Chlr_equip/AirCldScrewChlr-ltl150tons-Ex-10.4EER-19.0IPLV/instance-out.sql,503684.25,96631.46
CZ09/Htl&0&cAVVG&Ex&Chlr_equip/AirCldScrewChlr-ltl150tons-Ex-9.7EER-15.8IPLV/instance-out.sql,555237.03,105281.01
CZ09/Htl&0&cAVVG&Ex&Chlr_equip/AirCldScrewChlr-ltl150tons-Ex-10.4EER-17.7IPLV/instance-out.sql,532653.37,105281.01
CZ09/Htl&0&cAVVG&Ex&Chlr_equip/AirCldScrewChlr-ltl150tons-Ex-10.4EER-19.0IPLV/instance-out.sql,528749.57,105281.01
CZ10/Htl&0&cAVVG&Ex&Chlr_equip/AirCldScrewChlr-ltl150tons-Ex-9.7EER-15.8IPLV/instance-out.sql,578104.09,128603.44
CZ10/Htl&0&cAVVG&Ex&Chlr_equip/AirCldScrewChlr-ltl150tons-Ex-10.4EER-17.7IPLV/instance-out.sql,553672.08,128603.44
CZ10/Htl&0&cAVVG&Ex&Chlr_equip/AirCldScrewChlr-ltl150tons-Ex-10.4EER-19.0IPLV/instance-out.sql,549584.66,128603.44
CZ11/Htl&0&cAVVG&Ex&Chlr_equip/AirCldScrewChlr-ltl150tons-Ex-9.7EER-15.8IPLV/instance-out.sql,584316.23,178031.90
CZ11/Htl&0&cAVVG&Ex&Chlr_equip/AirCldScrewChlr-ltl150tons-Ex-10.4EER-17.7IPLV/instance-out.sql,560416.10,178031.90
CZ11/Htl&0&cAVVG&Ex&Chlr_equip/AirCldScrewChlr-ltl150tons-Ex-10.4EER-19.0IPLV/instance-out.sql,556512.12,178031.90
CZ12/Htl&0&cAVVG&Ex&Chlr_equip/AirCldScrewChlr-ltl150tons-Ex-9.7EER-15.8IPLV/instance-out.sql,536382.87,152304.18
CZ12/Htl&0&cAVVG&Ex&Chlr_equip/AirCldScrewChlr-ltl150tons-Ex-10.4EER-17.7IPLV/instance-out.sql,516006.15,152304.18
CZ12/Htl&0&cAVVG&Ex&Chlr_equip/AirCldScrewChlr-ltl150tons-Ex-10.4EER-19.0IPLV/instance-out.sql,512581.09,152304.18
CZ13/Htl&0&cAVVG&Ex&Chlr_equip/AirCldScrewChlr-ltl150tons-Ex-9.7EER-15.8IPLV/instance-out.sql,605062.51,154977.41
CZ13/Htl&0&cAVVG&Ex&Chlr_equip/AirCldScrewChlr-ltl150tons-Ex-10.4EER-17.7IPLV/instance-out.sql,579130.56,154977.41
CZ13/Htl&0&cAVVG&Ex&Chlr_equip/AirCldScrewChlr-ltl150tons-Ex-10.4EER-19.0IPLV/instance-out.sql,574869.63,154977.41
CZ14/Htl&0&cAVVG&Ex&Chlr_equip/AirCldScrewChlr-ltl150tons-Ex-9.7EER-15.8IPLV/instance-out.sql,661226.09,141052.31
CZ14/Htl&0&cAVVG&Ex&Chlr_equip/AirCldScrewChlr-ltl150tons-Ex-10.4EER-17.7IPLV/instance-out.sql,630232.28,141052.31
CZ14/Htl&0&cAVVG&Ex&Chlr_equip/AirCldScrewChlr-ltl150tons-Ex-10.4EER-19.0IPLV/instance-out.sql,625264.35,141052.31
CZ15/Htl&0&cAVVG&Ex&Chlr_equip/AirCldScrewChlr-ltl150tons-Ex-9.7EER-15.8IPLV/instance-out.sql,763809.45,151491.91
CZ15/Htl&0&cAVVG&Ex&Chlr_equip/AirCldScrewChlr-ltl150tons-Ex-10.4EER-17.7IPLV/instance-out.sql,720342.11,151491.91
CZ15/Htl&0&cAVVG&Ex&Chlr_equip/AirCldScrewChlr-ltl150tons-Ex-10.4EER-19.0IPLV/instance-out.sql,713395.48,151491.91
CZ16/Htl&0&cAVVG&Ex&Chlr_equip/AirCldScrewChlr-ltl150tons-Ex-9.7EER-15.8IPLV/instance-out.sql,580464.12,194756.23
CZ16/Htl&0&cAVVG&Ex&Chlr_equip/AirCldScrewChlr-ltl150tons-Ex-10.4EER-17.7IPLV/instance-out.sql,557415.77,194756.23
CZ16/Htl&0&cAVVG&Ex&Chlr_equip/AirCldScrewChlr-ltl150tons-Ex-10.4EER-19.0IPLV/instance-out.sql,553548.76,194756.23

File Name,Unmet Heating (Hours),Unmet Cooling (Hours)
CZ01/Htl&0&cAVVG&Ex&Chlr_equip/AirCldScrewChlr-ltl150tons-Ex-9.7EER-15.8IPLV/instance-out.sql,0.00,0.00
CZ01/Htl&0&cAVVG&Ex&Chlr_equip/AirCldScrewChlr-ltl150tons-Ex-10.4EER-17.7IPLV/instance-out.sql,0.00,0.00
CZ01/Htl&0&cAVVG&Ex&Chlr_equip/AirCldScrewChlr-ltl150tons-Ex-10.4EER-19.0IPLV/instance-out.sql,0.00,0.00
CZ02/Htl&0&cAVVG&Ex&Chlr_equip/AirCldScrewChlr-ltl150tons-Ex-9.7EER-15.8IPLV/instance-out.sql,0.00,0.00
CZ02/Htl&0&cAVVG&Ex&Chlr_equip/AirCldScrewChlr-ltl150tons-Ex-10.4EER-17.7IPLV/instance-out.sql,0.00,0.00
CZ02/Htl&0&cAVVG&Ex&Chlr_equip/AirCldScrewChlr-ltl150tons-Ex-10.4EER-19.0IPLV/instance-out.sql,0.00,0.00
CZ03/Htl&0&cAVVG&Ex&Chlr_equip/AirCldScrewChlr-ltl150tons-Ex-9.7EER-15.8IPLV/instance-out.sql,0.00,0.00
CZ03/Htl&0&cAVVG&Ex&Chlr_equip/AirCldScrewChlr-ltl150tons-Ex-10.4EER-17.7IPLV/instance-out.sql,0.00,0.00
CZ03/Htl&0&cAVVG&Ex&Chlr_equip/AirCldScrewChlr-ltl150tons-Ex-10.4EER-19.0IPLV/instance-out.sql,0.00,0.00
CZ04/Htl&0&cAVVG&Ex&Chlr_equip/AirCldScrewChlr-ltl150tons-Ex-9.7EER-15.8IPLV/instance-out.sql,0.00,0.00
CZ04/Htl&0&cAVVG&Ex&Chlr_equip/AirCldScrewChlr-ltl150tons-Ex-10.4EER-17.7IPLV/instance-out.sql,0.00,0.00
CZ04/Htl&0&cAVVG&Ex&Chlr_equip/AirCldScrewChlr-ltl150tons-Ex-10.4EER-19.0IPLV/instance-out.sql,0.00,0.00
CZ05/Htl&0&cAVVG&Ex&Chlr_equip/AirCldScrewChlr-ltl150tons-Ex-9.7EER-15.8IPLV/instance-out.sql,0.00,0.00
CZ05/Htl&0&cAVVG&Ex&Chlr_equip/AirCldScrewChlr-ltl150tons-Ex-10.4EER-17.7IPLV/instance-out.sql,0.00,0.00
CZ05/Htl&0&cAVVG&Ex&Chlr_equip/AirCldScrewChlr-ltl150tons-Ex-10.4EER-19.0IPLV/instance-out.sql,0.00,0.00
CZ06/Htl&0&cAVVG&Ex&Chlr_equip/AirCldScrewChlr-ltl150tons-Ex-9.7EER-15.8IPLV/instance-out.sql,0.00,0.00
CZ06/Htl&0&cAVVG&Ex&Chlr_equip/AirCldScrewChlr-ltl150tons-Ex-10.4EER-17.7IPLV/instance-out.sql,0.00,0.00
CZ06/Htl&0&cAVVG&Ex&Chlr_equip/AirCldScrewChlr-ltl150tons-Ex-10.4EER-19.0IPLV/instance-out.sql,0.00,0.00
CZ07/Htl&0&cAVVG&Ex&Chlr_equip/AirCldScrewChlr-ltl150tons-Ex-9.7EER-15.8IPLV/instance-out.sql,0.00,0.00
CZ07/Htl&0&cAVVG&Ex&Chlr_equip/AirCldScrewChlr-ltl150tons-Ex-10.4EER-17.7IPLV/instance-out.sql,0.00,0.00
CZ07/Htl&0&cAVVG&Ex&Chlr_equip/AirCldScrewChlr-ltl150tons-Ex-10.4EER-19.0IPLV/instance-out.sql,0.00,0.00
CZ08/Htl&0&cAVVG&Ex&Chlr_equip/AirCldScrewChlr-ltl150tons-Ex-9.7EER-15.8IPLV/instance-out.sql,0.00,0.00
CZ08/Htl&0&cAVVG&Ex&Chlr_equip/AirCldScrewChlr-ltl150tons-Ex-10.4EER-17.7IPLV/instance-out.sql,0.00,0.00
CZ08/Htl&0&cAVVG&Ex&Chlr_equip/AirCldScrewChlr-ltl150tons-Ex-10.4EER-19.0IPLV/instance-out.sql,0.00,0.00
CZ09/Htl&0&cAVVG&Ex&Chlr_equip/AirCldScrewChlr-ltl150tons-Ex-9.7EER-15.8IPLV/instance-out.sql,0.00,0.00
CZ09/Htl&0&cAVVG&Ex&Chlr_equip/AirCldScrewChlr-ltl150tons-Ex-10.4EER-17.7IPLV/instance-out.sql,0.00,0.00
CZ09/Htl&0&cAVVG&Ex&Chlr_equip/AirCldScrewChlr-ltl150tons-Ex-10.4EER-19.0IPLV/instance-out.sql,0.00,0.00
CZ10/Htl&0&cAVVG&Ex&Chlr_equip/AirCldScrewChlr-ltl150tons-Ex-9.7EER-15.8IPLV/instance-out.sql,0.00,0.00
CZ10/Htl&0&cAVVG&Ex&Chlr_equip/AirCldScrewChlr-ltl150tons-Ex-10.4EER-17.7IPLV/instance-out.sql,0.00,0.00
CZ10/Htl&0&cAVVG&Ex&Chlr_equip/AirCldScrewChlr-ltl150tons-Ex-10.4EER-19.0IPLV/instance-out.sql,0.00,0.00
CZ11/Htl&0&cAVVG&Ex&Chlr_equip/AirCldScrewChlr-ltl150tons-Ex-9.7EER-15.8IPLV/instance-out.sql,0.00,0.00
CZ11/Htl&0&cAVVG&Ex&Chlr_equip/AirCldScrewChlr-ltl150tons-Ex-10.4EER-17.7IPLV/instance-out.sql,0.00,0.00
CZ11/Htl&0&cAVVG&Ex&Chlr_equip/AirCldScrewChlr-ltl150tons-Ex-10.4EER-19.0IPLV/instance-out.sql,0.00,0.00
CZ12/Htl&0&cAVVG&Ex&Chlr_equip/AirCldScrewChlr-ltl150tons-Ex-9.7EER-15.8IPLV/instance-out.sql,0.00,0.00
CZ12/Htl&0&cAVVG&Ex&Chlr_equip/AirCldScrewChlr-ltl150tons-Ex-10.4EER-17.7IPLV/instance-out.sql,0.00,0.00
CZ12/Htl&0&cAVVG&Ex&Chlr_equip/AirCldScrewChlr-ltl150tons-Ex-10.4EER-19.0IPLV/instance-out.sql,0.00,0.00
CZ13/Htl&0&cAVVG&Ex&Chlr_equip/AirCldScrewChlr-ltl150tons-Ex-9.7EER-15.8IPLV/instance-out.sql,0.00,0.00
CZ13/Htl&0&cAVVG&Ex&Chlr_equip/AirCldScrewChlr-ltl150tons-Ex-10.4EER-17.7IPLV/instance-out.sql,0.00,0.00
CZ13/Htl&0&cAVVG&Ex&Chlr_equip/AirCldScrewChlr-ltl150tons-Ex-10.4EER-19.0IPLV/instance-out.sql,0.00,0.00
CZ14/Htl&0&cAVVG&Ex&Chlr_equip/AirCldScrewChlr-ltl150tons-Ex-9.7EER-15.8IPLV/instance-out.sql,0.00,0.00
CZ14/Htl&0&cAVVG&Ex&Chlr_equip/AirCldScrewChlr-ltl150tons-Ex-10.4EER-17.7IPLV/instance-out.sql,0.00,0.00
CZ14/Htl&0&cAVVG&Ex&Chlr_equip/AirCldScrewChlr-ltl150tons-Ex-10.4EER-19.0IPLV/instance-out.sql,0.00,0.00
CZ15/Htl&0&cAVVG&Ex&Chlr_equip/AirCldScrewChlr-ltl150tons-Ex-9.7EER-15.8IPLV/instance-out.sql,0.00,0.00
CZ15/Htl&0&cAVVG&Ex&Chlr_equip/AirCldScrewChlr-ltl150tons-Ex-10.4EER-17.7IPLV/instance-out.sql,0.00,0.00
CZ15/Htl&0&cAVVG&Ex&Chlr_equip/AirCldScrewChlr-ltl150tons-Ex-10.4EER-19.0IPLV/instance-out.sql,0.00,0.00
CZ16/Htl&0&cAVVG&Ex&Chlr_equip/AirCldScrewChlr-ltl150tons-Ex-9.7EER-15.8IPLV/instance-out.sql,0.00,0.00
CZ16/Htl&0&cAVVG&Ex&Chlr_equip/AirCldScrewChlr-ltl150tons-Ex-10.4EER-17.7IPLV/instance-out.sql,0.00,0.00
CZ16/Htl&0&cAVVG&Ex&Chlr_equip/AirCldScrewChlr-ltl150tons-Ex-10.4EER-19.0IPLV/instance-out.sql,0.00,0.00

