File Name,Net Site EUI (kWh/m2),Net Site Energy (kWh),Net Source EUI (kWh/m2),Net Source Energy (kWh)
CZ01/Htl&0&cDXGF&New&Fenest__ManufWin/T242025Htl/instance-out.sql,38.22,486849.17,107.06,1363755.48
CZ01/Htl&0&cDXGF&New&Fenest__ManufWin/Msr1NCHtl/instance-out.sql,37.84,482036.94,107.43,1368532.52
CZ01/Htl&0&cDXGF&New&Fenest__ManufWin/Msr2NCHtl/instance-out.sql,37.97,483743.45,106.08,1351337.69
CZ01/Htl&0&cDXGF&New&Fenest__ManufWin/Msr3NCHtl/instance-out.sql,37.85,482187.71,108.05,1376356.74
CZ02/Htl&0&cDXGF&New&Fenest__ManufWin/T242025Htl/instance-out.sql,41.29,526012.19,118.70,1512046.91
CZ02/Htl&0&cDXGF&New&Fenest__ManufWin/Msr1NCHtl/instance-out.sql,41.52,528882.05,119.98,1528346.85
CZ02/Htl&0&cDXGF&New&Fenest__ManufWin/Msr2NCHtl/instance-out.sql,40.88,520785.14,117.08,1491375.26
CZ02/Htl&0&cDXGF&New&Fenest__ManufWin/Msr3NCHtl/instance-out.sql,41.47,528278.59,120.34,1532940.06
CZ03/Htl&0&cDXGF&New&Fenest__ManufWin/T242025Htl/instance-out.sql,37.41,476520.87,111.40,1419077.85
CZ03/Htl&0&cDXGF&New&Fenest__ManufWin/Msr1NCHtl/instance-out.sql,37.43,476795.17,112.05,1427341.86
CZ03/Htl&0&cDXGF&New&Fenest__ManufWin/Msr2NCHtl/instance-out.sql,36.74,468001.72,109.15,1390415.65
CZ03/Htl&0&cDXGF&New&Fenest__ManufWin/Msr3NCHtl/instance-out.sql,37.45,477057.36,112.53,1433460.10
CZ04/Htl&0&cDXGF&New&Fenest__ManufWin/T242025Htl/instance-out.sql,41.20,524783.82,121.47,1547332.19
CZ04/Htl&0&cDXGF&New&Fenest__ManufWin/Msr1NCHtl/instance-out.sql,41.21,524912.41,121.92,1553131.28
CZ04/Htl&0&cDXGF&New&Fenest__ManufWin/Msr2NCHtl/instance-out.sql,40.26,512818.68,118.33,1507306.59
CZ04/Htl&0&cDXGF&New&Fenest__ManufWin/Msr3NCHtl/instance-out.sql,41.50,528594.34,123.15,1568761.16
CZ05/Htl&0&cDXGF&New&Fenest__ManufWin/T242025Htl/instance-out.sql,38.25,487270.03,113.49,1445664.32
CZ05/Htl&0&cDXGF&New&Fenest__ManufWin/Msr1NCHtl/instance-out.sql,38.32,488131.57,114.13,1453833.45
CZ05/Htl&0&cDXGF&New&Fenest__ManufWin/Msr2NCHtl/instance-out.sql,37.62,479164.60,111.21,1416597.85
CZ05/Htl&0&cDXGF&New&Fenest__ManufWin/Msr3NCHtl/instance-out.sql,38.64,492259.80,115.41,1470175.08
CZ06/Htl&0&cDXGF&New&Fenest__ManufWin/T242025Htl/instance-out.sql,39.14,498618.14,120.54,1535568.30
CZ06/Htl&0&cDXGF&New&Fenest__ManufWin/Msr1NCHtl/instance-out.sql,39.26,500080.13,121.03,1541707.77
CZ06/Htl&0&cDXGF&New&Fenest__ManufWin/Msr2NCHtl/instance-out.sql,38.19,486467.49,117.17,1492616.67
CZ06/Htl&0&cDXGF&New&Fenest__ManufWin/Msr3NCHtl/instance-out.sql,39.75,506324.35,122.71,1563192.59
CZ07/Htl&0&cDXGF&New&Fenest__ManufWin/T242025Htl/instance-out.sql,39.50,503140.28,121.35,1545779.04
CZ07/Htl&0&cDXGF&New&Fenest__ManufWin/Msr1NCHtl/instance-out.sql,39.61,504601.94,121.79,1551491.36
CZ07/Htl&0&cDXGF&New&Fenest__ManufWin/Msr2NCHtl/instance-out.sql,38.88,495255.31,118.83,1513729.72
CZ07/Htl&0&cDXGF&New&Fenest__ManufWin/Msr3NCHtl/instance-out.sql,40.03,509987.62,123.27,1570322.18
CZ08/Htl&0&cDXGF&New&Fenest__ManufWin/T242025Htl/instance-out.sql,42.07,535960.48,127.57,1625094.87
CZ08/Htl&0&cDXGF&New&Fenest__ManufWin/Msr1NCHtl/instance-out.sql,42.74,544450.96,129.40,1648353.27
CZ08/Htl&0&cDXGF&New&Fenest__ManufWin/Msr2NCHtl/instance-out.sql,41.78,532242.65,125.60,1600026.83
CZ08/Htl&0&cDXGF&New&Fenest__ManufWin/Msr3NCHtl/instance-out.sql,42.53,541811.94,129.33,1647524.81
CZ09/Htl&0&cDXGF&New&Fenest__ManufWin/T242025Htl/instance-out.sql,42.90,546543.10,130.66,1664359.16
CZ09/Htl&0&cDXGF&New&Fenest__ManufWin/Msr1NCHtl/instance-out.sql,43.50,554172.42,132.20,1684007.35
CZ09/Htl&0&cDXGF&New&Fenest__ManufWin/Msr2NCHtl/instance-out.sql,42.45,540779.35,128.22,1633382.43
CZ09/Htl&0&cDXGF&New&Fenest__ManufWin/Msr3NCHtl/instance-out.sql,43.28,551374.47,132.19,1683963.89
CZ10/Htl&0&cDXGF&New&Fenest__ManufWin/T242025Htl/instance-out.sql,48.06,612165.81,142.15,1810821.10
CZ10/Htl&0&cDXGF&New&Fenest__ManufWin/Msr1NCHtl/instance-out.sql,47.94,610712.87,142.00,1808840.75
CZ10/Htl&0&cDXGF&New&Fenest__ManufWin/Msr2NCHtl/instance-out.sql,47.05,599370.94,138.10,1759246.67
CZ10/Htl&0&cDXGF&New&Fenest__ManufWin/Msr3NCHtl/instance-out.sql,48.40,616521.66,143.67,1830163.87
CZ11/Htl&0&cDXGF&New&Fenest__ManufWin/T242025Htl/instance-out.sql,52.16,664504.78,146.54,1866738.12
CZ11/Htl&0&cDXGF&New&Fenest__ManufWin/Msr1NCHtl/instance-out.sql,51.81,659945.97,146.00,1859772.64
CZ11/Htl&0&cDXGF&New&Fenest__ManufWin/Msr2NCHtl/instance-out.sql,51.02,649936.71,142.47,1814846.10
CZ11/Htl&0&cDXGF&New&Fenest__ManufWin/Msr3NCHtl/instance-out.sql,52.09,663613.26,147.35,1876995.27
CZ12/Htl&0&cDXGF&New&Fenest__ManufWin/T242025Htl/instance-out.sql,49.16,626176.80,138.89,1769305.05
CZ12/Htl&0&cDXGF&New&Fenest__ManufWin/Msr1NCHtl/instance-out.sql,48.82,621839.01,138.62,1765761.26
CZ12/Htl&0&cDXGF&New&Fenest__ManufWin/Msr2NCHtl/instance-out.sql,47.90,610167.52,134.98,1719388.99
CZ12/Htl&0&cDXGF&New&Fenest__ManufWin/Msr3NCHtl/instance-out.sql,49.22,627046.70,140.11,1784748.14
CZ13/Htl&0&cDXGF&New&Fenest__ManufWin/T242025Htl/instance-out.sql,52.92,674080.80,150.53,1917520.45
CZ13/Htl&0&cDXGF&New&Fenest__ManufWin/Msr1NCHtl/instance-out.sql,52.51,668864.36,149.75,1907550.25
CZ13/Htl&0&cDXGF&New&Fenest__ManufWin/Msr2NCHtl/instance-out.sql,51.58,657047.92,145.97,1859502.92
CZ13/Htl&0&cDXGF&New&Fenest__ManufWin/Msr3NCHtl/instance-out.sql,52.89,673693.68,151.25,1926726.65
CZ14/Htl&0&cDXGF&New&Fenest__ManufWin/T242025Htl/instance-out.sql,55.76,710318.47,160.07,2039100.81
CZ14/Htl&0&cDXGF&New&Fenest__ManufWin/Msr1NCHtl/instance-out.sql,55.38,705492.23,159.05,2026044.75
CZ14/Htl&0&cDXGF&New&Fenest__ManufWin/Msr2NCHtl/instance-out.sql,54.39,692812.75,154.77,1971603.60
CZ14/Htl&0&cDXGF&New&Fenest__ManufWin/Msr3NCHtl/instance-out.sql,55.75,710194.68,160.69,2046934.56
CZ15/Htl&0&cDXGF&New&Fenest__ManufWin/T242025Htl/instance-out.sql,59.44,757129.00,176.71,2251082.65
CZ15/Htl&0&cDXGF&New&Fenest__ManufWin/Msr1NCHtl/instance-out.sql,58.83,749348.80,174.77,2226301.31
CZ15/Htl&0&cDXGF&New&Fenest__ManufWin/Msr2NCHtl/instance-out.sql,57.32,730176.73,169.48,2158926.22
CZ15/Htl&0&cDXGF&New&Fenest__ManufWin/Msr3NCHtl/instance-out.sql,59.37,756240.81,176.76,2251667.01
CZ16/Htl&0&cDXGF&New&Fenest__ManufWin/T242025Htl/instance-out.sql,52.30,666226.69,143.45,1827350.75
CZ16/Htl&0&cDXGF&New&Fenest__ManufWin/Msr1NCHtl/instance-out.sql,51.77,659448.55,143.02,1821884.20
CZ16/Htl&0&cDXGF&New&Fenest__ManufWin/Msr2NCHtl/instance-out.sql,51.26,652954.17,139.61,1778482.88
CZ16/Htl&0&cDXGF&New&Fenest__ManufWin/Msr3NCHtl/instance-out.sql,52.03,662736.17,144.43,1839830.12

File Name,Total (kWh),Heating (kWh),Cooling (kWh),Interior Lighting (kWh),Exterior Lighting (kWh),Interior Equipment (kWh),Exterior Equipment (kWh),Fans (kWh),Pumps (kWh),Heat Rejection (kWh),Humidification (kWh),Heat Recovery (kWh),Water Systems (kWh),Refrigeration (kWh),Generators (kWh),Heating Elec (kWh),Cooling Elec (kWh),Heating NG (kWh),Cooling NG (kWh),Interior Equipment Elec (kWh),Interior Equipment NG (kWh)
CZ01/Htl&0&cDXGF&New&Fenest__ManufWin/T242025Htl/instance-out.sql,486849.16,75538.0,18286.68,125722.95,0.0,205621.82,0.0,48766.24,39.71,0.0,0.0,0.0,12873.78,0.0,0.0,0.00,18286.68,75538.00,0.00,179632.92,25988.90
CZ01/Htl&0&cDXGF&New&Fenest__ManufWin/Msr1NCHtl/instance-out.sql,482036.94,66563.76,20926.03,125722.95,0.0,205621.82,0.0,50409.7,37.51,0.0,0.0,0.0,12755.17,0.0,0.0,0.00,20926.03,66563.76,0.00,179632.92,25988.90
CZ01/Htl&0&cDXGF&New&Fenest__ManufWin/Msr2NCHtl/instance-out.sql,483743.45,76554.14,15476.97,125722.95,0.0,205621.82,0.0,47575.45,42.77,0.0,0.0,0.0,12749.35,0.0,0.0,0.00,15476.97,76554.14,0.00,179632.92,25988.90
CZ01/Htl&0&cDXGF&New&Fenest__ManufWin/Msr3NCHtl/instance-out.sql,482187.70999999996,63382.22,23172.7,125722.95,0.0,205621.82,0.0,51507.72,36.2,0.0,0.0,0.0,12744.11,0.0,0.0,0.00,23172.70,63382.22,0.00,179632.92,25988.90
CZ02/Htl&0&cDXGF&New&Fenest__ManufWin/T242025Htl/instance-out.sql,526012.19,68913.1,64212.97,125722.95,0.0,205621.82,0.0,49608.36,60.54,0.0,0.0,0.0,11872.45,0.0,0.0,0.00,64212.97,68913.10,0.00,179632.92,25988.90
CZ02/Htl&0&cDXGF&New&Fenest__ManufWin/Msr1NCHtl/instance-out.sql,528882.0499999999,66086.02,67655.24,125722.95,0.0,205621.82,0.0,51965.87,58.94,0.0,0.0,0.0,11771.22,0.0,0.0,0.00,67655.24,66086.02,0.00,179632.92,25988.90
CZ02/Htl&0&cDXGF&New&Fenest__ManufWin/Msr2NCHtl/instance-out.sql,520785.13,70284.42,58442.02,125722.95,0.0,205621.82,0.0,48757.05,54.4,0.0,0.0,0.0,11902.47,0.0,0.0,0.00,58442.02,70284.42,0.00,179632.92,25988.90
CZ02/Htl&0&cDXGF&New&Fenest__ManufWin/Msr3NCHtl/instance-out.sql,528278.59,63118.61,69821.66,125722.95,0.0,205621.82,0.0,52078.55,58.52,0.0,0.0,0.0,11856.48,0.0,0.0,0.00,69821.66,63118.61,0.00,179632.92,25988.90
CZ03/Htl&0&cDXGF&New&Fenest__ManufWin/T242025Htl/instance-out.sql,476520.87,37414.55,48624.48,125722.95,0.0,205621.82,0.0,47272.7,38.05,0.0,0.0,0.0,11826.32,0.0,0.0,0.00,48624.48,37414.55,0.00,179632.92,25988.90
CZ03/Htl&0&cDXGF&New&Fenest__ManufWin/Msr1NCHtl/instance-out.sql,476795.17,34254.15,50871.25,125722.95,0.0,205621.82,0.0,48505.23,37.53,0.0,0.0,0.0,11782.24,0.0,0.0,0.00,50871.25,34254.15,0.00,179632.92,25988.90
CZ03/Htl&0&cDXGF&New&Fenest__ManufWin/Msr2NCHtl/instance-out.sql,468001.72000000003,37478.31,42160.24,125722.95,0.0,205621.82,0.0,45129.15,35.88,0.0,0.0,0.0,11853.38,0.0,0.0,0.00,42160.24,37478.31,0.00,179632.92,25988.90
CZ03/Htl&0&cDXGF&New&Fenest__ManufWin/Msr3NCHtl/instance-out.sql,477057.36,31919.73,53106.51,125722.95,0.0,205621.82,0.0,48817.62,38.38,0.0,0.0,0.0,11830.35,0.0,0.0,0.00,53106.51,31919.73,0.00,179632.92,25988.90
CZ04/Htl&0&cDXGF&New&Fenest__ManufWin/T242025Htl/instance-out.sql,524783.8300000001,52243.05,77772.87,125722.95,0.0,205621.82,0.0,51982.47,75.68,0.0,0.0,0.0,11364.99,0.0,0.0,0.00,77772.87,52243.05,0.00,179632.92,25988.90
CZ04/Htl&0&cDXGF&New&Fenest__ManufWin/Msr1NCHtl/instance-out.sql,524912.41,49877.78,79355.33,125722.95,0.0,205621.82,0.0,52869.04,76.97,0.0,0.0,0.0,11388.52,0.0,0.0,0.00,79355.33,49877.78,0.00,179632.92,25988.90
CZ04/Htl&0&cDXGF&New&Fenest__ManufWin/Msr2NCHtl/instance-out.sql,512818.68,52183.74,68886.71,125722.95,0.0,205621.82,0.0,48879.12,73.0,0.0,0.0,0.0,11451.35,0.0,0.0,0.00,68886.71,52183.74,0.00,179632.92,25988.90
CZ04/Htl&0&cDXGF&New&Fenest__ManufWin/Msr3NCHtl/instance-out.sql,528594.34,48510.22,83132.75,125722.95,0.0,205621.82,0.0,54225.56,78.18,0.0,0.0,0.0,11302.86,0.0,0.0,0.00,83132.75,48510.22,0.00,179632.92,25988.90
CZ05/Htl&0&cDXGF&New&Fenest__ManufWin/T242025Htl/instance-out.sql,487270.02,41554.52,54080.17,125722.95,0.0,205621.82,0.0,48497.46,44.08,0.0,0.0,0.0,11749.03,0.0,0.0,0.00,54080.17,41554.52,0.00,179632.92,25988.90
CZ05/Htl&0&cDXGF&New&Fenest__ManufWin/Msr1NCHtl/instance-out.sql,488131.58,39273.49,56136.4,125722.95,0.0,205621.82,0.0,49611.17,43.39,0.0,0.0,0.0,11722.35,0.0,0.0,0.00,56136.40,39273.49,0.00,179632.92,25988.90
CZ05/Htl&0&cDXGF&New&Fenest__ManufWin/Msr2NCHtl/instance-out.sql,479164.60000000003,42476.93,47223.59,125722.95,0.0,205621.82,0.0,46382.6,40.35,0.0,0.0,0.0,11696.37,0.0,0.0,0.00,47223.59,42476.93,0.00,179632.92,25988.90
CZ05/Htl&0&cDXGF&New&Fenest__ManufWin/Msr3NCHtl/instance-out.sql,492259.8,38104.87,59877.35,125722.95,0.0,205621.82,0.0,51110.61,44.78,0.0,0.0,0.0,11777.43,0.0,0.0,0.00,59877.35,38104.87,0.00,179632.92,25988.90
CZ06/Htl&0&cDXGF&New&Fenest__ManufWin/T242025Htl/instance-out.sql,498618.13999999996,19615.06,84788.24,125722.95,0.0,205621.82,0.0,51806.61,53.25,0.0,0.0,0.0,11010.21,0.0,0.0,0.00,84788.24,19615.06,0.00,179632.92,25988.90
CZ06/Htl&0&cDXGF&New&Fenest__ManufWin/Msr1NCHtl/instance-out.sql,500080.13,19075.45,85986.75,125722.95,0.0,205621.82,0.0,52617.06,54.22,0.0,0.0,0.0,11001.89,0.0,0.0,0.00,85986.75,19075.45,0.00,179632.92,25988.90
CZ06/Htl&0&cDXGF&New&Fenest__ManufWin/Msr2NCHtl/instance-out.sql,486467.49,20728.1,74727.45,125722.95,0.0,205621.82,0.0,48685.81,51.29,0.0,0.0,0.0,10930.07,0.0,0.0,0.00,74727.45,20728.10,0.00,179632.92,25988.90
CZ06/Htl&0&cDXGF&New&Fenest__ManufWin/Msr3NCHtl/instance-out.sql,506324.36,18856.38,90738.58,125722.95,0.0,205621.82,0.0,54382.33,55.71,0.0,0.0,0.0,10946.59,0.0,0.0,0.00,90738.58,18856.38,0.00,179632.92,25988.90
CZ07/Htl&0&cDXGF&New&Fenest__ManufWin/T242025Htl/instance-out.sql,503140.28,21905.52,87982.34,125722.95,0.0,205621.82,0.0,50998.41,55.52,0.0,0.0,0.0,10853.72,0.0,0.0,0.00,87982.34,21905.52,0.00,179632.92,25988.90
CZ07/Htl&0&cDXGF&New&Fenest__ManufWin/Msr1NCHtl/instance-out.sql,504601.94,21552.73,89040.95,125722.95,0.0,205621.82,0.0,51761.89,57.23,0.0,0.0,0.0,10844.38,0.0,0.0,0.00,89040.95,21552.73,0.00,179632.92,25988.90
CZ07/Htl&0&cDXGF&New&Fenest__ManufWin/Msr2NCHtl/instance-out.sql,495255.31,24375.42,79887.21,125722.95,0.0,205621.82,0.0,48713.77,58.6,0.0,0.0,0.0,10875.54,0.0,0.0,0.00,79887.21,24375.42,0.00,179632.92,25988.90
CZ07/Htl&0&cDXGF&New&Fenest__ManufWin/Msr3NCHtl/instance-out.sql,509987.62,21170.96,93269.18,125722.95,0.0,205621.82,0.0,53285.62,58.42,0.0,0.0,0.0,10858.66,0.0,0.0,0.00,93269.18,21170.96,0.00,179632.92,25988.90
CZ08/Htl&0&cDXGF&New&Fenest__ManufWin/T242025Htl/instance-out.sql,535960.48,35186.39,103661.92,125722.95,0.0,205621.82,0.0,54893.85,84.98,0.0,0.0,0.0,10788.58,0.0,0.0,0.00,103661.92,35186.39,0.00,179632.92,25988.90
CZ08/Htl&0&cDXGF&New&Fenest__ManufWin/Msr1NCHtl/instance-out.sql,544450.96,37344.18,106955.62,125722.95,0.0,205621.82,0.0,57861.76,89.78,0.0,0.0,0.0,10854.85,0.0,0.0,0.00,106955.62,37344.18,0.00,179632.92,25988.90
CZ08/Htl&0&cDXGF&New&Fenest__ManufWin/Msr2NCHtl/instance-out.sql,532242.65,40643.01,95618.85,125722.95,0.0,205621.82,0.0,53697.66,89.41,0.0,0.0,0.0,10848.95,0.0,0.0,0.00,95618.85,40643.01,0.00,179632.92,25988.90
CZ08/Htl&0&cDXGF&New&Fenest__ManufWin/Msr3NCHtl/instance-out.sql,541811.9299999999,33889.51,108841.65,125722.95,0.0,205621.82,0.0,56821.72,87.49,0.0,0.0,0.0,10826.81,0.0,0.0,0.00,108841.65,33889.51,0.00,179632.92,25988.90
CZ09/Htl&0&cDXGF&New&Fenest__ManufWin/T242025Htl/instance-out.sql,546543.1,33555.55,113781.58,125722.95,0.0,205621.82,0.0,57061.61,89.01,0.0,0.0,0.0,10710.58,0.0,0.0,0.00,113781.58,33555.55,0.00,179632.92,25988.90
CZ09/Htl&0&cDXGF&New&Fenest__ManufWin/Msr1NCHtl/instance-out.sql,554172.4199999999,36127.4,116485.02,125722.95,0.0,205621.82,0.0,59437.79,94.55,0.0,0.0,0.0,10682.89,0.0,0.0,0.00,116485.02,36127.40,0.00,179632.92,25988.90
CZ09/Htl&0&cDXGF&New&Fenest__ManufWin/Msr2NCHtl/instance-out.sql,540779.35,38667.51,104648.15,125722.95,0.0,205621.82,0.0,55313.2,93.35,0.0,0.0,0.0,10712.36,0.0,0.0,0.00,104648.15,38667.51,0.00,179632.92,25988.90
CZ09/Htl&0&cDXGF&New&Fenest__ManufWin/Msr3NCHtl/instance-out.sql,551374.47,32055.34,118421.04,125722.95,0.0,205621.82,0.0,58762.81,92.12,0.0,0.0,0.0,10698.39,0.0,0.0,0.00,118421.04,32055.34,0.00,179632.92,25988.90
CZ10/Htl&0&cDXGF&New&Fenest__ManufWin/T242025Htl/instance-out.sql,612165.81,65335.12,139834.27,125722.95,0.0,205621.82,0.0,64879.32,128.32,0.0,0.0,0.0,10644.02,0.0,0.0,0.00,139834.27,65335.12,0.00,179632.92,25988.90
CZ10/Htl&0&cDXGF&New&Fenest__ManufWin/Msr1NCHtl/instance-out.sql,610712.88,64106.3,139367.81,125722.95,0.0,205621.82,0.0,65140.02,133.85,0.0,0.0,0.0,10620.13,0.0,0.0,0.00,139367.81,64106.30,0.00,179632.92,25988.90
CZ10/Htl&0&cDXGF&New&Fenest__ManufWin/Msr2NCHtl/instance-out.sql,599370.94,69244.29,127053.55,125722.95,0.0,205621.82,0.0,61007.11,131.36,0.0,0.0,0.0,10589.87,0.0,0.0,0.00,127053.55,69244.29,0.00,179632.92,25988.90
CZ10/Htl&0&cDXGF&New&Fenest__ManufWin/Msr3NCHtl/instance-out.sql,616521.66,63152.17,144358.95,125722.95,0.0,205621.82,0.0,66795.24,134.37,0.0,0.0,0.0,10736.16,0.0,0.0,0.00,144358.95,63152.17,0.00,179632.92,25988.90
CZ11/Htl&0&cDXGF&New&Fenest__ManufWin/T242025Htl/instance-out.sql,664504.78,117028.39,141264.2,125722.95,0.0,205621.82,0.0,63919.7,145.63,0.0,0.0,0.0,10802.11,0.0,0.0,0.00,141264.20,117028.39,0.00,179632.92,25988.90
CZ11/Htl&0&cDXGF&New&Fenest__ManufWin/Msr1NCHtl/instance-out.sql,659945.97,113271.17,140149.13,125722.95,0.0,205621.82,0.0,64078.57,145.7,0.0,0.0,0.0,10956.63,0.0,0.0,0.00,140149.13,113271.17,0.00,179632.92,25988.90
CZ11/Htl&0&cDXGF&New&Fenest__ManufWin/Msr2NCHtl/instance-out.sql,649936.71,118291.46,128558.13,125722.95,0.0,205621.82,0.0,60654.63,138.03,0.0,0.0,0.0,10949.69,0.0,0.0,0.00,128558.13,118291.46,0.00,179632.92,25988.90
CZ11/Htl&0&cDXGF&New&Fenest__ManufWin/Msr3NCHtl/instance-out.sql,663613.26,111187.69,144607.59,125722.95,0.0,205621.82,0.0,65454.99,147.27,0.0,0.0,0.0,10870.95,0.0,0.0,0.00,144607.59,111187.69,0.00,179632.92,25988.90
CZ12/Htl&0&cDXGF&New&Fenest__ManufWin/T242025Htl/instance-out.sql,626176.8,103363.7,120101.14,125722.95,0.0,205621.82,0.0,60124.25,113.44,0.0,0.0,0.0,11129.51,0.0,0.0,0.00,120101.14,103363.70,0.00,179632.92,25988.90
CZ12/Htl&0&cDXGF&New&Fenest__ManufWin/Msr1NCHtl/instance-out.sql,621839.01,98538.88,120075.82,125722.95,0.0,205621.82,0.0,60587.31,110.88,0.0,0.0,0.0,11181.35,0.0,0.0,0.00,120075.82,98538.88,0.00,179632.92,25988.90
CZ12/Htl&0&cDXGF&New&Fenest__ManufWin/Msr2NCHtl/instance-out.sql,610167.53,101908.46,108743.15,125722.95,0.0,205621.82,0.0,57035.67,101.07,0.0,0.0,0.0,11034.41,0.0,0.0,0.00,108743.15,101908.46,0.00,179632.92,25988.90
CZ12/Htl&0&cDXGF&New&Fenest__ManufWin/Msr3NCHtl/instance-out.sql,627046.71,97914.51,124574.63,125722.95,0.0,205621.82,0.0,61986.77,115.11,0.0,0.0,0.0,11110.92,0.0,0.0,0.00,124574.63,97914.51,0.00,179632.92,25988.90
CZ13/Htl&0&cDXGF&New&Fenest__ManufWin/T242025Htl/instance-out.sql,674080.8,109022.42,156432.81,125722.95,0.0,205621.82,0.0,66525.56,145.36,0.0,0.0,0.0,10609.89,0.0,0.0,0.00,156432.81,109022.42,0.00,179632.92,25988.90
CZ13/Htl&0&cDXGF&New&Fenest__ManufWin/Msr1NCHtl/instance-out.sql,668864.37,105774.17,154477.81,125722.95,0.0,205621.82,0.0,66515.36,144.31,0.0,0.0,0.0,10607.94,0.0,0.0,0.00,154477.81,105774.17,0.00,179632.92,25988.90
CZ13/Htl&0&cDXGF&New&Fenest__ManufWin/Msr2NCHtl/instance-out.sql,657047.9299999999,109571.63,142447.76,125722.95,0.0,205621.82,0.0,62992.63,138.65,0.0,0.0,0.0,10552.49,0.0,0.0,0.00,142447.76,109571.63,0.00,179632.92,25988.90
CZ13/Htl&0&cDXGF&New&Fenest__ManufWin/Msr3NCHtl/instance-out.sql,673693.68,104497.71,159227.88,125722.95,0.0,205621.82,0.0,67921.33,146.19,0.0,0.0,0.0,10555.8,0.0,0.0,0.00,159227.88,104497.71,0.00,179632.92,25988.90
CZ14/Htl&0&cDXGF&New&Fenest__ManufWin/T242025Htl/instance-out.sql,710318.47,109324.05,188661.83,125722.95,0.0,205621.82,0.0,70747.6,170.32,0.0,0.0,0.0,10069.9,0.0,0.0,0.00,188661.83,109324.05,0.00,179632.92,25988.90
CZ14/Htl&0&cDXGF&New&Fenest__ManufWin/Msr1NCHtl/instance-out.sql,705492.24,107994.46,185376.14,125722.95,0.0,205621.82,0.0,70540.43,172.99,0.0,0.0,0.0,10063.44,0.0,0.0,0.00,185376.14,107994.46,0.00,179632.92,25988.90
CZ14/Htl&0&cDXGF&New&Fenest__ManufWin/Msr2NCHtl/instance-out.sql,692812.75,113254.26,171638.59,125722.95,0.0,205621.82,0.0,66329.05,169.14,0.0,0.0,0.0,10076.94,0.0,0.0,0.00,171638.59,113254.26,0.00,179632.92,25988.90
CZ14/Htl&0&cDXGF&New&Fenest__ManufWin/Msr3NCHtl/instance-out.sql,710194.68,105719.04,190641.82,125722.95,0.0,205621.82,0.0,72236.74,174.09,0.0,0.0,0.0,10078.23,0.0,0.0,0.00,190641.82,105719.04,0.00,179632.92,25988.90
CZ15/Htl&0&cDXGF&New&Fenest__ManufWin/T242025Htl/instance-out.sql,757129.0,86114.63,252862.17,125722.95,0.0,205621.82,0.0,77611.77,179.16,0.0,0.0,0.0,9016.5,0.0,0.0,0.00,252862.17,86114.63,0.00,179632.92,25988.90
CZ15/Htl&0&cDXGF&New&Fenest__ManufWin/Msr1NCHtl/instance-out.sql,749348.7999999999,85571.52,246531.02,125722.95,0.0,205621.82,0.0,76689.03,178.18,0.0,0.0,0.0,9034.3,0.0,0.0,0.00,246531.02,85571.52,0.00,179632.92,25988.90
CZ15/Htl&0&cDXGF&New&Fenest__ManufWin/Msr2NCHtl/instance-out.sql,730176.73,87024.34,230146.13,125722.95,0.0,205621.82,0.0,72448.84,174.41,0.0,0.0,0.0,9038.25,0.0,0.0,0.00,230146.13,87024.34,0.00,179632.92,25988.90
CZ15/Htl&0&cDXGF&New&Fenest__ManufWin/Msr3NCHtl/instance-out.sql,756240.81,84469.42,252772.94,125722.95,0.0,205621.82,0.0,78362.41,178.16,0.0,0.0,0.0,9113.11,0.0,0.0,0.00,252772.94,84469.42,0.00,179632.92,25988.90
CZ16/Htl&0&cDXGF&New&Fenest__ManufWin/T242025Htl/instance-out.sql,666226.69,135688.93,118395.45,125722.95,0.0,205621.82,0.0,68824.68,145.94,0.0,0.0,0.0,11826.93,0.0,0.0,0.00,118395.45,135688.93,0.00,179632.92,25988.90
CZ16/Htl&0&cDXGF&New&Fenest__ManufWin/Msr1NCHtl/instance-out.sql,659448.55,128301.47,118541.14,125722.95,0.0,205621.82,0.0,69388.39,147.48,0.0,0.0,0.0,11725.32,0.0,0.0,0.00,118541.14,128301.47,0.00,179632.92,25988.90
CZ16/Htl&0&cDXGF&New&Fenest__ManufWin/Msr2NCHtl/instance-out.sql,652954.17,137687.65,107186.16,125722.95,0.0,205621.82,0.0,64788.31,140.16,0.0,0.0,0.0,11807.13,0.0,0.0,0.00,107186.16,137687.65,0.00,179632.92,25988.90
CZ16/Htl&0&cDXGF&New&Fenest__ManufWin/Msr3NCHtl/instance-out.sql,662736.1599999999,125192.13,123006.43,125722.95,0.0,205621.82,0.0,71247.85,147.96,0.0,0.0,0.0,11797.03,0.0,0.0,0.00,123006.43,125192.13,0.00,179632.92,25988.90

File Name,Electricity (kWh),Natural Gas (kWh)
CZ01/Htl&0&cDXGF&New&Fenest__ManufWin/T242025Htl/instance-out.sql,372448.49,114400.67
CZ01/Htl&0&cDXGF&New&Fenest__ManufWin/Msr1NCHtl/instance-out.sql,376729.11,105307.83
CZ01/Htl&0&cDXGF&New&Fenest__ManufWin/Msr2NCHtl/instance-out.sql,368451.07,115292.38
CZ01/Htl&0&cDXGF&New&Fenest__ManufWin/Msr3NCHtl/instance-out.sql,380072.48,102115.23
CZ02/Htl&0&cDXGF&New&Fenest__ManufWin/T242025Htl/instance-out.sql,419237.74,106774.45
CZ02/Htl&0&cDXGF&New&Fenest__ManufWin/Msr1NCHtl/instance-out.sql,425035.91,103846.14
CZ02/Htl&0&cDXGF&New&Fenest__ManufWin/Msr2NCHtl/instance-out.sql,412609.34,108175.79
CZ02/Htl&0&cDXGF&New&Fenest__ManufWin/Msr3NCHtl/instance-out.sql,427314.60,100963.99
CZ03/Htl&0&cDXGF&New&Fenest__ManufWin/T242025Htl/instance-out.sql,401291.10,75229.77
CZ03/Htl&0&cDXGF&New&Fenest__ManufWin/Msr1NCHtl/instance-out.sql,404769.88,72025.29
CZ03/Htl&0&cDXGF&New&Fenest__ManufWin/Msr2NCHtl/instance-out.sql,392681.14,75320.58
CZ03/Htl&0&cDXGF&New&Fenest__ManufWin/Msr3NCHtl/instance-out.sql,407318.38,69738.98
CZ04/Htl&0&cDXGF&New&Fenest__ManufWin/T242025Htl/instance-out.sql,435186.89,89596.94
CZ04/Htl&0&cDXGF&New&Fenest__ManufWin/Msr1NCHtl/instance-out.sql,437657.21,87255.20
CZ04/Htl&0&cDXGF&New&Fenest__ManufWin/Msr2NCHtl/instance-out.sql,423194.69,89623.99
CZ04/Htl&0&cDXGF&New&Fenest__ManufWin/Msr3NCHtl/instance-out.sql,442792.36,85801.98
CZ05/Htl&0&cDXGF&New&Fenest__ManufWin/T242025Htl/instance-out.sql,407977.58,79292.44
CZ05/Htl&0&cDXGF&New&Fenest__ManufWin/Msr1NCHtl/instance-out.sql,411146.84,76984.74
CZ05/Htl&0&cDXGF&New&Fenest__ManufWin/Msr2NCHtl/instance-out.sql,399002.40,80162.20
CZ05/Htl&0&cDXGF&New&Fenest__ManufWin/Msr3NCHtl/instance-out.sql,416388.61,75871.19
CZ06/Htl&0&cDXGF&New&Fenest__ManufWin/T242025Htl/instance-out.sql,442003.97,56614.17
CZ06/Htl&0&cDXGF&New&Fenest__ManufWin/Msr1NCHtl/instance-out.sql,444013.90,56066.23
CZ06/Htl&0&cDXGF&New&Fenest__ManufWin/Msr2NCHtl/instance-out.sql,428820.42,57647.07
CZ06/Htl&0&cDXGF&New&Fenest__ManufWin/Msr3NCHtl/instance-out.sql,450532.49,55791.87
CZ07/Htl&0&cDXGF&New&Fenest__ManufWin/T242025Htl/instance-out.sql,444392.14,58748.14
CZ07/Htl&0&cDXGF&New&Fenest__ManufWin/Msr1NCHtl/instance-out.sql,446215.93,58386.01
CZ07/Htl&0&cDXGF&New&Fenest__ManufWin/Msr2NCHtl/instance-out.sql,434015.45,61239.86
CZ07/Htl&0&cDXGF&New&Fenest__ManufWin/Msr3NCHtl/instance-out.sql,451969.10,58018.52
CZ08/Htl&0&cDXGF&New&Fenest__ManufWin/T242025Htl/instance-out.sql,463996.62,71963.86
CZ08/Htl&0&cDXGF&New&Fenest__ManufWin/Msr1NCHtl/instance-out.sql,470263.03,74187.93
CZ08/Htl&0&cDXGF&New&Fenest__ManufWin/Msr2NCHtl/instance-out.sql,454761.79,77480.86
CZ08/Htl&0&cDXGF&New&Fenest__ManufWin/Msr3NCHtl/instance-out.sql,471106.72,70705.21
CZ09/Htl&0&cDXGF&New&Fenest__ManufWin/T242025Htl/instance-out.sql,476288.07,70255.03
CZ09/Htl&0&cDXGF&New&Fenest__ManufWin/Msr1NCHtl/instance-out.sql,481373.23,72799.19
CZ09/Htl&0&cDXGF&New&Fenest__ManufWin/Msr2NCHtl/instance-out.sql,465410.58,75368.77
CZ09/Htl&0&cDXGF&New&Fenest__ManufWin/Msr3NCHtl/instance-out.sql,482631.84,68742.63
CZ10/Htl&0&cDXGF&New&Fenest__ManufWin/T242025Htl/instance-out.sql,510197.77,101968.04
CZ10/Htl&0&cDXGF&New&Fenest__ManufWin/Msr1NCHtl/instance-out.sql,509997.55,100715.33
CZ10/Htl&0&cDXGF&New&Fenest__ManufWin/Msr2NCHtl/instance-out.sql,493547.88,105823.06
CZ10/Htl&0&cDXGF&New&Fenest__ManufWin/Msr3NCHtl/instance-out.sql,516644.43,99877.23
CZ11/Htl&0&cDXGF&New&Fenest__ManufWin/T242025Htl/instance-out.sql,510685.39,153819.39
CZ11/Htl&0&cDXGF&New&Fenest__ManufWin/Msr1NCHtl/instance-out.sql,509729.27,150216.70
CZ11/Htl&0&cDXGF&New&Fenest__ManufWin/Msr2NCHtl/instance-out.sql,494706.66,155230.05
CZ11/Htl&0&cDXGF&New&Fenest__ManufWin/Msr3NCHtl/instance-out.sql,515565.72,148047.54
CZ12/Htl&0&cDXGF&New&Fenest__ManufWin/T242025Htl/instance-out.sql,485694.70,140482.10
CZ12/Htl&0&cDXGF&New&Fenest__ManufWin/Msr1NCHtl/instance-out.sql,486129.88,135709.13
CZ12/Htl&0&cDXGF&New&Fenest__ManufWin/Msr2NCHtl/instance-out.sql,471235.76,138931.77
CZ12/Htl&0&cDXGF&New&Fenest__ManufWin/Msr3NCHtl/instance-out.sql,492032.38,135014.33
CZ13/Htl&0&cDXGF&New&Fenest__ManufWin/T242025Htl/instance-out.sql,528459.60,145621.20
CZ13/Htl&0&cDXGF&New&Fenest__ManufWin/Msr1NCHtl/instance-out.sql,526493.36,142371.01
CZ13/Htl&0&cDXGF&New&Fenest__ManufWin/Msr2NCHtl/instance-out.sql,510934.91,146113.02
CZ13/Htl&0&cDXGF&New&Fenest__ManufWin/Msr3NCHtl/instance-out.sql,532651.27,141042.41
CZ14/Htl&0&cDXGF&New&Fenest__ManufWin/T242025Htl/instance-out.sql,564935.62,145382.85
CZ14/Htl&0&cDXGF&New&Fenest__ManufWin/Msr1NCHtl/instance-out.sql,561445.44,144046.80
CZ14/Htl&0&cDXGF&New&Fenest__ManufWin/Msr2NCHtl/instance-out.sql,543492.65,149320.10
CZ14/Htl&0&cDXGF&New&Fenest__ManufWin/Msr3NCHtl/instance-out.sql,568408.52,141786.16
CZ15/Htl&0&cDXGF&New&Fenest__ManufWin/T242025Htl/instance-out.sql,636008.98,121120.02
CZ15/Htl&0&cDXGF&New&Fenest__ManufWin/Msr1NCHtl/instance-out.sql,628754.09,120594.71
CZ15/Htl&0&cDXGF&New&Fenest__ManufWin/Msr2NCHtl/instance-out.sql,608125.24,122051.49
CZ15/Htl&0&cDXGF&New&Fenest__ManufWin/Msr3NCHtl/instance-out.sql,636669.38,119571.43
CZ16/Htl&0&cDXGF&New&Fenest__ManufWin/T242025Htl/instance-out.sql,492721.94,173504.75
CZ16/Htl&0&cDXGF&New&Fenest__ManufWin/Msr1NCHtl/instance-out.sql,493432.87,166015.68
CZ16/Htl&0&cDXGF&New&Fenest__ManufWin/Msr2NCHtl/instance-out.sql,477470.50,175483.67
CZ16/Htl&0&cDXGF&New&Fenest__ManufWin/Msr3NCHtl/instance-out.sql,499758.11,162978.05

File Name,Unmet Heating (Hours),Unmet Cooling (Hours)
CZ01/Htl&0&cDXGF&New&Fenest__ManufWin/T242025Htl/instance-out.sql,0.00,0.00
CZ01/Htl&0&cDXGF&New&Fenest__ManufWin/Msr1NCHtl/instance-out.sql,0.00,0.00
CZ01/Htl&0&cDXGF&New&Fenest__ManufWin/Msr2NCHtl/instance-out.sql,0.00,0.00
CZ01/Htl&0&cDXGF&New&Fenest__ManufWin/Msr3NCHtl/instance-out.sql,0.00,0.00
CZ02/Htl&0&cDXGF&New&Fenest__ManufWin/T242025Htl/instance-out.sql,0.00,1.00
CZ02/Htl&0&cDXGF&New&Fenest__ManufWin/Msr1NCHtl/instance-out.sql,0.00,0.00
CZ02/Htl&0&cDXGF&New&Fenest__ManufWin/Msr2NCHtl/instance-out.sql,0.00,0.00
CZ02/Htl&0&cDXGF&New&Fenest__ManufWin/Msr3NCHtl/instance-out.sql,0.00,1.00
CZ03/Htl&0&cDXGF&New&Fenest__ManufWin/T242025Htl/instance-out.sql,0.00,0.00
CZ03/Htl&0&cDXGF&New&Fenest__ManufWin/Msr1NCHtl/instance-out.sql,0.00,0.00
CZ03/Htl&0&cDXGF&New&Fenest__ManufWin/Msr2NCHtl/instance-out.sql,0.00,1.00
CZ03/Htl&0&cDXGF&New&Fenest__ManufWin/Msr3NCHtl/instance-out.sql,0.00,0.00
CZ04/Htl&0&cDXGF&New&Fenest__ManufWin/T242025Htl/instance-out.sql,0.00,2.00
CZ04/Htl&0&cDXGF&New&Fenest__ManufWin/Msr1NCHtl/instance-out.sql,0.00,1.00
CZ04/Htl&0&cDXGF&New&Fenest__ManufWin/Msr2NCHtl/instance-out.sql,0.00,0.00
CZ04/Htl&0&cDXGF&New&Fenest__ManufWin/Msr3NCHtl/instance-out.sql,0.00,1.00
CZ05/Htl&0&cDXGF&New&Fenest__ManufWin/T242025Htl/instance-out.sql,0.00,0.00
CZ05/Htl&0&cDXGF&New&Fenest__ManufWin/Msr1NCHtl/instance-out.sql,0.00,0.00
CZ05/Htl&0&cDXGF&New&Fenest__ManufWin/Msr2NCHtl/instance-out.sql,0.00,0.00
CZ05/Htl&0&cDXGF&New&Fenest__ManufWin/Msr3NCHtl/instance-out.sql,0.00,0.00
CZ06/Htl&0&cDXGF&New&Fenest__ManufWin/T242025Htl/instance-out.sql,0.00,3.00
CZ06/Htl&0&cDXGF&New&Fenest__ManufWin/Msr1NCHtl/instance-out.sql,0.00,3.00
CZ06/Htl&0&cDXGF&New&Fenest__ManufWin/Msr2NCHtl/instance-out.sql,0.00,0.00
CZ06/Htl&0&cDXGF&New&Fenest__ManufWin/Msr3NCHtl/instance-out.sql,0.00,2.00
CZ07/Htl&0&cDXGF&New&Fenest__ManufWin/T242025Htl/instance-out.sql,0.00,3.00
CZ07/Htl&0&cDXGF&New&Fenest__ManufWin/Msr1NCHtl/instance-out.sql,0.00,4.00
CZ07/Htl&0&cDXGF&New&Fenest__ManufWin/Msr2NCHtl/instance-out.sql,0.00,2.00
CZ07/Htl&0&cDXGF&New&Fenest__ManufWin/Msr3NCHtl/instance-out.sql,0.00,6.00
CZ08/Htl&0&cDXGF&New&Fenest__ManufWin/T242025Htl/instance-out.sql,0.00,2.00
CZ08/Htl&0&cDXGF&New&Fenest__ManufWin/Msr1NCHtl/instance-out.sql,0.00,4.00
CZ08/Htl&0&cDXGF&New&Fenest__ManufWin/Msr2NCHtl/instance-out.sql,0.00,0.00
CZ08/Htl&0&cDXGF&New&Fenest__ManufWin/Msr3NCHtl/instance-out.sql,0.00,2.00
CZ09/Htl&0&cDXGF&New&Fenest__ManufWin/T242025Htl/instance-out.sql,0.00,4.00
CZ09/Htl&0&cDXGF&New&Fenest__ManufWin/Msr1NCHtl/instance-out.sql,0.00,10.00
CZ09/Htl&0&cDXGF&New&Fenest__ManufWin/Msr2NCHtl/instance-out.sql,0.00,3.00
CZ09/Htl&0&cDXGF&New&Fenest__ManufWin/Msr3NCHtl/instance-out.sql,0.00,6.00
CZ10/Htl&0&cDXGF&New&Fenest__ManufWin/T242025Htl/instance-out.sql,0.00,6.00
CZ10/Htl&0&cDXGF&New&Fenest__ManufWin/Msr1NCHtl/instance-out.sql,0.00,10.00
CZ10/Htl&0&cDXGF&New&Fenest__ManufWin/Msr2NCHtl/instance-out.sql,0.00,3.00
CZ10/Htl&0&cDXGF&New&Fenest__ManufWin/Msr3NCHtl/instance-out.sql,0.00,2.00
CZ11/Htl&0&cDXGF&New&Fenest__ManufWin/T242025Htl/instance-out.sql,0.00,0.00
CZ11/Htl&0&cDXGF&New&Fenest__ManufWin/Msr1NCHtl/instance-out.sql,0.00,3.00
CZ11/Htl&0&cDXGF&New&Fenest__ManufWin/Msr2NCHtl/instance-out.sql,0.00,2.00
CZ11/Htl&0&cDXGF&New&Fenest__ManufWin/Msr3NCHtl/instance-out.sql,0.00,2.00
CZ12/Htl&0&cDXGF&New&Fenest__ManufWin/T242025Htl/instance-out.sql,0.00,0.00
CZ12/Htl&0&cDXGF&New&Fenest__ManufWin/Msr1NCHtl/instance-out.sql,0.00,0.00
CZ12/Htl&0&cDXGF&New&Fenest__ManufWin/Msr2NCHtl/instance-out.sql,0.00,0.00
CZ12/Htl&0&cDXGF&New&Fenest__ManufWin/Msr3NCHtl/instance-out.sql,0.00,0.00
CZ13/Htl&0&cDXGF&New&Fenest__ManufWin/T242025Htl/instance-out.sql,0.00,0.00
CZ13/Htl&0&cDXGF&New&Fenest__ManufWin/Msr1NCHtl/instance-out.sql,0.00,0.00
CZ13/Htl&0&cDXGF&New&Fenest__ManufWin/Msr2NCHtl/instance-out.sql,0.00,0.00
CZ13/Htl&0&cDXGF&New&Fenest__ManufWin/Msr3NCHtl/instance-out.sql,0.00,0.00
CZ14/Htl&0&cDXGF&New&Fenest__ManufWin/T242025Htl/instance-out.sql,0.00,2.00
CZ14/Htl&0&cDXGF&New&Fenest__ManufWin/Msr1NCHtl/instance-out.sql,0.00,2.00
CZ14/Htl&0&cDXGF&New&Fenest__ManufWin/Msr2NCHtl/instance-out.sql,0.00,2.00
CZ14/Htl&0&cDXGF&New&Fenest__ManufWin/Msr3NCHtl/instance-out.sql,0.00,7.00
CZ15/Htl&0&cDXGF&New&Fenest__ManufWin/T242025Htl/instance-out.sql,0.00,8.00
CZ15/Htl&0&cDXGF&New&Fenest__ManufWin/Msr1NCHtl/instance-out.sql,0.00,9.00
CZ15/Htl&0&cDXGF&New&Fenest__ManufWin/Msr2NCHtl/instance-out.sql,0.00,8.00
CZ15/Htl&0&cDXGF&New&Fenest__ManufWin/Msr3NCHtl/instance-out.sql,0.00,12.00
CZ16/Htl&0&cDXGF&New&Fenest__ManufWin/T242025Htl/instance-out.sql,0.00,0.00
CZ16/Htl&0&cDXGF&New&Fenest__ManufWin/Msr1NCHtl/instance-out.sql,0.00,1.00
CZ16/Htl&0&cDXGF&New&Fenest__ManufWin/Msr2NCHtl/instance-out.sql,0.00,0.00
CZ16/Htl&0&cDXGF&New&Fenest__ManufWin/Msr3NCHtl/instance-out.sql,0.00,0.00

