File Name,Net Site EUI (kWh/m2),Net Source EUI (kWh/m2),Total Energy/Net Site Energy (kWh),Total Energy/Net Source Energy (kWh)
CZ01/SFm&1&rDXGF&Ex&Fenes__ManufWin/Default/instance-out.sql,38.41,70.07,29542.48,53888.97
CZ01/SFm&1&rDXGF&Ex&Fenes__ManufWin/Base1.23/instance-out.sql,39.95,71.79,30727.11,55215.52
CZ01/SFm&1&rDXGF&Ex&Fenes__ManufWin/Msr-0.25-0.40/instance-out.sql,36.21,67.59,27847.05,51987.08
CZ01/SFm&1&rDXGF&Ex&Fenes__ManufWin/Msr-0.28-0.23/instance-out.sql,37.07,68.50,28513.50,52688.11
CZ01/SFm&2&rDXGF&Ex&Fenes__ManufWin/Default/instance-out.sql,36.72,66.88,47602.48,86692.23
CZ01/SFm&2&rDXGF&Ex&Fenes__ManufWin/Base1.23/instance-out.sql,39.60,70.21,51334.60,91012.89
CZ01/SFm&2&rDXGF&Ex&Fenes__ManufWin/Msr-0.25-0.40/instance-out.sql,32.87,62.36,42603.53,80836.23
CZ01/SFm&2&rDXGF&Ex&Fenes__ManufWin/Msr-0.28-0.23/instance-out.sql,36.47,66.06,47267.21,85626.34
CZ01/SFm&1&rDXHP&Ex&Fenes__ManufWin/Default/instance-out.sql,39.12,89.19,30090.15,68595.08
CZ01/SFm&1&rDXHP&Ex&Fenes__ManufWin/Base1.23/instance-out.sql,39.91,91.68,30698.15,70512.44
CZ01/SFm&1&rDXHP&Ex&Fenes__ManufWin/Msr-0.25-0.40/instance-out.sql,37.89,85.31,29144.39,65612.40
CZ01/SFm&1&rDXHP&Ex&Fenes__ManufWin/Msr-0.28-0.23/instance-out.sql,38.43,87.01,29559.59,66920.43
CZ01/SFm&2&rDXHP&Ex&Fenes__ManufWin/Default/instance-out.sql,32.26,79.67,41819.81,103276.53
CZ01/SFm&2&rDXHP&Ex&Fenes__ManufWin/Base1.23/instance-out.sql,33.59,83.89,43546.69,108737.36
CZ01/SFm&2&rDXHP&Ex&Fenes__ManufWin/Msr-0.25-0.40/instance-out.sql,30.43,73.87,39438.69,95749.77
CZ01/SFm&2&rDXHP&Ex&Fenes__ManufWin/Msr-0.28-0.23/instance-out.sql,32.64,80.87,42307.22,104821.84
CZ02/SFm&1&rDXGF&Ex&Fenes__ManufWin/Default/instance-out.sql,46.12,80.39,35472.19,61826.40
CZ02/SFm&1&rDXGF&Ex&Fenes__ManufWin/Base1.23/instance-out.sql,48.29,82.92,37142.50,63779.16
CZ02/SFm&1&rDXGF&Ex&Fenes__ManufWin/Msr-0.25-0.40/instance-out.sql,43.83,77.70,33707.46,59763.97
CZ02/SFm&1&rDXGF&Ex&Fenes__ManufWin/Msr-0.28-0.23/instance-out.sql,44.29,77.96,34063.72,59961.71
CZ02/SFm&2&rDXGF&Ex&Fenes__ManufWin/Default/instance-out.sql,44.61,78.49,57824.99,101742.59
CZ02/SFm&2&rDXGF&Ex&Fenes__ManufWin/Base1.23/instance-out.sql,47.95,82.53,62155.06,106978.16
CZ02/SFm&2&rDXGF&Ex&Fenes__ManufWin/Msr-0.25-0.40/instance-out.sql,41.02,74.14,53167.01,96106.78
CZ02/SFm&2&rDXGF&Ex&Fenes__ManufWin/Msr-0.28-0.23/instance-out.sql,42.04,74.35,54491.32,96374.99
CZ02/SFm&1&rDXHP&Ex&Fenes__ManufWin/Default/instance-out.sql,42.83,101.15,32942.57,77793.51
CZ02/SFm&1&rDXHP&Ex&Fenes__ManufWin/Base1.23/instance-out.sql,43.90,104.51,33762.50,80384.55
CZ02/SFm&1&rDXHP&Ex&Fenes__ManufWin/Msr-0.25-0.40/instance-out.sql,41.66,97.43,32038.27,74937.36
CZ02/SFm&1&rDXHP&Ex&Fenes__ManufWin/Msr-0.28-0.23/instance-out.sql,42.06,98.71,32350.89,75921.00
CZ02/SFm&2&rDXHP&Ex&Fenes__ManufWin/Default/instance-out.sql,36.07,91.85,46749.66,119056.23
CZ02/SFm&2&rDXHP&Ex&Fenes__ManufWin/Base1.23/instance-out.sql,37.62,96.75,48758.99,125412.89
CZ02/SFm&2&rDXHP&Ex&Fenes__ManufWin/Msr-0.25-0.40/instance-out.sql,34.36,86.44,44534.14,112047.98
CZ02/SFm&2&rDXHP&Ex&Fenes__ManufWin/Msr-0.28-0.23/instance-out.sql,34.84,87.97,45164.99,114031.80
CZ03/SFm&1&rDXGF&Ex&Fenes__ManufWin/Default/instance-out.sql,42.70,77.55,32843.84,59647.62
CZ03/SFm&1&rDXGF&Ex&Fenes__ManufWin/Base1.23/instance-out.sql,44.22,79.28,34010.86,60977.31
CZ03/SFm&1&rDXGF&Ex&Fenes__ManufWin/Msr-0.25-0.40/instance-out.sql,40.50,74.92,31148.91,57621.18
CZ03/SFm&1&rDXGF&Ex&Fenes__ManufWin/Msr-0.28-0.23/instance-out.sql,40.82,74.86,31393.42,57577.84
CZ03/SFm&2&rDXGF&Ex&Fenes__ManufWin/Default/instance-out.sql,40.15,75.66,52037.24,98066.25
CZ03/SFm&2&rDXGF&Ex&Fenes__ManufWin/Base1.23/instance-out.sql,42.41,78.34,54978.19,101548.21
CZ03/SFm&2&rDXGF&Ex&Fenes__ManufWin/Msr-0.25-0.40/instance-out.sql,36.69,70.99,47557.77,92022.82
CZ03/SFm&2&rDXGF&Ex&Fenes__ManufWin/Msr-0.28-0.23/instance-out.sql,37.21,70.02,48231.88,90759.49
CZ03/SFm&1&rDXHP&Ex&Fenes__ManufWin/Default/instance-out.sql,37.45,84.08,28802.82,64669.01
CZ03/SFm&1&rDXHP&Ex&Fenes__ManufWin/Base1.23/instance-out.sql,38.09,86.12,29299.02,66233.92
CZ03/SFm&1&rDXHP&Ex&Fenes__ManufWin/Msr-0.25-0.40/instance-out.sql,36.48,81.03,28060.02,62324.17
CZ03/SFm&1&rDXHP&Ex&Fenes__ManufWin/Msr-0.28-0.23/instance-out.sql,36.57,81.29,28124.69,62523.42
CZ03/SFm&2&rDXHP&Ex&Fenes__ManufWin/Default/instance-out.sql,32.33,80.01,41910.85,103715.31
CZ03/SFm&2&rDXHP&Ex&Fenes__ManufWin/Base1.23/instance-out.sql,33.29,83.04,43153.09,107643.06
CZ03/SFm&2&rDXHP&Ex&Fenes__ManufWin/Msr-0.25-0.40/instance-out.sql,30.73,74.93,39828.46,97129.62
CZ03/SFm&2&rDXHP&Ex&Fenes__ManufWin/Msr-0.28-0.23/instance-out.sql,30.60,74.51,39660.04,96583.33
CZ04/SFm&1&rDXGF&Ex&Fenes__ManufWin/Default/instance-out.sql,41.67,76.33,32048.54,58708.53
CZ04/SFm&1&rDXGF&Ex&Fenes__ManufWin/Base1.23/instance-out.sql,43.29,78.28,33296.70,60204.78
CZ04/SFm&1&rDXGF&Ex&Fenes__ManufWin/Msr-0.25-0.40/instance-out.sql,39.94,74.30,30715.22,57146.68
CZ04/SFm&1&rDXGF&Ex&Fenes__ManufWin/Msr-0.28-0.23/instance-out.sql,40.21,74.30,30924.37,57146.37
CZ04/SFm&2&rDXGF&Ex&Fenes__ManufWin/Default/instance-out.sql,39.93,74.64,51755.18,96749.42
CZ04/SFm&2&rDXGF&Ex&Fenes__ManufWin/Base1.23/instance-out.sql,42.71,78.21,55357.03,101374.00
CZ04/SFm&2&rDXGF&Ex&Fenes__ManufWin/Msr-0.25-0.40/instance-out.sql,37.02,71.17,47987.78,92254.45
CZ04/SFm&2&rDXGF&Ex&Fenes__ManufWin/Msr-0.28-0.23/instance-out.sql,37.27,70.33,48313.07,91162.97
CZ04/SFm&1&rDXHP&Ex&Fenes__ManufWin/Default/instance-out.sql,37.35,83.81,28724.06,64460.77
CZ04/SFm&1&rDXHP&Ex&Fenes__ManufWin/Base1.23/instance-out.sql,38.07,86.11,29283.47,66228.07
CZ04/SFm&1&rDXHP&Ex&Fenes__ManufWin/Msr-0.25-0.40/instance-out.sql,36.56,81.32,28116.91,62546.57
CZ04/SFm&1&rDXHP&Ex&Fenes__ManufWin/Msr-0.28-0.23/instance-out.sql,36.66,81.63,28192.97,62781.01
CZ04/SFm&2&rDXHP&Ex&Fenes__ManufWin/Default/instance-out.sql,32.32,80.00,41893.60,103701.50
CZ04/SFm&2&rDXHP&Ex&Fenes__ManufWin/Base1.23/instance-out.sql,33.58,84.00,43529.90,108879.07
CZ04/SFm&2&rDXHP&Ex&Fenes__ManufWin/Msr-0.25-0.40/instance-out.sql,31.05,75.99,40249.52,98504.02
CZ04/SFm&2&rDXHP&Ex&Fenes__ManufWin/Msr-0.28-0.23/instance-out.sql,30.89,75.46,40036.93,97818.13
CZ05/SFm&1&rDXGF&Ex&Fenes__ManufWin/Default/instance-out.sql,43.53,78.55,33478.25,60415.46
CZ05/SFm&1&rDXGF&Ex&Fenes__ManufWin/Base1.23/instance-out.sql,44.94,80.19,34566.70,61678.13
CZ05/SFm&1&rDXGF&Ex&Fenes__ManufWin/Msr-0.25-0.40/instance-out.sql,41.19,75.68,31680.93,58209.86
CZ05/SFm&1&rDXGF&Ex&Fenes__ManufWin/Msr-0.28-0.23/instance-out.sql,41.51,75.59,31922.61,58136.10
CZ05/SFm&2&rDXGF&Ex&Fenes__ManufWin/Default/instance-out.sql,41.10,76.89,53277.38,99669.35
CZ05/SFm&2&rDXGF&Ex&Fenes__ManufWin/Base1.23/instance-out.sql,43.21,79.47,56010.12,103016.85
CZ05/SFm&2&rDXGF&Ex&Fenes__ManufWin/Msr-0.25-0.40/instance-out.sql,37.46,71.78,48558.53,93045.44
CZ05/SFm&2&rDXGF&Ex&Fenes__ManufWin/Msr-0.28-0.23/instance-out.sql,37.97,70.76,49222.35,91717.91
CZ05/SFm&1&rDXHP&Ex&Fenes__ManufWin/Default/instance-out.sql,39.55,90.75,30417.95,69797.87
CZ05/SFm&1&rDXHP&Ex&Fenes__ManufWin/Base1.23/instance-out.sql,40.22,92.86,30933.36,71424.24
CZ05/SFm&1&rDXHP&Ex&Fenes__ManufWin/Msr-0.25-0.40/instance-out.sql,38.42,87.18,29548.83,67054.54
CZ05/SFm&1&rDXHP&Ex&Fenes__ManufWin/Msr-0.28-0.23/instance-out.sql,38.61,87.76,29692.26,67501.50
CZ05/SFm&2&rDXHP&Ex&Fenes__ManufWin/Default/instance-out.sql,33.74,84.48,43733.41,109504.36
CZ05/SFm&2&rDXHP&Ex&Fenes__ManufWin/Base1.23/instance-out.sql,34.69,87.50,44970.19,113414.22
CZ05/SFm&2&rDXHP&Ex&Fenes__ManufWin/Msr-0.25-0.40/instance-out.sql,31.95,78.81,41410.88,102158.15
CZ05/SFm&2&rDXHP&Ex&Fenes__ManufWin/Msr-0.28-0.23/instance-out.sql,31.93,78.74,41387.08,102068.84
CZ06/SFm&1&rDXGF&Ex&Fenes__ManufWin/Default/instance-out.sql,38.44,73.59,29562.60,56601.57
CZ06/SFm&1&rDXGF&Ex&Fenes__ManufWin/Base1.23/instance-out.sql,39.20,74.43,30145.90,57245.95
CZ06/SFm&1&rDXGF&Ex&Fenes__ManufWin/Msr-0.25-0.40/instance-out.sql,37.07,71.88,28511.33,55283.68
CZ06/SFm&1&rDXGF&Ex&Fenes__ManufWin/Msr-0.28-0.23/instance-out.sql,37.21,71.55,28617.61,55033.43
CZ06/SFm&2&rDXGF&Ex&Fenes__ManufWin/Default/instance-out.sql,34.42,69.68,44610.63,90321.07
CZ06/SFm&2&rDXGF&Ex&Fenes__ManufWin/Base1.23/instance-out.sql,35.56,71.05,46093.54,92092.99
CZ06/SFm&2&rDXGF&Ex&Fenes__ManufWin/Msr-0.25-0.40/instance-out.sql,32.47,66.95,42093.03,86782.96
CZ06/SFm&2&rDXGF&Ex&Fenes__ManufWin/Msr-0.28-0.23/instance-out.sql,32.59,65.42,42241.52,84798.27
CZ06/SFm&1&rDXHP&Ex&Fenes__ManufWin/Default/instance-out.sql,34.19,73.86,26299.21,56808.66
CZ06/SFm&1&rDXHP&Ex&Fenes__ManufWin/Base1.23/instance-out.sql,34.47,74.74,26514.15,57485.69
CZ06/SFm&1&rDXHP&Ex&Fenes__ManufWin/Msr-0.25-0.40/instance-out.sql,33.63,72.08,25865.49,55440.27
CZ06/SFm&1&rDXHP&Ex&Fenes__ManufWin/Msr-0.28-0.23/instance-out.sql,33.54,71.80,25797.00,55219.41
CZ06/SFm&2&rDXHP&Ex&Fenes__ManufWin/Default/instance-out.sql,29.16,70.01,37797.70,90752.34
CZ06/SFm&2&rDXHP&Ex&Fenes__ManufWin/Base1.23/instance-out.sql,29.61,71.43,38378.00,92585.03
CZ06/SFm&2&rDXHP&Ex&Fenes__ManufWin/Msr-0.25-0.40/instance-out.sql,28.27,67.20,36643.83,87104.42
CZ06/SFm&2&rDXHP&Ex&Fenes__ManufWin/Msr-0.28-0.23/instance-out.sql,27.82,65.78,36066.17,85265.02
CZ07/SFm&1&rDXGF&Ex&Fenes__ManufWin/Default/instance-out.sql,37.96,72.94,29193.57,56100.14
CZ07/SFm&1&rDXGF&Ex&Fenes__ManufWin/Base1.23/instance-out.sql,38.58,73.61,29671.72,56616.56
CZ07/SFm&1&rDXGF&Ex&Fenes__ManufWin/Msr-0.25-0.40/instance-out.sql,36.90,71.69,28376.87,55137.45
CZ07/SFm&1&rDXGF&Ex&Fenes__ManufWin/Msr-0.28-0.23/instance-out.sql,36.98,71.40,28442.77,54917.52
CZ07/SFm&2&rDXGF&Ex&Fenes__ManufWin/Default/instance-out.sql,33.35,67.42,43229.62,87388.21
CZ07/SFm&2&rDXGF&Ex&Fenes__ManufWin/Base1.23/instance-out.sql,34.50,68.78,44713.63,89150.89
CZ07/SFm&2&rDXGF&Ex&Fenes__ManufWin/Msr-0.25-0.40/instance-out.sql,31.41,64.81,40708.66,84011.79
CZ07/SFm&2&rDXGF&Ex&Fenes__ManufWin/Msr-0.28-0.23/instance-out.sql,31.38,63.64,40675.26,82497.75
CZ07/SFm&1&rDXHP&Ex&Fenes__ManufWin/Default/instance-out.sql,33.82,72.70,26010.61,55915.60
CZ07/SFm&1&rDXHP&Ex&Fenes__ManufWin/Base1.23/instance-out.sql,34.05,73.42,26185.96,56466.47
CZ07/SFm&1&rDXHP&Ex&Fenes__ManufWin/Msr-0.25-0.40/instance-out.sql,33.40,71.39,25689.51,54904.05
CZ07/SFm&1&rDXHP&Ex&Fenes__ManufWin/Msr-0.28-0.23/instance-out.sql,33.34,71.17,25639.14,54739.22
CZ07/SFm&2&rDXHP&Ex&Fenes__ManufWin/Default/instance-out.sql,28.38,67.56,36788.23,87576.25
CZ07/SFm&2&rDXHP&Ex&Fenes__ManufWin/Base1.23/instance-out.sql,28.87,69.10,37419.53,89570.93
CZ07/SFm&2&rDXHP&Ex&Fenes__ManufWin/Msr-0.25-0.40/instance-out.sql,27.48,64.73,35626.39,83903.10
CZ07/SFm&2&rDXHP&Ex&Fenes__ManufWin/Msr-0.28-0.23/instance-out.sql,27.13,63.60,35169.71,82445.23
CZ08/SFm&1&rDXGF&Ex&Fenes__ManufWin/Default/instance-out.sql,38.84,75.53,29875.18,58092.30
CZ08/SFm&1&rDXGF&Ex&Fenes__ManufWin/Base1.23/instance-out.sql,39.56,76.39,30427.60,58753.06
CZ08/SFm&1&rDXGF&Ex&Fenes__ManufWin/Msr-0.25-0.40/instance-out.sql,37.42,73.61,28778.23,56618.61
CZ08/SFm&1&rDXGF&Ex&Fenes__ManufWin/Msr-0.28-0.23/instance-out.sql,37.44,73.15,28794.69,56261.70
CZ08/SFm&2&rDXGF&Ex&Fenes__ManufWin/Default/instance-out.sql,34.61,71.51,44857.53,92687.60
CZ08/SFm&2&rDXGF&Ex&Fenes__ManufWin/Base1.23/instance-out.sql,36.88,74.92,47802.16,97118.74
CZ08/SFm&2&rDXGF&Ex&Fenes__ManufWin/Msr-0.25-0.40/instance-out.sql,32.27,68.11,41829.49,88282.41
CZ08/SFm&2&rDXGF&Ex&Fenes__ManufWin/Msr-0.28-0.23/instance-out.sql,31.92,66.01,41379.98,85562.13
CZ08/SFm&1&rDXHP&Ex&Fenes__ManufWin/Default/instance-out.sql,34.88,76.07,26827.54,58510.05
CZ08/SFm&1&rDXHP&Ex&Fenes__ManufWin/Base1.23/instance-out.sql,35.17,76.99,27049.95,59211.55
CZ08/SFm&1&rDXHP&Ex&Fenes__ManufWin/Msr-0.25-0.40/instance-out.sql,34.23,74.04,26330.49,56942.78
CZ08/SFm&1&rDXHP&Ex&Fenes__ManufWin/Msr-0.28-0.23/instance-out.sql,34.10,73.61,26228.44,56613.22
CZ08/SFm&2&rDXHP&Ex&Fenes__ManufWin/Default/instance-out.sql,29.82,72.12,38648.01,93478.89
CZ08/SFm&2&rDXHP&Ex&Fenes__ManufWin/Base1.23/instance-out.sql,30.99,75.83,40171.47,98298.75
CZ08/SFm&2&rDXHP&Ex&Fenes__ManufWin/Msr-0.25-0.40/instance-out.sql,28.66,68.47,37154.67,88756.36
CZ08/SFm&2&rDXHP&Ex&Fenes__ManufWin/Msr-0.28-0.23/instance-out.sql,28.02,66.43,36321.80,86106.56
CZ09/SFm&1&rDXGF&Ex&Fenes__ManufWin/Default/instance-out.sql,41.23,80.43,31712.40,61860.97
CZ09/SFm&1&rDXGF&Ex&Fenes__ManufWin/Base1.23/instance-out.sql,42.00,81.40,32304.82,62610.58
CZ09/SFm&1&rDXGF&Ex&Fenes__ManufWin/Msr-0.25-0.40/instance-out.sql,39.67,78.27,30507.56,60196.65
CZ09/SFm&1&rDXGF&Ex&Fenes__ManufWin/Msr-0.28-0.23/instance-out.sql,39.65,77.60,30494.91,59682.67
CZ09/SFm&2&rDXGF&Ex&Fenes__ManufWin/Default/instance-out.sql,38.34,79.27,49697.64,102757.25
CZ09/SFm&2&rDXGF&Ex&Fenes__ManufWin/Base1.23/instance-out.sql,39.22,80.15,50841.93,103898.98
CZ09/SFm&2&rDXGF&Ex&Fenes__ManufWin/Msr-0.25-0.40/instance-out.sql,35.42,74.59,45916.49,96679.30
CZ09/SFm&2&rDXGF&Ex&Fenes__ManufWin/Msr-0.28-0.23/instance-out.sql,34.87,71.71,45194.71,92951.47
CZ09/SFm&1&rDXHP&Ex&Fenes__ManufWin/Default/instance-out.sql,36.63,81.64,28175.69,62790.80
CZ09/SFm&1&rDXHP&Ex&Fenes__ManufWin/Base1.23/instance-out.sql,36.97,82.70,28433.24,63605.87
CZ09/SFm&1&rDXHP&Ex&Fenes__ManufWin/Msr-0.25-0.40/instance-out.sql,35.90,79.32,27611.97,61007.99
CZ09/SFm&1&rDXHP&Ex&Fenes__ManufWin/Msr-0.28-0.23/instance-out.sql,35.71,78.70,27461.79,60527.80
CZ09/SFm&2&rDXHP&Ex&Fenes__ManufWin/Default/instance-out.sql,32.43,80.40,42034.00,104214.18
CZ09/SFm&2&rDXHP&Ex&Fenes__ManufWin/Base1.23/instance-out.sql,32.73,81.34,42419.27,105432.66
CZ09/SFm&2&rDXHP&Ex&Fenes__ManufWin/Msr-0.25-0.40/instance-out.sql,30.89,75.51,40034.76,97884.18
CZ09/SFm&2&rDXHP&Ex&Fenes__ManufWin/Msr-0.28-0.23/instance-out.sql,30.00,72.69,38881.16,94221.07

File Name,Total (kWh),Heating (kWh),Cooling (kWh),Interior Lighting (kWh),Exterior Lighting (kWh),Interior Equipment (kWh),Exterior Equipment (kWh),Fans (kWh),Pumps (kWh),Heat Rejection (kWh),Humidification (kWh),Heat Recovery (kWh),Water Systems (kWh),Refrigeration (kWh),Generators (kWh),Heating Elec (kWh),Cooling Elec (kWh),Heating NG (kWh),Cooling NG (kWh),Interior Equipment Elec (kWh),Interior Equipment NG (kWh)
CZ01/SFm&1&rDXGF&Ex&Fenes__ManufWin/Default/instance-out.sql,29542.48,6227.4,67.36,1557.5,457.71,10329.24,0.0,148.87,0.0,0.0,0.0,0.0,10754.4,0.0,0.0,0.00,67.36,6227.40,0.00,8265.39,2063.85
CZ01/SFm&1&rDXGF&Ex&Fenes__ManufWin/Base1.23/instance-out.sql,30727.11,7387.7,65.75,1557.5,457.71,10329.24,0.0,170.85,0.0,0.0,0.0,0.0,10758.37,0.0,0.0,0.00,65.75,7387.70,0.00,8265.39,2063.85
CZ01/SFm&1&rDXGF&Ex&Fenes__ManufWin/Msr-0.25-0.40/instance-out.sql,27847.05,4568.77,67.67,1557.5,457.71,10329.24,0.0,117.82,0.0,0.0,0.0,0.0,10748.34,0.0,0.0,0.00,67.67,4568.77,0.00,8265.39,2063.85
CZ01/SFm&1&rDXGF&Ex&Fenes__ManufWin/Msr-0.28-0.23/instance-out.sql,28513.5,5242.09,55.19,1557.5,457.71,10329.24,0.0,120.03,0.0,0.0,0.0,0.0,10751.74,0.0,0.0,0.00,55.19,5242.09,0.00,8265.39,2063.85
CZ01/SFm&2&rDXGF&Ex&Fenes__ManufWin/Default/instance-out.sql,47602.479999999996,16754.31,284.11,1774.64,457.71,16688.94,0.0,892.57,0.0,0.0,0.0,0.0,10750.2,0.0,0.0,0.00,284.11,16754.31,0.00,13437.41,3251.53
CZ01/SFm&2&rDXGF&Ex&Fenes__ManufWin/Base1.23/instance-out.sql,51334.600000000006,20350.06,285.58,1774.64,457.71,16688.94,0.0,1023.13,0.0,0.0,0.0,0.0,10754.53,0.0,0.0,0.00,285.58,20350.06,0.00,13437.41,3251.53
CZ01/SFm&2&rDXGF&Ex&Fenes__ManufWin/Msr-0.25-0.40/instance-out.sql,42603.54,11972.64,276.42,1774.64,457.71,16688.94,0.0,690.39,0.0,0.0,0.0,0.0,10742.79,0.0,0.0,0.00,276.42,11972.64,0.00,13437.41,3251.53
CZ01/SFm&2&rDXGF&Ex&Fenes__ManufWin/Msr-0.28-0.23/instance-out.sql,47267.22,16756.98,191.52,1774.64,457.71,16688.94,0.0,647.92,0.0,0.0,0.0,0.0,10749.51,0.0,0.0,0.00,191.52,16756.98,0.00,13437.41,3251.53
CZ01/SFm&1&rDXHP&Ex&Fenes__ManufWin/Default/instance-out.sql,30090.15,6574.19,67.33,1557.5,457.71,10329.24,0.0,349.77,0.0,0.0,0.0,0.0,10754.4,0.0,0.0,6574.19,67.33,0.00,0.00,8265.39,2063.85
CZ01/SFm&1&rDXHP&Ex&Fenes__ManufWin/Base1.23/instance-out.sql,30698.14,7123.76,65.74,1557.5,457.71,10329.24,0.0,405.86,0.0,0.0,0.0,0.0,10758.32,0.0,0.0,7123.76,65.74,0.00,0.00,8265.39,2063.85
CZ01/SFm&1&rDXHP&Ex&Fenes__ManufWin/Msr-0.25-0.40/instance-out.sql,29144.4,5713.35,67.62,1557.5,457.71,10329.24,0.0,270.58,0.0,0.0,0.0,0.0,10748.39,0.0,0.0,5713.35,67.62,0.00,0.00,8265.39,2063.85
CZ01/SFm&1&rDXHP&Ex&Fenes__ManufWin/Msr-0.28-0.23/instance-out.sql,29559.59,6123.36,55.13,1557.5,457.71,10329.24,0.0,284.94,0.0,0.0,0.0,0.0,10751.7,0.0,0.0,6123.36,55.13,0.00,0.00,8265.39,2063.85
CZ01/SFm&2&rDXHP&Ex&Fenes__ManufWin/Default/instance-out.sql,41819.81,10705.98,280.88,1774.64,457.71,16688.94,0.0,1160.87,0.0,0.0,0.0,0.0,10750.78,0.0,0.0,10705.98,280.88,0.00,0.00,13437.41,3251.53
CZ01/SFm&2&rDXHP&Ex&Fenes__ManufWin/Base1.23/instance-out.sql,43546.69,12229.42,282.79,1774.64,457.71,16688.94,0.0,1358.46,0.0,0.0,0.0,0.0,10754.72,0.0,0.0,12229.42,282.79,0.00,0.00,13437.41,3251.53
CZ01/SFm&2&rDXHP&Ex&Fenes__ManufWin/Msr-0.25-0.40/instance-out.sql,39438.7,8622.28,273.07,1774.64,457.71,16688.94,0.0,878.1,0.0,0.0,0.0,0.0,10743.95,0.0,0.0,8622.28,273.07,0.00,0.00,13437.41,3251.53
CZ01/SFm&2&rDXHP&Ex&Fenes__ManufWin/Msr-0.28-0.23/instance-out.sql,42307.22,11547.9,187.52,1774.64,457.71,16688.94,0.0,900.53,0.0,0.0,0.0,0.0,10749.98,0.0,0.0,11547.90,187.52,0.00,0.00,13437.41,3251.53
CZ02/SFm&1&rDXGF&Ex&Fenes__ManufWin/Default/instance-out.sql,35472.2,11511.47,477.77,1557.5,457.71,10329.24,0.0,463.2,0.0,0.0,0.0,0.0,10675.3,0.0,0.0,0.00,477.77,11511.47,0.00,8265.39,2063.85
CZ02/SFm&1&rDXGF&Ex&Fenes__ManufWin/Base1.23/instance-out.sql,37142.5,13110.81,499.02,1557.5,457.71,10329.24,0.0,510.2,0.0,0.0,0.0,0.0,10678.02,0.0,0.0,0.00,499.02,13110.81,0.00,8265.39,2063.85
CZ02/SFm&1&rDXGF&Ex&Fenes__ManufWin/Msr-0.25-0.40/instance-out.sql,33707.46,9822.21,455.43,1557.5,457.71,10329.24,0.0,413.79,0.0,0.0,0.0,0.0,10671.57,0.0,0.0,0.00,455.43,9822.21,0.00,8265.39,2063.85
CZ02/SFm&1&rDXGF&Ex&Fenes__ManufWin/Msr-0.28-0.23/instance-out.sql,34063.72,10265.84,392.49,1557.5,457.71,10329.24,0.0,386.26,0.0,0.0,0.0,0.0,10674.67,0.0,0.0,0.00,392.49,10265.84,0.00,8265.39,2063.85
CZ02/SFm&2&rDXGF&Ex&Fenes__ManufWin/Default/instance-out.sql,57824.990000000005,25150.53,1535.59,1774.64,457.71,16688.94,0.0,1546.59,0.0,0.0,0.0,0.0,10670.98,0.0,0.0,0.00,1535.59,25150.53,0.00,13437.41,3251.53
CZ02/SFm&2&rDXGF&Ex&Fenes__ManufWin/Base1.23/instance-out.sql,62155.06,29217.3,1615.88,1774.64,457.71,16688.94,0.0,1726.39,0.0,0.0,0.0,0.0,10674.2,0.0,0.0,0.00,1615.88,29217.30,0.00,13437.41,3251.53
CZ02/SFm&2&rDXGF&Ex&Fenes__ManufWin/Msr-0.25-0.40/instance-out.sql,53167.01,20778.18,1445.46,1774.64,457.71,16688.94,0.0,1355.12,0.0,0.0,0.0,0.0,10666.96,0.0,0.0,0.00,1445.46,20778.18,0.00,13437.41,3251.53
CZ02/SFm&2&rDXGF&Ex&Fenes__ManufWin/Msr-0.28-0.23/instance-out.sql,54491.31999999999,22656.58,1049.27,1774.64,457.71,16688.94,0.0,1190.91,0.0,0.0,0.0,0.0,10673.27,0.0,0.0,0.00,1049.27,22656.58,0.00,13437.41,3251.53
CZ02/SFm&1&rDXHP&Ex&Fenes__ManufWin/Default/instance-out.sql,32942.56,8704.95,477.77,1557.5,457.71,10329.24,0.0,740.12,0.0,0.0,0.0,0.0,10675.27,0.0,0.0,8704.95,477.77,0.00,0.00,8265.39,2063.85
CZ02/SFm&1&rDXHP&Ex&Fenes__ManufWin/Base1.23/instance-out.sql,33762.5,9419.79,499.02,1557.5,457.71,10329.24,0.0,821.23,0.0,0.0,0.0,0.0,10678.01,0.0,0.0,9419.79,499.02,0.00,0.00,8265.39,2063.85
CZ02/SFm&1&rDXHP&Ex&Fenes__ManufWin/Msr-0.25-0.40/instance-out.sql,32038.269999999997,7914.84,455.43,1557.5,457.71,10329.24,0.0,652.0,0.0,0.0,0.0,0.0,10671.55,0.0,0.0,7914.84,455.43,0.00,0.00,8265.39,2063.85
CZ02/SFm&1&rDXHP&Ex&Fenes__ManufWin/Msr-0.28-0.23/instance-out.sql,32350.89,8290.4,392.49,1557.5,457.71,10329.24,0.0,648.91,0.0,0.0,0.0,0.0,10674.63,0.0,0.0,8290.40,392.49,0.00,0.00,8265.39,2063.85
CZ02/SFm&2&rDXHP&Ex&Fenes__ManufWin/Default/instance-out.sql,46749.66,13874.55,1540.52,1774.64,457.71,16688.94,0.0,1742.62,0.0,0.0,0.0,0.0,10670.68,0.0,0.0,13874.55,1540.52,0.00,0.00,13437.41,3251.53
CZ02/SFm&2&rDXHP&Ex&Fenes__ManufWin/Base1.23/instance-out.sql,48758.98,15580.95,1620.56,1774.64,457.71,16688.94,0.0,1962.2,0.0,0.0,0.0,0.0,10673.98,0.0,0.0,15580.95,1620.56,0.00,0.00,13437.41,3251.53
CZ02/SFm&2&rDXHP&Ex&Fenes__ManufWin/Msr-0.25-0.40/instance-out.sql,44534.14,11993.86,1450.64,1774.64,457.71,16688.94,0.0,1501.65,0.0,0.0,0.0,0.0,10666.7,0.0,0.0,11993.86,1450.64,0.00,0.00,13437.41,3251.53
CZ02/SFm&2&rDXHP&Ex&Fenes__ManufWin/Msr-0.28-0.23/instance-out.sql,45164.99,13017.26,1052.69,1774.64,457.71,16688.94,0.0,1500.29,0.0,0.0,0.0,0.0,10673.46,0.0,0.0,13017.26,1052.69,0.00,0.00,13437.41,3251.53
CZ03/SFm&1&rDXGF&Ex&Fenes__ManufWin/Default/instance-out.sql,32843.84,8554.62,701.14,1557.5,457.71,10329.24,0.0,561.65,0.0,0.0,0.0,0.0,10681.96,0.0,0.0,0.00,701.14,8554.62,0.00,8265.39,2063.85
CZ03/SFm&1&rDXGF&Ex&Fenes__ManufWin/Base1.23/instance-out.sql,34010.85,9687.47,697.03,1557.5,457.71,10329.24,0.0,596.79,0.0,0.0,0.0,0.0,10685.11,0.0,0.0,0.00,697.03,9687.47,0.00,8265.39,2063.85
CZ03/SFm&1&rDXGF&Ex&Fenes__ManufWin/Msr-0.25-0.40/instance-out.sql,31148.910000000003,6954.14,676.58,1557.5,457.71,10329.24,0.0,495.41,0.0,0.0,0.0,0.0,10678.32,0.0,0.0,0.00,676.58,6954.14,0.00,8265.39,2063.85
CZ03/SFm&1&rDXGF&Ex&Fenes__ManufWin/Msr-0.28-0.23/instance-out.sql,31393.42,7344.07,569.12,1557.5,457.71,10329.24,0.0,454.82,0.0,0.0,0.0,0.0,10680.95,0.0,0.0,0.00,569.12,7344.07,0.00,8265.39,2063.85
CZ03/SFm&2&rDXGF&Ex&Fenes__ManufWin/Default/instance-out.sql,52037.24,18108.14,2409.64,1774.64,457.71,16688.94,0.0,1919.57,0.0,0.0,0.0,0.0,10678.59,0.0,0.0,0.00,2409.64,18108.14,0.00,13437.41,3251.53
CZ03/SFm&2&rDXGF&Ex&Fenes__ManufWin/Base1.23/instance-out.sql,54978.19,20904.9,2399.74,1774.64,457.71,16688.94,0.0,2070.6,0.0,0.0,0.0,0.0,10681.65,0.0,0.0,0.00,2399.74,20904.90,0.00,13437.41,3251.53
CZ03/SFm&2&rDXGF&Ex&Fenes__ManufWin/Msr-0.25-0.40/instance-out.sql,47557.770000000004,14203.28,2173.22,1774.64,457.71,16688.94,0.0,1585.82,0.0,0.0,0.0,0.0,10674.15,0.0,0.0,0.00,2173.22,14203.28,0.00,13437.41,3251.53
CZ03/SFm&2&rDXGF&Ex&Fenes__ManufWin/Msr-0.28-0.23/instance-out.sql,48231.880000000005,15828.49,1488.08,1774.64,457.71,16688.94,0.0,1313.65,0.0,0.0,0.0,0.0,10680.37,0.0,0.0,0.00,1488.08,15828.49,0.00,13437.41,3251.53
CZ03/SFm&1&rDXHP&Ex&Fenes__ManufWin/Default/instance-out.sql,28802.809999999998,4420.35,701.21,1557.5,457.71,10329.24,0.0,654.85,0.0,0.0,0.0,0.0,10681.95,0.0,0.0,4420.35,701.21,0.00,0.00,8265.39,2063.85
CZ03/SFm&1&rDXHP&Ex&Fenes__ManufWin/Base1.23/instance-out.sql,29299.02,4859.44,697.09,1557.5,457.71,10329.24,0.0,712.93,0.0,0.0,0.0,0.0,10685.1,0.0,0.0,4859.44,697.09,0.00,0.00,8265.39,2063.85
CZ03/SFm&1&rDXHP&Ex&Fenes__ManufWin/Msr-0.25-0.40/instance-out.sql,28060.02,3797.25,676.61,1557.5,457.71,10329.24,0.0,563.39,0.0,0.0,0.0,0.0,10678.31,0.0,0.0,3797.25,676.61,0.00,0.00,8265.39,2063.85
CZ03/SFm&1&rDXHP&Ex&Fenes__ManufWin/Msr-0.28-0.23/instance-out.sql,28124.690000000002,3975.93,569.17,1557.5,457.71,10329.24,0.0,554.16,0.0,0.0,0.0,0.0,10680.97,0.0,0.0,3975.93,569.17,0.00,0.00,8265.39,2063.85
CZ03/SFm&2&rDXHP&Ex&Fenes__ManufWin/Default/instance-out.sql,41910.85,8248.95,2408.95,1774.64,457.71,16688.94,0.0,1653.1,0.0,0.0,0.0,0.0,10678.55,0.0,0.0,8248.95,2408.95,0.00,0.00,13437.41,3251.53
CZ03/SFm&2&rDXHP&Ex&Fenes__ManufWin/Base1.23/instance-out.sql,43153.09,9346.4,2399.46,1774.64,457.71,16688.94,0.0,1804.3,0.0,0.0,0.0,0.0,10681.63,0.0,0.0,9346.40,2399.46,0.00,0.00,13437.41,3251.53
CZ03/SFm&2&rDXHP&Ex&Fenes__ManufWin/Msr-0.25-0.40/instance-out.sql,39828.46,6687.78,2171.9,1774.64,457.71,16688.94,0.0,1373.36,0.0,0.0,0.0,0.0,10674.12,0.0,0.0,6687.78,2171.90,0.00,0.00,13437.41,3251.53
CZ03/SFm&2&rDXHP&Ex&Fenes__ManufWin/Msr-0.28-0.23/instance-out.sql,39660.04,7295.43,1486.17,1774.64,457.71,16688.94,0.0,1276.83,0.0,0.0,0.0,0.0,10680.32,0.0,0.0,7295.43,1486.17,0.00,0.00,13437.41,3251.53
CZ04/SFm&1&rDXGF&Ex&Fenes__ManufWin/Default/instance-out.sql,32048.54,7816.07,765.16,1557.5,457.71,10329.24,0.0,460.68,0.0,0.0,0.0,0.0,10662.19,0.0,0.0,0.00,765.16,7816.07,0.00,8265.39,2063.85
CZ04/SFm&1&rDXGF&Ex&Fenes__ManufWin/Base1.23/instance-out.sql,33296.7,8993.36,792.07,1557.5,457.71,10329.24,0.0,502.53,0.0,0.0,0.0,0.0,10664.29,0.0,0.0,0.00,792.07,8993.36,0.00,8265.39,2063.85
CZ04/SFm&1&rDXGF&Ex&Fenes__ManufWin/Msr-0.25-0.40/instance-out.sql,30715.22,6542.82,746.81,1557.5,457.71,10329.24,0.0,423.08,0.0,0.0,0.0,0.0,10658.05,0.0,0.0,0.00,746.81,6542.82,0.00,8265.39,2063.85
CZ04/SFm&1&rDXGF&Ex&Fenes__ManufWin/Msr-0.28-0.23/instance-out.sql,30924.37,6857.89,657.29,1557.5,457.71,10329.24,0.0,403.6,0.0,0.0,0.0,0.0,10661.13,0.0,0.0,0.00,657.29,6857.89,0.00,8265.39,2063.85
CZ04/SFm&2&rDXGF&Ex&Fenes__ManufWin/Default/instance-out.sql,51755.19,18330.81,2342.48,1774.64,457.71,16688.94,0.0,1501.34,0.0,0.0,0.0,0.0,10659.26,0.0,0.0,0.00,2342.48,18330.81,0.00,13437.41,3251.53
CZ04/SFm&2&rDXGF&Ex&Fenes__ManufWin/Base1.23/instance-out.sql,55357.03,21584.44,2504.01,1774.64,457.71,16688.94,0.0,1685.55,0.0,0.0,0.0,0.0,10661.74,0.0,0.0,0.00,2504.01,21584.44,0.00,13437.41,3251.53
CZ04/SFm&2&rDXGF&Ex&Fenes__ManufWin/Msr-0.25-0.40/instance-out.sql,47987.78,14764.8,2293.89,1774.64,457.71,16688.94,0.0,1352.56,0.0,0.0,0.0,0.0,10655.22,0.0,0.0,0.00,2293.89,14764.80,0.00,13437.41,3251.53
CZ04/SFm&2&rDXGF&Ex&Fenes__ManufWin/Msr-0.28-0.23/instance-out.sql,48313.06,15777.67,1753.13,1774.64,457.71,16688.94,0.0,1200.06,0.0,0.0,0.0,0.0,10660.92,0.0,0.0,0.00,1753.13,15777.67,0.00,13437.41,3251.53
CZ04/SFm&1&rDXHP&Ex&Fenes__ManufWin/Default/instance-out.sql,28724.06,4403.52,765.17,1557.5,457.71,10329.24,0.0,548.73,0.0,0.0,0.0,0.0,10662.17,0.0,0.0,4403.52,765.17,0.00,0.00,8265.39,2063.85
CZ04/SFm&1&rDXHP&Ex&Fenes__ManufWin/Base1.23/instance-out.sql,29283.479999999996,4873.99,792.12,1557.5,457.71,10329.24,0.0,608.64,0.0,0.0,0.0,0.0,10664.28,0.0,0.0,4873.99,792.12,0.00,0.00,8265.39,2063.85
CZ04/SFm&1&rDXHP&Ex&Fenes__ManufWin/Msr-0.25-0.40/instance-out.sql,28116.91,3879.2,746.83,1557.5,457.71,10329.24,0.0,488.4,0.0,0.0,0.0,0.0,10658.03,0.0,0.0,3879.20,746.83,0.00,0.00,8265.39,2063.85
CZ04/SFm&1&rDXHP&Ex&Fenes__ManufWin/Msr-0.28-0.23/instance-out.sql,28192.96,4041.33,657.29,1557.5,457.71,10329.24,0.0,488.76,0.0,0.0,0.0,0.0,10661.12,0.0,0.0,4041.33,657.29,0.00,0.00,8265.39,2063.85
CZ04/SFm&2&rDXHP&Ex&Fenes__ManufWin/Default/instance-out.sql,41893.61,8563.47,2358.78,1774.64,457.71,16688.94,0.0,1391.09,0.0,0.0,0.0,0.0,10658.96,0.0,0.0,8563.47,2358.78,0.00,0.00,13437.41,3251.53
CZ04/SFm&2&rDXHP&Ex&Fenes__ManufWin/Base1.23/instance-out.sql,43529.9,9861.57,2519.86,1774.64,457.71,16688.94,0.0,1566.02,0.0,0.0,0.0,0.0,10661.16,0.0,0.0,9861.57,2519.86,0.00,0.00,13437.41,3251.53
CZ04/SFm&2&rDXHP&Ex&Fenes__ManufWin/Msr-0.25-0.40/instance-out.sql,40249.52,7148.56,2310.74,1774.64,457.71,16688.94,0.0,1214.45,0.0,0.0,0.0,0.0,10654.49,0.0,0.0,7148.56,2310.74,0.00,0.00,13437.41,3251.53
CZ04/SFm&2&rDXHP&Ex&Fenes__ManufWin/Msr-0.28-0.23/instance-out.sql,40036.93,7523.57,1767.69,1774.64,457.71,16688.94,0.0,1163.83,0.0,0.0,0.0,0.0,10660.54,0.0,0.0,7523.57,1767.69,0.00,0.00,13437.41,3251.53
CZ05/SFm&1&rDXGF&Ex&Fenes__ManufWin/Default/instance-out.sql,33478.25,9157.13,736.53,1557.5,457.71,10329.24,0.0,564.74,0.0,0.0,0.0,0.0,10675.39,0.0,0.0,0.00,736.53,9157.13,0.00,8265.39,2063.85
CZ05/SFm&1&rDXGF&Ex&Fenes__ManufWin/Base1.23/instance-out.sql,34566.700000000004,10202.99,742.67,1557.5,457.71,10329.24,0.0,598.35,0.0,0.0,0.0,0.0,10678.24,0.0,0.0,0.00,742.67,10202.99,0.00,8265.39,2063.85
CZ05/SFm&1&rDXGF&Ex&Fenes__ManufWin/Msr-0.25-0.40/instance-out.sql,31680.93,7487.78,686.15,1557.5,457.71,10329.24,0.0,491.59,0.0,0.0,0.0,0.0,10670.95,0.0,0.0,0.00,686.15,7487.78,0.00,8265.39,2063.85
CZ05/SFm&1&rDXGF&Ex&Fenes__ManufWin/Msr-0.28-0.23/instance-out.sql,31922.6,7887.11,567.09,1557.5,457.71,10329.24,0.0,449.47,0.0,0.0,0.0,0.0,10674.48,0.0,0.0,0.00,567.09,7887.11,0.00,8265.39,2063.85
CZ05/SFm&2&rDXGF&Ex&Fenes__ManufWin/Default/instance-out.sql,53277.380000000005,19232.29,2556.1,1774.64,457.71,16688.94,0.0,1897.35,0.0,0.0,0.0,0.0,10670.34,0.0,0.0,0.00,2556.10,19232.29,0.00,13437.41,3251.53
CZ05/SFm&2&rDXGF&Ex&Fenes__ManufWin/Base1.23/instance-out.sql,56010.12,21776.66,2600.19,1774.64,457.71,16688.94,0.0,2038.2,0.0,0.0,0.0,0.0,10673.78,0.0,0.0,0.00,2600.19,21776.66,0.00,13437.41,3251.53
CZ05/SFm&2&rDXGF&Ex&Fenes__ManufWin/Msr-0.25-0.40/instance-out.sql,48558.53,15242.1,2190.59,1774.64,457.71,16688.94,0.0,1538.59,0.0,0.0,0.0,0.0,10665.96,0.0,0.0,0.00,2190.59,15242.10,0.00,13437.41,3251.53
CZ05/SFm&2&rDXGF&Ex&Fenes__ManufWin/Msr-0.28-0.23/instance-out.sql,49222.35,16882.01,1475.97,1774.64,457.71,16688.94,0.0,1270.43,0.0,0.0,0.0,0.0,10672.64,0.0,0.0,0.00,1475.97,16882.01,0.00,13437.41,3251.53
CZ05/SFm&1&rDXHP&Ex&Fenes__ManufWin/Default/instance-out.sql,30417.96,5917.66,736.56,1557.5,457.71,10329.24,0.0,743.91,0.0,0.0,0.0,0.0,10675.37,0.0,0.0,5917.66,736.56,0.00,0.00,8265.39,2063.85
CZ05/SFm&1&rDXHP&Ex&Fenes__ManufWin/Base1.23/instance-out.sql,30933.36,6365.4,742.7,1557.5,457.71,10329.24,0.0,802.59,0.0,0.0,0.0,0.0,10678.21,0.0,0.0,6365.40,742.70,0.00,0.00,8265.39,2063.85
CZ05/SFm&1&rDXHP&Ex&Fenes__ManufWin/Msr-0.25-0.40/instance-out.sql,29548.83,5210.16,686.17,1557.5,457.71,10329.24,0.0,637.09,0.0,0.0,0.0,0.0,10670.96,0.0,0.0,5210.16,686.17,0.00,0.00,8265.39,2063.85
CZ05/SFm&1&rDXHP&Ex&Fenes__ManufWin/Msr-0.28-0.23/instance-out.sql,29692.26,5482.82,567.11,1557.5,457.71,10329.24,0.0,623.42,0.0,0.0,0.0,0.0,10674.45,0.0,0.0,5482.82,567.11,0.00,0.00,8265.39,2063.85
CZ05/SFm&2&rDXHP&Ex&Fenes__ManufWin/Default/instance-out.sql,43733.41,9742.53,2556.92,1774.64,457.71,16688.94,0.0,1842.28,0.0,0.0,0.0,0.0,10670.38,0.0,0.0,9742.53,2556.92,0.00,0.00,13437.41,3251.53
CZ05/SFm&2&rDXHP&Ex&Fenes__ManufWin/Base1.23/instance-out.sql,44970.19,10774.01,2600.81,1774.64,457.71,16688.94,0.0,2000.32,0.0,0.0,0.0,0.0,10673.76,0.0,0.0,10774.01,2600.81,0.00,0.00,13437.41,3251.53
CZ05/SFm&2&rDXHP&Ex&Fenes__ManufWin/Msr-0.25-0.40/instance-out.sql,41410.88,8119.04,2191.5,1774.64,457.71,16688.94,0.0,1513.09,0.0,0.0,0.0,0.0,10665.95,0.0,0.0,8119.04,2191.50,0.00,0.00,13437.41,3251.53
CZ05/SFm&2&rDXHP&Ex&Fenes__ManufWin/Msr-0.28-0.23/instance-out.sql,41387.08,8903.3,1476.46,1774.64,457.71,16688.94,0.0,1413.39,0.0,0.0,0.0,0.0,10672.64,0.0,0.0,8903.30,1476.46,0.00,0.00,13437.41,3251.53
CZ06/SFm&1&rDXGF&Ex&Fenes__ManufWin/Default/instance-out.sql,29562.61,5061.09,932.93,1557.5,457.71,10329.24,0.0,575.09,0.0,0.0,0.0,0.0,10649.03,0.0,0.0,0.00,932.93,5061.09,0.00,8265.39,2063.85
CZ06/SFm&1&rDXGF&Ex&Fenes__ManufWin/Base1.23/instance-out.sql,30145.9,5636.81,914.86,1557.5,457.71,10329.24,0.0,598.97,0.0,0.0,0.0,0.0,10650.81,0.0,0.0,0.00,914.86,5636.81,0.00,8265.39,2063.85
CZ06/SFm&1&rDXGF&Ex&Fenes__ManufWin/Msr-0.25-0.40/instance-out.sql,28511.33,4097.91,904.9,1557.5,457.71,10329.24,0.0,517.52,0.0,0.0,0.0,0.0,10646.54,0.0,0.0,0.00,904.90,4097.91,0.00,8265.39,2063.85
CZ06/SFm&1&rDXGF&Ex&Fenes__ManufWin/Msr-0.28-0.23/instance-out.sql,28617.61,4377.76,758.08,1557.5,457.71,10329.24,0.0,488.89,0.0,0.0,0.0,0.0,10648.43,0.0,0.0,0.00,758.08,4377.76,0.00,8265.39,2063.85
CZ06/SFm&2&rDXGF&Ex&Fenes__ManufWin/Default/instance-out.sql,44610.63,10564.57,2713.83,1774.64,457.71,16688.94,0.0,1761.93,0.0,0.0,0.0,0.0,10649.01,0.0,0.0,0.00,2713.83,10564.57,0.00,13437.41,3251.53
CZ06/SFm&2&rDXGF&Ex&Fenes__ManufWin/Base1.23/instance-out.sql,46093.54,11966.56,2686.81,1774.64,457.71,16688.94,0.0,1867.9,0.0,0.0,0.0,0.0,10650.98,0.0,0.0,0.00,2686.81,11966.56,0.00,13437.41,3251.53
CZ06/SFm&2&rDXGF&Ex&Fenes__ManufWin/Msr-0.25-0.40/instance-out.sql,42093.03,8438.47,2551.86,1774.64,457.71,16688.94,0.0,1535.51,0.0,0.0,0.0,0.0,10645.89,0.0,0.0,0.00,2551.86,8438.47,0.00,13437.41,3251.53
CZ06/SFm&2&rDXGF&Ex&Fenes__ManufWin/Msr-0.28-0.23/instance-out.sql,42241.51,9612.4,1772.38,1774.64,457.71,16688.94,0.0,1284.91,0.0,0.0,0.0,0.0,10650.53,0.0,0.0,0.00,1772.38,9612.40,0.00,13437.41,3251.53
CZ06/SFm&1&rDXHP&Ex&Fenes__ManufWin/Default/instance-out.sql,26299.21,1899.42,932.94,1557.5,457.71,10329.24,0.0,473.35,0.0,0.0,0.0,0.0,10649.04,0.0,0.0,1899.42,932.94,0.00,0.00,8265.39,2063.85
CZ06/SFm&1&rDXHP&Ex&Fenes__ManufWin/Base1.23/instance-out.sql,26514.15,2106.66,914.86,1557.5,457.71,10329.24,0.0,497.37,0.0,0.0,0.0,0.0,10650.81,0.0,0.0,2106.66,914.86,0.00,0.00,8265.39,2063.85
CZ06/SFm&1&rDXHP&Ex&Fenes__ManufWin/Msr-0.25-0.40/instance-out.sql,25865.489999999998,1550.87,904.87,1557.5,457.71,10329.24,0.0,418.75,0.0,0.0,0.0,0.0,10646.54,0.0,0.0,1550.87,904.87,0.00,0.00,8265.39,2063.85
CZ06/SFm&1&rDXHP&Ex&Fenes__ManufWin/Msr-0.28-0.23/instance-out.sql,25797.0,1648.68,758.06,1557.5,457.71,10329.24,0.0,397.37,0.0,0.0,0.0,0.0,10648.43,0.0,0.0,1648.68,758.06,0.00,0.00,8265.39,2063.85
CZ06/SFm&2&rDXHP&Ex&Fenes__ManufWin/Default/instance-out.sql,37797.71,4248.99,2755.58,1774.64,457.71,16688.94,0.0,1223.71,0.0,0.0,0.0,0.0,10648.13,0.0,0.0,4248.99,2755.58,0.00,0.00,13437.41,3251.53
CZ06/SFm&2&rDXHP&Ex&Fenes__ManufWin/Base1.23/instance-out.sql,38378.0,4791.9,2724.97,1774.64,457.71,16688.94,0.0,1289.25,0.0,0.0,0.0,0.0,10650.59,0.0,0.0,4791.90,2724.97,0.00,0.00,13437.41,3251.53
CZ06/SFm&2&rDXHP&Ex&Fenes__ManufWin/Msr-0.25-0.40/instance-out.sql,36643.83,3410.0,2594.26,1774.64,457.71,16688.94,0.0,1073.22,0.0,0.0,0.0,0.0,10645.05,0.0,0.0,3410.00,2594.26,0.00,0.00,13437.41,3251.53
CZ06/SFm&2&rDXHP&Ex&Fenes__ManufWin/Msr-0.28-0.23/instance-out.sql,36066.17,3759.25,1802.68,1774.64,457.71,16688.94,0.0,933.11,0.0,0.0,0.0,0.0,10649.83,0.0,0.0,3759.25,1802.68,0.00,0.00,13437.41,3251.53
CZ07/SFm&1&rDXGF&Ex&Fenes__ManufWin/Default/instance-out.sql,29193.57,4750.76,798.27,1557.5,457.71,10329.24,0.0,661.07,0.0,0.0,0.0,0.0,10639.01,0.0,0.0,0.00,798.27,4750.76,0.00,8265.39,2063.85
CZ07/SFm&1&rDXGF&Ex&Fenes__ManufWin/Base1.23/instance-out.sql,29671.72,5227.65,779.54,1557.5,457.71,10329.24,0.0,678.89,0.0,0.0,0.0,0.0,10641.18,0.0,0.0,0.00,779.54,5227.65,0.00,8265.39,2063.85
CZ07/SFm&1&rDXGF&Ex&Fenes__ManufWin/Msr-0.25-0.40/instance-out.sql,28376.88,3973.45,800.45,1557.5,457.71,10329.24,0.0,621.74,0.0,0.0,0.0,0.0,10636.78,0.0,0.0,0.00,800.45,3973.45,0.00,8265.39,2063.85
CZ07/SFm&1&rDXGF&Ex&Fenes__ManufWin/Msr-0.28-0.23/instance-out.sql,28442.769999999997,4177.0,694.06,1557.5,457.71,10329.24,0.0,588.25,0.0,0.0,0.0,0.0,10639.01,0.0,0.0,0.00,694.06,4177.00,0.00,8265.39,2063.85
CZ07/SFm&2&rDXGF&Ex&Fenes__ManufWin/Default/instance-out.sql,43229.62,9883.2,2096.39,1774.64,457.71,16688.94,0.0,1690.07,0.0,0.0,0.0,0.0,10638.67,0.0,0.0,0.00,2096.39,9883.20,0.00,13437.41,3251.53
CZ07/SFm&2&rDXGF&Ex&Fenes__ManufWin/Base1.23/instance-out.sql,44713.64,11291.52,2077.49,1774.64,457.71,16688.94,0.0,1782.89,0.0,0.0,0.0,0.0,10640.43,0.0,0.0,0.00,2077.49,11291.52,0.00,13437.41,3251.53
CZ07/SFm&2&rDXGF&Ex&Fenes__ManufWin/Msr-0.25-0.40/instance-out.sql,40708.649999999994,7673.91,1974.96,1774.64,457.71,16688.94,0.0,1502.47,0.0,0.0,0.0,0.0,10636.02,0.0,0.0,0.00,1974.96,7673.91,0.00,13437.41,3251.53
CZ07/SFm&2&rDXGF&Ex&Fenes__ManufWin/Msr-0.28-0.23/instance-out.sql,40675.25,8344.54,1428.71,1774.64,457.71,16688.94,0.0,1339.24,0.0,0.0,0.0,0.0,10641.47,0.0,0.0,0.00,1428.71,8344.54,0.00,13437.41,3251.53
CZ07/SFm&1&rDXHP&Ex&Fenes__ManufWin/Default/instance-out.sql,26010.61,1813.86,798.09,1557.5,457.71,10329.24,0.0,415.22,0.0,0.0,0.0,0.0,10638.98,0.0,0.0,1813.86,798.09,0.00,0.00,8265.39,2063.85
CZ07/SFm&1&rDXHP&Ex&Fenes__ManufWin/Base1.23/instance-out.sql,26185.96,1986.8,779.39,1557.5,457.71,10329.24,0.0,434.18,0.0,0.0,0.0,0.0,10641.12,0.0,0.0,1986.80,779.39,0.00,0.00,8265.39,2063.85
CZ07/SFm&1&rDXHP&Ex&Fenes__ManufWin/Msr-0.25-0.40/instance-out.sql,25689.510000000002,1529.96,800.25,1557.5,457.71,10329.24,0.0,378.44,0.0,0.0,0.0,0.0,10636.4,0.0,0.0,1529.96,800.25,0.00,0.00,8265.39,2063.85
CZ07/SFm&1&rDXHP&Ex&Fenes__ManufWin/Msr-0.28-0.23/instance-out.sql,25639.15,1599.4,693.96,1557.5,457.71,10329.24,0.0,362.37,0.0,0.0,0.0,0.0,10638.96,0.0,0.0,1599.40,693.96,0.00,0.00,8265.39,2063.85
CZ07/SFm&2&rDXHP&Ex&Fenes__ManufWin/Default/instance-out.sql,36788.23,4099.92,2131.42,1774.64,457.71,16688.94,0.0,997.5,0.0,0.0,0.0,0.0,10638.1,0.0,0.0,4099.92,2131.42,0.00,0.00,13437.41,3251.53
CZ07/SFm&2&rDXHP&Ex&Fenes__ManufWin/Base1.23/instance-out.sql,37419.53,4676.53,2112.97,1774.64,457.71,16688.94,0.0,1068.41,0.0,0.0,0.0,0.0,10640.33,0.0,0.0,4676.53,2112.97,0.00,0.00,13437.41,3251.53
CZ07/SFm&2&rDXHP&Ex&Fenes__ManufWin/Msr-0.25-0.40/instance-out.sql,35626.380000000005,3198.25,2012.48,1774.64,457.71,16688.94,0.0,859.34,0.0,0.0,0.0,0.0,10635.02,0.0,0.0,3198.25,2012.48,0.00,0.00,13437.41,3251.53
CZ07/SFm&2&rDXHP&Ex&Fenes__ManufWin/Msr-0.28-0.23/instance-out.sql,35169.71,3383.71,1458.33,1774.64,457.71,16688.94,0.0,765.8,0.0,0.0,0.0,0.0,10640.58,0.0,0.0,3383.71,1458.33,0.00,0.00,13437.41,3251.53
CZ08/SFm&1&rDXGF&Ex&Fenes__ManufWin/Default/instance-out.sql,29875.18,4834.16,1356.32,1557.5,457.71,10329.24,0.0,704.7,0.0,0.0,0.0,0.0,10635.55,0.0,0.0,0.00,1356.32,4834.16,0.00,8265.39,2063.85
CZ08/SFm&1&rDXGF&Ex&Fenes__ManufWin/Base1.23/instance-out.sql,30427.600000000002,5355.42,1359.34,1557.5,457.71,10329.24,0.0,731.41,0.0,0.0,0.0,0.0,10636.97,0.0,0.0,0.00,1359.34,5355.42,0.00,8265.39,2063.85
CZ08/SFm&1&rDXGF&Ex&Fenes__ManufWin/Msr-0.25-0.40/instance-out.sql,28778.22,3877.09,1284.78,1557.5,457.71,10329.24,0.0,639.61,0.0,0.0,0.0,0.0,10632.28,0.0,0.0,0.00,1284.78,3877.09,0.00,8265.39,2063.85
CZ08/SFm&1&rDXGF&Ex&Fenes__ManufWin/Msr-0.28-0.23/instance-out.sql,28794.7,4070.49,1130.39,1557.5,457.71,10329.24,0.0,614.09,0.0,0.0,0.0,0.0,10635.26,0.0,0.0,0.00,1130.39,4070.49,0.00,8265.39,2063.85
CZ08/SFm&2&rDXGF&Ex&Fenes__ManufWin/Default/instance-out.sql,44857.53,9819.77,3729.21,1774.64,457.71,16688.94,0.0,1754.18,0.0,0.0,0.0,0.0,10633.07,0.0,0.0,0.00,3729.21,9819.77,0.00,13437.41,3251.53
CZ08/SFm&2&rDXGF&Ex&Fenes__ManufWin/Base1.23/instance-out.sql,47802.16,12167.07,4127.67,1774.64,457.71,16688.94,0.0,1950.61,0.0,0.0,0.0,0.0,10635.52,0.0,0.0,0.00,4127.67,12167.07,0.00,13437.41,3251.53
CZ08/SFm&2&rDXGF&Ex&Fenes__ManufWin/Msr-0.25-0.40/instance-out.sql,41829.49,7334.06,3370.8,1774.64,457.71,16688.94,0.0,1573.57,0.0,0.0,0.0,0.0,10629.77,0.0,0.0,0.00,3370.80,7334.06,0.00,13437.41,3251.53
CZ08/SFm&2&rDXGF&Ex&Fenes__ManufWin/Msr-0.28-0.23/instance-out.sql,41379.979999999996,7950.69,2495.63,1774.64,457.71,16688.94,0.0,1376.72,0.0,0.0,0.0,0.0,10635.64,0.0,0.0,0.00,2495.63,7950.69,0.00,13437.41,3251.53
CZ08/SFm&1&rDXHP&Ex&Fenes__ManufWin/Default/instance-out.sql,26827.550000000003,1976.77,1356.25,1557.5,457.71,10329.24,0.0,514.54,0.0,0.0,0.0,0.0,10635.52,0.0,0.0,1976.77,1356.25,0.00,0.00,8265.39,2063.85
CZ08/SFm&1&rDXHP&Ex&Fenes__ManufWin/Base1.23/instance-out.sql,27049.949999999997,2169.78,1359.27,1557.5,457.71,10329.24,0.0,539.56,0.0,0.0,0.0,0.0,10636.89,0.0,0.0,2169.78,1359.27,0.00,0.00,8265.39,2063.85
CZ08/SFm&1&rDXHP&Ex&Fenes__ManufWin/Msr-0.25-0.40/instance-out.sql,26330.489999999998,1613.14,1284.71,1557.5,457.71,10329.24,0.0,455.98,0.0,0.0,0.0,0.0,10632.21,0.0,0.0,1613.14,1284.71,0.00,0.00,8265.39,2063.85
CZ08/SFm&1&rDXHP&Ex&Fenes__ManufWin/Msr-0.28-0.23/instance-out.sql,26228.440000000002,1683.01,1130.23,1557.5,457.71,10329.24,0.0,435.48,0.0,0.0,0.0,0.0,10635.26,0.0,0.0,1683.01,1130.23,0.00,0.00,8265.39,2063.85
CZ08/SFm&2&rDXHP&Ex&Fenes__ManufWin/Default/instance-out.sql,38648.020000000004,4107.45,3769.08,1774.64,457.71,16688.94,0.0,1218.2,0.0,0.0,0.0,0.0,10631.99,0.0,0.0,4107.45,3769.08,0.00,0.00,13437.41,3251.53
CZ08/SFm&2&rDXHP&Ex&Fenes__ManufWin/Base1.23/instance-out.sql,40171.47,5094.34,4156.81,1774.64,457.71,16688.94,0.0,1364.67,0.0,0.0,0.0,0.0,10634.36,0.0,0.0,5094.34,4156.81,0.00,0.00,13437.41,3251.53
CZ08/SFm&2&rDXHP&Ex&Fenes__ManufWin/Msr-0.25-0.40/instance-out.sql,37154.67,3108.6,3415.47,1774.64,457.71,16688.94,0.0,1080.62,0.0,0.0,0.0,0.0,10628.68,0.0,0.0,3108.60,3415.47,0.00,0.00,13437.41,3251.53
CZ08/SFm&2&rDXHP&Ex&Fenes__ManufWin/Msr-0.28-0.23/instance-out.sql,36321.8,3303.95,2533.1,1774.64,457.71,16688.94,0.0,928.95,0.0,0.0,0.0,0.0,10634.5,0.0,0.0,3303.95,2533.10,0.00,0.00,13437.41,3251.53
CZ09/SFm&1&rDXGF&Ex&Fenes__ManufWin/Default/instance-out.sql,31712.39,5823.59,2089.73,1557.5,457.71,10329.24,0.0,824.45,0.0,0.0,0.0,0.0,10630.17,0.0,0.0,0.00,2089.73,5823.59,0.00,8265.39,2063.85
CZ09/SFm&1&rDXGF&Ex&Fenes__ManufWin/Base1.23/instance-out.sql,32304.82,6364.16,2115.99,1557.5,457.71,10329.24,0.0,849.76,0.0,0.0,0.0,0.0,10630.45,0.0,0.0,0.00,2115.99,6364.16,0.00,8265.39,2063.85
CZ09/SFm&1&rDXGF&Ex&Fenes__ManufWin/Msr-0.25-0.40/instance-out.sql,30507.559999999998,4791.95,1982.75,1557.5,457.71,10329.24,0.0,759.43,0.0,0.0,0.0,0.0,10628.97,0.0,0.0,0.00,1982.75,4791.95,0.00,8265.39,2063.85
CZ09/SFm&1&rDXGF&Ex&Fenes__ManufWin/Msr-0.28-0.23/instance-out.sql,30494.910000000003,5017.27,1782.6,1557.5,457.71,10329.24,0.0,719.41,0.0,0.0,0.0,0.0,10631.17,0.0,0.0,0.00,1782.60,5017.27,0.00,8265.39,2063.85
CZ09/SFm&2&rDXGF&Ex&Fenes__ManufWin/Default/instance-out.sql,49697.630000000005,12350.39,5637.97,1774.64,457.71,16688.94,0.0,2160.82,0.0,0.0,0.0,0.0,10627.16,0.0,0.0,0.00,5637.97,12350.39,0.00,13437.41,3251.53
CZ09/SFm&2&rDXGF&Ex&Fenes__ManufWin/Base1.23/instance-out.sql,50841.93,13541.63,5623.12,1774.64,457.71,16688.94,0.0,2128.3,0.0,0.0,0.0,0.0,10627.6,0.0,0.0,0.00,5623.12,13541.63,0.00,13437.41,3251.53
CZ09/SFm&2&rDXGF&Ex&Fenes__ManufWin/Msr-0.25-0.40/instance-out.sql,45916.490000000005,9520.83,4997.46,1774.64,457.71,16688.94,0.0,1851.17,0.0,0.0,0.0,0.0,10625.73,0.0,0.0,0.00,4997.46,9520.83,0.00,13437.41,3251.53
CZ09/SFm&2&rDXGF&Ex&Fenes__ManufWin/Msr-0.28-0.23/instance-out.sql,45194.7,10207.38,3842.07,1774.64,457.71,16688.94,0.0,1592.54,0.0,0.0,0.0,0.0,10631.43,0.0,0.0,0.00,3842.07,10207.38,0.00,13437.41,3251.53
CZ09/SFm&1&rDXHP&Ex&Fenes__ManufWin/Default/instance-out.sql,28175.690000000002,2347.34,2089.82,1557.5,457.71,10329.24,0.0,763.91,0.0,0.0,0.0,0.0,10630.16,0.0,0.0,2347.34,2089.82,0.00,0.00,8265.39,2063.85
CZ09/SFm&1&rDXHP&Ex&Fenes__ManufWin/Base1.23/instance-out.sql,28433.24,2549.75,2116.18,1557.5,457.71,10329.24,0.0,792.41,0.0,0.0,0.0,0.0,10630.43,0.0,0.0,2549.75,2116.18,0.00,0.00,8265.39,2063.85
CZ09/SFm&1&rDXHP&Ex&Fenes__ManufWin/Msr-0.25-0.40/instance-out.sql,27611.97,1959.62,1982.95,1557.5,457.71,10329.24,0.0,695.98,0.0,0.0,0.0,0.0,10628.96,0.0,0.0,1959.62,1982.95,0.00,0.00,8265.39,2063.85
CZ09/SFm&1&rDXHP&Ex&Fenes__ManufWin/Msr-0.28-0.23/instance-out.sql,27461.79,2042.37,1782.77,1557.5,457.71,10329.24,0.0,661.04,0.0,0.0,0.0,0.0,10631.15,0.0,0.0,2042.37,1782.77,0.00,0.00,8265.39,2063.85
CZ09/SFm&2&rDXHP&Ex&Fenes__ManufWin/Default/instance-out.sql,42034.01,4898.92,5706.2,1774.64,457.71,16688.94,0.0,1881.29,0.0,0.0,0.0,0.0,10626.3,0.0,0.0,4898.92,5706.20,0.00,0.00,13437.41,3251.53
CZ09/SFm&2&rDXHP&Ex&Fenes__ManufWin/Base1.23/instance-out.sql,42419.270000000004,5345.16,5681.94,1774.64,457.71,16688.94,0.0,1843.78,0.0,0.0,0.0,0.0,10627.09,0.0,0.0,5345.16,5681.94,0.00,0.00,13437.41,3251.53
CZ09/SFm&2&rDXHP&Ex&Fenes__ManufWin/Msr-0.25-0.40/instance-out.sql,40034.75,3806.16,5069.93,1774.64,457.71,16688.94,0.0,1611.85,0.0,0.0,0.0,0.0,10625.53,0.0,0.0,3806.16,5069.93,0.00,0.00,13437.41,3251.53
CZ09/SFm&2&rDXHP&Ex&Fenes__ManufWin/Msr-0.28-0.23/instance-out.sql,38881.16,4030.53,3908.6,1774.64,457.71,16688.94,0.0,1390.56,0.0,0.0,0.0,0.0,10630.16,0.0,0.0,4030.53,3908.60,0.00,0.00,13437.41,3251.53

File Name,Unmet Heating (Hours),Unmet Cooling (Hours)
CZ01/SFm&1&rDXGF&Ex&Fenes__ManufWin/Default/instance-out.sql,65.17,10.50
CZ01/SFm&1&rDXGF&Ex&Fenes__ManufWin/Base1.23/instance-out.sql,49.50,10.00
CZ01/SFm&1&rDXGF&Ex&Fenes__ManufWin/Msr-0.25-0.40/instance-out.sql,54.00,10.67
CZ01/SFm&1&rDXGF&Ex&Fenes__ManufWin/Msr-0.28-0.23/instance-out.sql,43.83,9.83
CZ01/SFm&2&rDXGF&Ex&Fenes__ManufWin/Default/instance-out.sql,187.50,7.33
CZ01/SFm&2&rDXGF&Ex&Fenes__ManufWin/Base1.23/instance-out.sql,161.50,7.17
CZ01/SFm&2&rDXGF&Ex&Fenes__ManufWin/Msr-0.25-0.40/instance-out.sql,243.67,7.83
CZ01/SFm&2&rDXGF&Ex&Fenes__ManufWin/Msr-0.28-0.23/instance-out.sql,209.33,39.67
CZ01/SFm&1&rDXHP&Ex&Fenes__ManufWin/Default/instance-out.sql,44.67,10.50
CZ01/SFm&1&rDXHP&Ex&Fenes__ManufWin/Base1.23/instance-out.sql,32.00,10.00
CZ01/SFm&1&rDXHP&Ex&Fenes__ManufWin/Msr-0.25-0.40/instance-out.sql,45.50,10.67
CZ01/SFm&1&rDXHP&Ex&Fenes__ManufWin/Msr-0.28-0.23/instance-out.sql,37.00,9.83
CZ01/SFm&2&rDXHP&Ex&Fenes__ManufWin/Default/instance-out.sql,166.50,7.17
CZ01/SFm&2&rDXHP&Ex&Fenes__ManufWin/Base1.23/instance-out.sql,141.83,6.67
CZ01/SFm&2&rDXHP&Ex&Fenes__ManufWin/Msr-0.25-0.40/instance-out.sql,218.67,7.67
CZ01/SFm&2&rDXHP&Ex&Fenes__ManufWin/Msr-0.28-0.23/instance-out.sql,183.33,56.00
CZ02/SFm&1&rDXGF&Ex&Fenes__ManufWin/Default/instance-out.sql,108.67,0.00
CZ02/SFm&1&rDXGF&Ex&Fenes__ManufWin/Base1.23/instance-out.sql,116.50,0.00
CZ02/SFm&1&rDXGF&Ex&Fenes__ManufWin/Msr-0.25-0.40/instance-out.sql,106.17,0.00
CZ02/SFm&1&rDXGF&Ex&Fenes__ManufWin/Msr-0.28-0.23/instance-out.sql,105.00,0.00
CZ02/SFm&2&rDXGF&Ex&Fenes__ManufWin/Default/instance-out.sql,32.83,0.00
CZ02/SFm&2&rDXGF&Ex&Fenes__ManufWin/Base1.23/instance-out.sql,33.33,0.00
CZ02/SFm&2&rDXGF&Ex&Fenes__ManufWin/Msr-0.25-0.40/instance-out.sql,43.33,0.00
CZ02/SFm&2&rDXGF&Ex&Fenes__ManufWin/Msr-0.28-0.23/instance-out.sql,36.00,0.00
CZ02/SFm&1&rDXHP&Ex&Fenes__ManufWin/Default/instance-out.sql,89.33,0.00
CZ02/SFm&1&rDXHP&Ex&Fenes__ManufWin/Base1.23/instance-out.sql,79.83,0.00
CZ02/SFm&1&rDXHP&Ex&Fenes__ManufWin/Msr-0.25-0.40/instance-out.sql,90.83,0.00
CZ02/SFm&1&rDXHP&Ex&Fenes__ManufWin/Msr-0.28-0.23/instance-out.sql,86.33,0.00
CZ02/SFm&2&rDXHP&Ex&Fenes__ManufWin/Default/instance-out.sql,32.50,0.00
CZ02/SFm&2&rDXHP&Ex&Fenes__ManufWin/Base1.23/instance-out.sql,32.83,0.00
CZ02/SFm&2&rDXHP&Ex&Fenes__ManufWin/Msr-0.25-0.40/instance-out.sql,43.83,0.00
CZ02/SFm&2&rDXHP&Ex&Fenes__ManufWin/Msr-0.28-0.23/instance-out.sql,32.67,0.00
CZ03/SFm&1&rDXGF&Ex&Fenes__ManufWin/Default/instance-out.sql,103.83,0.00
CZ03/SFm&1&rDXGF&Ex&Fenes__ManufWin/Base1.23/instance-out.sql,108.17,1.17
CZ03/SFm&1&rDXGF&Ex&Fenes__ManufWin/Msr-0.25-0.40/instance-out.sql,100.33,0.00
CZ03/SFm&1&rDXGF&Ex&Fenes__ManufWin/Msr-0.28-0.23/instance-out.sql,98.33,0.00
CZ03/SFm&2&rDXGF&Ex&Fenes__ManufWin/Default/instance-out.sql,53.00,0.00
CZ03/SFm&2&rDXGF&Ex&Fenes__ManufWin/Base1.23/instance-out.sql,46.33,0.00
CZ03/SFm&2&rDXGF&Ex&Fenes__ManufWin/Msr-0.25-0.40/instance-out.sql,72.33,0.00
CZ03/SFm&2&rDXGF&Ex&Fenes__ManufWin/Msr-0.28-0.23/instance-out.sql,63.50,0.00
CZ03/SFm&1&rDXHP&Ex&Fenes__ManufWin/Default/instance-out.sql,101.67,0.00
CZ03/SFm&1&rDXHP&Ex&Fenes__ManufWin/Base1.23/instance-out.sql,103.17,1.17
CZ03/SFm&1&rDXHP&Ex&Fenes__ManufWin/Msr-0.25-0.40/instance-out.sql,98.00,0.00
CZ03/SFm&1&rDXHP&Ex&Fenes__ManufWin/Msr-0.28-0.23/instance-out.sql,96.00,0.00
CZ03/SFm&2&rDXHP&Ex&Fenes__ManufWin/Default/instance-out.sql,54.83,0.00
CZ03/SFm&2&rDXHP&Ex&Fenes__ManufWin/Base1.23/instance-out.sql,48.00,0.00
CZ03/SFm&2&rDXHP&Ex&Fenes__ManufWin/Msr-0.25-0.40/instance-out.sql,73.67,0.00
CZ03/SFm&2&rDXHP&Ex&Fenes__ManufWin/Msr-0.28-0.23/instance-out.sql,63.00,0.00
CZ04/SFm&1&rDXGF&Ex&Fenes__ManufWin/Default/instance-out.sql,93.67,0.00
CZ04/SFm&1&rDXGF&Ex&Fenes__ManufWin/Base1.23/instance-out.sql,93.17,0.00
CZ04/SFm&1&rDXGF&Ex&Fenes__ManufWin/Msr-0.25-0.40/instance-out.sql,81.50,0.00
CZ04/SFm&1&rDXGF&Ex&Fenes__ManufWin/Msr-0.28-0.23/instance-out.sql,80.17,0.00
CZ04/SFm&2&rDXGF&Ex&Fenes__ManufWin/Default/instance-out.sql,54.67,0.00
CZ04/SFm&2&rDXGF&Ex&Fenes__ManufWin/Base1.23/instance-out.sql,51.50,0.00
CZ04/SFm&2&rDXGF&Ex&Fenes__ManufWin/Msr-0.25-0.40/instance-out.sql,60.83,0.00
CZ04/SFm&2&rDXGF&Ex&Fenes__ManufWin/Msr-0.28-0.23/instance-out.sql,59.83,0.00
CZ04/SFm&1&rDXHP&Ex&Fenes__ManufWin/Default/instance-out.sql,91.00,0.00
CZ04/SFm&1&rDXHP&Ex&Fenes__ManufWin/Base1.23/instance-out.sql,90.00,0.00
CZ04/SFm&1&rDXHP&Ex&Fenes__ManufWin/Msr-0.25-0.40/instance-out.sql,80.67,0.00
CZ04/SFm&1&rDXHP&Ex&Fenes__ManufWin/Msr-0.28-0.23/instance-out.sql,78.83,0.00
CZ04/SFm&2&rDXHP&Ex&Fenes__ManufWin/Default/instance-out.sql,60.83,0.00
CZ04/SFm&2&rDXHP&Ex&Fenes__ManufWin/Base1.23/instance-out.sql,52.50,0.00
CZ04/SFm&2&rDXHP&Ex&Fenes__ManufWin/Msr-0.25-0.40/instance-out.sql,67.17,0.00
CZ04/SFm&2&rDXHP&Ex&Fenes__ManufWin/Msr-0.28-0.23/instance-out.sql,64.17,0.00
CZ05/SFm&1&rDXGF&Ex&Fenes__ManufWin/Default/instance-out.sql,98.17,1.50
CZ05/SFm&1&rDXGF&Ex&Fenes__ManufWin/Base1.23/instance-out.sql,104.67,2.00
CZ05/SFm&1&rDXGF&Ex&Fenes__ManufWin/Msr-0.25-0.40/instance-out.sql,94.67,1.17
CZ05/SFm&1&rDXGF&Ex&Fenes__ManufWin/Msr-0.28-0.23/instance-out.sql,93.50,1.50
CZ05/SFm&2&rDXGF&Ex&Fenes__ManufWin/Default/instance-out.sql,95.83,0.00
CZ05/SFm&2&rDXGF&Ex&Fenes__ManufWin/Base1.23/instance-out.sql,80.83,0.00
CZ05/SFm&2&rDXGF&Ex&Fenes__ManufWin/Msr-0.25-0.40/instance-out.sql,124.33,0.00
CZ05/SFm&2&rDXGF&Ex&Fenes__ManufWin/Msr-0.28-0.23/instance-out.sql,98.83,0.00
CZ05/SFm&1&rDXHP&Ex&Fenes__ManufWin/Default/instance-out.sql,93.83,1.50
CZ05/SFm&1&rDXHP&Ex&Fenes__ManufWin/Base1.23/instance-out.sql,95.83,2.00
CZ05/SFm&1&rDXHP&Ex&Fenes__ManufWin/Msr-0.25-0.40/instance-out.sql,89.50,1.17
CZ05/SFm&1&rDXHP&Ex&Fenes__ManufWin/Msr-0.28-0.23/instance-out.sql,88.33,1.50
CZ05/SFm&2&rDXHP&Ex&Fenes__ManufWin/Default/instance-out.sql,97.83,0.00
CZ05/SFm&2&rDXHP&Ex&Fenes__ManufWin/Base1.23/instance-out.sql,82.67,0.00
CZ05/SFm&2&rDXHP&Ex&Fenes__ManufWin/Msr-0.25-0.40/instance-out.sql,126.33,0.00
CZ05/SFm&2&rDXHP&Ex&Fenes__ManufWin/Msr-0.28-0.23/instance-out.sql,95.67,0.00
CZ06/SFm&1&rDXGF&Ex&Fenes__ManufWin/Default/instance-out.sql,31.67,0.00
CZ06/SFm&1&rDXGF&Ex&Fenes__ManufWin/Base1.23/instance-out.sql,25.17,0.00
CZ06/SFm&1&rDXGF&Ex&Fenes__ManufWin/Msr-0.25-0.40/instance-out.sql,52.33,0.00
CZ06/SFm&1&rDXGF&Ex&Fenes__ManufWin/Msr-0.28-0.23/instance-out.sql,36.17,0.00
CZ06/SFm&2&rDXGF&Ex&Fenes__ManufWin/Default/instance-out.sql,4.83,0.17
CZ06/SFm&2&rDXGF&Ex&Fenes__ManufWin/Base1.23/instance-out.sql,6.17,1.17
CZ06/SFm&2&rDXGF&Ex&Fenes__ManufWin/Msr-0.25-0.40/instance-out.sql,4.83,0.00
CZ06/SFm&2&rDXGF&Ex&Fenes__ManufWin/Msr-0.28-0.23/instance-out.sql,5.83,0.00
CZ06/SFm&1&rDXHP&Ex&Fenes__ManufWin/Default/instance-out.sql,48.83,0.00
CZ06/SFm&1&rDXHP&Ex&Fenes__ManufWin/Base1.23/instance-out.sql,36.33,0.00
CZ06/SFm&1&rDXHP&Ex&Fenes__ManufWin/Msr-0.25-0.40/instance-out.sql,65.67,0.00
CZ06/SFm&1&rDXHP&Ex&Fenes__ManufWin/Msr-0.28-0.23/instance-out.sql,43.83,0.00
CZ06/SFm&2&rDXHP&Ex&Fenes__ManufWin/Default/instance-out.sql,5.67,0.33
CZ06/SFm&2&rDXHP&Ex&Fenes__ManufWin/Base1.23/instance-out.sql,7.17,1.50
CZ06/SFm&2&rDXHP&Ex&Fenes__ManufWin/Msr-0.25-0.40/instance-out.sql,4.67,0.00
CZ06/SFm&2&rDXHP&Ex&Fenes__ManufWin/Msr-0.28-0.23/instance-out.sql,7.00,0.00
CZ07/SFm&1&rDXGF&Ex&Fenes__ManufWin/Default/instance-out.sql,31.33,0.00
CZ07/SFm&1&rDXGF&Ex&Fenes__ManufWin/Base1.23/instance-out.sql,28.50,0.00
CZ07/SFm&1&rDXGF&Ex&Fenes__ManufWin/Msr-0.25-0.40/instance-out.sql,41.83,0.00
CZ07/SFm&1&rDXGF&Ex&Fenes__ManufWin/Msr-0.28-0.23/instance-out.sql,37.67,0.00
CZ07/SFm&2&rDXGF&Ex&Fenes__ManufWin/Default/instance-out.sql,12.50,0.00
CZ07/SFm&2&rDXGF&Ex&Fenes__ManufWin/Base1.23/instance-out.sql,17.83,0.17
CZ07/SFm&2&rDXGF&Ex&Fenes__ManufWin/Msr-0.25-0.40/instance-out.sql,16.17,0.00
CZ07/SFm&2&rDXGF&Ex&Fenes__ManufWin/Msr-0.28-0.23/instance-out.sql,18.17,0.00
CZ07/SFm&1&rDXHP&Ex&Fenes__ManufWin/Default/instance-out.sql,46.50,0.00
CZ07/SFm&1&rDXHP&Ex&Fenes__ManufWin/Base1.23/instance-out.sql,42.50,0.00
CZ07/SFm&1&rDXHP&Ex&Fenes__ManufWin/Msr-0.25-0.40/instance-out.sql,64.50,0.00
CZ07/SFm&1&rDXHP&Ex&Fenes__ManufWin/Msr-0.28-0.23/instance-out.sql,56.00,0.00
CZ07/SFm&2&rDXHP&Ex&Fenes__ManufWin/Default/instance-out.sql,14.33,11.50
CZ07/SFm&2&rDXHP&Ex&Fenes__ManufWin/Base1.23/instance-out.sql,16.50,19.00
CZ07/SFm&2&rDXHP&Ex&Fenes__ManufWin/Msr-0.25-0.40/instance-out.sql,20.00,2.33
CZ07/SFm&2&rDXHP&Ex&Fenes__ManufWin/Msr-0.28-0.23/instance-out.sql,19.50,0.50
CZ08/SFm&1&rDXGF&Ex&Fenes__ManufWin/Default/instance-out.sql,25.17,0.00
CZ08/SFm&1&rDXGF&Ex&Fenes__ManufWin/Base1.23/instance-out.sql,18.33,0.00
CZ08/SFm&1&rDXGF&Ex&Fenes__ManufWin/Msr-0.25-0.40/instance-out.sql,42.00,0.00
CZ08/SFm&1&rDXGF&Ex&Fenes__ManufWin/Msr-0.28-0.23/instance-out.sql,42.83,0.00
CZ08/SFm&2&rDXGF&Ex&Fenes__ManufWin/Default/instance-out.sql,28.50,0.00
CZ08/SFm&2&rDXGF&Ex&Fenes__ManufWin/Base1.23/instance-out.sql,37.00,1.17
CZ08/SFm&2&rDXGF&Ex&Fenes__ManufWin/Msr-0.25-0.40/instance-out.sql,36.17,0.00
CZ08/SFm&2&rDXGF&Ex&Fenes__ManufWin/Msr-0.28-0.23/instance-out.sql,38.33,0.00
CZ08/SFm&1&rDXHP&Ex&Fenes__ManufWin/Default/instance-out.sql,29.00,0.00
CZ08/SFm&1&rDXHP&Ex&Fenes__ManufWin/Base1.23/instance-out.sql,22.33,0.00
CZ08/SFm&1&rDXHP&Ex&Fenes__ManufWin/Msr-0.25-0.40/instance-out.sql,46.33,0.00
CZ08/SFm&1&rDXHP&Ex&Fenes__ManufWin/Msr-0.28-0.23/instance-out.sql,45.00,0.00
CZ08/SFm&2&rDXHP&Ex&Fenes__ManufWin/Default/instance-out.sql,19.67,10.67
CZ08/SFm&2&rDXHP&Ex&Fenes__ManufWin/Base1.23/instance-out.sql,21.33,52.17
CZ08/SFm&2&rDXHP&Ex&Fenes__ManufWin/Msr-0.25-0.40/instance-out.sql,27.00,1.50
CZ08/SFm&2&rDXHP&Ex&Fenes__ManufWin/Msr-0.28-0.23/instance-out.sql,28.67,0.00
CZ09/SFm&1&rDXGF&Ex&Fenes__ManufWin/Default/instance-out.sql,17.00,0.00
CZ09/SFm&1&rDXGF&Ex&Fenes__ManufWin/Base1.23/instance-out.sql,12.33,0.00
CZ09/SFm&1&rDXGF&Ex&Fenes__ManufWin/Msr-0.25-0.40/instance-out.sql,23.00,0.00
CZ09/SFm&1&rDXGF&Ex&Fenes__ManufWin/Msr-0.28-0.23/instance-out.sql,21.67,0.00
CZ09/SFm&2&rDXGF&Ex&Fenes__ManufWin/Default/instance-out.sql,22.00,0.33
CZ09/SFm&2&rDXGF&Ex&Fenes__ManufWin/Base1.23/instance-out.sql,35.00,1.00
CZ09/SFm&2&rDXGF&Ex&Fenes__ManufWin/Msr-0.25-0.40/instance-out.sql,20.17,1.83
CZ09/SFm&2&rDXGF&Ex&Fenes__ManufWin/Msr-0.28-0.23/instance-out.sql,24.50,1.33
CZ09/SFm&1&rDXHP&Ex&Fenes__ManufWin/Default/instance-out.sql,18.83,0.00
CZ09/SFm&1&rDXHP&Ex&Fenes__ManufWin/Base1.23/instance-out.sql,13.00,0.00
CZ09/SFm&1&rDXHP&Ex&Fenes__ManufWin/Msr-0.25-0.40/instance-out.sql,25.17,0.00
CZ09/SFm&1&rDXHP&Ex&Fenes__ManufWin/Msr-0.28-0.23/instance-out.sql,24.50,0.00
CZ09/SFm&2&rDXHP&Ex&Fenes__ManufWin/Default/instance-out.sql,28.50,4.00
CZ09/SFm&2&rDXHP&Ex&Fenes__ManufWin/Base1.23/instance-out.sql,45.00,9.17
CZ09/SFm&2&rDXHP&Ex&Fenes__ManufWin/Msr-0.25-0.40/instance-out.sql,28.67,1.83
CZ09/SFm&2&rDXHP&Ex&Fenes__ManufWin/Msr-0.28-0.23/instance-out.sql,34.00,0.83

