skip,cohort,root,:roof_base_cavity_insul,:wall_base_type,:wall_base_cavity_insul,:wall_base_cont_insul,:glass_u,:glass_shgc,:sheathing_consol_layer_thickness,:sheathing_consol_layer_conductivity,:wall_consol_layer_thickness,:wall_consol_layer_conductivity,:floor_consol_layer_thickness,:floor_consol_layer_conductivity,:ceil_consol_layer_thickness,:ceil_consol_layer_conductivity,:door_thermal_resistance,:climate_zone,:infiltration_ACH,:shading_control
,DMo&0&rDXGF&New&Fenes__ManufWin_Default,Dmo-DXGF-New/templates/root.pxt,,,,,,,,,,,,,,,,"%= codes.lookup(""Res Key Prototype Values | Climate Zone #{climate_zone}"", ""climate_zone"", ""Value"")",,"%= codes.lookup(""Res Key Prototype Values | Climate Zone #{climate_zone}"", ""shading_control"", ""Value"")"
,DMo&0&rDXGF&New&Fenes__ManufWin_Base,Dmo-DXGF-New/templates/rootBase0.5.pxt,,,,,,,,,,,,,,,,"%= codes.lookup(""Res Key Prototype Values | Climate Zone #{climate_zone}"", ""climate_zone"", ""Value"")",,"%= codes.lookup(""Res Key Prototype Values | Climate Zone #{climate_zone}"", ""shading_control"", ""Value"")"
,DMo&0&rDXGF&New&Fenes__ManufWin_Msr1,Dmo-DXGF-New/templates/rootMsr1.pxt,,,,,,,,,,,,,,,,"%= codes.lookup(""Res Key Prototype Values | Climate Zone #{climate_zone}"", ""climate_zone"", ""Value"")",,"%= codes.lookup(""Res Key Prototype Values | Climate Zone #{climate_zone}"", ""shading_control"", ""Value"")"
,DMo&0&rDXGF&New&Fenes__ManufWin_Msr2,Dmo-DXGF-New/templates/rootMsr2.pxt,,,,,,,,,,,,,,,,"%= codes.lookup(""Res Key Prototype Values | Climate Zone #{climate_zone}"", ""climate_zone"", ""Value"")",,"%= codes.lookup(""Res Key Prototype Values | Climate Zone #{climate_zone}"", ""shading_control"", ""Value"")"
,DMo&0&rDXHP&New&Fenes__ManufWin_Default,Dmo-HP-New/templates/root.pxt,,,,,,,,,,,,,,,,"%= codes.lookup(""Res Key Prototype Values | Climate Zone #{climate_zone}"", ""climate_zone"", ""Value"")",,"%= codes.lookup(""Res Key Prototype Values | Climate Zone #{climate_zone}"", ""shading_control"", ""Value"")"
,DMo&0&rDXHP&New&Fenes__ManufWin_Base,Dmo-HP-New/templates/rootBase0.5.pxt,,,,,,,,,,,,,,,,"%= codes.lookup(""Res Key Prototype Values | Climate Zone #{climate_zone}"", ""climate_zone"", ""Value"")",,"%= codes.lookup(""Res Key Prototype Values | Climate Zone #{climate_zone}"", ""shading_control"", ""Value"")"
,DMo&0&rDXHP&New&Fenes__ManufWin_Msr1,Dmo-HP-New/templates/rootMsr1.pxt,,,,,,,,,,,,,,,,"%= codes.lookup(""Res Key Prototype Values | Climate Zone #{climate_zone}"", ""climate_zone"", ""Value"")",,"%= codes.lookup(""Res Key Prototype Values | Climate Zone #{climate_zone}"", ""shading_control"", ""Value"")"
,DMo&0&rDXHP&New&Fenes__ManufWin_Msr2,Dmo-HP-New/templates/rootMsr2.pxt,,,,,,,,,,,,,,,,"%= codes.lookup(""Res Key Prototype Values | Climate Zone #{climate_zone}"", ""climate_zone"", ""Value"")",,"%= codes.lookup(""Res Key Prototype Values | Climate Zone #{climate_zone}"", ""shading_control"", ""Value"")"
