File Name,Net Site EUI (kWh/m2),Net Source EUI (kWh/m2),Total Energy/Net Site Energy (kWh),Total Energy/Net Source Energy (kWh)
CZ01/DMo&0&rDXGF&Ex&Fenes__ManufWin_Default/Default/instance-out.sql,49.22,81.12,34072.58,56161.84
CZ01/DMo&0&rDXGF&Ex&Fenes__ManufWin_Base/Base1.23/instance-out.sql,49.22,81.13,34078.20,56167.01
CZ01/DMo&0&rDXGF&Ex&Fenes__ManufWin_Msr1/Msr-0.25-0.4/instance-out.sql,45.88,76.57,31764.02,53013.80
CZ01/DMo&0&rDXGF&Ex&Fenes__ManufWin_Msr2/Msr-0.28-0.23/instance-out.sql,50.30,80.71,34822.91,55875.78
CZ01/DMo&0&rDXHP&Ex&Fenes__ManufWin_Default/Default/instance-out.sql,48.40,97.05,33506.33,67187.94
CZ01/DMo&0&rDXHP&Ex&Fenes__ManufWin_Base/Base1.23/instance-out.sql,48.40,97.06,33509.36,67197.56
CZ01/DMo&0&rDXHP&Ex&Fenes__ManufWin_Msr1/Msr-0.25-0.4/instance-out.sql,46.68,91.61,32317.73,63420.36
CZ01/DMo&0&rDXHP&Ex&Fenes__ManufWin_Msr2/Msr-0.28-0.23/instance-out.sql,49.99,102.11,34606.30,70690.49
CZ02/DMo&0&rDXGF&Ex&Fenes__ManufWin_Default/Default/instance-out.sql,57.29,94.87,39660.04,65681.39
CZ02/DMo&0&rDXGF&Ex&Fenes__ManufWin_Base/Base1.23/instance-out.sql,57.30,94.88,39666.89,65688.59
CZ02/DMo&0&rDXGF&Ex&Fenes__ManufWin_Msr1/Msr-0.25-0.4/instance-out.sql,52.51,87.06,36356.56,60273.88
CZ02/DMo&0&rDXGF&Ex&Fenes__ManufWin_Msr2/Msr-0.28-0.23/instance-out.sql,54.25,87.87,37556.32,60832.54
CZ02/DMo&0&rDXHP&Ex&Fenes__ManufWin_Default/Default/instance-out.sql,52.79,111.23,36547.93,77005.65
CZ02/DMo&0&rDXHP&Ex&Fenes__ManufWin_Base/Base1.23/instance-out.sql,52.80,111.24,36551.06,77015.59
CZ02/DMo&0&rDXHP&Ex&Fenes__ManufWin_Msr1/Msr-0.25-0.4/instance-out.sql,50.80,104.93,35171.42,72646.32
CZ02/DMo&0&rDXHP&Ex&Fenes__ManufWin_Msr2/Msr-0.28-0.23/instance-out.sql,51.91,108.47,35940.72,75091.94
CZ03/DMo&0&rDXGF&Ex&Fenes__ManufWin_Default/Default/instance-out.sql,54.88,97.53,37990.81,67520.66
CZ03/DMo&0&rDXGF&Ex&Fenes__ManufWin_Base/Base1.23/instance-out.sql,54.88,97.53,37995.09,67523.39
CZ03/DMo&0&rDXGF&Ex&Fenes__ManufWin_Msr1/Msr-0.25-0.4/instance-out.sql,49.16,86.27,34031.54,59727.65
CZ03/DMo&0&rDXGF&Ex&Fenes__ManufWin_Msr2/Msr-0.28-0.23/instance-out.sql,49.42,84.34,34214.13,58387.84
CZ03/DMo&0&rDXHP&Ex&Fenes__ManufWin_Default/Default/instance-out.sql,49.74,101.53,34436.43,70292.21
CZ03/DMo&0&rDXHP&Ex&Fenes__ManufWin_Base/Base1.23/instance-out.sql,49.74,101.54,34437.49,70295.59
CZ03/DMo&0&rDXHP&Ex&Fenes__ManufWin_Msr1/Msr-0.25-0.4/instance-out.sql,46.46,91.15,32163.85,63104.77
CZ03/DMo&0&rDXHP&Ex&Fenes__ManufWin_Msr2/Msr-0.28-0.23/instance-out.sql,46.01,89.76,31856.58,62143.24
CZ04/DMo&0&rDXGF&Ex&Fenes__ManufWin_Default/Default/instance-out.sql,53.07,92.94,36743.54,64343.93
CZ04/DMo&0&rDXGF&Ex&Fenes__ManufWin_Base/Base1.23/instance-out.sql,53.08,92.95,36748.55,64348.34
CZ04/DMo&0&rDXGF&Ex&Fenes__ManufWin_Msr1/Msr-0.25-0.4/instance-out.sql,48.66,85.94,33690.93,59494.41
CZ04/DMo&0&rDXGF&Ex&Fenes__ManufWin_Msr2/Msr-0.28-0.23/instance-out.sql,49.07,84.98,33970.60,58831.21
CZ04/DMo&0&rDXHP&Ex&Fenes__ManufWin_Default/Default/instance-out.sql,48.76,98.55,33754.09,68227.39
CZ04/DMo&0&rDXHP&Ex&Fenes__ManufWin_Base/Base1.23/instance-out.sql,48.76,98.56,33755.83,68232.92
CZ04/DMo&0&rDXHP&Ex&Fenes__ManufWin_Msr1/Msr-0.25-0.4/instance-out.sql,46.65,91.87,32293.56,63601.01
CZ04/DMo&0&rDXHP&Ex&Fenes__ManufWin_Msr2/Msr-0.28-0.23/instance-out.sql,46.60,91.75,32264.31,63517.83
CZ05/DMo&0&rDXGF&Ex&Fenes__ManufWin_Default/Default/instance-out.sql,54.79,95.76,37932.49,66296.16
CZ05/DMo&0&rDXGF&Ex&Fenes__ManufWin_Base/Base1.23/instance-out.sql,54.80,95.77,37938.38,66301.84
CZ05/DMo&0&rDXGF&Ex&Fenes__ManufWin_Msr1/Msr-0.25-0.4/instance-out.sql,49.77,86.36,34453.50,59788.77
CZ05/DMo&0&rDXGF&Ex&Fenes__ManufWin_Msr2/Msr-0.28-0.23/instance-out.sql,50.39,85.35,34887.09,59087.90
CZ05/DMo&0&rDXHP&Ex&Fenes__ManufWin_Default/Default/instance-out.sql,50.73,104.70,35121.78,72484.40
CZ05/DMo&0&rDXHP&Ex&Fenes__ManufWin_Base/Base1.23/instance-out.sql,50.73,104.71,35123.63,72490.29
CZ05/DMo&0&rDXHP&Ex&Fenes__ManufWin_Msr1/Msr-0.25-0.4/instance-out.sql,48.12,96.43,33312.80,66760.38
CZ05/DMo&0&rDXHP&Ex&Fenes__ManufWin_Msr2/Msr-0.28-0.23/instance-out.sql,48.26,96.89,33410.84,67081.46
CZ06/DMo&0&rDXGF&Ex&Fenes__ManufWin_Default/Default/instance-out.sql,52.02,97.96,36011.59,67822.01
CZ06/DMo&0&rDXGF&Ex&Fenes__ManufWin_Base/Base1.23/instance-out.sql,52.02,97.96,36012.66,67819.62
CZ06/DMo&0&rDXGF&Ex&Fenes__ManufWin_Msr1/Msr-0.25-0.4/instance-out.sql,48.85,91.63,33816.77,63435.49
CZ06/DMo&0&rDXGF&Ex&Fenes__ManufWin_Msr2/Msr-0.28-0.23/instance-out.sql,48.15,88.38,33332.33,61184.86
CZ06/DMo&0&rDXHP&Ex&Fenes__ManufWin_Default/Default/instance-out.sql,48.38,97.43,33493.65,67453.70
CZ06/DMo&0&rDXHP&Ex&Fenes__ManufWin_Base/Base1.23/instance-out.sql,48.38,97.43,33492.82,67451.10
CZ06/DMo&0&rDXHP&Ex&Fenes__ManufWin_Msr1/Msr-0.25-0.4/instance-out.sql,46.43,91.26,32142.66,63180.25
CZ06/DMo&0&rDXHP&Ex&Fenes__ManufWin_Msr2/Msr-0.28-0.23/instance-out.sql,45.42,88.09,31446.91,60986.95
CZ07/DMo&0&rDXGF&Ex&Fenes__ManufWin_Default/Default/instance-out.sql,49.91,93.23,34552.44,64545.69
CZ07/DMo&0&rDXGF&Ex&Fenes__ManufWin_Base/Base1.23/instance-out.sql,49.91,93.23,34553.43,64544.18
CZ07/DMo&0&rDXGF&Ex&Fenes__ManufWin_Msr1/Msr-0.25-0.4/instance-out.sql,47.71,89.08,33030.91,61672.86
CZ07/DMo&0&rDXGF&Ex&Fenes__ManufWin_Msr2/Msr-0.28-0.23/instance-out.sql,47.15,86.46,32641.44,59857.43
CZ07/DMo&0&rDXHP&Ex&Fenes__ManufWin_Default/Default/instance-out.sql,46.85,92.64,32435.84,64136.72
CZ07/DMo&0&rDXHP&Ex&Fenes__ManufWin_Base/Base1.23/instance-out.sql,46.85,92.64,32435.26,64134.90
CZ07/DMo&0&rDXHP&Ex&Fenes__ManufWin_Msr1/Msr-0.25-0.4/instance-out.sql,45.60,88.68,31569.88,61396.28
CZ07/DMo&0&rDXHP&Ex&Fenes__ManufWin_Msr2/Msr-0.28-0.23/instance-out.sql,44.81,86.18,31020.56,59664.63
CZ08/DMo&0&rDXGF&Ex&Fenes__ManufWin_Default/Default/instance-out.sql,51.12,97.31,35388.33,67366.37
CZ08/DMo&0&rDXGF&Ex&Fenes__ManufWin_Base/Base1.23/instance-out.sql,51.12,97.31,35389.90,67366.44
CZ08/DMo&0&rDXGF&Ex&Fenes__ManufWin_Msr1/Msr-0.25-0.4/instance-out.sql,48.35,91.80,33470.01,63553.39
CZ08/DMo&0&rDXGF&Ex&Fenes__ManufWin_Msr2/Msr-0.28-0.23/instance-out.sql,47.77,89.07,33071.95,61665.57
CZ08/DMo&0&rDXHP&Ex&Fenes__ManufWin_Default/Default/instance-out.sql,48.37,97.44,33487.61,67462.04
CZ08/DMo&0&rDXHP&Ex&Fenes__ManufWin_Base/Base1.23/instance-out.sql,48.37,97.44,33487.07,67460.32
CZ08/DMo&0&rDXHP&Ex&Fenes__ManufWin_Msr1/Msr-0.25-0.4/instance-out.sql,46.69,92.14,32327.19,63792.04
CZ08/DMo&0&rDXHP&Ex&Fenes__ManufWin_Msr2/Msr-0.28-0.23/instance-out.sql,45.86,89.52,31749.55,61972.59
CZ09/DMo&0&rDXGF&Ex&Fenes__ManufWin_Default/Default/instance-out.sql,55.95,109.18,38735.08,75583.53
CZ09/DMo&0&rDXGF&Ex&Fenes__ManufWin_Base/Base1.23/instance-out.sql,55.95,109.18,38737.08,75583.77
CZ09/DMo&0&rDXGF&Ex&Fenes__ManufWin_Msr1/Msr-0.25-0.4/instance-out.sql,52.67,102.45,36465.43,70929.37
CZ09/DMo&0&rDXGF&Ex&Fenes__ManufWin_Msr2/Msr-0.28-0.23/instance-out.sql,51.98,99.20,35988.74,68679.19
CZ09/DMo&0&rDXHP&Ex&Fenes__ManufWin_Default/Default/instance-out.sql,51.99,108.94,35992.46,75419.49
CZ09/DMo&0&rDXHP&Ex&Fenes__ManufWin_Base/Base1.23/instance-out.sql,51.99,108.94,35992.43,75419.35
CZ09/DMo&0&rDXHP&Ex&Fenes__ManufWin_Msr1/Msr-0.25-0.4/instance-out.sql,49.94,102.47,34574.63,70938.44
CZ09/DMo&0&rDXHP&Ex&Fenes__ManufWin_Msr2/Msr-0.28-0.23/instance-out.sql,48.91,99.22,33861.30,68692.71
CZ10/DMo&0&rDXGF&Ex&Fenes__ManufWin_Default/Default/instance-out.sql,62.46,114.82,43243.79,79493.24
CZ10/DMo&0&rDXGF&Ex&Fenes__ManufWin_Base/Base1.23/instance-out.sql,62.47,114.83,43250.48,79500.02
CZ10/DMo&0&rDXGF&Ex&Fenes__ManufWin_Msr1/Msr-0.25-0.4/instance-out.sql,56.40,104.37,39047.45,72253.82
CZ10/DMo&0&rDXGF&Ex&Fenes__ManufWin_Msr2/Msr-0.28-0.23/instance-out.sql,56.70,102.53,39255.38,70982.29
CZ10/DMo&0&rDXHP&Ex&Fenes__ManufWin_Default/Default/instance-out.sql,56.39,122.90,39042.40,85087.06
CZ10/DMo&0&rDXHP&Ex&Fenes__ManufWin_Base/Base1.23/instance-out.sql,56.40,122.91,39045.00,85095.32
CZ10/DMo&0&rDXHP&Ex&Fenes__ManufWin_Msr1/Msr-0.25-0.4/instance-out.sql,53.17,112.68,36808.14,78012.39
CZ10/DMo&0&rDXHP&Ex&Fenes__ManufWin_Msr2/Msr-0.28-0.23/instance-out.sql,52.93,111.94,36640.73,77494.17
CZ11/DMo&0&rDXGF&Ex&Fenes__ManufWin_Default/Default/instance-out.sql,73.53,133.76,50909.21,92606.49
CZ11/DMo&0&rDXGF&Ex&Fenes__ManufWin_Base/Base1.23/instance-out.sql,73.55,133.78,50920.42,92619.83
CZ11/DMo&0&rDXGF&Ex&Fenes__ManufWin_Msr1/Msr-0.25-0.4/instance-out.sql,65.03,119.66,45019.78,82844.78
CZ11/DMo&0&rDXGF&Ex&Fenes__ManufWin_Msr2/Msr-0.28-0.23/instance-out.sql,65.67,118.39,45461.89,81965.82
CZ11/DMo&0&rDXHP&Ex&Fenes__ManufWin_Default/Default/instance-out.sql,64.07,147.08,44355.75,101824.20
CZ11/DMo&0&rDXHP&Ex&Fenes__ManufWin_Base/Base1.23/instance-out.sql,64.08,147.10,44360.75,101840.04
CZ11/DMo&0&rDXHP&Ex&Fenes__ManufWin_Msr1/Msr-0.25-0.4/instance-out.sql,59.49,132.58,41186.22,91784.03
CZ11/DMo&0&rDXHP&Ex&Fenes__ManufWin_Msr2/Msr-0.28-0.23/instance-out.sql,59.52,132.67,41203.93,91850.14
CZ12/DMo&0&rDXGF&Ex&Fenes__ManufWin_Default/Default/instance-out.sql,69.95,123.19,48425.44,85289.21
CZ12/DMo&0&rDXGF&Ex&Fenes__ManufWin_Base/Base1.23/instance-out.sql,69.96,123.21,48435.36,85299.87
CZ12/DMo&0&rDXGF&Ex&Fenes__ManufWin_Msr1/Msr-0.25-0.4/instance-out.sql,62.35,111.00,43167.21,76849.39
CZ12/DMo&0&rDXGF&Ex&Fenes__ManufWin_Msr2/Msr-0.28-0.23/instance-out.sql,63.07,109.83,43666.62,76033.74
CZ12/DMo&0&rDXHP&Ex&Fenes__ManufWin_Default/Default/instance-out.sql,61.37,138.53,42485.76,95906.45
CZ12/DMo&0&rDXHP&Ex&Fenes__ManufWin_Base/Base1.23/instance-out.sql,61.37,138.55,42489.94,95919.67
CZ12/DMo&0&rDXHP&Ex&Fenes__ManufWin_Msr1/Msr-0.25-0.4/instance-out.sql,57.55,126.45,39845.73,87544.28
CZ12/DMo&0&rDXHP&Ex&Fenes__ManufWin_Msr2/Msr-0.28-0.23/instance-out.sql,57.78,127.18,40000.74,88046.79
CZ13/DMo&0&rDXGF&Ex&Fenes__ManufWin_Default/Default/instance-out.sql,70.41,134.29,48743.11,92973.21
CZ13/DMo&0&rDXGF&Ex&Fenes__ManufWin_Base/Base1.23/instance-out.sql,70.42,134.31,48750.52,92982.12
CZ13/DMo&0&rDXGF&Ex&Fenes__ManufWin_Msr1/Msr-0.25-0.4/instance-out.sql,63.50,121.68,43963.83,84241.18
CZ13/DMo&0&rDXGF&Ex&Fenes__ManufWin_Msr2/Msr-0.28-0.23/instance-out.sql,63.81,119.84,44176.15,82967.90
CZ13/DMo&0&rDXHP&Ex&Fenes__ManufWin_Default/Default/instance-out.sql,63.28,144.74,43811.60,100202.75
CZ13/DMo&0&rDXHP&Ex&Fenes__ManufWin_Base/Base1.23/instance-out.sql,63.29,144.75,43814.41,100212.49
CZ13/DMo&0&rDXHP&Ex&Fenes__ManufWin_Msr1/Msr-0.25-0.4/instance-out.sql,59.31,132.14,41058.18,91485.19
CZ13/DMo&0&rDXHP&Ex&Fenes__ManufWin_Msr2/Msr-0.28-0.23/instance-out.sql,59.12,131.57,40929.67,91089.93
CZ14/DMo&0&rDXGF&Ex&Fenes__ManufWin_Default/Default/instance-out.sql,80.88,147.81,55992.24,102330.17
CZ14/DMo&0&rDXGF&Ex&Fenes__ManufWin_Base/Base1.23/instance-out.sql,80.90,147.84,56007.27,102348.63
CZ14/DMo&0&rDXGF&Ex&Fenes__ManufWin_Msr1/Msr-0.25-0.4/instance-out.sql,70.31,130.16,48676.34,90109.46
CZ14/DMo&0&rDXGF&Ex&Fenes__ManufWin_Msr2/Msr-0.28-0.23/instance-out.sql,71.59,129.34,49564.19,89543.66
CZ14/DMo&0&rDXHP&Ex&Fenes__ManufWin_Default/Default/instance-out.sql,68.02,159.80,47089.36,110630.06
CZ14/DMo&0&rDXHP&Ex&Fenes__ManufWin_Base/Base1.23/instance-out.sql,68.03,159.83,47095.40,110649.37
CZ14/DMo&0&rDXHP&Ex&Fenes__ManufWin_Msr1/Msr-0.25-0.4/instance-out.sql,62.69,142.91,43399.07,98940.05
CZ14/DMo&0&rDXHP&Ex&Fenes__ManufWin_Msr2/Msr-0.28-0.23/instance-out.sql,62.94,143.74,43576.79,99516.10
CZ15/DMo&0&rDXGF&Ex&Fenes__ManufWin_Default/Default/instance-out.sql,72.62,157.38,50275.84,108952.89
CZ15/DMo&0&rDXGF&Ex&Fenes__ManufWin_Base/Base1.23/instance-out.sql,72.63,157.39,50282.05,108963.13
CZ15/DMo&0&rDXGF&Ex&Fenes__ManufWin_Msr1/Msr-0.25-0.4/instance-out.sql,65.86,141.60,45594.28,98029.69
CZ15/DMo&0&rDXGF&Ex&Fenes__ManufWin_Msr2/Msr-0.28-0.23/instance-out.sql,65.18,138.09,45121.88,95603.96
CZ15/DMo&0&rDXHP&Ex&Fenes__ManufWin_Default/Default/instance-out.sql,67.54,158.40,46756.35,109665.74
CZ15/DMo&0&rDXHP&Ex&Fenes__ManufWin_Base/Base1.23/instance-out.sql,67.54,158.42,46759.35,109675.25
CZ15/DMo&0&rDXHP&Ex&Fenes__ManufWin_Msr1/Msr-0.25-0.4/instance-out.sql,62.66,142.98,43381.18,98988.93
CZ15/DMo&0&rDXHP&Ex&Fenes__ManufWin_Msr2/Msr-0.28-0.23/instance-out.sql,61.60,139.63,42644.79,96666.07
CZ16/DMo&0&rDXGF&Ex&Fenes__ManufWin_Default/Default/instance-out.sql,66.36,122.54,45940.05,84833.44
CZ16/DMo&0&rDXGF&Ex&Fenes__ManufWin_Base/Base1.23/instance-out.sql,66.37,122.55,45949.10,84843.84
CZ16/DMo&0&rDXGF&Ex&Fenes__ManufWin_Msr1/Msr-0.25-0.4/instance-out.sql,58.58,108.59,40556.47,75176.68
CZ16/DMo&0&rDXGF&Ex&Fenes__ManufWin_Msr2/Msr-0.28-0.23/instance-out.sql,59.23,107.09,41007.58,74142.95
CZ16/DMo&0&rDXHP&Ex&Fenes__ManufWin_Default/Default/instance-out.sql,64.83,149.35,44885.40,103396.48
CZ16/DMo&0&rDXHP&Ex&Fenes__ManufWin_Base/Base1.23/instance-out.sql,64.84,149.38,44891.74,103416.57
CZ16/DMo&0&rDXHP&Ex&Fenes__ManufWin_Msr1/Msr-0.25-0.4/instance-out.sql,59.22,131.58,41001.02,91095.79
CZ16/DMo&0&rDXHP&Ex&Fenes__ManufWin_Msr2/Msr-0.28-0.23/instance-out.sql,60.15,134.55,41646.08,93151.96

File Name,Total (kWh),Heating (kWh),Cooling (kWh),Interior Lighting (kWh),Exterior Lighting (kWh),Interior Equipment (kWh),Exterior Equipment (kWh),Fans (kWh),Pumps (kWh),Heat Rejection (kWh),Humidification (kWh),Heat Recovery (kWh),Water Systems (kWh),Refrigeration (kWh),Generators (kWh),Heating Elec (kWh),Cooling Elec (kWh),Heating NG (kWh),Cooling NG (kWh),Interior Equipment Elec (kWh),Interior Equipment NG (kWh)
CZ01/DMo&0&rDXGF&Ex&Fenes__ManufWin_Default/Default/instance-out.sql,34072.58,6153.14,510.26,3135.57,0.0,12980.689999999999,0.0,417.66,0.0,0.0,0.0,0.0,10875.26,0.0,0.0,0.00,510.26,6153.14,0.00,5167.03,7813.66
CZ01/DMo&0&rDXGF&Ex&Fenes__ManufWin_Base/Base1.23/instance-out.sql,34078.2,6159.24,509.85,3135.57,0.0,12980.689999999999,0.0,417.62,0.0,0.0,0.0,0.0,10875.23,0.0,0.0,0.00,509.85,6159.24,0.00,5167.03,7813.66
CZ01/DMo&0&rDXGF&Ex&Fenes__ManufWin_Msr1/Msr-0.25-0.4/instance-out.sql,31764.019999999997,4153.49,368.07,3135.57,0.0,12980.689999999999,0.0,249.92,0.0,0.0,0.0,0.0,10876.27,0.0,0.0,0.00,368.07,4153.49,0.00,5167.03,7813.66
CZ01/DMo&0&rDXGF&Ex&Fenes__ManufWin_Msr2/Msr-0.28-0.23/instance-out.sql,34822.92,7441.31,197.13,3135.57,0.0,12980.689999999999,0.0,202.98,0.0,0.0,0.0,0.0,10865.23,0.0,0.0,0.00,197.13,7441.31,0.00,5167.03,7813.66
CZ01/DMo&0&rDXHP&Ex&Fenes__ManufWin_Default/Default/instance-out.sql,33506.34,5551.25,510.25,3135.57,0.0,12980.689999999999,0.0,454.46,0.0,0.0,0.0,0.0,10874.11,0.0,0.0,5551.25,510.25,0.00,0.00,5167.03,7813.66
CZ01/DMo&0&rDXHP&Ex&Fenes__ManufWin_Base/Base1.23/instance-out.sql,33509.36,5554.69,509.77,3135.57,0.0,12980.689999999999,0.0,454.55,0.0,0.0,0.0,0.0,10874.09,0.0,0.0,5554.69,509.77,0.00,0.00,5167.03,7813.66
CZ01/DMo&0&rDXHP&Ex&Fenes__ManufWin_Msr1/Msr-0.25-0.4/instance-out.sql,32317.730000000003,4678.39,368.61,3135.57,0.0,12980.689999999999,0.0,278.8,0.0,0.0,0.0,0.0,10875.67,0.0,0.0,4678.39,368.61,0.00,0.00,5167.03,7813.66
CZ01/DMo&0&rDXHP&Ex&Fenes__ManufWin_Msr2/Msr-0.28-0.23/instance-out.sql,34606.299999999996,7207.52,197.23,3135.57,0.0,12980.689999999999,0.0,220.28,0.0,0.0,0.0,0.0,10865.01,0.0,0.0,7207.52,197.23,0.00,0.00,5167.03,7813.66
CZ02/DMo&0&rDXGF&Ex&Fenes__ManufWin_Default/Default/instance-out.sql,39660.04,10168.75,1670.81,3135.57,0.0,12980.689999999999,0.0,919.49,0.0,0.0,0.0,0.0,10784.73,0.0,0.0,0.00,1670.81,10168.75,0.00,5167.03,7813.66
CZ02/DMo&0&rDXGF&Ex&Fenes__ManufWin_Base/Base1.23/instance-out.sql,39666.880000000005,10175.71,1670.52,3135.57,0.0,12980.689999999999,0.0,919.67,0.0,0.0,0.0,0.0,10784.73,0.0,0.0,0.00,1670.52,10175.71,0.00,5167.03,7813.66
CZ02/DMo&0&rDXGF&Ex&Fenes__ManufWin_Msr1/Msr-0.25-0.4/instance-out.sql,36356.56,7740.94,1119.06,3135.57,0.0,12980.689999999999,0.0,594.36,0.0,0.0,0.0,0.0,10785.94,0.0,0.0,0.00,1119.06,7740.94,0.00,5167.03,7813.66
CZ02/DMo&0&rDXGF&Ex&Fenes__ManufWin_Msr2/Msr-0.28-0.23/instance-out.sql,37556.32,9301.0,843.95,3135.57,0.0,12980.689999999999,0.0,513.31,0.0,0.0,0.0,0.0,10781.8,0.0,0.0,0.00,843.95,9301.00,0.00,5167.03,7813.66
CZ02/DMo&0&rDXHP&Ex&Fenes__ManufWin_Default/Default/instance-out.sql,36547.93,7094.88,1671.02,3135.57,0.0,12980.689999999999,0.0,880.46,0.0,0.0,0.0,0.0,10785.3,0.0,0.0,7094.88,1671.02,0.00,0.00,5167.03,7813.66
CZ02/DMo&0&rDXHP&Ex&Fenes__ManufWin_Base/Base1.23/instance-out.sql,36551.06,7098.08,1670.73,3135.57,0.0,12980.689999999999,0.0,880.7,0.0,0.0,0.0,0.0,10785.29,0.0,0.0,7098.08,1670.73,0.00,0.00,5167.03,7813.66
CZ02/DMo&0&rDXHP&Ex&Fenes__ManufWin_Msr1/Msr-0.25-0.4/instance-out.sql,35171.42,6544.52,1119.22,3135.57,0.0,12980.689999999999,0.0,606.15,0.0,0.0,0.0,0.0,10785.27,0.0,0.0,6544.52,1119.22,0.00,0.00,5167.03,7813.66
CZ02/DMo&0&rDXHP&Ex&Fenes__ManufWin_Msr2/Msr-0.28-0.23/instance-out.sql,35940.72,7639.48,843.91,3135.57,0.0,12980.689999999999,0.0,560.24,0.0,0.0,0.0,0.0,10780.83,0.0,0.0,7639.48,843.91,0.00,0.00,5167.03,7813.66
CZ03/DMo&0&rDXGF&Ex&Fenes__ManufWin_Default/Default/instance-out.sql,37990.82,6737.25,3021.22,3135.57,0.0,12980.689999999999,0.0,1320.74,0.0,0.0,0.0,0.0,10795.35,0.0,0.0,0.00,3021.22,6737.25,0.00,5167.03,7813.66
CZ03/DMo&0&rDXGF&Ex&Fenes__ManufWin_Base/Base1.23/instance-out.sql,37995.09,6742.45,3020.31,3135.57,0.0,12980.689999999999,0.0,1320.73,0.0,0.0,0.0,0.0,10795.33,0.0,0.0,0.00,3020.31,6742.45,0.00,5167.03,7813.66
CZ03/DMo&0&rDXGF&Ex&Fenes__ManufWin_Msr1/Msr-0.25-0.4/instance-out.sql,34031.55,4461.91,1887.77,3135.57,0.0,12980.689999999999,0.0,773.37,0.0,0.0,0.0,0.0,10792.24,0.0,0.0,0.00,1887.77,4461.91,0.00,5167.03,7813.66
CZ03/DMo&0&rDXGF&Ex&Fenes__ManufWin_Msr2/Msr-0.28-0.23/instance-out.sql,34214.14,5388.09,1316.31,3135.57,0.0,12980.689999999999,0.0,606.59,0.0,0.0,0.0,0.0,10786.88,0.0,0.0,0.00,1316.31,5388.09,0.00,5167.03,7813.66
CZ03/DMo&0&rDXHP&Ex&Fenes__ManufWin_Default/Default/instance-out.sql,34436.42,3381.4,3018.4,3135.57,0.0,12980.689999999999,0.0,1122.43,0.0,0.0,0.0,0.0,10797.93,0.0,0.0,3381.40,3018.40,0.00,0.00,5167.03,7813.66
CZ03/DMo&0&rDXHP&Ex&Fenes__ManufWin_Base/Base1.23/instance-out.sql,34437.49,3383.33,3017.52,3135.57,0.0,12980.689999999999,0.0,1122.45,0.0,0.0,0.0,0.0,10797.93,0.0,0.0,3383.33,3017.52,0.00,0.00,5167.03,7813.66
CZ03/DMo&0&rDXHP&Ex&Fenes__ManufWin_Msr1/Msr-0.25-0.4/instance-out.sql,32163.85,2667.49,1885.76,3135.57,0.0,12980.689999999999,0.0,701.11,0.0,0.0,0.0,0.0,10793.23,0.0,0.0,2667.49,1885.76,0.00,0.00,5167.03,7813.66
CZ03/DMo&0&rDXHP&Ex&Fenes__ManufWin_Msr2/Msr-0.28-0.23/instance-out.sql,31856.58,3053.98,1315.59,3135.57,0.0,12980.689999999999,0.0,583.08,0.0,0.0,0.0,0.0,10787.66,0.0,0.0,3053.98,1315.59,0.00,0.00,5167.03,7813.66
CZ04/DMo&0&rDXGF&Ex&Fenes__ManufWin_Default/Default/instance-out.sql,36743.54,6411.29,2509.66,3135.57,0.0,12980.689999999999,0.0,956.31,0.0,0.0,0.0,0.0,10750.03,0.0,0.0,0.00,2509.66,6411.29,0.00,5167.03,7813.66
CZ04/DMo&0&rDXGF&Ex&Fenes__ManufWin_Base/Base1.23/instance-out.sql,36748.56,6416.79,2509.09,3135.57,0.0,12980.689999999999,0.0,956.39,0.0,0.0,0.0,0.0,10750.02,0.0,0.0,0.00,2509.09,6416.79,0.00,5167.03,7813.66
CZ04/DMo&0&rDXGF&Ex&Fenes__ManufWin_Msr1/Msr-0.25-0.4/instance-out.sql,33690.93,4097.47,2029.13,3135.57,0.0,12980.689999999999,0.0,697.29,0.0,0.0,0.0,0.0,10750.78,0.0,0.0,0.00,2029.13,4097.47,0.00,5167.03,7813.66
CZ04/DMo&0&rDXGF&Ex&Fenes__ManufWin_Msr2/Msr-0.28-0.23/instance-out.sql,33970.6,4844.8,1648.71,3135.57,0.0,12980.689999999999,0.0,613.77,0.0,0.0,0.0,0.0,10747.05,0.0,0.0,0.00,1648.71,4844.80,0.00,5167.03,7813.66
CZ04/DMo&0&rDXHP&Ex&Fenes__ManufWin_Default/Default/instance-out.sql,33754.09,3545.44,2508.85,3135.57,0.0,12980.689999999999,0.0,831.76,0.0,0.0,0.0,0.0,10751.79,0.0,0.0,3545.44,2508.85,0.00,0.00,5167.03,7813.66
CZ04/DMo&0&rDXHP&Ex&Fenes__ManufWin_Base/Base1.23/instance-out.sql,33755.83,3547.66,2508.26,3135.57,0.0,12980.689999999999,0.0,831.88,0.0,0.0,0.0,0.0,10751.77,0.0,0.0,3547.66,2508.26,0.00,0.00,5167.03,7813.66
CZ04/DMo&0&rDXHP&Ex&Fenes__ManufWin_Msr1/Msr-0.25-0.4/instance-out.sql,32293.56,2773.44,2028.68,3135.57,0.0,12980.689999999999,0.0,622.98,0.0,0.0,0.0,0.0,10752.2,0.0,0.0,2773.44,2028.68,0.00,0.00,5167.03,7813.66
CZ04/DMo&0&rDXHP&Ex&Fenes__ManufWin_Msr2/Msr-0.28-0.23/instance-out.sql,32264.309999999998,3184.09,1648.58,3135.57,0.0,12980.689999999999,0.0,567.72,0.0,0.0,0.0,0.0,10747.66,0.0,0.0,3184.09,1648.58,0.00,0.00,5167.03,7813.66
CZ05/DMo&0&rDXGF&Ex&Fenes__ManufWin_Default/Default/instance-out.sql,37932.479999999996,7245.54,2617.49,3135.57,0.0,12980.689999999999,0.0,1166.97,0.0,0.0,0.0,0.0,10786.23,0.0,0.0,0.00,2617.49,7245.54,0.00,5167.03,7813.66
CZ05/DMo&0&rDXGF&Ex&Fenes__ManufWin_Base/Base1.23/instance-out.sql,37938.38,7251.77,2617.0,3135.57,0.0,12980.689999999999,0.0,1167.12,0.0,0.0,0.0,0.0,10786.23,0.0,0.0,0.00,2617.00,7251.77,0.00,5167.03,7813.66
CZ05/DMo&0&rDXGF&Ex&Fenes__ManufWin_Msr1/Msr-0.25-0.4/instance-out.sql,34453.5,5081.4,1737.3,3135.57,0.0,12980.689999999999,0.0,733.59,0.0,0.0,0.0,0.0,10784.95,0.0,0.0,0.00,1737.30,5081.40,0.00,5167.03,7813.66
CZ05/DMo&0&rDXGF&Ex&Fenes__ManufWin_Msr2/Msr-0.28-0.23/instance-out.sql,34887.09,6081.78,1302.04,3135.57,0.0,12980.689999999999,0.0,606.74,0.0,0.0,0.0,0.0,10780.27,0.0,0.0,0.00,1302.04,6081.78,0.00,5167.03,7813.66
CZ05/DMo&0&rDXHP&Ex&Fenes__ManufWin_Default/Default/instance-out.sql,35121.78,4526.8,2616.64,3135.57,0.0,12980.689999999999,0.0,1074.55,0.0,0.0,0.0,0.0,10787.53,0.0,0.0,4526.80,2616.64,0.00,0.00,5167.03,7813.66
CZ05/DMo&0&rDXHP&Ex&Fenes__ManufWin_Base/Base1.23/instance-out.sql,35123.63,4528.99,2616.17,3135.57,0.0,12980.689999999999,0.0,1074.69,0.0,0.0,0.0,0.0,10787.51,0.0,0.0,4528.99,2616.17,0.00,0.00,5167.03,7813.66
CZ05/DMo&0&rDXHP&Ex&Fenes__ManufWin_Msr1/Msr-0.25-0.4/instance-out.sql,33312.81,3956.52,1736.97,3135.57,0.0,12980.689999999999,0.0,717.93,0.0,0.0,0.0,0.0,10785.13,0.0,0.0,3956.52,1736.97,0.00,0.00,5167.03,7813.66
CZ05/DMo&0&rDXHP&Ex&Fenes__ManufWin_Msr2/Msr-0.28-0.23/instance-out.sql,33410.84,4587.22,1302.01,3135.57,0.0,12980.689999999999,0.0,625.31,0.0,0.0,0.0,0.0,10780.04,0.0,0.0,4587.22,1302.01,0.00,0.00,5167.03,7813.66
CZ06/DMo&0&rDXGF&Ex&Fenes__ManufWin_Default/Default/instance-out.sql,36011.58,3654.15,4070.32,3135.57,0.0,12980.689999999999,0.0,1446.3,0.0,0.0,0.0,0.0,10724.56,0.0,0.0,0.00,4070.32,3654.15,0.00,5167.03,7813.66
CZ06/DMo&0&rDXGF&Ex&Fenes__ManufWin_Base/Base1.23/instance-out.sql,36012.66,3656.89,4068.86,3135.57,0.0,12980.689999999999,0.0,1446.06,0.0,0.0,0.0,0.0,10724.59,0.0,0.0,0.00,4068.86,3656.89,0.00,5167.03,7813.66
CZ06/DMo&0&rDXGF&Ex&Fenes__ManufWin_Msr1/Msr-0.25-0.4/instance-out.sql,33816.770000000004,2425.09,3416.09,3135.57,0.0,12980.689999999999,0.0,1136.86,0.0,0.0,0.0,0.0,10722.47,0.0,0.0,0.00,3416.09,2425.09,0.00,5167.03,7813.66
CZ06/DMo&0&rDXGF&Ex&Fenes__ManufWin_Msr2/Msr-0.28-0.23/instance-out.sql,33332.33,2773.88,2762.08,3135.57,0.0,12980.689999999999,0.0,962.5,0.0,0.0,0.0,0.0,10717.62,0.0,0.0,0.00,2762.08,2773.88,0.00,5167.03,7813.66
CZ06/DMo&0&rDXHP&Ex&Fenes__ManufWin_Default/Default/instance-out.sql,33493.65,1393.09,4068.31,3135.57,0.0,12980.689999999999,0.0,1188.75,0.0,0.0,0.0,0.0,10727.24,0.0,0.0,1393.09,4068.31,0.00,0.00,5167.03,7813.66
CZ06/DMo&0&rDXHP&Ex&Fenes__ManufWin_Base/Base1.23/instance-out.sql,33492.82,1393.94,4066.89,3135.57,0.0,12980.689999999999,0.0,1188.51,0.0,0.0,0.0,0.0,10727.23,0.0,0.0,1393.94,4066.89,0.00,0.00,5167.03,7813.66
CZ06/DMo&0&rDXHP&Ex&Fenes__ManufWin_Msr1/Msr-0.25-0.4/instance-out.sql,32142.66,929.97,3413.74,3135.57,0.0,12980.689999999999,0.0,957.92,0.0,0.0,0.0,0.0,10724.77,0.0,0.0,929.97,3413.74,0.00,0.00,5167.03,7813.66
CZ06/DMo&0&rDXHP&Ex&Fenes__ManufWin_Msr2/Msr-0.28-0.23/instance-out.sql,31446.92,1040.65,2760.13,3135.57,0.0,12980.689999999999,0.0,809.97,0.0,0.0,0.0,0.0,10719.91,0.0,0.0,1040.65,2760.13,0.00,0.00,5167.03,7813.66
CZ07/DMo&0&rDXGF&Ex&Fenes__ManufWin_Default/Default/instance-out.sql,34552.44,3025.19,3391.17,3135.57,0.0,12980.689999999999,0.0,1311.92,0.0,0.0,0.0,0.0,10707.9,0.0,0.0,0.00,3391.17,3025.19,0.00,5167.03,7813.66
CZ07/DMo&0&rDXGF&Ex&Fenes__ManufWin_Base/Base1.23/instance-out.sql,34553.44,3027.43,3390.04,3135.57,0.0,12980.689999999999,0.0,1311.8,0.0,0.0,0.0,0.0,10707.89,0.0,0.0,0.00,3390.04,3027.43,0.00,5167.03,7813.66
CZ07/DMo&0&rDXGF&Ex&Fenes__ManufWin_Msr1/Msr-0.25-0.4/instance-out.sql,33030.91,2091.77,3017.38,3135.57,0.0,12980.689999999999,0.0,1098.33,0.0,0.0,0.0,0.0,10707.16,0.0,0.0,0.00,3017.38,2091.77,0.00,5167.03,7813.66
CZ07/DMo&0&rDXGF&Ex&Fenes__ManufWin_Msr2/Msr-0.28-0.23/instance-out.sql,32641.440000000002,2374.54,2490.77,3135.57,0.0,12980.689999999999,0.0,956.08,0.0,0.0,0.0,0.0,10703.79,0.0,0.0,0.00,2490.77,2374.54,0.00,5167.03,7813.66
CZ07/DMo&0&rDXHP&Ex&Fenes__ManufWin_Default/Default/instance-out.sql,32435.85,1247.17,3389.02,3135.57,0.0,12980.689999999999,0.0,972.04,0.0,0.0,0.0,0.0,10711.35,0.0,0.0,1247.17,3389.02,0.00,0.00,5167.03,7813.66
CZ07/DMo&0&rDXHP&Ex&Fenes__ManufWin_Base/Base1.23/instance-out.sql,32435.260000000002,1247.95,3387.85,3135.57,0.0,12980.689999999999,0.0,971.87,0.0,0.0,0.0,0.0,10711.34,0.0,0.0,1247.95,3387.85,0.00,0.00,5167.03,7813.66
CZ07/DMo&0&rDXHP&Ex&Fenes__ManufWin_Msr1/Msr-0.25-0.4/instance-out.sql,31569.88,891.23,3015.39,3135.57,0.0,12980.689999999999,0.0,836.64,0.0,0.0,0.0,0.0,10710.36,0.0,0.0,891.23,3015.39,0.00,0.00,5167.03,7813.66
CZ07/DMo&0&rDXHP&Ex&Fenes__ManufWin_Msr2/Msr-0.28-0.23/instance-out.sql,31020.550000000003,989.76,2489.63,3135.57,0.0,12980.689999999999,0.0,718.41,0.0,0.0,0.0,0.0,10706.49,0.0,0.0,989.76,2489.63,0.00,0.00,5167.03,7813.66
CZ08/DMo&0&rDXGF&Ex&Fenes__ManufWin_Default/Default/instance-out.sql,35388.33,2939.07,4293.58,3135.57,0.0,12980.689999999999,0.0,1328.65,0.0,0.0,0.0,0.0,10710.77,0.0,0.0,0.00,4293.58,2939.07,0.00,5167.03,7813.66
CZ08/DMo&0&rDXGF&Ex&Fenes__ManufWin_Base/Base1.23/instance-out.sql,35389.899999999994,2941.43,4292.8,3135.57,0.0,12980.689999999999,0.0,1328.64,0.0,0.0,0.0,0.0,10710.76,0.0,0.0,0.00,4292.80,2941.43,0.00,5167.03,7813.66
CZ08/DMo&0&rDXGF&Ex&Fenes__ManufWin_Msr1/Msr-0.25-0.4/instance-out.sql,33470.01,1855.04,3702.6,3135.57,0.0,12980.689999999999,0.0,1087.41,0.0,0.0,0.0,0.0,10708.7,0.0,0.0,0.00,3702.60,1855.04,0.00,5167.03,7813.66
CZ08/DMo&0&rDXGF&Ex&Fenes__ManufWin_Msr2/Msr-0.28-0.23/instance-out.sql,33071.96,2159.84,3122.95,3135.57,0.0,12980.689999999999,0.0,967.91,0.0,0.0,0.0,0.0,10705.0,0.0,0.0,0.00,3122.95,2159.84,0.00,5167.03,7813.66
CZ08/DMo&0&rDXHP&Ex&Fenes__ManufWin_Default/Default/instance-out.sql,33487.62,1288.73,4291.63,3135.57,0.0,12980.689999999999,0.0,1076.94,0.0,0.0,0.0,0.0,10714.06,0.0,0.0,1288.73,4291.63,0.00,0.00,5167.03,7813.66
CZ08/DMo&0&rDXHP&Ex&Fenes__ManufWin_Base/Base1.23/instance-out.sql,33487.07,1289.39,4290.57,3135.57,0.0,12980.689999999999,0.0,1076.79,0.0,0.0,0.0,0.0,10714.05,0.0,0.0,1289.39,4290.57,0.00,0.00,5167.03,7813.66
CZ08/DMo&0&rDXHP&Ex&Fenes__ManufWin_Msr1/Msr-0.25-0.4/instance-out.sql,32327.190000000002,891.39,3701.51,3135.57,0.0,12980.689999999999,0.0,906.4,0.0,0.0,0.0,0.0,10711.63,0.0,0.0,891.39,3701.51,0.00,0.00,5167.03,7813.66
CZ08/DMo&0&rDXHP&Ex&Fenes__ManufWin_Msr2/Msr-0.28-0.23/instance-out.sql,31749.550000000003,1008.14,3122.23,3135.57,0.0,12980.689999999999,0.0,796.06,0.0,0.0,0.0,0.0,10706.86,0.0,0.0,1008.14,3122.23,0.00,0.00,5167.03,7813.66
CZ09/DMo&0&rDXGF&Ex&Fenes__ManufWin_Default/Default/instance-out.sql,38735.08,4093.43,6096.18,3135.57,0.0,12980.689999999999,0.0,1729.26,0.0,0.0,0.0,0.0,10699.95,0.0,0.0,0.00,6096.18,4093.43,0.00,5167.03,7813.66
CZ09/DMo&0&rDXGF&Ex&Fenes__ManufWin_Base/Base1.23/instance-out.sql,38737.08,4096.41,6095.29,3135.57,0.0,12980.689999999999,0.0,1729.22,0.0,0.0,0.0,0.0,10699.9,0.0,0.0,0.00,6095.29,4096.41,0.00,5167.03,7813.66
CZ09/DMo&0&rDXGF&Ex&Fenes__ManufWin_Msr1/Msr-0.25-0.4/instance-out.sql,36465.44,2880.96,5305.03,3135.57,0.0,12980.689999999999,0.0,1467.18,0.0,0.0,0.0,0.0,10696.0,0.0,0.0,0.00,5305.03,2880.96,0.00,5167.03,7813.66
CZ09/DMo&0&rDXGF&Ex&Fenes__ManufWin_Msr2/Msr-0.28-0.23/instance-out.sql,35988.74,3242.01,4616.76,3135.57,0.0,12980.689999999999,0.0,1323.27,0.0,0.0,0.0,0.0,10690.44,0.0,0.0,0.00,4616.76,3242.01,0.00,5167.03,7813.66
CZ09/DMo&0&rDXHP&Ex&Fenes__ManufWin_Default/Default/instance-out.sql,35992.46,1508.62,6092.63,3135.57,0.0,12980.689999999999,0.0,1572.7,0.0,0.0,0.0,0.0,10702.25,0.0,0.0,1508.62,6092.63,0.00,0.00,5167.03,7813.66
CZ09/DMo&0&rDXHP&Ex&Fenes__ManufWin_Base/Base1.23/instance-out.sql,35992.43,1509.57,6091.72,3135.57,0.0,12980.689999999999,0.0,1572.61,0.0,0.0,0.0,0.0,10702.27,0.0,0.0,1509.57,6091.72,0.00,0.00,5167.03,7813.66
CZ09/DMo&0&rDXHP&Ex&Fenes__ManufWin_Msr1/Msr-0.25-0.4/instance-out.sql,34574.64,1101.36,5301.73,3135.57,0.0,12980.689999999999,0.0,1357.45,0.0,0.0,0.0,0.0,10697.83,0.0,0.0,1101.36,5301.73,0.00,0.00,5167.03,7813.66
CZ09/DMo&0&rDXHP&Ex&Fenes__ManufWin_Msr2/Msr-0.28-0.23/instance-out.sql,33861.3,1217.16,4614.34,3135.57,0.0,12980.689999999999,0.0,1222.14,0.0,0.0,0.0,0.0,10691.4,0.0,0.0,1217.16,4614.34,0.00,0.00,5167.03,7813.66
CZ10/DMo&0&rDXGF&Ex&Fenes__ManufWin_Default/Default/instance-out.sql,43243.78,9075.87,5729.85,3135.57,0.0,12980.689999999999,0.0,1626.2,0.0,0.0,0.0,0.0,10695.6,0.0,0.0,0.00,5729.85,9075.87,0.00,5167.03,7813.66
CZ10/DMo&0&rDXGF&Ex&Fenes__ManufWin_Base/Base1.23/instance-out.sql,43250.490000000005,9082.82,5729.43,3135.57,0.0,12980.689999999999,0.0,1626.39,0.0,0.0,0.0,0.0,10695.58,0.0,0.0,0.00,5729.43,9082.82,0.00,5167.03,7813.66
CZ10/DMo&0&rDXGF&Ex&Fenes__ManufWin_Msr1/Msr-0.25-0.4/instance-out.sql,39047.45,6170.34,4812.34,3135.57,0.0,12980.689999999999,0.0,1252.02,0.0,0.0,0.0,0.0,10696.49,0.0,0.0,0.00,4812.34,6170.34,0.00,5167.03,7813.66
CZ10/DMo&0&rDXGF&Ex&Fenes__ManufWin_Msr2/Msr-0.28-0.23/instance-out.sql,39255.380000000005,7102.15,4217.2,3135.57,0.0,12980.689999999999,0.0,1128.52,0.0,0.0,0.0,0.0,10691.25,0.0,0.0,0.00,4217.20,7102.15,0.00,5167.03,7813.66
CZ10/DMo&0&rDXHP&Ex&Fenes__ManufWin_Default/Default/instance-out.sql,39042.399999999994,5031.84,5728.31,3135.57,0.0,12980.689999999999,0.0,1467.79,0.0,0.0,0.0,0.0,10698.21,0.0,0.0,5031.84,5728.31,0.00,0.00,5167.03,7813.66
CZ10/DMo&0&rDXHP&Ex&Fenes__ManufWin_Base/Base1.23/instance-out.sql,39045.0,5034.6,5727.95,3135.57,0.0,12980.689999999999,0.0,1467.99,0.0,0.0,0.0,0.0,10698.19,0.0,0.0,5034.60,5727.95,0.00,0.00,5167.03,7813.66
CZ10/DMo&0&rDXHP&Ex&Fenes__ManufWin_Msr1/Msr-0.25-0.4/instance-out.sql,36808.14,4022.68,4811.1,3135.57,0.0,12980.689999999999,0.0,1160.49,0.0,0.0,0.0,0.0,10697.61,0.0,0.0,4022.68,4811.10,0.00,0.00,5167.03,7813.66
CZ10/DMo&0&rDXHP&Ex&Fenes__ManufWin_Msr2/Msr-0.28-0.23/instance-out.sql,36640.72,4548.21,4216.23,3135.57,0.0,12980.689999999999,0.0,1068.16,0.0,0.0,0.0,0.0,10691.86,0.0,0.0,4548.21,4216.23,0.00,0.00,5167.03,7813.66
CZ11/DMo&0&rDXGF&Ex&Fenes__ManufWin_Default/Default/instance-out.sql,50909.21000000001,14390.25,7384.69,3135.57,0.0,12980.689999999999,0.0,2277.62,0.0,0.0,0.0,0.0,10740.39,0.0,0.0,0.00,7384.69,14390.25,0.00,5167.03,7813.66
CZ11/DMo&0&rDXGF&Ex&Fenes__ManufWin_Base/Base1.23/instance-out.sql,50920.42,14400.89,7384.82,3135.57,0.0,12980.689999999999,0.0,2278.06,0.0,0.0,0.0,0.0,10740.39,0.0,0.0,0.00,7384.82,14400.89,0.00,5167.03,7813.66
CZ11/DMo&0&rDXGF&Ex&Fenes__ManufWin_Msr1/Msr-0.25-0.4/instance-out.sql,45019.78,10121.48,6239.08,3135.57,0.0,12980.689999999999,0.0,1801.73,0.0,0.0,0.0,0.0,10741.23,0.0,0.0,0.00,6239.08,10121.48,0.00,5167.03,7813.66
CZ11/DMo&0&rDXGF&Ex&Fenes__ManufWin_Msr2/Msr-0.28-0.23/instance-out.sql,45461.89,11219.61,5696.0,3135.57,0.0,12980.689999999999,0.0,1692.78,0.0,0.0,0.0,0.0,10737.24,0.0,0.0,0.00,5696.00,11219.61,0.00,5167.03,7813.66
CZ11/DMo&0&rDXHP&Ex&Fenes__ManufWin_Default/Default/instance-out.sql,44355.75,7980.63,7384.12,3135.57,0.0,12980.689999999999,0.0,2133.2,0.0,0.0,0.0,0.0,10741.53,0.0,0.0,7980.63,7384.12,0.00,0.00,5167.03,7813.66
CZ11/DMo&0&rDXHP&Ex&Fenes__ManufWin_Base/Base1.23/instance-out.sql,44360.75,7985.02,7384.25,3135.57,0.0,12980.689999999999,0.0,2133.69,0.0,0.0,0.0,0.0,10741.53,0.0,0.0,7985.02,7384.25,0.00,0.00,5167.03,7813.66
CZ11/DMo&0&rDXHP&Ex&Fenes__ManufWin_Msr1/Msr-0.25-0.4/instance-out.sql,41186.22,6370.04,6238.19,3135.57,0.0,12980.689999999999,0.0,1719.11,0.0,0.0,0.0,0.0,10742.63,0.0,0.0,6370.04,6238.19,0.00,0.00,5167.03,7813.66
CZ11/DMo&0&rDXHP&Ex&Fenes__ManufWin_Msr2/Msr-0.28-0.23/instance-out.sql,41203.93,6994.93,5695.27,3135.57,0.0,12980.689999999999,0.0,1659.67,0.0,0.0,0.0,0.0,10737.8,0.0,0.0,6994.93,5695.27,0.00,0.00,5167.03,7813.66
CZ12/DMo&0&rDXGF&Ex&Fenes__ManufWin_Default/Default/instance-out.sql,48425.44,14129.82,5523.27,3135.57,0.0,12980.689999999999,0.0,1918.74,0.0,0.0,0.0,0.0,10737.35,0.0,0.0,0.00,5523.27,14129.82,0.00,5167.03,7813.66
CZ12/DMo&0&rDXGF&Ex&Fenes__ManufWin_Base/Base1.23/instance-out.sql,48435.36,14139.8,5522.95,3135.57,0.0,12980.689999999999,0.0,1919.02,0.0,0.0,0.0,0.0,10737.34,0.0,0.0,0.00,5522.95,14139.80,0.00,5167.03,7813.66
CZ12/DMo&0&rDXGF&Ex&Fenes__ManufWin_Msr1/Msr-0.25-0.4/instance-out.sql,43167.21,10185.6,4624.97,3135.57,0.0,12980.689999999999,0.0,1501.68,0.0,0.0,0.0,0.0,10738.7,0.0,0.0,0.00,4624.97,10185.60,0.00,5167.03,7813.66
CZ12/DMo&0&rDXGF&Ex&Fenes__ManufWin_Msr2/Msr-0.28-0.23/instance-out.sql,43666.62,11341.43,4100.19,3135.57,0.0,12980.689999999999,0.0,1374.99,0.0,0.0,0.0,0.0,10733.76,0.0,0.0,0.00,4100.19,11341.43,0.00,5167.03,7813.66
CZ12/DMo&0&rDXHP&Ex&Fenes__ManufWin_Default/Default/instance-out.sql,42485.770000000004,8333.88,5522.47,3135.57,0.0,12980.689999999999,0.0,1773.79,0.0,0.0,0.0,0.0,10739.37,0.0,0.0,8333.88,5522.47,0.00,0.00,5167.03,7813.66
CZ12/DMo&0&rDXHP&Ex&Fenes__ManufWin_Base/Base1.23/instance-out.sql,42489.94,8337.95,5522.21,3135.57,0.0,12980.689999999999,0.0,1774.14,0.0,0.0,0.0,0.0,10739.37,0.0,0.0,8337.95,5522.21,0.00,0.00,5167.03,7813.66
CZ12/DMo&0&rDXHP&Ex&Fenes__ManufWin_Msr1/Msr-0.25-0.4/instance-out.sql,39845.72,6955.7,4624.16,3135.57,0.0,12980.689999999999,0.0,1409.67,0.0,0.0,0.0,0.0,10739.93,0.0,0.0,6955.70,4624.16,0.00,0.00,5167.03,7813.66
CZ12/DMo&0&rDXHP&Ex&Fenes__ManufWin_Msr2/Msr-0.28-0.23/instance-out.sql,40000.75,7716.35,4099.21,3135.57,0.0,12980.689999999999,0.0,1334.54,0.0,0.0,0.0,0.0,10734.38,0.0,0.0,7716.35,4099.21,0.00,0.00,5167.03,7813.66
CZ13/DMo&0&rDXGF&Ex&Fenes__ManufWin_Default/Default/instance-out.sql,48743.11,10971.35,8546.54,3135.57,0.0,12980.689999999999,0.0,2419.07,0.0,0.0,0.0,0.0,10689.89,0.0,0.0,0.00,8546.54,10971.35,0.00,5167.03,7813.66
CZ13/DMo&0&rDXGF&Ex&Fenes__ManufWin_Base/Base1.23/instance-out.sql,48750.520000000004,10978.35,8546.67,3135.57,0.0,12980.689999999999,0.0,2419.36,0.0,0.0,0.0,0.0,10689.87,0.0,0.0,0.00,8546.67,10978.35,0.00,5167.03,7813.66
CZ13/DMo&0&rDXGF&Ex&Fenes__ManufWin_Msr1/Msr-0.25-0.4/instance-out.sql,43963.83,7898.11,7286.06,3135.57,0.0,12980.689999999999,0.0,1974.66,0.0,0.0,0.0,0.0,10688.74,0.0,0.0,0.00,7286.06,7898.11,0.00,5167.03,7813.66
CZ13/DMo&0&rDXGF&Ex&Fenes__ManufWin_Msr2/Msr-0.28-0.23/instance-out.sql,44176.14,8836.87,6679.74,3135.57,0.0,12980.689999999999,0.0,1859.21,0.0,0.0,0.0,0.0,10684.07,0.0,0.0,0.00,6679.74,8836.87,0.00,5167.03,7813.66
CZ13/DMo&0&rDXHP&Ex&Fenes__ManufWin_Default/Default/instance-out.sql,43811.600000000006,6273.95,8545.67,3135.57,0.0,12980.689999999999,0.0,2183.09,0.0,0.0,0.0,0.0,10692.63,0.0,0.0,6273.95,8545.67,0.00,0.00,5167.03,7813.66
CZ13/DMo&0&rDXHP&Ex&Fenes__ManufWin_Base/Base1.23/instance-out.sql,43814.399999999994,6276.93,8545.61,3135.57,0.0,12980.689999999999,0.0,2183.39,0.0,0.0,0.0,0.0,10692.21,0.0,0.0,6276.93,8545.61,0.00,0.00,5167.03,7813.66
CZ13/DMo&0&rDXHP&Ex&Fenes__ManufWin_Msr1/Msr-0.25-0.4/instance-out.sql,41058.19,5162.69,7284.78,3135.57,0.0,12980.689999999999,0.0,1803.03,0.0,0.0,0.0,0.0,10691.42,0.0,0.0,5162.69,7284.78,0.00,0.00,5167.03,7813.66
CZ13/DMo&0&rDXHP&Ex&Fenes__ManufWin_Msr2/Msr-0.28-0.23/instance-out.sql,40929.66,5717.34,6679.02,3135.57,0.0,12980.689999999999,0.0,1731.27,0.0,0.0,0.0,0.0,10685.77,0.0,0.0,5717.34,6679.02,0.00,0.00,5167.03,7813.66
CZ14/DMo&0&rDXGF&Ex&Fenes__ManufWin_Default/Default/instance-out.sql,55992.240000000005,17522.91,9189.42,3135.57,0.0,12980.689999999999,0.0,2495.77,0.0,0.0,0.0,0.0,10667.87,0.0,0.0,0.00,9189.42,17522.91,0.00,5167.03,7813.66
CZ14/DMo&0&rDXGF&Ex&Fenes__ManufWin_Base/Base1.23/instance-out.sql,56007.28,17536.92,9189.94,3135.57,0.0,12980.689999999999,0.0,2496.29,0.0,0.0,0.0,0.0,10667.85,0.0,0.0,0.00,9189.94,17536.92,0.00,5167.03,7813.66
CZ14/DMo&0&rDXGF&Ex&Fenes__ManufWin_Msr1/Msr-0.25-0.4/instance-out.sql,48676.35,12264.47,7669.45,3135.57,0.0,12980.689999999999,0.0,1956.08,0.0,0.0,0.0,0.0,10670.08,0.0,0.0,0.00,7669.45,12264.47,0.00,5167.03,7813.66
CZ14/DMo&0&rDXGF&Ex&Fenes__ManufWin_Msr2/Msr-0.28-0.23/instance-out.sql,49564.19,13891.75,7056.56,3135.57,0.0,12980.689999999999,0.0,1835.31,0.0,0.0,0.0,0.0,10664.3,0.0,0.0,0.00,7056.56,13891.75,0.00,5167.03,7813.66
CZ14/DMo&0&rDXHP&Ex&Fenes__ManufWin_Default/Default/instance-out.sql,47089.350000000006,8786.78,9188.44,3135.57,0.0,12980.689999999999,0.0,2327.65,0.0,0.0,0.0,0.0,10670.22,0.0,0.0,8786.78,9188.44,0.00,0.00,5167.03,7813.66
CZ14/DMo&0&rDXHP&Ex&Fenes__ManufWin_Base/Base1.23/instance-out.sql,47095.399999999994,8791.75,9189.01,3135.57,0.0,12980.689999999999,0.0,2328.24,0.0,0.0,0.0,0.0,10670.14,0.0,0.0,8791.75,9189.01,0.00,0.00,5167.03,7813.66
CZ14/DMo&0&rDXHP&Ex&Fenes__ManufWin_Msr1/Msr-0.25-0.4/instance-out.sql,43399.07,7090.9,7668.63,3135.57,0.0,12980.689999999999,0.0,1851.67,0.0,0.0,0.0,0.0,10671.6,0.0,0.0,7090.90,7668.63,0.00,0.00,5167.03,7813.66
CZ14/DMo&0&rDXHP&Ex&Fenes__ManufWin_Msr2/Msr-0.28-0.23/instance-out.sql,43576.78999999999,7954.94,7055.82,3135.57,0.0,12980.689999999999,0.0,1784.5,0.0,0.0,0.0,0.0,10665.26,0.0,0.0,7954.94,7055.82,0.00,0.00,5167.03,7813.66
CZ15/DMo&0&rDXGF&Ex&Fenes__ManufWin_Default/Default/instance-out.sql,50275.84,5696.38,14824.88,3135.57,0.0,12980.689999999999,0.0,3014.57,0.0,0.0,0.0,0.0,10623.75,0.0,0.0,0.00,14824.88,5696.38,0.00,5167.03,7813.66
CZ15/DMo&0&rDXGF&Ex&Fenes__ManufWin_Base/Base1.23/instance-out.sql,50282.05,5700.91,14826.11,3135.57,0.0,12980.689999999999,0.0,3015.02,0.0,0.0,0.0,0.0,10623.75,0.0,0.0,0.00,14826.11,5700.91,0.00,5167.03,7813.66
CZ15/DMo&0&rDXGF&Ex&Fenes__ManufWin_Msr1/Msr-0.25-0.4/instance-out.sql,45594.270000000004,3827.46,12548.67,3135.57,0.0,12980.689999999999,0.0,2483.1,0.0,0.0,0.0,0.0,10618.78,0.0,0.0,0.00,12548.67,3827.46,0.00,5167.03,7813.66
CZ15/DMo&0&rDXGF&Ex&Fenes__ManufWin_Msr2/Msr-0.28-0.23/instance-out.sql,45121.869999999995,4278.64,11757.74,3135.57,0.0,12980.689999999999,0.0,2355.33,0.0,0.0,0.0,0.0,10613.91,0.0,0.0,0.00,11757.74,4278.64,0.00,5167.03,7813.66
CZ15/DMo&0&rDXHP&Ex&Fenes__ManufWin_Default/Default/instance-out.sql,46756.35,2413.65,14820.75,3135.57,0.0,12980.689999999999,0.0,2778.82,0.0,0.0,0.0,0.0,10626.87,0.0,0.0,2413.65,14820.75,0.00,0.00,5167.03,7813.66
CZ15/DMo&0&rDXHP&Ex&Fenes__ManufWin_Base/Base1.23/instance-out.sql,46759.35,2414.88,14822.16,3135.57,0.0,12980.689999999999,0.0,2779.18,0.0,0.0,0.0,0.0,10626.87,0.0,0.0,2414.88,14822.16,0.00,0.00,5167.03,7813.66
CZ15/DMo&0&rDXHP&Ex&Fenes__ManufWin_Msr1/Msr-0.25-0.4/instance-out.sql,43381.18,1771.44,12545.5,3135.57,0.0,12980.689999999999,0.0,2327.03,0.0,0.0,0.0,0.0,10620.94,0.0,0.0,1771.44,12545.50,0.00,0.00,5167.03,7813.66
CZ15/DMo&0&rDXHP&Ex&Fenes__ManufWin_Msr2/Msr-0.28-0.23/instance-out.sql,42644.79,1946.33,11755.45,3135.57,0.0,12980.689999999999,0.0,2210.27,0.0,0.0,0.0,0.0,10616.48,0.0,0.0,1946.33,11755.45,0.00,0.00,5167.03,7813.66
CZ16/DMo&0&rDXGF&Ex&Fenes__ManufWin_Default/Default/instance-out.sql,45940.05,10514.26,6341.24,3135.57,0.0,12980.689999999999,0.0,2175.38,0.0,0.0,0.0,0.0,10792.91,0.0,0.0,0.00,6341.24,10514.26,0.00,5167.03,7813.66
CZ16/DMo&0&rDXGF&Ex&Fenes__ManufWin_Base/Base1.23/instance-out.sql,45949.1,10523.05,6341.22,3135.57,0.0,12980.689999999999,0.0,2175.68,0.0,0.0,0.0,0.0,10792.89,0.0,0.0,0.00,6341.22,10523.05,0.00,5167.03,7813.66
CZ16/DMo&0&rDXGF&Ex&Fenes__ManufWin_Msr1/Msr-0.25-0.4/instance-out.sql,40556.47,6966.34,5015.3,3135.57,0.0,12980.689999999999,0.0,1666.95,0.0,0.0,0.0,0.0,10791.61,0.0,0.0,0.00,5015.30,6966.34,0.00,5167.03,7813.66
CZ16/DMo&0&rDXGF&Ex&Fenes__ManufWin_Msr2/Msr-0.28-0.23/instance-out.sql,41007.57,8153.89,4411.93,3135.57,0.0,12980.689999999999,0.0,1539.3,0.0,0.0,0.0,0.0,10786.19,0.0,0.0,0.00,4411.93,8153.89,0.00,5167.03,7813.66
CZ16/DMo&0&rDXHP&Ex&Fenes__ManufWin_Default/Default/instance-out.sql,44885.4,9390.64,6340.97,3135.57,0.0,12980.689999999999,0.0,2245.54,0.0,0.0,0.0,0.0,10791.99,0.0,0.0,9390.64,6340.97,0.00,0.00,5167.03,7813.66
CZ16/DMo&0&rDXHP&Ex&Fenes__ManufWin_Base/Base1.23/instance-out.sql,44891.740000000005,9396.56,6340.9,3135.57,0.0,12980.689999999999,0.0,2246.03,0.0,0.0,0.0,0.0,10791.99,0.0,0.0,9396.56,6340.90,0.00,0.00,5167.03,7813.66
CZ16/DMo&0&rDXHP&Ex&Fenes__ManufWin_Msr1/Msr-0.25-0.4/instance-out.sql,41001.03,7382.85,5015.04,3135.57,0.0,12980.689999999999,0.0,1695.41,0.0,0.0,0.0,0.0,10791.46,0.0,0.0,7382.85,5015.04,0.00,0.00,5167.03,7813.66
CZ16/DMo&0&rDXHP&Ex&Fenes__ManufWin_Msr2/Msr-0.28-0.23/instance-out.sql,41646.08,8716.08,4411.77,3135.57,0.0,12980.689999999999,0.0,1616.89,0.0,0.0,0.0,0.0,10785.08,0.0,0.0,8716.08,4411.77,0.00,0.00,5167.03,7813.66

File Name,Unmet Heating (Hours),Unmet Cooling (Hours)
CZ01/DMo&0&rDXGF&Ex&Fenes__ManufWin_Default/Default/instance-out.sql,71.17,150.67
CZ01/DMo&0&rDXGF&Ex&Fenes__ManufWin_Base/Base1.23/instance-out.sql,71.33,150.67
CZ01/DMo&0&rDXGF&Ex&Fenes__ManufWin_Msr1/Msr-0.25-0.4/instance-out.sql,232.67,248.67
CZ01/DMo&0&rDXGF&Ex&Fenes__ManufWin_Msr2/Msr-0.28-0.23/instance-out.sql,735.17,294.17
CZ01/DMo&0&rDXHP&Ex&Fenes__ManufWin_Default/Default/instance-out.sql,0.00,150.67
CZ01/DMo&0&rDXHP&Ex&Fenes__ManufWin_Base/Base1.23/instance-out.sql,0.00,150.67
CZ01/DMo&0&rDXHP&Ex&Fenes__ManufWin_Msr1/Msr-0.25-0.4/instance-out.sql,31.17,249.33
CZ01/DMo&0&rDXHP&Ex&Fenes__ManufWin_Msr2/Msr-0.28-0.23/instance-out.sql,742.83,294.50
CZ02/DMo&0&rDXGF&Ex&Fenes__ManufWin_Default/Default/instance-out.sql,0.00,128.83
CZ02/DMo&0&rDXGF&Ex&Fenes__ManufWin_Base/Base1.23/instance-out.sql,0.00,128.83
CZ02/DMo&0&rDXGF&Ex&Fenes__ManufWin_Msr1/Msr-0.25-0.4/instance-out.sql,47.17,247.17
CZ02/DMo&0&rDXGF&Ex&Fenes__ManufWin_Msr2/Msr-0.28-0.23/instance-out.sql,79.83,283.83
CZ02/DMo&0&rDXHP&Ex&Fenes__ManufWin_Default/Default/instance-out.sql,0.00,128.83
CZ02/DMo&0&rDXHP&Ex&Fenes__ManufWin_Base/Base1.23/instance-out.sql,0.00,128.83
CZ02/DMo&0&rDXHP&Ex&Fenes__ManufWin_Msr1/Msr-0.25-0.4/instance-out.sql,0.00,247.83
CZ02/DMo&0&rDXHP&Ex&Fenes__ManufWin_Msr2/Msr-0.28-0.23/instance-out.sql,0.00,283.83
CZ03/DMo&0&rDXGF&Ex&Fenes__ManufWin_Default/Default/instance-out.sql,6.00,89.83
CZ03/DMo&0&rDXGF&Ex&Fenes__ManufWin_Base/Base1.23/instance-out.sql,6.00,89.83
CZ03/DMo&0&rDXGF&Ex&Fenes__ManufWin_Msr1/Msr-0.25-0.4/instance-out.sql,30.67,273.83
CZ03/DMo&0&rDXGF&Ex&Fenes__ManufWin_Msr2/Msr-0.28-0.23/instance-out.sql,49.83,340.50
CZ03/DMo&0&rDXHP&Ex&Fenes__ManufWin_Default/Default/instance-out.sql,0.00,89.83
CZ03/DMo&0&rDXHP&Ex&Fenes__ManufWin_Base/Base1.23/instance-out.sql,0.00,89.83
CZ03/DMo&0&rDXHP&Ex&Fenes__ManufWin_Msr1/Msr-0.25-0.4/instance-out.sql,0.00,273.50
CZ03/DMo&0&rDXHP&Ex&Fenes__ManufWin_Msr2/Msr-0.28-0.23/instance-out.sql,0.00,340.50
CZ04/DMo&0&rDXGF&Ex&Fenes__ManufWin_Default/Default/instance-out.sql,3.00,136.00
CZ04/DMo&0&rDXGF&Ex&Fenes__ManufWin_Base/Base1.23/instance-out.sql,3.00,136.00
CZ04/DMo&0&rDXGF&Ex&Fenes__ManufWin_Msr1/Msr-0.25-0.4/instance-out.sql,16.50,305.17
CZ04/DMo&0&rDXGF&Ex&Fenes__ManufWin_Msr2/Msr-0.28-0.23/instance-out.sql,29.33,357.17
CZ04/DMo&0&rDXHP&Ex&Fenes__ManufWin_Default/Default/instance-out.sql,0.00,136.00
CZ04/DMo&0&rDXHP&Ex&Fenes__ManufWin_Base/Base1.23/instance-out.sql,0.00,136.00
CZ04/DMo&0&rDXHP&Ex&Fenes__ManufWin_Msr1/Msr-0.25-0.4/instance-out.sql,0.00,305.00
CZ04/DMo&0&rDXHP&Ex&Fenes__ManufWin_Msr2/Msr-0.28-0.23/instance-out.sql,0.00,357.17
CZ05/DMo&0&rDXGF&Ex&Fenes__ManufWin_Default/Default/instance-out.sql,0.00,103.33
CZ05/DMo&0&rDXGF&Ex&Fenes__ManufWin_Base/Base1.23/instance-out.sql,0.00,103.33
CZ05/DMo&0&rDXGF&Ex&Fenes__ManufWin_Msr1/Msr-0.25-0.4/instance-out.sql,11.17,232.67
CZ05/DMo&0&rDXGF&Ex&Fenes__ManufWin_Msr2/Msr-0.28-0.23/instance-out.sql,29.50,302.17
CZ05/DMo&0&rDXHP&Ex&Fenes__ManufWin_Default/Default/instance-out.sql,0.00,103.17
CZ05/DMo&0&rDXHP&Ex&Fenes__ManufWin_Base/Base1.23/instance-out.sql,0.00,103.17
CZ05/DMo&0&rDXHP&Ex&Fenes__ManufWin_Msr1/Msr-0.25-0.4/instance-out.sql,0.00,232.67
CZ05/DMo&0&rDXHP&Ex&Fenes__ManufWin_Msr2/Msr-0.28-0.23/instance-out.sql,0.00,302.50
CZ06/DMo&0&rDXGF&Ex&Fenes__ManufWin_Default/Default/instance-out.sql,71.00,100.83
CZ06/DMo&0&rDXGF&Ex&Fenes__ManufWin_Base/Base1.23/instance-out.sql,71.00,100.83
CZ06/DMo&0&rDXGF&Ex&Fenes__ManufWin_Msr1/Msr-0.25-0.4/instance-out.sql,102.67,225.50
CZ06/DMo&0&rDXGF&Ex&Fenes__ManufWin_Msr2/Msr-0.28-0.23/instance-out.sql,141.00,343.83
CZ06/DMo&0&rDXHP&Ex&Fenes__ManufWin_Default/Default/instance-out.sql,0.00,100.83
CZ06/DMo&0&rDXHP&Ex&Fenes__ManufWin_Base/Base1.23/instance-out.sql,0.00,100.83
CZ06/DMo&0&rDXHP&Ex&Fenes__ManufWin_Msr1/Msr-0.25-0.4/instance-out.sql,0.00,225.00
CZ06/DMo&0&rDXHP&Ex&Fenes__ManufWin_Msr2/Msr-0.28-0.23/instance-out.sql,0.00,343.83
CZ07/DMo&0&rDXGF&Ex&Fenes__ManufWin_Default/Default/instance-out.sql,128.00,76.00
CZ07/DMo&0&rDXGF&Ex&Fenes__ManufWin_Base/Base1.23/instance-out.sql,128.00,76.00
CZ07/DMo&0&rDXGF&Ex&Fenes__ManufWin_Msr1/Msr-0.25-0.4/instance-out.sql,159.17,161.17
CZ07/DMo&0&rDXGF&Ex&Fenes__ManufWin_Msr2/Msr-0.28-0.23/instance-out.sql,189.17,201.00
CZ07/DMo&0&rDXHP&Ex&Fenes__ManufWin_Default/Default/instance-out.sql,0.00,76.00
CZ07/DMo&0&rDXHP&Ex&Fenes__ManufWin_Base/Base1.23/instance-out.sql,0.00,75.83
CZ07/DMo&0&rDXHP&Ex&Fenes__ManufWin_Msr1/Msr-0.25-0.4/instance-out.sql,0.00,161.33
CZ07/DMo&0&rDXHP&Ex&Fenes__ManufWin_Msr2/Msr-0.28-0.23/instance-out.sql,0.00,201.00
CZ08/DMo&0&rDXGF&Ex&Fenes__ManufWin_Default/Default/instance-out.sql,87.33,137.50
CZ08/DMo&0&rDXGF&Ex&Fenes__ManufWin_Base/Base1.23/instance-out.sql,87.33,137.33
CZ08/DMo&0&rDXGF&Ex&Fenes__ManufWin_Msr1/Msr-0.25-0.4/instance-out.sql,138.50,251.17
CZ08/DMo&0&rDXGF&Ex&Fenes__ManufWin_Msr2/Msr-0.28-0.23/instance-out.sql,161.33,297.83
CZ08/DMo&0&rDXHP&Ex&Fenes__ManufWin_Default/Default/instance-out.sql,0.00,137.67
CZ08/DMo&0&rDXHP&Ex&Fenes__ManufWin_Base/Base1.23/instance-out.sql,0.00,137.33
CZ08/DMo&0&rDXHP&Ex&Fenes__ManufWin_Msr1/Msr-0.25-0.4/instance-out.sql,0.00,251.17
CZ08/DMo&0&rDXHP&Ex&Fenes__ManufWin_Msr2/Msr-0.28-0.23/instance-out.sql,0.17,297.00
CZ09/DMo&0&rDXGF&Ex&Fenes__ManufWin_Default/Default/instance-out.sql,9.83,50.33
CZ09/DMo&0&rDXGF&Ex&Fenes__ManufWin_Base/Base1.23/instance-out.sql,9.83,50.33
CZ09/DMo&0&rDXGF&Ex&Fenes__ManufWin_Msr1/Msr-0.25-0.4/instance-out.sql,11.00,80.83
CZ09/DMo&0&rDXGF&Ex&Fenes__ManufWin_Msr2/Msr-0.28-0.23/instance-out.sql,11.33,91.67
CZ09/DMo&0&rDXHP&Ex&Fenes__ManufWin_Default/Default/instance-out.sql,0.00,50.33
CZ09/DMo&0&rDXHP&Ex&Fenes__ManufWin_Base/Base1.23/instance-out.sql,0.00,50.33
CZ09/DMo&0&rDXHP&Ex&Fenes__ManufWin_Msr1/Msr-0.25-0.4/instance-out.sql,0.00,80.83
CZ09/DMo&0&rDXHP&Ex&Fenes__ManufWin_Msr2/Msr-0.28-0.23/instance-out.sql,0.00,91.50
CZ10/DMo&0&rDXGF&Ex&Fenes__ManufWin_Default/Default/instance-out.sql,14.50,316.17
CZ10/DMo&0&rDXGF&Ex&Fenes__ManufWin_Base/Base1.23/instance-out.sql,14.50,316.00
CZ10/DMo&0&rDXGF&Ex&Fenes__ManufWin_Msr1/Msr-0.25-0.4/instance-out.sql,35.50,699.33
CZ10/DMo&0&rDXGF&Ex&Fenes__ManufWin_Msr2/Msr-0.28-0.23/instance-out.sql,52.33,860.33
CZ10/DMo&0&rDXHP&Ex&Fenes__ManufWin_Default/Default/instance-out.sql,0.00,316.33
CZ10/DMo&0&rDXHP&Ex&Fenes__ManufWin_Base/Base1.23/instance-out.sql,0.00,316.17
CZ10/DMo&0&rDXHP&Ex&Fenes__ManufWin_Msr1/Msr-0.25-0.4/instance-out.sql,0.00,699.17
CZ10/DMo&0&rDXHP&Ex&Fenes__ManufWin_Msr2/Msr-0.28-0.23/instance-out.sql,0.00,860.00
CZ11/DMo&0&rDXGF&Ex&Fenes__ManufWin_Default/Default/instance-out.sql,8.83,101.17
CZ11/DMo&0&rDXGF&Ex&Fenes__ManufWin_Base/Base1.23/instance-out.sql,8.67,101.17
CZ11/DMo&0&rDXGF&Ex&Fenes__ManufWin_Msr1/Msr-0.25-0.4/instance-out.sql,15.67,232.67
CZ11/DMo&0&rDXGF&Ex&Fenes__ManufWin_Msr2/Msr-0.28-0.23/instance-out.sql,15.17,314.00
CZ11/DMo&0&rDXHP&Ex&Fenes__ManufWin_Default/Default/instance-out.sql,0.00,101.17
CZ11/DMo&0&rDXHP&Ex&Fenes__ManufWin_Base/Base1.23/instance-out.sql,0.00,101.17
CZ11/DMo&0&rDXHP&Ex&Fenes__ManufWin_Msr1/Msr-0.25-0.4/instance-out.sql,0.00,232.67
CZ11/DMo&0&rDXHP&Ex&Fenes__ManufWin_Msr2/Msr-0.28-0.23/instance-out.sql,0.00,314.17
CZ12/DMo&0&rDXGF&Ex&Fenes__ManufWin_Default/Default/instance-out.sql,0.17,229.67
CZ12/DMo&0&rDXGF&Ex&Fenes__ManufWin_Base/Base1.23/instance-out.sql,0.17,229.67
CZ12/DMo&0&rDXGF&Ex&Fenes__ManufWin_Msr1/Msr-0.25-0.4/instance-out.sql,3.83,469.67
CZ12/DMo&0&rDXGF&Ex&Fenes__ManufWin_Msr2/Msr-0.28-0.23/instance-out.sql,5.00,548.33
CZ12/DMo&0&rDXHP&Ex&Fenes__ManufWin_Default/Default/instance-out.sql,0.00,229.67
CZ12/DMo&0&rDXHP&Ex&Fenes__ManufWin_Base/Base1.23/instance-out.sql,0.00,229.67
CZ12/DMo&0&rDXHP&Ex&Fenes__ManufWin_Msr1/Msr-0.25-0.4/instance-out.sql,0.00,469.67
CZ12/DMo&0&rDXHP&Ex&Fenes__ManufWin_Msr2/Msr-0.28-0.23/instance-out.sql,0.00,548.33
CZ13/DMo&0&rDXGF&Ex&Fenes__ManufWin_Default/Default/instance-out.sql,0.00,231.83
CZ13/DMo&0&rDXGF&Ex&Fenes__ManufWin_Base/Base1.23/instance-out.sql,0.00,231.83
CZ13/DMo&0&rDXGF&Ex&Fenes__ManufWin_Msr1/Msr-0.25-0.4/instance-out.sql,0.00,435.17
CZ13/DMo&0&rDXGF&Ex&Fenes__ManufWin_Msr2/Msr-0.28-0.23/instance-out.sql,0.00,566.50
CZ13/DMo&0&rDXHP&Ex&Fenes__ManufWin_Default/Default/instance-out.sql,0.00,232.00
CZ13/DMo&0&rDXHP&Ex&Fenes__ManufWin_Base/Base1.23/instance-out.sql,0.00,232.00
CZ13/DMo&0&rDXHP&Ex&Fenes__ManufWin_Msr1/Msr-0.25-0.4/instance-out.sql,0.00,435.17
CZ13/DMo&0&rDXHP&Ex&Fenes__ManufWin_Msr2/Msr-0.28-0.23/instance-out.sql,0.00,566.50
CZ14/DMo&0&rDXGF&Ex&Fenes__ManufWin_Default/Default/instance-out.sql,3.50,270.50
CZ14/DMo&0&rDXGF&Ex&Fenes__ManufWin_Base/Base1.23/instance-out.sql,3.50,270.17
CZ14/DMo&0&rDXGF&Ex&Fenes__ManufWin_Msr1/Msr-0.25-0.4/instance-out.sql,38.17,648.67
CZ14/DMo&0&rDXGF&Ex&Fenes__ManufWin_Msr2/Msr-0.28-0.23/instance-out.sql,48.50,842.67
CZ14/DMo&0&rDXHP&Ex&Fenes__ManufWin_Default/Default/instance-out.sql,0.00,270.50
CZ14/DMo&0&rDXHP&Ex&Fenes__ManufWin_Base/Base1.23/instance-out.sql,0.00,270.17
CZ14/DMo&0&rDXHP&Ex&Fenes__ManufWin_Msr1/Msr-0.25-0.4/instance-out.sql,0.00,648.67
CZ14/DMo&0&rDXHP&Ex&Fenes__ManufWin_Msr2/Msr-0.28-0.23/instance-out.sql,0.00,842.67
CZ15/DMo&0&rDXGF&Ex&Fenes__ManufWin_Default/Default/instance-out.sql,0.17,93.83
CZ15/DMo&0&rDXGF&Ex&Fenes__ManufWin_Base/Base1.23/instance-out.sql,0.17,93.83
CZ15/DMo&0&rDXGF&Ex&Fenes__ManufWin_Msr1/Msr-0.25-0.4/instance-out.sql,0.67,259.00
CZ15/DMo&0&rDXGF&Ex&Fenes__ManufWin_Msr2/Msr-0.28-0.23/instance-out.sql,1.00,355.33
CZ15/DMo&0&rDXHP&Ex&Fenes__ManufWin_Default/Default/instance-out.sql,0.00,93.83
CZ15/DMo&0&rDXHP&Ex&Fenes__ManufWin_Base/Base1.23/instance-out.sql,0.00,93.83
CZ15/DMo&0&rDXHP&Ex&Fenes__ManufWin_Msr1/Msr-0.25-0.4/instance-out.sql,0.00,259.17
CZ15/DMo&0&rDXHP&Ex&Fenes__ManufWin_Msr2/Msr-0.28-0.23/instance-out.sql,0.00,355.17
CZ16/DMo&0&rDXGF&Ex&Fenes__ManufWin_Default/Default/instance-out.sql,0.00,179.50
CZ16/DMo&0&rDXGF&Ex&Fenes__ManufWin_Base/Base1.23/instance-out.sql,0.00,179.33
CZ16/DMo&0&rDXGF&Ex&Fenes__ManufWin_Msr1/Msr-0.25-0.4/instance-out.sql,4.50,388.83
CZ16/DMo&0&rDXGF&Ex&Fenes__ManufWin_Msr2/Msr-0.28-0.23/instance-out.sql,5.33,525.00
CZ16/DMo&0&rDXHP&Ex&Fenes__ManufWin_Default/Default/instance-out.sql,0.00,179.67
CZ16/DMo&0&rDXHP&Ex&Fenes__ManufWin_Base/Base1.23/instance-out.sql,0.00,179.50
CZ16/DMo&0&rDXHP&Ex&Fenes__ManufWin_Msr1/Msr-0.25-0.4/instance-out.sql,4.33,388.83
CZ16/DMo&0&rDXHP&Ex&Fenes__ManufWin_Msr2/Msr-0.28-0.23/instance-out.sql,5.17,525.00

