File Name,Net Site EUI (kWh/m2),Net Site Energy (kWh),Net Source EUI (kWh/m2),Net Source Energy (kWh)
CZ01/Htl&0&cAVVG&New&Chlr_equip/AirCldScrewChlr-ltl150tons-New-9.7EER-15.8IPLV/instance-out.sql,37.44,476907.69,103.87,1323092.85
CZ01/Htl&0&cAVVG&New&Chlr_equip/AirCldScrewChlr-ltl150tons-New-10.4EER-17.7IPLV/instance-out.sql,37.38,476154.64,103.67,1320577.64
CZ01/Htl&0&cAVVG&New&Chlr_equip/AirCldScrewChlr-ltl150tons-New-10.4EER-19.0IPLV/instance-out.sql,37.37,476007.52,103.63,1320086.27
CZ02/Htl&0&cAVVG&New&Chlr_equip/AirCldScrewChlr-ltl150tons-New-9.7EER-15.8IPLV/instance-out.sql,41.56,529470.56,119.72,1525043.62
CZ02/Htl&0&cAVVG&New&Chlr_equip/AirCldScrewChlr-ltl150tons-New-10.4EER-17.7IPLV/instance-out.sql,40.77,519413.96,117.08,1491454.57
CZ02/Htl&0&cAVVG&New&Chlr_equip/AirCldScrewChlr-ltl150tons-New-10.4EER-19.0IPLV/instance-out.sql,40.63,517626.58,116.61,1485484.71
CZ03/Htl&0&cAVVG&New&Chlr_equip/AirCldScrewChlr-ltl150tons-New-9.7EER-15.8IPLV/instance-out.sql,36.57,465857.60,108.79,1385824.40
CZ03/Htl&0&cAVVG&New&Chlr_equip/AirCldScrewChlr-ltl150tons-New-10.4EER-17.7IPLV/instance-out.sql,36.06,459359.79,107.09,1364121.73
CZ03/Htl&0&cAVVG&New&Chlr_equip/AirCldScrewChlr-ltl150tons-New-10.4EER-19.0IPLV/instance-out.sql,35.96,458134.22,106.76,1360028.33
CZ04/Htl&0&cAVVG&New&Chlr_equip/AirCldScrewChlr-ltl150tons-New-9.7EER-15.8IPLV/instance-out.sql,41.39,527304.99,122.04,1554667.92
CZ04/Htl&0&cAVVG&New&Chlr_equip/AirCldScrewChlr-ltl150tons-New-10.4EER-17.7IPLV/instance-out.sql,40.49,515734.98,119.01,1516024.08
CZ04/Htl&0&cAVVG&New&Chlr_equip/AirCldScrewChlr-ltl150tons-New-10.4EER-19.0IPLV/instance-out.sql,40.33,513694.57,118.48,1509209.09
CZ05/Htl&0&cAVVG&New&Chlr_equip/AirCldScrewChlr-ltl150tons-New-9.7EER-15.8IPLV/instance-out.sql,37.30,475202.39,111.34,1418347.73
CZ05/Htl&0&cAVVG&New&Chlr_equip/AirCldScrewChlr-ltl150tons-New-10.4EER-17.7IPLV/instance-out.sql,36.69,467419.08,109.30,1392351.49
CZ05/Htl&0&cAVVG&New&Chlr_equip/AirCldScrewChlr-ltl150tons-New-10.4EER-19.0IPLV/instance-out.sql,36.58,465963.78,108.92,1387490.79
CZ06/Htl&0&cAVVG&New&Chlr_equip/AirCldScrewChlr-ltl150tons-New-9.7EER-15.8IPLV/instance-out.sql,40.94,521466.05,124.15,1581495.66
CZ06/Htl&0&cAVVG&New&Chlr_equip/AirCldScrewChlr-ltl150tons-New-10.4EER-17.7IPLV/instance-out.sql,39.79,506820.50,120.31,1532579.52
CZ06/Htl&0&cAVVG&New&Chlr_equip/AirCldScrewChlr-ltl150tons-New-10.4EER-19.0IPLV/instance-out.sql,39.58,504146.55,119.61,1523648.54
CZ07/Htl&0&cAVVG&New&Chlr_equip/AirCldScrewChlr-ltl150tons-New-9.7EER-15.8IPLV/instance-out.sql,44.49,566748.38,131.69,1677553.37
CZ07/Htl&0&cAVVG&New&Chlr_equip/AirCldScrewChlr-ltl150tons-New-10.4EER-17.7IPLV/instance-out.sql,43.20,550354.19,127.39,1622796.76
CZ07/Htl&0&cAVVG&New&Chlr_equip/AirCldScrewChlr-ltl150tons-New-10.4EER-19.0IPLV/instance-out.sql,42.98,547444.27,126.63,1613077.63
CZ08/Htl&0&cAVVG&New&Chlr_equip/AirCldScrewChlr-ltl150tons-New-9.7EER-15.8IPLV/instance-out.sql,45.23,576151.17,134.10,1708188.20
CZ08/Htl&0&cAVVG&New&Chlr_equip/AirCldScrewChlr-ltl150tons-New-10.4EER-17.7IPLV/instance-out.sql,43.86,558743.31,129.53,1650045.95
CZ08/Htl&0&cAVVG&New&Chlr_equip/AirCldScrewChlr-ltl150tons-New-10.4EER-19.0IPLV/instance-out.sql,43.62,555688.72,128.73,1639843.63
CZ09/Htl&0&cAVVG&New&Chlr_equip/AirCldScrewChlr-ltl150tons-New-9.7EER-15.8IPLV/instance-out.sql,46.79,595998.04,138.09,1759117.11
CZ09/Htl&0&cAVVG&New&Chlr_equip/AirCldScrewChlr-ltl150tons-New-10.4EER-17.7IPLV/instance-out.sql,45.32,577291.94,133.19,1696638.76
CZ09/Htl&0&cAVVG&New&Chlr_equip/AirCldScrewChlr-ltl150tons-New-10.4EER-19.0IPLV/instance-out.sql,45.06,574046.63,132.34,1685799.43
CZ10/Htl&0&cAVVG&New&Chlr_equip/AirCldScrewChlr-ltl150tons-New-9.7EER-15.8IPLV/instance-out.sql,50.84,647590.16,148.33,1889513.36
CZ10/Htl&0&cAVVG&New&Chlr_equip/AirCldScrewChlr-ltl150tons-New-10.4EER-17.7IPLV/instance-out.sql,49.13,625859.89,142.63,1816934.27
CZ10/Htl&0&cAVVG&New&Chlr_equip/AirCldScrewChlr-ltl150tons-New-10.4EER-19.0IPLV/instance-out.sql,48.85,622217.31,141.68,1804768.03
CZ11/Htl&0&cAVVG&New&Chlr_equip/AirCldScrewChlr-ltl150tons-New-9.7EER-15.8IPLV/instance-out.sql,52.44,668004.31,149.10,1899316.48
CZ11/Htl&0&cAVVG&New&Chlr_equip/AirCldScrewChlr-ltl150tons-New-10.4EER-17.7IPLV/instance-out.sql,50.82,647326.65,143.68,1830253.09
CZ11/Htl&0&cAVVG&New&Chlr_equip/AirCldScrewChlr-ltl150tons-New-10.4EER-19.0IPLV/instance-out.sql,50.55,643943.18,142.79,1818952.32
CZ12/Htl&0&cAVVG&New&Chlr_equip/AirCldScrewChlr-ltl150tons-New-9.7EER-15.8IPLV/instance-out.sql,48.65,619705.56,139.44,1776323.75
CZ12/Htl&0&cAVVG&New&Chlr_equip/AirCldScrewChlr-ltl150tons-New-10.4EER-17.7IPLV/instance-out.sql,47.23,601701.41,134.72,1716189.87
CZ12/Htl&0&cAVVG&New&Chlr_equip/AirCldScrewChlr-ltl150tons-New-10.4EER-19.0IPLV/instance-out.sql,47.00,598669.68,133.93,1706063.90
CZ13/Htl&0&cAVVG&New&Chlr_equip/AirCldScrewChlr-ltl150tons-New-9.7EER-15.8IPLV/instance-out.sql,53.11,676483.11,152.81,1946563.59
CZ13/Htl&0&cAVVG&New&Chlr_equip/AirCldScrewChlr-ltl150tons-New-10.4EER-17.7IPLV/instance-out.sql,51.33,653863.69,146.88,1871014.70
CZ13/Htl&0&cAVVG&New&Chlr_equip/AirCldScrewChlr-ltl150tons-New-10.4EER-19.0IPLV/instance-out.sql,51.04,650141.82,145.90,1858583.67
CZ14/Htl&0&cAVVG&New&Chlr_equip/AirCldScrewChlr-ltl150tons-New-9.7EER-15.8IPLV/instance-out.sql,56.83,723929.28,165.70,2110839.36
CZ14/Htl&0&cAVVG&New&Chlr_equip/AirCldScrewChlr-ltl150tons-New-10.4EER-17.7IPLV/instance-out.sql,54.68,696511.17,158.52,2019262.88
CZ14/Htl&0&cAVVG&New&Chlr_equip/AirCldScrewChlr-ltl150tons-New-10.4EER-19.0IPLV/instance-out.sql,54.33,692114.44,157.36,2004577.81
CZ15/Htl&0&cAVVG&New&Chlr_equip/AirCldScrewChlr-ltl150tons-New-9.7EER-15.8IPLV/instance-out.sql,64.85,826126.45,190.07,2421174.63
CZ15/Htl&0&cAVVG&New&Chlr_equip/AirCldScrewChlr-ltl150tons-New-10.4EER-17.7IPLV/instance-out.sql,61.78,787043.52,179.82,2290637.66
CZ15/Htl&0&cAVVG&New&Chlr_equip/AirCldScrewChlr-ltl150tons-New-10.4EER-19.0IPLV/instance-out.sql,61.29,780794.38,178.18,2269765.51
CZ16/Htl&0&cAVVG&New&Chlr_equip/AirCldScrewChlr-ltl150tons-New-9.7EER-15.8IPLV/instance-out.sql,53.95,687243.84,150.63,1918829.29
CZ16/Htl&0&cAVVG&New&Chlr_equip/AirCldScrewChlr-ltl150tons-New-10.4EER-17.7IPLV/instance-out.sql,52.40,667540.92,145.47,1853021.53
CZ16/Htl&0&cAVVG&New&Chlr_equip/AirCldScrewChlr-ltl150tons-New-10.4EER-19.0IPLV/instance-out.sql,52.15,664253.22,144.60,1842040.62

File Name,Total (kWh),Heating (kWh),Cooling (kWh),Interior Lighting (kWh),Exterior Lighting (kWh),Interior Equipment (kWh),Exterior Equipment (kWh),Fans (kWh),Pumps (kWh),Heat Rejection (kWh),Humidification (kWh),Heat Recovery (kWh),Water Systems (kWh),Refrigeration (kWh),Generators (kWh),Heating Elec (kWh),Cooling Elec (kWh),Heating NG (kWh),Cooling NG (kWh),Interior Equipment Elec (kWh),Interior Equipment NG (kWh)
CZ01/Htl&0&cAVVG&New&Chlr_equip/AirCldScrewChlr-ltl150tons-New-9.7EER-15.8IPLV/instance-out.sql,476907.69999999995,78833.08,15870.37,125722.95,0.0,205621.82,0.0,37697.49,330.75,0.0,0.0,0.0,12831.25,0.0,0.0,0.00,15870.37,78833.08,0.00,179632.92,25988.90
CZ01/Htl&0&cAVVG&New&Chlr_equip/AirCldScrewChlr-ltl150tons-New-10.4EER-17.7IPLV/instance-out.sql,476154.63999999996,78833.08,15117.31,125722.95,0.0,205621.82,0.0,37697.49,330.75,0.0,0.0,0.0,12831.25,0.0,0.0,0.00,15117.31,78833.08,0.00,179632.92,25988.90
CZ01/Htl&0&cAVVG&New&Chlr_equip/AirCldScrewChlr-ltl150tons-New-10.4EER-19.0IPLV/instance-out.sql,476007.51999999996,78833.08,14970.19,125722.95,0.0,205621.82,0.0,37697.49,330.75,0.0,0.0,0.0,12831.25,0.0,0.0,0.00,14970.19,78833.08,0.00,179632.92,25988.90
CZ02/Htl&0&cAVVG&New&Chlr_equip/AirCldScrewChlr-ltl150tons-New-9.7EER-15.8IPLV/instance-out.sql,529470.57,68292.7,68352.47,125722.95,0.0,205621.82,0.0,47612.59,2005.7,0.0,0.0,0.0,11862.35,0.0,0.0,0.00,68352.47,68292.70,0.00,179632.92,25988.90
CZ02/Htl&0&cAVVG&New&Chlr_equip/AirCldScrewChlr-ltl150tons-New-10.4EER-17.7IPLV/instance-out.sql,519413.97000000003,68292.7,58295.87,125722.95,0.0,205621.82,0.0,47612.59,2005.7,0.0,0.0,0.0,11862.35,0.0,0.0,0.00,58295.87,68292.70,0.00,179632.92,25988.90
CZ02/Htl&0&cAVVG&New&Chlr_equip/AirCldScrewChlr-ltl150tons-New-10.4EER-19.0IPLV/instance-out.sql,517626.58,68292.7,56508.48,125722.95,0.0,205621.82,0.0,47612.59,2005.7,0.0,0.0,0.0,11862.35,0.0,0.0,0.00,56508.48,68292.70,0.00,179632.92,25988.90
CZ03/Htl&0&cAVVG&New&Chlr_equip/AirCldScrewChlr-ltl150tons-New-9.7EER-15.8IPLV/instance-out.sql,465857.6,36423.3,47793.2,125722.95,0.0,205621.82,0.0,36724.6,1784.2,0.0,0.0,0.0,11787.54,0.0,0.0,0.00,47793.20,36423.30,0.00,179632.92,25988.90
CZ03/Htl&0&cAVVG&New&Chlr_equip/AirCldScrewChlr-ltl150tons-New-10.4EER-17.7IPLV/instance-out.sql,459359.79,36423.3,41295.39,125722.95,0.0,205621.82,0.0,36724.6,1784.2,0.0,0.0,0.0,11787.54,0.0,0.0,0.00,41295.39,36423.30,0.00,179632.92,25988.90
CZ03/Htl&0&cAVVG&New&Chlr_equip/AirCldScrewChlr-ltl150tons-New-10.4EER-19.0IPLV/instance-out.sql,458134.22,36423.3,40069.82,125722.95,0.0,205621.82,0.0,36724.6,1784.2,0.0,0.0,0.0,11787.54,0.0,0.0,0.00,40069.82,36423.30,0.00,179632.92,25988.90
CZ04/Htl&0&cAVVG&New&Chlr_equip/AirCldScrewChlr-ltl150tons-New-9.7EER-15.8IPLV/instance-out.sql,527304.99,52574.2,81102.3,125722.95,0.0,205621.82,0.0,48549.67,2227.04,0.0,0.0,0.0,11507.01,0.0,0.0,0.00,81102.30,52574.20,0.00,179632.92,25988.90
CZ04/Htl&0&cAVVG&New&Chlr_equip/AirCldScrewChlr-ltl150tons-New-10.4EER-17.7IPLV/instance-out.sql,515734.98,52574.2,69532.29,125722.95,0.0,205621.82,0.0,48549.67,2227.04,0.0,0.0,0.0,11507.01,0.0,0.0,0.00,69532.29,52574.20,0.00,179632.92,25988.90
CZ04/Htl&0&cAVVG&New&Chlr_equip/AirCldScrewChlr-ltl150tons-New-10.4EER-19.0IPLV/instance-out.sql,513694.57,52574.2,67491.87,125722.95,0.0,205621.82,0.0,48549.67,2227.04,0.0,0.0,0.0,11507.01,0.0,0.0,0.00,67491.87,52574.20,0.00,179632.92,25988.90
CZ05/Htl&0&cAVVG&New&Chlr_equip/AirCldScrewChlr-ltl150tons-New-9.7EER-15.8IPLV/instance-out.sql,475202.38999999996,35738.72,55404.27,125722.95,0.0,205621.82,0.0,38948.01,1866.58,0.0,0.0,0.0,11900.06,0.0,0.0,0.00,55404.27,35738.72,0.00,179632.92,25988.90
CZ05/Htl&0&cAVVG&New&Chlr_equip/AirCldScrewChlr-ltl150tons-New-10.4EER-17.7IPLV/instance-out.sql,467419.07999999996,35738.72,47620.96,125722.95,0.0,205621.82,0.0,38948.01,1866.58,0.0,0.0,0.0,11900.06,0.0,0.0,0.00,47620.96,35738.72,0.00,179632.92,25988.90
CZ05/Htl&0&cAVVG&New&Chlr_equip/AirCldScrewChlr-ltl150tons-New-10.4EER-19.0IPLV/instance-out.sql,465963.77999999997,35738.72,46165.66,125722.95,0.0,205621.82,0.0,38948.01,1866.58,0.0,0.0,0.0,11900.06,0.0,0.0,0.00,46165.66,35738.72,0.00,179632.92,25988.90
CZ06/Htl&0&cAVVG&New&Chlr_equip/AirCldScrewChlr-ltl150tons-New-9.7EER-15.8IPLV/instance-out.sql,521466.05000000005,32926.57,94252.8,125722.95,0.0,205621.82,0.0,48693.36,3298.81,0.0,0.0,0.0,10949.75,0.0,0.0,0.00,94252.80,32926.57,0.00,179632.92,25988.90
CZ06/Htl&0&cAVVG&New&Chlr_equip/AirCldScrewChlr-ltl150tons-New-10.4EER-17.7IPLV/instance-out.sql,506820.5,32926.57,79607.25,125722.95,0.0,205621.82,0.0,48693.36,3298.81,0.0,0.0,0.0,10949.75,0.0,0.0,0.00,79607.25,32926.57,0.00,179632.92,25988.90
CZ06/Htl&0&cAVVG&New&Chlr_equip/AirCldScrewChlr-ltl150tons-New-10.4EER-19.0IPLV/instance-out.sql,504146.55000000005,32926.57,76933.3,125722.95,0.0,205621.82,0.0,48693.36,3298.81,0.0,0.0,0.0,10949.75,0.0,0.0,0.00,76933.30,32926.57,0.00,179632.92,25988.90
CZ07/Htl&0&cAVVG&New&Chlr_equip/AirCldScrewChlr-ltl150tons-New-9.7EER-15.8IPLV/instance-out.sql,566748.39,57068.82,105928.69,125722.95,0.0,205621.82,0.0,58347.39,3184.37,0.0,0.0,0.0,10874.35,0.0,0.0,0.00,105928.69,57068.82,0.00,179632.92,25988.90
CZ07/Htl&0&cAVVG&New&Chlr_equip/AirCldScrewChlr-ltl150tons-New-10.4EER-17.7IPLV/instance-out.sql,550354.19,57068.82,89534.5,125722.95,0.0,205621.82,0.0,58347.39,3184.37,0.0,0.0,0.0,10874.35,0.0,0.0,0.00,89534.50,57068.82,0.00,179632.92,25988.90
CZ07/Htl&0&cAVVG&New&Chlr_equip/AirCldScrewChlr-ltl150tons-New-10.4EER-19.0IPLV/instance-out.sql,547444.27,57068.82,86624.58,125722.95,0.0,205621.82,0.0,58347.39,3184.37,0.0,0.0,0.0,10874.35,0.0,0.0,0.00,86624.58,57068.82,0.00,179632.92,25988.90
CZ08/Htl&0&cAVVG&New&Chlr_equip/AirCldScrewChlr-ltl150tons-New-9.7EER-15.8IPLV/instance-out.sql,576151.17,57480.48,115000.36,125722.95,0.0,205621.82,0.0,58360.82,3166.04,0.0,0.0,0.0,10798.7,0.0,0.0,0.00,115000.36,57480.48,0.00,179632.92,25988.90
CZ08/Htl&0&cAVVG&New&Chlr_equip/AirCldScrewChlr-ltl150tons-New-10.4EER-17.7IPLV/instance-out.sql,558743.3099999999,57480.48,97592.5,125722.95,0.0,205621.82,0.0,58360.82,3166.04,0.0,0.0,0.0,10798.7,0.0,0.0,0.00,97592.50,57480.48,0.00,179632.92,25988.90
CZ08/Htl&0&cAVVG&New&Chlr_equip/AirCldScrewChlr-ltl150tons-New-10.4EER-19.0IPLV/instance-out.sql,555688.72,57480.48,94537.91,125722.95,0.0,205621.82,0.0,58360.82,3166.04,0.0,0.0,0.0,10798.7,0.0,0.0,0.00,94537.91,57480.48,0.00,179632.92,25988.90
CZ09/Htl&0&cAVVG&New&Chlr_equip/AirCldScrewChlr-ltl150tons-New-9.7EER-15.8IPLV/instance-out.sql,595998.03,64234.95,124174.93,125722.95,0.0,205621.82,0.0,62242.7,3257.98,0.0,0.0,0.0,10742.72,0.0,0.0,0.00,124174.93,64234.95,0.00,179632.92,25988.90
CZ09/Htl&0&cAVVG&New&Chlr_equip/AirCldScrewChlr-ltl150tons-New-10.4EER-17.7IPLV/instance-out.sql,577291.94,64234.95,105468.83,125722.95,0.0,205621.82,0.0,62242.7,3257.98,0.0,0.0,0.0,10742.72,0.0,0.0,0.00,105468.83,64234.95,0.00,179632.92,25988.90
CZ09/Htl&0&cAVVG&New&Chlr_equip/AirCldScrewChlr-ltl150tons-New-10.4EER-19.0IPLV/instance-out.sql,574046.63,64234.95,102223.53,125722.95,0.0,205621.82,0.0,62242.7,3257.98,0.0,0.0,0.0,10742.72,0.0,0.0,0.00,102223.53,64234.95,0.00,179632.92,25988.90
CZ10/Htl&0&cAVVG&New&Chlr_equip/AirCldScrewChlr-ltl150tons-New-9.7EER-15.8IPLV/instance-out.sql,647590.16,82707.6,149877.41,125722.95,0.0,205621.82,0.0,69803.63,3304.33,0.0,0.0,0.0,10552.43,0.0,0.0,0.00,149877.41,82707.60,0.00,179632.92,25988.90
CZ10/Htl&0&cAVVG&New&Chlr_equip/AirCldScrewChlr-ltl150tons-New-10.4EER-17.7IPLV/instance-out.sql,625859.89,82707.6,128147.14,125722.95,0.0,205621.82,0.0,69803.63,3304.33,0.0,0.0,0.0,10552.43,0.0,0.0,0.00,128147.14,82707.60,0.00,179632.92,25988.90
CZ10/Htl&0&cAVVG&New&Chlr_equip/AirCldScrewChlr-ltl150tons-New-10.4EER-19.0IPLV/instance-out.sql,622217.3,82707.6,124504.56,125722.95,0.0,205621.82,0.0,69803.63,3304.33,0.0,0.0,0.0,10552.43,0.0,0.0,0.00,124504.56,82707.60,0.00,179632.92,25988.90
CZ11/Htl&0&cAVVG&New&Chlr_equip/AirCldScrewChlr-ltl150tons-New-9.7EER-15.8IPLV/instance-out.sql,668004.3099999999,107906.78,146301.45,125722.95,0.0,205621.82,0.0,68867.53,2770.39,0.0,0.0,0.0,10813.4,0.0,0.0,0.00,146301.45,107906.78,0.00,179632.92,25988.90
CZ11/Htl&0&cAVVG&New&Chlr_equip/AirCldScrewChlr-ltl150tons-New-10.4EER-17.7IPLV/instance-out.sql,647326.65,107906.78,125623.78,125722.95,0.0,205621.82,0.0,68867.53,2770.39,0.0,0.0,0.0,10813.4,0.0,0.0,0.00,125623.78,107906.78,0.00,179632.92,25988.90
CZ11/Htl&0&cAVVG&New&Chlr_equip/AirCldScrewChlr-ltl150tons-New-10.4EER-19.0IPLV/instance-out.sql,643943.19,107906.78,122240.32,125722.95,0.0,205621.82,0.0,68867.53,2770.39,0.0,0.0,0.0,10813.4,0.0,0.0,0.00,122240.32,107906.78,0.00,179632.92,25988.90
CZ12/Htl&0&cAVVG&New&Chlr_equip/AirCldScrewChlr-ltl150tons-New-9.7EER-15.8IPLV/instance-out.sql,619705.56,90931.53,122639.54,125722.95,0.0,205621.82,0.0,61022.96,2692.07,0.0,0.0,0.0,11074.7,0.0,0.0,0.00,122639.54,90931.53,0.00,179632.92,25988.90
CZ12/Htl&0&cAVVG&New&Chlr_equip/AirCldScrewChlr-ltl150tons-New-10.4EER-17.7IPLV/instance-out.sql,601701.41,90931.53,104635.38,125722.95,0.0,205621.82,0.0,61022.96,2692.07,0.0,0.0,0.0,11074.7,0.0,0.0,0.00,104635.38,90931.53,0.00,179632.92,25988.90
CZ12/Htl&0&cAVVG&New&Chlr_equip/AirCldScrewChlr-ltl150tons-New-10.4EER-19.0IPLV/instance-out.sql,598669.6799999999,90931.53,101603.65,125722.95,0.0,205621.82,0.0,61022.96,2692.07,0.0,0.0,0.0,11074.7,0.0,0.0,0.00,101603.65,90931.53,0.00,179632.92,25988.90
CZ13/Htl&0&cAVVG&New&Chlr_equip/AirCldScrewChlr-ltl150tons-New-9.7EER-15.8IPLV/instance-out.sql,676483.1100000001,99894.05,161169.01,125722.95,0.0,205621.82,0.0,70485.9,3017.91,0.0,0.0,0.0,10571.49,0.0,0.0,0.00,161169.01,99894.05,0.00,179632.92,25988.90
CZ13/Htl&0&cAVVG&New&Chlr_equip/AirCldScrewChlr-ltl150tons-New-10.4EER-17.7IPLV/instance-out.sql,653863.6799999999,99894.05,138549.58,125722.95,0.0,205621.82,0.0,70485.9,3017.91,0.0,0.0,0.0,10571.49,0.0,0.0,0.00,138549.58,99894.05,0.00,179632.92,25988.90
CZ13/Htl&0&cAVVG&New&Chlr_equip/AirCldScrewChlr-ltl150tons-New-10.4EER-19.0IPLV/instance-out.sql,650141.8200000001,99894.05,134827.72,125722.95,0.0,205621.82,0.0,70485.9,3017.91,0.0,0.0,0.0,10571.49,0.0,0.0,0.00,134827.72,99894.05,0.00,179632.92,25988.90
CZ14/Htl&0&cAVVG&New&Chlr_equip/AirCldScrewChlr-ltl150tons-New-9.7EER-15.8IPLV/instance-out.sql,723929.28,97920.71,198820.23,125722.95,0.0,205621.82,0.0,81624.8,4205.82,0.0,0.0,0.0,10012.95,0.0,0.0,0.00,198820.23,97920.71,0.00,179632.92,25988.90
CZ14/Htl&0&cAVVG&New&Chlr_equip/AirCldScrewChlr-ltl150tons-New-10.4EER-17.7IPLV/instance-out.sql,696511.1699999999,97920.71,171402.13,125722.95,0.0,205621.82,0.0,81624.8,4205.82,0.0,0.0,0.0,10012.95,0.0,0.0,0.00,171402.13,97920.71,0.00,179632.92,25988.90
CZ14/Htl&0&cAVVG&New&Chlr_equip/AirCldScrewChlr-ltl150tons-New-10.4EER-19.0IPLV/instance-out.sql,692114.44,97920.71,167005.4,125722.95,0.0,205621.82,0.0,81624.8,4205.82,0.0,0.0,0.0,10012.95,0.0,0.0,0.00,167005.40,97920.71,0.00,179632.92,25988.90
CZ15/Htl&0&cAVVG&New&Chlr_equip/AirCldScrewChlr-ltl150tons-New-9.7EER-15.8IPLV/instance-out.sql,826126.4500000001,112444.18,279276.05,125722.95,0.0,205621.82,0.0,90061.67,3989.47,0.0,0.0,0.0,9010.32,0.0,0.0,0.00,279276.05,112444.18,0.00,179632.92,25988.90
CZ15/Htl&0&cAVVG&New&Chlr_equip/AirCldScrewChlr-ltl150tons-New-10.4EER-17.7IPLV/instance-out.sql,787043.52,112444.18,240193.12,125722.95,0.0,205621.82,0.0,90061.67,3989.47,0.0,0.0,0.0,9010.32,0.0,0.0,0.00,240193.12,112444.18,0.00,179632.92,25988.90
CZ15/Htl&0&cAVVG&New&Chlr_equip/AirCldScrewChlr-ltl150tons-New-10.4EER-19.0IPLV/instance-out.sql,780794.38,112444.18,233943.98,125722.95,0.0,205621.82,0.0,90061.67,3989.47,0.0,0.0,0.0,9010.32,0.0,0.0,0.00,233943.98,112444.18,0.00,179632.92,25988.90
CZ16/Htl&0&cAVVG&New&Chlr_equip/AirCldScrewChlr-ltl150tons-New-9.7EER-15.8IPLV/instance-out.sql,687243.84,126531.23,132325.87,125722.95,0.0,205621.82,0.0,82037.26,3301.06,0.0,0.0,0.0,11703.65,0.0,0.0,0.00,132325.87,126531.23,0.00,179632.92,25988.90
CZ16/Htl&0&cAVVG&New&Chlr_equip/AirCldScrewChlr-ltl150tons-New-10.4EER-17.7IPLV/instance-out.sql,667540.91,126531.23,112622.95,125722.95,0.0,205621.82,0.0,82037.26,3301.06,0.0,0.0,0.0,11703.65,0.0,0.0,0.00,112622.95,126531.23,0.00,179632.92,25988.90
CZ16/Htl&0&cAVVG&New&Chlr_equip/AirCldScrewChlr-ltl150tons-New-10.4EER-19.0IPLV/instance-out.sql,664253.22,126531.23,109335.25,125722.95,0.0,205621.82,0.0,82037.26,3301.06,0.0,0.0,0.0,11703.65,0.0,0.0,0.00,109335.25,126531.23,0.00,179632.92,25988.90

File Name,Electricity (kWh),Natural Gas (kWh)
CZ01/Htl&0&cAVVG&New&Chlr_equip/AirCldScrewChlr-ltl150tons-New-9.7EER-15.8IPLV/instance-out.sql,359254.47,117653.23
CZ01/Htl&0&cAVVG&New&Chlr_equip/AirCldScrewChlr-ltl150tons-New-10.4EER-17.7IPLV/instance-out.sql,358501.41,117653.23
CZ01/Htl&0&cAVVG&New&Chlr_equip/AirCldScrewChlr-ltl150tons-New-10.4EER-19.0IPLV/instance-out.sql,358354.29,117653.23
CZ02/Htl&0&cAVVG&New&Chlr_equip/AirCldScrewChlr-ltl150tons-New-9.7EER-15.8IPLV/instance-out.sql,423326.62,106143.95
CZ02/Htl&0&cAVVG&New&Chlr_equip/AirCldScrewChlr-ltl150tons-New-10.4EER-17.7IPLV/instance-out.sql,413270.02,106143.95
CZ02/Htl&0&cAVVG&New&Chlr_equip/AirCldScrewChlr-ltl150tons-New-10.4EER-19.0IPLV/instance-out.sql,411482.63,106143.95
CZ03/Htl&0&cAVVG&New&Chlr_equip/AirCldScrewChlr-ltl150tons-New-9.7EER-15.8IPLV/instance-out.sql,391657.87,74199.73
CZ03/Htl&0&cAVVG&New&Chlr_equip/AirCldScrewChlr-ltl150tons-New-10.4EER-17.7IPLV/instance-out.sql,385160.06,74199.73
CZ03/Htl&0&cAVVG&New&Chlr_equip/AirCldScrewChlr-ltl150tons-New-10.4EER-19.0IPLV/instance-out.sql,383934.49,74199.73
CZ04/Htl&0&cAVVG&New&Chlr_equip/AirCldScrewChlr-ltl150tons-New-9.7EER-15.8IPLV/instance-out.sql,437234.88,90070.11
CZ04/Htl&0&cAVVG&New&Chlr_equip/AirCldScrewChlr-ltl150tons-New-10.4EER-17.7IPLV/instance-out.sql,425664.87,90070.11
CZ04/Htl&0&cAVVG&New&Chlr_equip/AirCldScrewChlr-ltl150tons-New-10.4EER-19.0IPLV/instance-out.sql,423624.46,90070.11
CZ05/Htl&0&cAVVG&New&Chlr_equip/AirCldScrewChlr-ltl150tons-New-9.7EER-15.8IPLV/instance-out.sql,401574.72,73627.67
CZ05/Htl&0&cAVVG&New&Chlr_equip/AirCldScrewChlr-ltl150tons-New-10.4EER-17.7IPLV/instance-out.sql,393791.41,73627.67
CZ05/Htl&0&cAVVG&New&Chlr_equip/AirCldScrewChlr-ltl150tons-New-10.4EER-19.0IPLV/instance-out.sql,392336.11,73627.67
CZ06/Htl&0&cAVVG&New&Chlr_equip/AirCldScrewChlr-ltl150tons-New-9.7EER-15.8IPLV/instance-out.sql,451600.83,69865.22
CZ06/Htl&0&cAVVG&New&Chlr_equip/AirCldScrewChlr-ltl150tons-New-10.4EER-17.7IPLV/instance-out.sql,436955.28,69865.22
CZ06/Htl&0&cAVVG&New&Chlr_equip/AirCldScrewChlr-ltl150tons-New-10.4EER-19.0IPLV/instance-out.sql,434281.33,69865.22
CZ07/Htl&0&cAVVG&New&Chlr_equip/AirCldScrewChlr-ltl150tons-New-9.7EER-15.8IPLV/instance-out.sql,472816.32,93932.07
CZ07/Htl&0&cAVVG&New&Chlr_equip/AirCldScrewChlr-ltl150tons-New-10.4EER-17.7IPLV/instance-out.sql,456422.12,93932.07
CZ07/Htl&0&cAVVG&New&Chlr_equip/AirCldScrewChlr-ltl150tons-New-10.4EER-19.0IPLV/instance-out.sql,453512.20,93932.07
CZ08/Htl&0&cAVVG&New&Chlr_equip/AirCldScrewChlr-ltl150tons-New-9.7EER-15.8IPLV/instance-out.sql,481883.09,94268.08
CZ08/Htl&0&cAVVG&New&Chlr_equip/AirCldScrewChlr-ltl150tons-New-10.4EER-17.7IPLV/instance-out.sql,464475.23,94268.08
CZ08/Htl&0&cAVVG&New&Chlr_equip/AirCldScrewChlr-ltl150tons-New-10.4EER-19.0IPLV/instance-out.sql,461420.64,94268.08
CZ09/Htl&0&cAVVG&New&Chlr_equip/AirCldScrewChlr-ltl150tons-New-9.7EER-15.8IPLV/instance-out.sql,495031.47,100966.56
CZ09/Htl&0&cAVVG&New&Chlr_equip/AirCldScrewChlr-ltl150tons-New-10.4EER-17.7IPLV/instance-out.sql,476325.38,100966.56
CZ09/Htl&0&cAVVG&New&Chlr_equip/AirCldScrewChlr-ltl150tons-New-10.4EER-19.0IPLV/instance-out.sql,473080.07,100966.56
CZ10/Htl&0&cAVVG&New&Chlr_equip/AirCldScrewChlr-ltl150tons-New-9.7EER-15.8IPLV/instance-out.sql,528341.24,119248.92
CZ10/Htl&0&cAVVG&New&Chlr_equip/AirCldScrewChlr-ltl150tons-New-10.4EER-17.7IPLV/instance-out.sql,506610.97,119248.92
CZ10/Htl&0&cAVVG&New&Chlr_equip/AirCldScrewChlr-ltl150tons-New-10.4EER-19.0IPLV/instance-out.sql,502968.38,119248.92
CZ11/Htl&0&cAVVG&New&Chlr_equip/AirCldScrewChlr-ltl150tons-New-9.7EER-15.8IPLV/instance-out.sql,523295.23,144709.08
CZ11/Htl&0&cAVVG&New&Chlr_equip/AirCldScrewChlr-ltl150tons-New-10.4EER-17.7IPLV/instance-out.sql,502617.57,144709.08
CZ11/Htl&0&cAVVG&New&Chlr_equip/AirCldScrewChlr-ltl150tons-New-10.4EER-19.0IPLV/instance-out.sql,499234.11,144709.08
CZ12/Htl&0&cAVVG&New&Chlr_equip/AirCldScrewChlr-ltl150tons-New-9.7EER-15.8IPLV/instance-out.sql,491710.43,127995.13
CZ12/Htl&0&cAVVG&New&Chlr_equip/AirCldScrewChlr-ltl150tons-New-10.4EER-17.7IPLV/instance-out.sql,473706.28,127995.13
CZ12/Htl&0&cAVVG&New&Chlr_equip/AirCldScrewChlr-ltl150tons-New-10.4EER-19.0IPLV/instance-out.sql,470674.55,127995.13
CZ13/Htl&0&cAVVG&New&Chlr_equip/AirCldScrewChlr-ltl150tons-New-9.7EER-15.8IPLV/instance-out.sql,540028.68,136454.43
CZ13/Htl&0&cAVVG&New&Chlr_equip/AirCldScrewChlr-ltl150tons-New-10.4EER-17.7IPLV/instance-out.sql,517409.25,136454.43
CZ13/Htl&0&cAVVG&New&Chlr_equip/AirCldScrewChlr-ltl150tons-New-10.4EER-19.0IPLV/instance-out.sql,513687.39,136454.43
CZ14/Htl&0&cAVVG&New&Chlr_equip/AirCldScrewChlr-ltl150tons-New-9.7EER-15.8IPLV/instance-out.sql,590006.72,133922.56
CZ14/Htl&0&cAVVG&New&Chlr_equip/AirCldScrewChlr-ltl150tons-New-10.4EER-17.7IPLV/instance-out.sql,562588.61,133922.56
CZ14/Htl&0&cAVVG&New&Chlr_equip/AirCldScrewChlr-ltl150tons-New-10.4EER-19.0IPLV/instance-out.sql,558191.88,133922.56
CZ15/Htl&0&cAVVG&New&Chlr_equip/AirCldScrewChlr-ltl150tons-New-9.7EER-15.8IPLV/instance-out.sql,678683.05,147443.40
CZ15/Htl&0&cAVVG&New&Chlr_equip/AirCldScrewChlr-ltl150tons-New-10.4EER-17.7IPLV/instance-out.sql,639600.12,147443.40
CZ15/Htl&0&cAVVG&New&Chlr_equip/AirCldScrewChlr-ltl150tons-New-10.4EER-19.0IPLV/instance-out.sql,633350.98,147443.40
CZ16/Htl&0&cAVVG&New&Chlr_equip/AirCldScrewChlr-ltl150tons-New-9.7EER-15.8IPLV/instance-out.sql,523020.06,164223.78
CZ16/Htl&0&cAVVG&New&Chlr_equip/AirCldScrewChlr-ltl150tons-New-10.4EER-17.7IPLV/instance-out.sql,503317.13,164223.78
CZ16/Htl&0&cAVVG&New&Chlr_equip/AirCldScrewChlr-ltl150tons-New-10.4EER-19.0IPLV/instance-out.sql,500029.44,164223.78

File Name,Unmet Heating (Hours),Unmet Cooling (Hours)
CZ01/Htl&0&cAVVG&New&Chlr_equip/AirCldScrewChlr-ltl150tons-New-9.7EER-15.8IPLV/instance-out.sql,0.00,0.00
CZ01/Htl&0&cAVVG&New&Chlr_equip/AirCldScrewChlr-ltl150tons-New-10.4EER-17.7IPLV/instance-out.sql,0.00,0.00
CZ01/Htl&0&cAVVG&New&Chlr_equip/AirCldScrewChlr-ltl150tons-New-10.4EER-19.0IPLV/instance-out.sql,0.00,0.00
CZ02/Htl&0&cAVVG&New&Chlr_equip/AirCldScrewChlr-ltl150tons-New-9.7EER-15.8IPLV/instance-out.sql,0.00,0.00
CZ02/Htl&0&cAVVG&New&Chlr_equip/AirCldScrewChlr-ltl150tons-New-10.4EER-17.7IPLV/instance-out.sql,0.00,0.00
CZ02/Htl&0&cAVVG&New&Chlr_equip/AirCldScrewChlr-ltl150tons-New-10.4EER-19.0IPLV/instance-out.sql,0.00,0.00
CZ03/Htl&0&cAVVG&New&Chlr_equip/AirCldScrewChlr-ltl150tons-New-9.7EER-15.8IPLV/instance-out.sql,0.00,0.00
CZ03/Htl&0&cAVVG&New&Chlr_equip/AirCldScrewChlr-ltl150tons-New-10.4EER-17.7IPLV/instance-out.sql,0.00,0.00
CZ03/Htl&0&cAVVG&New&Chlr_equip/AirCldScrewChlr-ltl150tons-New-10.4EER-19.0IPLV/instance-out.sql,0.00,0.00
CZ04/Htl&0&cAVVG&New&Chlr_equip/AirCldScrewChlr-ltl150tons-New-9.7EER-15.8IPLV/instance-out.sql,0.00,0.00
CZ04/Htl&0&cAVVG&New&Chlr_equip/AirCldScrewChlr-ltl150tons-New-10.4EER-17.7IPLV/instance-out.sql,0.00,0.00
CZ04/Htl&0&cAVVG&New&Chlr_equip/AirCldScrewChlr-ltl150tons-New-10.4EER-19.0IPLV/instance-out.sql,0.00,0.00
CZ05/Htl&0&cAVVG&New&Chlr_equip/AirCldScrewChlr-ltl150tons-New-9.7EER-15.8IPLV/instance-out.sql,0.00,0.00
CZ05/Htl&0&cAVVG&New&Chlr_equip/AirCldScrewChlr-ltl150tons-New-10.4EER-17.7IPLV/instance-out.sql,0.00,0.00
CZ05/Htl&0&cAVVG&New&Chlr_equip/AirCldScrewChlr-ltl150tons-New-10.4EER-19.0IPLV/instance-out.sql,0.00,0.00
CZ06/Htl&0&cAVVG&New&Chlr_equip/AirCldScrewChlr-ltl150tons-New-9.7EER-15.8IPLV/instance-out.sql,0.00,0.00
CZ06/Htl&0&cAVVG&New&Chlr_equip/AirCldScrewChlr-ltl150tons-New-10.4EER-17.7IPLV/instance-out.sql,0.00,0.00
CZ06/Htl&0&cAVVG&New&Chlr_equip/AirCldScrewChlr-ltl150tons-New-10.4EER-19.0IPLV/instance-out.sql,0.00,0.00
CZ07/Htl&0&cAVVG&New&Chlr_equip/AirCldScrewChlr-ltl150tons-New-9.7EER-15.8IPLV/instance-out.sql,0.00,0.00
CZ07/Htl&0&cAVVG&New&Chlr_equip/AirCldScrewChlr-ltl150tons-New-10.4EER-17.7IPLV/instance-out.sql,0.00,0.00
CZ07/Htl&0&cAVVG&New&Chlr_equip/AirCldScrewChlr-ltl150tons-New-10.4EER-19.0IPLV/instance-out.sql,0.00,0.00
CZ08/Htl&0&cAVVG&New&Chlr_equip/AirCldScrewChlr-ltl150tons-New-9.7EER-15.8IPLV/instance-out.sql,0.00,0.00
CZ08/Htl&0&cAVVG&New&Chlr_equip/AirCldScrewChlr-ltl150tons-New-10.4EER-17.7IPLV/instance-out.sql,0.00,0.00
CZ08/Htl&0&cAVVG&New&Chlr_equip/AirCldScrewChlr-ltl150tons-New-10.4EER-19.0IPLV/instance-out.sql,0.00,0.00
CZ09/Htl&0&cAVVG&New&Chlr_equip/AirCldScrewChlr-ltl150tons-New-9.7EER-15.8IPLV/instance-out.sql,0.00,0.00
CZ09/Htl&0&cAVVG&New&Chlr_equip/AirCldScrewChlr-ltl150tons-New-10.4EER-17.7IPLV/instance-out.sql,0.00,0.00
CZ09/Htl&0&cAVVG&New&Chlr_equip/AirCldScrewChlr-ltl150tons-New-10.4EER-19.0IPLV/instance-out.sql,0.00,0.00
CZ10/Htl&0&cAVVG&New&Chlr_equip/AirCldScrewChlr-ltl150tons-New-9.7EER-15.8IPLV/instance-out.sql,0.00,0.00
CZ10/Htl&0&cAVVG&New&Chlr_equip/AirCldScrewChlr-ltl150tons-New-10.4EER-17.7IPLV/instance-out.sql,0.00,0.00
CZ10/Htl&0&cAVVG&New&Chlr_equip/AirCldScrewChlr-ltl150tons-New-10.4EER-19.0IPLV/instance-out.sql,0.00,0.00
CZ11/Htl&0&cAVVG&New&Chlr_equip/AirCldScrewChlr-ltl150tons-New-9.7EER-15.8IPLV/instance-out.sql,0.00,0.00
CZ11/Htl&0&cAVVG&New&Chlr_equip/AirCldScrewChlr-ltl150tons-New-10.4EER-17.7IPLV/instance-out.sql,0.00,0.00
CZ11/Htl&0&cAVVG&New&Chlr_equip/AirCldScrewChlr-ltl150tons-New-10.4EER-19.0IPLV/instance-out.sql,0.00,0.00
CZ12/Htl&0&cAVVG&New&Chlr_equip/AirCldScrewChlr-ltl150tons-New-9.7EER-15.8IPLV/instance-out.sql,0.00,0.00
CZ12/Htl&0&cAVVG&New&Chlr_equip/AirCldScrewChlr-ltl150tons-New-10.4EER-17.7IPLV/instance-out.sql,0.00,0.00
CZ12/Htl&0&cAVVG&New&Chlr_equip/AirCldScrewChlr-ltl150tons-New-10.4EER-19.0IPLV/instance-out.sql,0.00,0.00
CZ13/Htl&0&cAVVG&New&Chlr_equip/AirCldScrewChlr-ltl150tons-New-9.7EER-15.8IPLV/instance-out.sql,0.00,0.00
CZ13/Htl&0&cAVVG&New&Chlr_equip/AirCldScrewChlr-ltl150tons-New-10.4EER-17.7IPLV/instance-out.sql,0.00,0.00
CZ13/Htl&0&cAVVG&New&Chlr_equip/AirCldScrewChlr-ltl150tons-New-10.4EER-19.0IPLV/instance-out.sql,0.00,0.00
CZ14/Htl&0&cAVVG&New&Chlr_equip/AirCldScrewChlr-ltl150tons-New-9.7EER-15.8IPLV/instance-out.sql,0.00,0.00
CZ14/Htl&0&cAVVG&New&Chlr_equip/AirCldScrewChlr-ltl150tons-New-10.4EER-17.7IPLV/instance-out.sql,0.00,0.00
CZ14/Htl&0&cAVVG&New&Chlr_equip/AirCldScrewChlr-ltl150tons-New-10.4EER-19.0IPLV/instance-out.sql,0.00,0.00
CZ15/Htl&0&cAVVG&New&Chlr_equip/AirCldScrewChlr-ltl150tons-New-9.7EER-15.8IPLV/instance-out.sql,0.00,0.00
CZ15/Htl&0&cAVVG&New&Chlr_equip/AirCldScrewChlr-ltl150tons-New-10.4EER-17.7IPLV/instance-out.sql,0.00,0.00
CZ15/Htl&0&cAVVG&New&Chlr_equip/AirCldScrewChlr-ltl150tons-New-10.4EER-19.0IPLV/instance-out.sql,0.00,0.00
CZ16/Htl&0&cAVVG&New&Chlr_equip/AirCldScrewChlr-ltl150tons-New-9.7EER-15.8IPLV/instance-out.sql,0.00,0.00
CZ16/Htl&0&cAVVG&New&Chlr_equip/AirCldScrewChlr-ltl150tons-New-10.4EER-17.7IPLV/instance-out.sql,0.00,0.00
CZ16/Htl&0&cAVVG&New&Chlr_equip/AirCldScrewChlr-ltl150tons-New-10.4EER-19.0IPLV/instance-out.sql,0.00,0.00

