File Name,Net Site EUI (kWh/m2),Net Source EUI (kWh/m2),Total Energy/Net Site Energy (kWh),Total Energy/Net Source Energy (kWh)
CZ01/MFm&0&rDXGF&New&Fenes__ManufWin/Default/instance-out.sql,66.48,102.09,341521.19,524431.20
CZ01/MFm&0&rDXGF&New&Fenes__ManufWin/Msr-0.25-0.40/instance-out.sql,66.24,101.62,340302.40,522054.77
CZ01/MFm&0&rDXGF&New&Fenes__ManufWin/Msr-0.28-0.23/instance-out.sql,66.46,101.60,341402.28,521914.17
CZ01/MFm&0&rDXHP&New&Fenes__ManufWin/Default/instance-out.sql
CZ01/MFm&0&rDXHP&New&Fenes__ManufWin/Msr-0.25-0.40/instance-out.sql
CZ01/MFm&0&rDXHP&New&Fenes__ManufWin/Msr-0.28-0.23/instance-out.sql
CZ02/MFm&0&rDXGF&New&Fenes__ManufWin/Default/instance-out.sql,67.82,104.31,348407.26,535847.15
CZ02/MFm&0&rDXGF&New&Fenes__ManufWin/Msr-0.25-0.40/instance-out.sql,67.38,104.40,346140.33,536303.13
CZ02/MFm&0&rDXGF&New&Fenes__ManufWin/Msr-0.28-0.23/instance-out.sql,67.68,104.16,347691.84,535084.20
CZ02/MFm&0&rDXHP&New&Fenes__ManufWin/Default/instance-out.sql,72.57,123.23,372779.43,633046.47
CZ02/MFm&0&rDXHP&New&Fenes__ManufWin/Msr-0.25-0.40/instance-out.sql,71.59,120.25,367746.80,617731.42
CZ02/MFm&0&rDXHP&New&Fenes__ManufWin/Msr-0.28-0.23/instance-out.sql,72.36,122.59,371720.62,629760.96
CZ03/MFm&0&rDXGF&New&Fenes__ManufWin/Default/instance-out.sql,69.60,109.03,357538.13,560113.32
CZ03/MFm&0&rDXGF&New&Fenes__ManufWin/Msr-0.25-0.40/instance-out.sql,69.03,107.79,354597.05,553739.57
CZ03/MFm&0&rDXGF&New&Fenes__ManufWin/Msr-0.28-0.23/instance-out.sql,68.98,106.41,354346.63,546640.83
CZ03/MFm&0&rDXHP&New&Fenes__ManufWin/Default/instance-out.sql,69.99,114.98,359536.55,590648.60
CZ03/MFm&0&rDXHP&New&Fenes__ManufWin/Msr-0.25-0.40/instance-out.sql,69.64,113.89,357767.00,585055.22
CZ03/MFm&0&rDXHP&New&Fenes__ManufWin/Msr-0.28-0.23/instance-out.sql,69.43,113.17,356696.50,581378.12
CZ04/MFm&0&rDXGF&New&Fenes__ManufWin/Default/instance-out.sql,67.77,104.90,348159.91,538886.79
CZ04/MFm&0&rDXGF&New&Fenes__ManufWin/Msr-0.25-0.40/instance-out.sql,67.46,105.32,346572.02,541052.51
CZ04/MFm&0&rDXGF&New&Fenes__ManufWin/Msr-0.28-0.23/instance-out.sql,67.64,104.76,347491.54,538180.73
CZ04/MFm&0&rDXHP&New&Fenes__ManufWin/Default/instance-out.sql,69.38,113.47,356431.54,582899.43
CZ04/MFm&0&rDXHP&New&Fenes__ManufWin/Msr-0.25-0.40/instance-out.sql,69.19,112.97,355454.66,580350.90
CZ04/MFm&0&rDXHP&New&Fenes__ManufWin/Msr-0.28-0.23/instance-out.sql,69.30,113.22,356010.92,581630.19
CZ05/MFm&0&rDXGF&New&Fenes__ManufWin/Default/instance-out.sql,69.68,108.85,357973.52,559163.08
CZ05/MFm&0&rDXGF&New&Fenes__ManufWin/Msr-0.25-0.40/instance-out.sql,69.09,107.53,354922.91,552419.12
CZ05/MFm&0&rDXGF&New&Fenes__ManufWin/Msr-0.28-0.23/instance-out.sql,69.08,106.26,354861.76,545858.94
CZ05/MFm&0&rDXHP&New&Fenes__ManufWin/Default/instance-out.sql,72.06,121.68,370164.66,625093.93
CZ05/MFm&0&rDXHP&New&Fenes__ManufWin/Msr-0.25-0.40/instance-out.sql,71.71,120.59,368385.52,619472.56
CZ05/MFm&0&rDXHP&New&Fenes__ManufWin/Msr-0.28-0.23/instance-out.sql,71.85,120.96,369104.72,621385.19
CZ06/MFm&0&rDXGF&New&Fenes__ManufWin/Default/instance-out.sql,67.24,105.19,345438.80,540378.63
CZ06/MFm&0&rDXGF&New&Fenes__ManufWin/Msr-0.25-0.40/instance-out.sql,67.66,107.34,347564.60,551398.18
CZ06/MFm&0&rDXGF&New&Fenes__ManufWin/Msr-0.28-0.23/instance-out.sql,67.13,105.24,344873.22,540628.74
CZ06/MFm&0&rDXHP&New&Fenes__ManufWin/Default/instance-out.sql,66.78,105.14,343041.86,540101.26
CZ06/MFm&0&rDXHP&New&Fenes__ManufWin/Msr-0.25-0.40/instance-out.sql,67.39,107.17,346190.91,550548.96
CZ06/MFm&0&rDXHP&New&Fenes__ManufWin/Msr-0.28-0.23/instance-out.sql,66.79,105.21,343117.36,540484.31
CZ07/MFm&0&rDXGF&New&Fenes__ManufWin/Default/instance-out.sql,66.82,104.52,343287.65,536920.36
CZ07/MFm&0&rDXGF&New&Fenes__ManufWin/Msr-0.25-0.40/instance-out.sql,67.09,106.02,344636.82,544649.39
CZ07/MFm&0&rDXGF&New&Fenes__ManufWin/Msr-0.28-0.23/instance-out.sql,66.74,104.57,342871.39,537185.69
CZ07/MFm&0&rDXHP&New&Fenes__ManufWin/Default/instance-out.sql,66.56,104.67,341909.25,537700.34
CZ07/MFm&0&rDXHP&New&Fenes__ManufWin/Msr-0.25-0.40/instance-out.sql,66.96,106.06,343975.08,544827.54
CZ07/MFm&0&rDXHP&New&Fenes__ManufWin/Msr-0.28-0.23/instance-out.sql,66.57,104.73,341965.03,538040.74
CZ08/MFm&0&rDXGF&New&Fenes__ManufWin/Default/instance-out.sql,67.58,106.22,347188.72,545652.06
CZ08/MFm&0&rDXGF&New&Fenes__ManufWin/Msr-0.25-0.40/instance-out.sql,67.98,108.13,349216.43,555495.86
CZ08/MFm&0&rDXGF&New&Fenes__ManufWin/Msr-0.28-0.23/instance-out.sql,67.53,106.21,346921.24,545610.36
CZ08/MFm&0&rDXHP&New&Fenes__ManufWin/Default/instance-out.sql,67.25,106.83,345473.99,548809.31
CZ08/MFm&0&rDXHP&New&Fenes__ManufWin/Msr-0.25-0.40/instance-out.sql,67.78,108.59,348198.87,557852.15
CZ08/MFm&0&rDXHP&New&Fenes__ManufWin/Msr-0.28-0.23/instance-out.sql,67.25,106.83,345453.24,548797.89
CZ09/MFm&0&rDXGF&New&Fenes__ManufWin/Default/instance-out.sql,68.67,108.68,352793.18,558302.05
CZ09/MFm&0&rDXGF&New&Fenes__ManufWin/Msr-0.25-0.40/instance-out.sql,69.11,111.00,355035.52,570239.10
CZ09/MFm&0&rDXGF&New&Fenes__ManufWin/Msr-0.28-0.23/instance-out.sql,68.60,108.66,352420.30,558223.35
CZ09/MFm&0&rDXHP&New&Fenes__ManufWin/Default/instance-out.sql,67.76,108.66,348115.47,558183.46
CZ09/MFm&0&rDXHP&New&Fenes__ManufWin/Msr-0.25-0.40/instance-out.sql,68.43,110.82,351516.25,569278.60
CZ09/MFm&0&rDXHP&New&Fenes__ManufWin/Msr-0.28-0.23/instance-out.sql,67.76,108.65,348093.36,558156.65
CZ10/MFm&0&rDXGF&New&Fenes__ManufWin/Default/instance-out.sql,69.05,110.11,354709.37,565661.99
CZ10/MFm&0&rDXGF&New&Fenes__ManufWin/Msr-0.25-0.40/instance-out.sql,69.28,111.85,355899.92,574577.42
CZ10/MFm&0&rDXGF&New&Fenes__ManufWin/Msr-0.28-0.23/instance-out.sql,68.95,110.02,354202.60,565198.67
CZ10/MFm&0&rDXHP&New&Fenes__ManufWin/Default/instance-out.sql,70.73,118.00,363345.36,606178.69
CZ10/MFm&0&rDXHP&New&Fenes__ManufWin/Msr-0.25-0.40/instance-out.sql,70.71,118.04,363268.73,606369.19
CZ10/MFm&0&rDXHP&New&Fenes__ManufWin/Msr-0.28-0.23/instance-out.sql,70.62,117.68,362801.96,604522.74
CZ11/MFm&0&rDXGF&New&Fenes__ManufWin/Default/instance-out.sql,70.79,114.11,363672.58,586205.67
CZ11/MFm&0&rDXGF&New&Fenes__ManufWin/Msr-0.25-0.40/instance-out.sql,70.79,115.35,363635.03,592549.69
CZ11/MFm&0&rDXGF&New&Fenes__ManufWin/Msr-0.28-0.23/instance-out.sql,70.64,113.91,362889.98,585186.65
CZ11/MFm&0&rDXHP&New&Fenes__ManufWin/Default/instance-out.sql,74.09,128.31,380603.39,659125.76
CZ11/MFm&0&rDXHP&New&Fenes__ManufWin/Msr-0.25-0.40/instance-out.sql,73.67,127.07,378468.36,652766.17
CZ11/MFm&0&rDXHP&New&Fenes__ManufWin/Msr-0.28-0.23/instance-out.sql,73.90,127.73,379650.57,656154.55
CZ12/MFm&0&rDXGF&New&Fenes__ManufWin/Default/instance-out.sql,69.80,108.85,358557.89,559197.22
CZ12/MFm&0&rDXGF&New&Fenes__ManufWin/Msr-0.25-0.40/instance-out.sql,69.59,109.81,357520.93,564113.89
CZ12/MFm&0&rDXGF&New&Fenes__ManufWin/Msr-0.28-0.23/instance-out.sql,69.62,108.67,357664.94,558237.61
CZ12/MFm&0&rDXHP&New&Fenes__ManufWin/Default/instance-out.sql,74.10,128.38,380662.44,659521.11
CZ12/MFm&0&rDXHP&New&Fenes__ManufWin/Msr-0.25-0.40/instance-out.sql,73.45,126.41,377330.87,649405.25
CZ12/MFm&0&rDXHP&New&Fenes__ManufWin/Msr-0.28-0.23/instance-out.sql,73.92,127.83,379746.88,656680.12
CZ13/MFm&0&rDXGF&New&Fenes__ManufWin/Default/instance-out.sql,72.72,118.14,373562.10,606905.08
CZ13/MFm&0&rDXGF&New&Fenes__ManufWin/Msr-0.25-0.40/instance-out.sql,72.77,119.78,373809.31,615314.65
CZ13/MFm&0&rDXGF&New&Fenes__ManufWin/Msr-0.28-0.23/instance-out.sql,72.55,117.94,372691.52,605883.06
CZ13/MFm&0&rDXHP&New&Fenes__ManufWin/Default/instance-out.sql,74.73,130.46,383912.55,670201.60
CZ13/MFm&0&rDXHP&New&Fenes__ManufWin/Msr-0.25-0.40/instance-out.sql,74.66,130.29,383550.83,669345.01
CZ13/MFm&0&rDXHP&New&Fenes__ManufWin/Msr-0.28-0.23/instance-out.sql,74.60,130.04,383220.80,668042.09
CZ14/MFm&0&rDXGF&New&Fenes__ManufWin/Default/instance-out.sql,70.84,115.31,363921.57,592350.40
CZ14/MFm&0&rDXGF&New&Fenes__ManufWin/Msr-0.25-0.40/instance-out.sql,70.80,116.70,363727.29,599521.14
CZ14/MFm&0&rDXGF&New&Fenes__ManufWin/Msr-0.28-0.23/instance-out.sql,70.65,115.06,362939.62,591082.63
CZ14/MFm&0&rDXHP&New&Fenes__ManufWin/Default/instance-out.sql,72.89,124.95,374469.10,641881.40
CZ14/MFm&0&rDXHP&New&Fenes__ManufWin/Msr-0.25-0.40/instance-out.sql,72.51,123.80,372473.00,635987.19
CZ14/MFm&0&rDXHP&New&Fenes__ManufWin/Msr-0.28-0.23/instance-out.sql,72.71,124.36,373498.35,638866.73
CZ15/MFm&0&rDXGF&New&Fenes__ManufWin/Default/instance-out.sql,74.23,127.73,381327.03,656181.67
CZ15/MFm&0&rDXGF&New&Fenes__ManufWin/Msr-0.25-0.40/instance-out.sql,75.00,130.68,385284.10,671326.82
CZ15/MFm&0&rDXGF&New&Fenes__ManufWin/Msr-0.28-0.23/instance-out.sql,74.12,127.53,380791.14,655156.25
CZ15/MFm&0&rDXHP&New&Fenes__ManufWin/Default/instance-out.sql,73.78,127.79,379035.67,656464.37
CZ15/MFm&0&rDXHP&New&Fenes__ManufWin/Msr-0.25-0.40/instance-out.sql,74.53,130.20,382887.56,668834.86
CZ15/MFm&0&rDXHP&New&Fenes__ManufWin/Msr-0.28-0.23/instance-out.sql,73.71,127.56,378656.11,655291.80
CZ16/MFm&0&rDXGF&New&Fenes__ManufWin/Default/instance-out.sql,73.08,116.89,375449.06,600484.61
CZ16/MFm&0&rDXGF&New&Fenes__ManufWin/Msr-0.25-0.40/instance-out.sql,72.25,115.13,371179.73,591460.30
CZ16/MFm&0&rDXGF&New&Fenes__ManufWin/Msr-0.28-0.23/instance-out.sql,72.51,114.01,372479.01,585701.51
CZ16/MFm&0&rDXHP&New&Fenes__ManufWin/Default/instance-out.sql,80.66,148.97,414370.92,765261.24
CZ16/MFm&0&rDXHP&New&Fenes__ManufWin/Msr-0.25-0.40/instance-out.sql,79.93,146.64,410598.84,753322.98
CZ16/MFm&0&rDXHP&New&Fenes__ManufWin/Msr-0.28-0.23/instance-out.sql,81.64,151.98,419411.24,780753.36

File Name,Total (kWh),Heating (kWh),Cooling (kWh),Interior Lighting (kWh),Exterior Lighting (kWh),Interior Equipment (kWh),Exterior Equipment (kWh),Fans (kWh),Pumps (kWh),Heat Rejection (kWh),Humidification (kWh),Heat Recovery (kWh),Water Systems (kWh),Refrigeration (kWh),Generators (kWh),Heating Elec (kWh),Cooling Elec (kWh),Heating NG (kWh),Cooling NG (kWh),Interior Equipment Elec (kWh),Interior Equipment NG (kWh)
CZ01/MFm&0&rDXGF&New&Fenes__ManufWin/Default/instance-out.sql,341521.19,3352.22,1245.8,12897.22,0.0,73887.41,0.0,230.9,0.0,0.0,0.0,0.0,249907.64,0.0,0.0,0.00,1245.80,3352.22,0.00,59664.59,14222.82
CZ01/MFm&0&rDXGF&New&Fenes__ManufWin/Msr-0.25-0.40/instance-out.sql,340302.4,2641.41,818.78,12897.22,0.0,73887.41,0.0,151.31,0.0,0.0,0.0,0.0,249906.27,0.0,0.0,0.00,818.78,2641.41,0.00,59664.59,14222.82
CZ01/MFm&0&rDXGF&New&Fenes__ManufWin/Msr-0.28-0.23/instance-out.sql,341402.28,4042.17,246.12,12897.22,0.0,73887.41,0.0,84.1,0.0,0.0,0.0,0.0,250245.26,0.0,0.0,0.00,246.12,4042.17,0.00,59664.59,14222.82
CZ01/MFm&0&rDXHP&New&Fenes__ManufWin/Default/instance-out.sql
CZ01/MFm&0&rDXHP&New&Fenes__ManufWin/Msr-0.25-0.40/instance-out.sql
CZ01/MFm&0&rDXHP&New&Fenes__ManufWin/Msr-0.28-0.23/instance-out.sql
CZ02/MFm&0&rDXGF&New&Fenes__ManufWin/Default/instance-out.sql,348407.26,9512.15,2527.58,12897.22,0.0,73887.41,0.0,846.12,0.0,0.0,0.0,0.0,248736.77,0.0,0.0,0.00,2527.58,9512.15,0.00,59664.59,14222.82
CZ02/MFm&0&rDXGF&New&Fenes__ManufWin/Msr-0.25-0.40/instance-out.sql,346140.33,6159.1,3835.22,12897.22,0.0,73887.41,0.0,937.11,0.0,0.0,0.0,0.0,248424.27,0.0,0.0,0.00,3835.22,6159.10,0.00,59664.59,14222.82
CZ02/MFm&0&rDXGF&New&Fenes__ManufWin/Msr-0.28-0.23/instance-out.sql,347691.83999999997,8826.68,2559.67,12897.22,0.0,73887.41,0.0,820.07,0.0,0.0,0.0,0.0,248700.79,0.0,0.0,0.00,2559.67,8826.68,0.00,59664.59,14222.82
CZ02/MFm&0&rDXHP&New&Fenes__ManufWin/Default/instance-out.sql,372779.43,34709.37,2380.62,12897.22,0.0,73887.41,0.0,263.51,0.0,0.0,0.0,0.0,248641.31,0.0,0.0,34709.37,2380.62,0.00,0.00,59664.59,14222.82
CZ02/MFm&0&rDXHP&New&Fenes__ManufWin/Msr-0.25-0.40/instance-out.sql,367746.8,28713.8,3624.4,12897.22,0.0,73887.41,0.0,281.89,0.0,0.0,0.0,0.0,248342.09,0.0,0.0,28713.80,3624.40,0.00,0.00,59664.59,14222.82
CZ02/MFm&0&rDXHP&New&Fenes__ManufWin/Msr-0.28-0.23/instance-out.sql,371720.62,33660.2,2411.74,12897.22,0.0,73887.41,0.0,255.26,0.0,0.0,0.0,0.0,248608.79,0.0,0.0,33660.20,2411.74,0.00,0.00,59664.59,14222.82
CZ03/MFm&0&rDXGF&New&Fenes__ManufWin/Default/instance-out.sql,357538.14,11606.78,8757.85,12897.22,0.0,73887.41,0.0,1513.75,0.0,0.0,0.0,0.0,248875.13,0.0,0.0,0.00,8757.85,11606.78,0.00,59664.59,14222.82
CZ03/MFm&0&rDXGF&New&Fenes__ManufWin/Msr-0.25-0.40/instance-out.sql,354597.05,10201.27,7479.42,12897.22,0.0,73887.41,0.0,1262.84,0.0,0.0,0.0,0.0,248868.91,0.0,0.0,0.00,7479.42,10201.27,0.00,59664.59,14222.82
CZ03/MFm&0&rDXGF&New&Fenes__ManufWin/Msr-0.28-0.23/instance-out.sql,354346.63,13086.98,4593.17,12897.22,0.0,73887.41,0.0,871.47,0.0,0.0,0.0,0.0,249010.39,0.0,0.0,0.00,4593.17,13086.98,0.00,59664.59,14222.82
CZ03/MFm&0&rDXHP&New&Fenes__ManufWin/Default/instance-out.sql,359536.55,14895.72,8419.02,12897.22,0.0,73887.41,0.0,576.15,0.0,0.0,0.0,0.0,248861.03,0.0,0.0,14895.72,8419.02,0.00,0.00,59664.59,14222.82
CZ03/MFm&0&rDXHP&New&Fenes__ManufWin/Msr-0.25-0.40/instance-out.sql,357767.0,14458.99,7177.95,12897.22,0.0,73887.41,0.0,489.58,0.0,0.0,0.0,0.0,248855.85,0.0,0.0,14458.99,7177.95,0.00,0.00,59664.59,14222.82
CZ03/MFm&0&rDXHP&New&Fenes__ManufWin/Msr-0.28-0.23/instance-out.sql,356696.51,16191.47,4376.11,12897.22,0.0,73887.41,0.0,350.74,0.0,0.0,0.0,0.0,248993.56,0.0,0.0,16191.47,4376.11,0.00,0.00,59664.59,14222.82
CZ04/MFm&0&rDXGF&New&Fenes__ManufWin/Default/instance-out.sql,348159.91,8429.54,3779.73,12897.22,0.0,73887.41,0.0,1181.96,0.0,0.0,0.0,0.0,247984.05,0.0,0.0,0.00,3779.73,8429.54,0.00,59664.59,14222.82
CZ04/MFm&0&rDXGF&New&Fenes__ManufWin/Msr-0.25-0.40/instance-out.sql,346572.01999999996,5261.46,5545.01,12897.22,0.0,73887.41,0.0,1282.74,0.0,0.0,0.0,0.0,247698.19,0.0,0.0,0.00,5545.01,5261.46,0.00,59664.59,14222.82
CZ04/MFm&0&rDXGF&New&Fenes__ManufWin/Msr-0.28-0.23/instance-out.sql,347491.54,7789.62,3826.71,12897.22,0.0,73887.41,0.0,1143.83,0.0,0.0,0.0,0.0,247946.75,0.0,0.0,0.00,3826.71,7789.62,0.00,59664.59,14222.82
CZ04/MFm&0&rDXHP&New&Fenes__ManufWin/Default/instance-out.sql,356431.53,17945.54,3540.68,12897.22,0.0,73887.41,0.0,300.33,0.0,0.0,0.0,0.0,247860.36,0.0,0.0,17945.54,3540.68,0.00,0.00,59664.59,14222.82
CZ04/MFm&0&rDXHP&New&Fenes__ManufWin/Msr-0.25-0.40/instance-out.sql,355454.66000000003,15503.24,5224.39,12897.22,0.0,73887.41,0.0,343.8,0.0,0.0,0.0,0.0,247598.6,0.0,0.0,15503.24,5224.39,0.00,0.00,59664.59,14222.82
CZ04/MFm&0&rDXHP&New&Fenes__ManufWin/Msr-0.28-0.23/instance-out.sql,356010.92,17518.26,3583.84,12897.22,0.0,73887.41,0.0,294.02,0.0,0.0,0.0,0.0,247830.18,0.0,0.0,17518.26,3583.84,0.00,0.00,59664.59,14222.82
CZ05/MFm&0&rDXGF&New&Fenes__ManufWin/Default/instance-out.sql,357973.53,13099.79,8251.32,12897.22,0.0,73887.41,0.0,1337.5,0.0,0.0,0.0,0.0,248500.28,0.0,0.0,0.00,8251.32,13099.79,0.00,59664.59,14222.82
CZ05/MFm&0&rDXGF&New&Fenes__ManufWin/Msr-0.25-0.40/instance-out.sql,354922.91,11704.58,6845.71,12897.22,0.0,73887.41,0.0,1093.04,0.0,0.0,0.0,0.0,248494.95,0.0,0.0,0.00,6845.71,11704.58,0.00,59664.59,14222.82
CZ05/MFm&0&rDXGF&New&Fenes__ManufWin/Msr-0.28-0.23/instance-out.sql,354861.76,14594.27,4071.22,12897.22,0.0,73887.41,0.0,749.96,0.0,0.0,0.0,0.0,248661.68,0.0,0.0,0.00,4071.22,14594.27,0.00,59664.59,14222.82
CZ05/MFm&0&rDXHP&New&Fenes__ManufWin/Default/instance-out.sql,370164.66000000003,26584.97,7767.51,12897.22,0.0,73887.41,0.0,543.91,0.0,0.0,0.0,0.0,248483.64,0.0,0.0,26584.97,7767.51,0.00,0.00,59664.59,14222.82
CZ05/MFm&0&rDXHP&New&Fenes__ManufWin/Msr-0.25-0.40/instance-out.sql,368385.52,26249.45,6421.98,12897.22,0.0,73887.41,0.0,452.15,0.0,0.0,0.0,0.0,248477.31,0.0,0.0,26249.45,6421.98,0.00,0.00,59664.59,14222.82
CZ05/MFm&0&rDXHP&New&Fenes__ManufWin/Msr-0.28-0.23/instance-out.sql,369104.72000000003,29515.29,3817.92,12897.22,0.0,73887.41,0.0,334.31,0.0,0.0,0.0,0.0,248652.58,0.0,0.0,29515.29,3817.92,0.00,0.00,59664.59,14222.82
CZ06/MFm&0&rDXGF&New&Fenes__ManufWin/Default/instance-out.sql,345438.80000000005,3500.42,6231.15,12897.22,0.0,73887.41,0.0,862.81,0.0,0.0,0.0,0.0,248059.79,0.0,0.0,0.00,6231.15,3500.42,0.00,59664.59,14222.82
CZ06/MFm&0&rDXGF&New&Fenes__ManufWin/Msr-0.25-0.40/instance-out.sql,347564.6,1669.13,9995.85,12897.22,0.0,73887.41,0.0,1282.07,0.0,0.0,0.0,0.0,247832.92,0.0,0.0,0.00,9995.85,1669.13,0.00,59664.59,14222.82
CZ06/MFm&0&rDXGF&New&Fenes__ManufWin/Msr-0.28-0.23/instance-out.sql,344873.22,2588.94,6624.29,12897.22,0.0,73887.41,0.0,884.07,0.0,0.0,0.0,0.0,247991.3,0.0,0.0,0.00,6624.29,2588.94,0.00,59664.59,14222.82
CZ06/MFm&0&rDXHP&New&Fenes__ManufWin/Default/instance-out.sql,343041.86,1897.71,5974.18,12897.22,0.0,73887.41,0.0,336.28,0.0,0.0,0.0,0.0,248049.06,0.0,0.0,1897.71,5974.18,0.00,0.00,59664.59,14222.82
CZ06/MFm&0&rDXHP&New&Fenes__ManufWin/Msr-0.25-0.40/instance-out.sql,346190.92000000004,1468.53,9606.28,12897.22,0.0,73887.41,0.0,510.28,0.0,0.0,0.0,0.0,247821.19,0.0,0.0,1468.53,9606.28,0.00,0.00,59664.59,14222.82
CZ06/MFm&0&rDXHP&New&Fenes__ManufWin/Msr-0.28-0.23/instance-out.sql,343117.36,1659.31,6346.28,12897.22,0.0,73887.41,0.0,347.19,0.0,0.0,0.0,0.0,247979.95,0.0,0.0,1659.31,6346.28,0.00,0.00,59664.59,14222.82
CZ07/MFm&0&rDXGF&New&Fenes__ManufWin/Default/instance-out.sql,343287.64,2464.12,5833.06,12897.22,0.0,73887.41,0.0,720.13,0.0,0.0,0.0,0.0,247485.7,0.0,0.0,0.00,5833.06,2464.12,0.00,59664.59,14222.82
CZ07/MFm&0&rDXGF&New&Fenes__ManufWin/Msr-0.25-0.40/instance-out.sql,344636.82999999996,1084.11,8562.32,12897.22,0.0,73887.41,0.0,999.29,0.0,0.0,0.0,0.0,247206.48,0.0,0.0,0.00,8562.32,1084.11,0.00,59664.59,14222.82
CZ07/MFm&0&rDXGF&New&Fenes__ManufWin/Msr-0.28-0.23/instance-out.sql,342871.39,1782.75,6160.21,12897.22,0.0,73887.41,0.0,736.98,0.0,0.0,0.0,0.0,247406.83,0.0,0.0,0.00,6160.21,1782.75,0.00,59664.59,14222.82
CZ07/MFm&0&rDXHP&New&Fenes__ManufWin/Default/instance-out.sql,341909.25,1764.45,5593.23,12897.22,0.0,73887.41,0.0,287.29,0.0,0.0,0.0,0.0,247479.66,0.0,0.0,1764.45,5593.23,0.00,0.00,59664.59,14222.82
CZ07/MFm&0&rDXHP&New&Fenes__ManufWin/Msr-0.25-0.40/instance-out.sql,343975.08,1390.6,8195.22,12897.22,0.0,73887.41,0.0,405.69,0.0,0.0,0.0,0.0,247198.95,0.0,0.0,1390.60,8195.22,0.00,0.00,59664.59,14222.82
CZ07/MFm&0&rDXHP&New&Fenes__ManufWin/Msr-0.28-0.23/instance-out.sql,341965.03,1576.07,5906.98,12897.22,0.0,73887.41,0.0,296.31,0.0,0.0,0.0,0.0,247401.05,0.0,0.0,1576.07,5906.98,0.00,0.00,59664.59,14222.82
CZ08/MFm&0&rDXGF&New&Fenes__ManufWin/Default/instance-out.sql,347188.71,4107.33,7739.9,12897.22,0.0,73887.41,0.0,975.05,0.0,0.0,0.0,0.0,247581.81,0.0,0.0,0.00,7739.90,4107.33,0.00,59664.59,14222.82
CZ08/MFm&0&rDXGF&New&Fenes__ManufWin/Msr-0.25-0.40/instance-out.sql,349216.43,2660.77,11066.04,12897.22,0.0,73887.41,0.0,1319.46,0.0,0.0,0.0,0.0,247385.53,0.0,0.0,0.00,11066.04,2660.77,0.00,59664.59,14222.82
CZ08/MFm&0&rDXGF&New&Fenes__ManufWin/Msr-0.28-0.23/instance-out.sql,346921.24,3745.63,7856.83,12897.22,0.0,73887.41,0.0,977.3,0.0,0.0,0.0,0.0,247556.85,0.0,0.0,0.00,7856.83,3745.63,0.00,59664.59,14222.82
CZ08/MFm&0&rDXHP&New&Fenes__ManufWin/Default/instance-out.sql,345473.98,3396.34,7343.96,12897.22,0.0,73887.41,0.0,382.73,0.0,0.0,0.0,0.0,247566.34,0.0,0.0,3396.34,7343.96,0.00,0.00,59664.59,14222.82
CZ08/MFm&0&rDXHP&New&Fenes__ManufWin/Msr-0.25-0.40/instance-out.sql,348198.86,2983.34,10533.21,12897.22,0.0,73887.41,0.0,529.7,0.0,0.0,0.0,0.0,247368.0,0.0,0.0,2983.34,10533.21,0.00,0.00,59664.59,14222.82
CZ08/MFm&0&rDXHP&New&Fenes__ManufWin/Msr-0.28-0.23/instance-out.sql,345453.25,3287.89,7455.56,12897.22,0.0,73887.41,0.0,384.88,0.0,0.0,0.0,0.0,247540.28,0.0,0.0,3287.89,7455.56,0.00,0.00,59664.59,14222.82
CZ09/MFm&0&rDXGF&New&Fenes__ManufWin/Default/instance-out.sql,352793.18000000005,7036.59,10536.71,12897.22,0.0,73887.41,0.0,1334.63,0.0,0.0,0.0,0.0,247100.62,0.0,0.0,0.00,10536.71,7036.59,0.00,59664.59,14222.82
CZ09/MFm&0&rDXGF&New&Fenes__ManufWin/Msr-0.25-0.40/instance-out.sql,355035.52,4870.84,14675.95,12897.22,0.0,73887.41,0.0,1759.16,0.0,0.0,0.0,0.0,246944.94,0.0,0.0,0.00,14675.95,4870.84,0.00,59664.59,14222.82
CZ09/MFm&0&rDXGF&New&Fenes__ManufWin/Msr-0.28-0.23/instance-out.sql,352420.30000000005,6527.48,10689.71,12897.22,0.0,73887.41,0.0,1337.89,0.0,0.0,0.0,0.0,247080.59,0.0,0.0,0.00,10689.71,6527.48,0.00,59664.59,14222.82
CZ09/MFm&0&rDXHP&New&Fenes__ManufWin/Default/instance-out.sql,348115.47,3651.64,10068.46,12897.22,0.0,73887.41,0.0,528.6,0.0,0.0,0.0,0.0,247082.14,0.0,0.0,3651.64,10068.46,0.00,0.00,59664.59,14222.82
CZ09/MFm&0&rDXHP&New&Fenes__ManufWin/Msr-0.25-0.40/instance-out.sql,351516.25,3052.38,14046.84,12897.22,0.0,73887.41,0.0,706.22,0.0,0.0,0.0,0.0,246926.19,0.0,0.0,3052.38,14046.84,0.00,0.00,59664.59,14222.82
CZ09/MFm&0&rDXHP&New&Fenes__ManufWin/Msr-0.28-0.23/instance-out.sql,348093.36,3502.65,10213.52,12897.22,0.0,73887.41,0.0,531.16,0.0,0.0,0.0,0.0,247061.4,0.0,0.0,3502.65,10213.52,0.00,0.00,59664.59,14222.82
CZ10/MFm&0&rDXGF&New&Fenes__ManufWin/Default/instance-out.sql,354709.37,6289.65,13017.47,12897.22,0.0,73887.41,0.0,1390.02,0.0,0.0,0.0,0.0,247227.6,0.0,0.0,0.00,13017.47,6289.65,0.00,59664.59,14222.82
CZ10/MFm&0&rDXGF&New&Fenes__ManufWin/Msr-0.25-0.40/instance-out.sql,355899.92,4028.86,16364.94,12897.22,0.0,73887.41,0.0,1703.06,0.0,0.0,0.0,0.0,247018.43,0.0,0.0,0.00,16364.94,4028.86,0.00,59664.59,14222.82
CZ10/MFm&0&rDXGF&New&Fenes__ManufWin/Msr-0.28-0.23/instance-out.sql,354202.61,5771.59,13062.52,12897.22,0.0,73887.41,0.0,1386.25,0.0,0.0,0.0,0.0,247197.62,0.0,0.0,0.00,13062.52,5771.59,0.00,59664.59,14222.82
CZ10/MFm&0&rDXHP&New&Fenes__ManufWin/Default/instance-out.sql,363345.36,16556.01,12257.44,12897.22,0.0,73887.41,0.0,550.97,0.0,0.0,0.0,0.0,247196.32,0.0,0.0,16556.01,12257.44,0.00,0.00,59664.59,14222.82
CZ10/MFm&0&rDXHP&New&Fenes__ManufWin/Msr-0.25-0.40/instance-out.sql,363268.73,13355.47,15461.73,12897.22,0.0,73887.41,0.0,678.54,0.0,0.0,0.0,0.0,246988.35,0.0,0.0,13355.47,15461.73,0.00,0.00,59664.59,14222.82
CZ10/MFm&0&rDXHP&New&Fenes__ManufWin/Msr-0.28-0.23/instance-out.sql,362801.97,16008.79,12293.27,12897.22,0.0,73887.41,0.0,550.15,0.0,0.0,0.0,0.0,247165.12,0.0,0.0,16008.79,12293.27,0.00,0.00,59664.59,14222.82
CZ11/MFm&0&rDXGF&New&Fenes__ManufWin/Default/instance-out.sql,363672.57999999996,9163.47,16983.17,12897.22,0.0,73887.41,0.0,2622.37,0.0,0.0,0.0,0.0,248118.94,0.0,0.0,0.00,16983.17,9163.47,0.00,59664.59,14222.82
CZ11/MFm&0&rDXGF&New&Fenes__ManufWin/Msr-0.25-0.40/instance-out.sql,363635.04000000004,6266.39,19857.58,12897.22,0.0,73887.41,0.0,2813.12,0.0,0.0,0.0,0.0,247913.32,0.0,0.0,0.00,19857.58,6266.39,0.00,59664.59,14222.82
CZ11/MFm&0&rDXGF&New&Fenes__ManufWin/Msr-0.28-0.23/instance-out.sql,362889.99,8490.23,16946.95,12897.22,0.0,73887.41,0.0,2576.65,0.0,0.0,0.0,0.0,248091.53,0.0,0.0,0.00,16946.95,8490.23,0.00,59664.59,14222.82
CZ11/MFm&0&rDXHP&New&Fenes__ManufWin/Default/instance-out.sql,380603.39,29031.77,15922.97,12897.22,0.0,73887.41,0.0,847.18,0.0,0.0,0.0,0.0,248016.83,0.0,0.0,29031.77,15922.97,0.00,0.00,59664.59,14222.82
CZ11/MFm&0&rDXHP&New&Fenes__ManufWin/Msr-0.25-0.40/instance-out.sql,378468.35,24261.78,18665.92,12897.22,0.0,73887.41,0.0,932.22,0.0,0.0,0.0,0.0,247823.81,0.0,0.0,24261.78,18665.92,0.00,0.00,59664.59,14222.82
CZ11/MFm&0&rDXHP&New&Fenes__ManufWin/Msr-0.28-0.23/instance-out.sql,379650.57,28148.56,15886.45,12897.22,0.0,73887.41,0.0,836.37,0.0,0.0,0.0,0.0,247994.56,0.0,0.0,28148.56,15886.45,0.00,0.00,59664.59,14222.82
CZ12/MFm&0&rDXGF&New&Fenes__ManufWin/Default/instance-out.sql,358557.88999999996,14528.52,8341.3,12897.22,0.0,73887.41,0.0,959.82,0.0,0.0,0.0,0.0,247943.63,0.0,0.0,0.00,8341.30,14528.52,0.00,59664.59,14222.82
CZ12/MFm&0&rDXGF&New&Fenes__ManufWin/Msr-0.25-0.40/instance-out.sql,357520.93,10802.29,10995.07,12897.22,0.0,73887.41,0.0,1206.06,0.0,0.0,0.0,0.0,247732.89,0.0,0.0,0.00,10995.07,10802.29,0.00,59664.59,14222.82
CZ12/MFm&0&rDXGF&New&Fenes__ManufWin/Msr-0.28-0.23/instance-out.sql,357664.94,13659.28,8357.0,12897.22,0.0,73887.41,0.0,948.12,0.0,0.0,0.0,0.0,247915.91,0.0,0.0,0.00,8357.00,13659.28,0.00,59664.59,14222.82
CZ12/MFm&0&rDXHP&New&Fenes__ManufWin/Default/instance-out.sql,380662.44,37729.99,7813.82,12897.22,0.0,73887.41,0.0,417.19,0.0,0.0,0.0,0.0,247916.8,0.0,0.0,37729.99,7813.82,0.00,0.00,59664.59,14222.82
CZ12/MFm&0&rDXHP&New&Fenes__ManufWin/Msr-0.25-0.40/instance-out.sql,377330.87,31966.69,10371.73,12897.22,0.0,73887.41,0.0,499.96,0.0,0.0,0.0,0.0,247707.86,0.0,0.0,31966.69,10371.73,0.00,0.00,59664.59,14222.82
CZ12/MFm&0&rDXHP&New&Fenes__ManufWin/Msr-0.28-0.23/instance-out.sql,379746.88,36841.04,7822.4,12897.22,0.0,73887.41,0.0,410.13,0.0,0.0,0.0,0.0,247888.69,0.0,0.0,36841.04,7822.40,0.00,0.00,59664.59,14222.82
CZ13/MFm&0&rDXGF&New&Fenes__ManufWin/Default/instance-out.sql,373562.1,14625.48,21750.24,12897.22,0.0,73887.41,0.0,2646.07,0.0,0.0,0.0,0.0,247755.69,0.0,0.0,0.00,21750.24,14625.48,0.00,59664.59,14222.82
CZ13/MFm&0&rDXGF&New&Fenes__ManufWin/Msr-0.25-0.40/instance-out.sql,373809.31,11107.35,25311.94,12897.22,0.0,73887.41,0.0,2992.96,0.0,0.0,0.0,0.0,247612.43,0.0,0.0,0.00,25311.94,11107.35,0.00,59664.59,14222.82
CZ13/MFm&0&rDXGF&New&Fenes__ManufWin/Msr-0.28-0.23/instance-out.sql,372691.52,13807.29,21728.25,12897.22,0.0,73887.41,0.0,2630.47,0.0,0.0,0.0,0.0,247740.88,0.0,0.0,0.00,21728.25,13807.29,0.00,59664.59,14222.82
CZ13/MFm&0&rDXHP&New&Fenes__ManufWin/Default/instance-out.sql,383912.55,27754.82,20609.58,12897.22,0.0,73887.41,0.0,1032.69,0.0,0.0,0.0,0.0,247730.83,0.0,0.0,27754.82,20609.58,0.00,0.00,59664.59,14222.82
CZ13/MFm&0&rDXHP&New&Fenes__ManufWin/Msr-0.25-0.40/instance-out.sql,383550.83,23961.27,24044.78,12897.22,0.0,73887.41,0.0,1168.06,0.0,0.0,0.0,0.0,247592.1,0.0,0.0,23961.27,24044.78,0.00,0.00,59664.59,14222.82
CZ13/MFm&0&rDXHP&New&Fenes__ManufWin/Msr-0.28-0.23/instance-out.sql,383220.80000000005,27107.93,20584.9,12897.22,0.0,73887.41,0.0,1027.53,0.0,0.0,0.0,0.0,247715.83,0.0,0.0,27107.93,20584.90,0.00,0.00,59664.59,14222.82
CZ14/MFm&0&rDXGF&New&Fenes__ManufWin/Default/instance-out.sql,363921.56999999995,7695.2,20285.43,12897.22,0.0,73887.41,0.0,2140.48,0.0,0.0,0.0,0.0,247015.83,0.0,0.0,0.00,20285.43,7695.20,0.00,59664.59,14222.82
CZ14/MFm&0&rDXGF&New&Fenes__ManufWin/Msr-0.25-0.40/instance-out.sql,363727.29000000004,4162.29,23562.24,12897.22,0.0,73887.41,0.0,2407.28,0.0,0.0,0.0,0.0,246810.85,0.0,0.0,0.00,23562.24,4162.29,0.00,59664.59,14222.82
CZ14/MFm&0&rDXGF&New&Fenes__ManufWin/Msr-0.28-0.23/instance-out.sql,362939.62,6833.25,20204.35,12897.22,0.0,73887.41,0.0,2123.95,0.0,0.0,0.0,0.0,246993.45,0.0,0.0,0.00,20204.35,6833.25,0.00,59664.59,14222.82
CZ14/MFm&0&rDXHP&New&Fenes__ManufWin/Default/instance-out.sql,374469.1,20864.87,19045.16,12897.22,0.0,73887.41,0.0,805.6,0.0,0.0,0.0,0.0,246968.85,0.0,0.0,20864.87,19045.16,0.00,0.00,59664.59,14222.82
CZ14/MFm&0&rDXHP&New&Fenes__ManufWin/Msr-0.25-0.40/instance-out.sql,372473.0,15776.13,22242.73,12897.22,0.0,73887.41,0.0,905.87,0.0,0.0,0.0,0.0,246763.65,0.0,0.0,15776.13,22242.73,0.00,0.00,59664.59,14222.82
CZ14/MFm&0&rDXHP&New&Fenes__ManufWin/Msr-0.28-0.23/instance-out.sql,373498.33999999997,20017.77,18959.84,12897.22,0.0,73887.41,0.0,795.92,0.0,0.0,0.0,0.0,246940.19,0.0,0.0,20017.77,18959.84,0.00,0.00,59664.59,14222.82
CZ15/MFm&0&rDXGF&New&Fenes__ManufWin/Default/instance-out.sql,381327.02,3573.29,40174.42,12897.22,0.0,73887.41,0.0,3837.55,0.0,0.0,0.0,0.0,246957.15,0.0,0.0,0.00,40174.42,3573.29,0.00,59664.59,14222.82
CZ15/MFm&0&rDXGF&New&Fenes__ManufWin/Msr-0.25-0.40/instance-out.sql,385284.1,2401.15,44937.87,12897.22,0.0,73887.41,0.0,4285.65,0.0,0.0,0.0,0.0,246874.8,0.0,0.0,0.00,44937.87,2401.15,0.00,59664.59,14222.82
CZ15/MFm&0&rDXGF&New&Fenes__ManufWin/Msr-0.28-0.23/instance-out.sql,380791.14,3264.17,39987.38,12897.22,0.0,73887.41,0.0,3811.18,0.0,0.0,0.0,0.0,246943.78,0.0,0.0,0.00,39987.38,3264.17,0.00,59664.59,14222.82
CZ15/MFm&0&rDXHP&New&Fenes__ManufWin/Default/instance-out.sql,379035.67,5913.02,37886.65,12897.22,0.0,73887.41,0.0,1540.45,0.0,0.0,0.0,0.0,246910.93,0.0,0.0,5913.02,37886.65,0.00,0.00,59664.59,14222.82
CZ15/MFm&0&rDXHP&New&Fenes__ManufWin/Msr-0.25-0.40/instance-out.sql,382887.56,5066.8,42471.78,12897.22,0.0,73887.41,0.0,1735.78,0.0,0.0,0.0,0.0,246828.57,0.0,0.0,5066.80,42471.78,0.00,0.00,59664.59,14222.82
CZ15/MFm&0&rDXHP&New&Fenes__ManufWin/Msr-0.28-0.23/instance-out.sql,378656.11,5725.28,37717.41,12897.22,0.0,73887.41,0.0,1532.02,0.0,0.0,0.0,0.0,246896.78,0.0,0.0,5725.28,37717.41,0.00,0.00,59664.59,14222.82
CZ16/MFm&0&rDXGF&New&Fenes__ManufWin/Default/instance-out.sql,375449.06,19896.4,17560.14,12897.22,0.0,73887.41,0.0,2771.87,0.0,0.0,0.0,0.0,248436.02,0.0,0.0,0.00,17560.14,19896.40,0.00,59664.59,14222.82
CZ16/MFm&0&rDXGF&New&Fenes__ManufWin/Msr-0.25-0.40/instance-out.sql,371179.72,17735.85,15764.58,12897.22,0.0,73887.41,0.0,2456.85,0.0,0.0,0.0,0.0,248437.83,0.0,0.0,0.00,15764.58,17735.85,0.00,59664.59,14222.82
CZ16/MFm&0&rDXGF&New&Fenes__ManufWin/Msr-0.28-0.23/instance-out.sql,372479.01,22241.24,12660.96,12897.22,0.0,73887.41,0.0,2119.66,0.0,0.0,0.0,0.0,248672.53,0.0,0.0,0.00,12660.96,22241.24,0.00,59664.59,14222.82
CZ16/MFm&0&rDXHP&New&Fenes__ManufWin/Default/instance-out.sql,414370.92,61480.55,16516.47,12897.22,0.0,73887.41,0.0,1185.36,0.0,0.0,0.0,0.0,248403.9,0.0,0.0,61480.55,16516.47,0.00,0.00,59664.59,14222.82
CZ16/MFm&0&rDXHP&New&Fenes__ManufWin/Msr-0.25-0.40/instance-out.sql,410598.83999999997,59580.29,14778.36,12897.22,0.0,73887.41,0.0,1055.46,0.0,0.0,0.0,0.0,248400.1,0.0,0.0,59580.29,14778.36,0.00,0.00,59664.59,14222.82
CZ16/MFm&0&rDXHP&New&Fenes__ManufWin/Msr-0.28-0.23/instance-out.sql,419411.24,71265.99,11790.7,12897.22,0.0,73887.41,0.0,940.1,0.0,0.0,0.0,0.0,248629.82,0.0,0.0,71265.99,11790.70,0.00,0.00,59664.59,14222.82

File Name,Unmet Heating (Hours),Unmet Cooling (Hours)
CZ01/MFm&0&rDXGF&New&Fenes__ManufWin/Default/instance-out.sql,151.10,63.80
CZ01/MFm&0&rDXGF&New&Fenes__ManufWin/Msr-0.25-0.40/instance-out.sql,105.50,52.50
CZ01/MFm&0&rDXGF&New&Fenes__ManufWin/Msr-0.28-0.23/instance-out.sql,176.10,7.60
CZ01/MFm&0&rDXHP&New&Fenes__ManufWin/Default/instance-out.sql
CZ01/MFm&0&rDXHP&New&Fenes__ManufWin/Msr-0.25-0.40/instance-out.sql
CZ01/MFm&0&rDXHP&New&Fenes__ManufWin/Msr-0.28-0.23/instance-out.sql
CZ02/MFm&0&rDXGF&New&Fenes__ManufWin/Default/instance-out.sql,1533.20,73.50
CZ02/MFm&0&rDXGF&New&Fenes__ManufWin/Msr-0.25-0.40/instance-out.sql,1130.50,117.00
CZ02/MFm&0&rDXGF&New&Fenes__ManufWin/Msr-0.28-0.23/instance-out.sql,1444.30,80.90
CZ02/MFm&0&rDXHP&New&Fenes__ManufWin/Default/instance-out.sql,732.60,140.50
CZ02/MFm&0&rDXHP&New&Fenes__ManufWin/Msr-0.25-0.40/instance-out.sql,495.60,199.20
CZ02/MFm&0&rDXHP&New&Fenes__ManufWin/Msr-0.28-0.23/instance-out.sql,677.90,145.90
CZ03/MFm&0&rDXGF&New&Fenes__ManufWin/Default/instance-out.sql,191.60,194.50
CZ03/MFm&0&rDXGF&New&Fenes__ManufWin/Msr-0.25-0.40/instance-out.sql,143.30,206.90
CZ03/MFm&0&rDXGF&New&Fenes__ManufWin/Msr-0.28-0.23/instance-out.sql,179.80,178.60
CZ03/MFm&0&rDXHP&New&Fenes__ManufWin/Default/instance-out.sql,217.10,321.00
CZ03/MFm&0&rDXHP&New&Fenes__ManufWin/Msr-0.25-0.40/instance-out.sql,146.00,333.70
CZ03/MFm&0&rDXHP&New&Fenes__ManufWin/Msr-0.28-0.23/instance-out.sql,206.30,282.60
CZ04/MFm&0&rDXGF&New&Fenes__ManufWin/Default/instance-out.sql,1602.90,123.00
CZ04/MFm&0&rDXGF&New&Fenes__ManufWin/Msr-0.25-0.40/instance-out.sql,1158.10,193.80
CZ04/MFm&0&rDXGF&New&Fenes__ManufWin/Msr-0.28-0.23/instance-out.sql,1497.10,129.30
CZ04/MFm&0&rDXHP&New&Fenes__ManufWin/Default/instance-out.sql,716.60,261.60
CZ04/MFm&0&rDXHP&New&Fenes__ManufWin/Msr-0.25-0.40/instance-out.sql,483.20,362.80
CZ04/MFm&0&rDXHP&New&Fenes__ManufWin/Msr-0.28-0.23/instance-out.sql,659.80,273.20
CZ05/MFm&0&rDXGF&New&Fenes__ManufWin/Default/instance-out.sql,197.00,157.60
CZ05/MFm&0&rDXGF&New&Fenes__ManufWin/Msr-0.25-0.40/instance-out.sql,121.40,142.80
CZ05/MFm&0&rDXGF&New&Fenes__ManufWin/Msr-0.28-0.23/instance-out.sql,232.00,82.10
CZ05/MFm&0&rDXHP&New&Fenes__ManufWin/Default/instance-out.sql,230.70,299.30
CZ05/MFm&0&rDXHP&New&Fenes__ManufWin/Msr-0.25-0.40/instance-out.sql,138.30,279.10
CZ05/MFm&0&rDXHP&New&Fenes__ManufWin/Msr-0.28-0.23/instance-out.sql,223.60,156.30
CZ06/MFm&0&rDXGF&New&Fenes__ManufWin/Default/instance-out.sql,67.70,194.50
CZ06/MFm&0&rDXGF&New&Fenes__ManufWin/Msr-0.25-0.40/instance-out.sql,12.20,377.30
CZ06/MFm&0&rDXGF&New&Fenes__ManufWin/Msr-0.28-0.23/instance-out.sql,33.60,254.10
CZ06/MFm&0&rDXHP&New&Fenes__ManufWin/Default/instance-out.sql,73.00,299.10
CZ06/MFm&0&rDXHP&New&Fenes__ManufWin/Msr-0.25-0.40/instance-out.sql,12.70,516.90
CZ06/MFm&0&rDXHP&New&Fenes__ManufWin/Msr-0.28-0.23/instance-out.sql,34.40,370.60
CZ07/MFm&0&rDXGF&New&Fenes__ManufWin/Default/instance-out.sql,96.80,223.70
CZ07/MFm&0&rDXGF&New&Fenes__ManufWin/Msr-0.25-0.40/instance-out.sql,24.10,386.30
CZ07/MFm&0&rDXGF&New&Fenes__ManufWin/Msr-0.28-0.23/instance-out.sql,46.00,262.20
CZ07/MFm&0&rDXHP&New&Fenes__ManufWin/Default/instance-out.sql,97.50,299.30
CZ07/MFm&0&rDXHP&New&Fenes__ManufWin/Msr-0.25-0.40/instance-out.sql,25.60,498.90
CZ07/MFm&0&rDXHP&New&Fenes__ManufWin/Msr-0.28-0.23/instance-out.sql,47.50,346.80
CZ08/MFm&0&rDXGF&New&Fenes__ManufWin/Default/instance-out.sql,161.30,275.10
CZ08/MFm&0&rDXGF&New&Fenes__ManufWin/Msr-0.25-0.40/instance-out.sql,76.30,488.30
CZ08/MFm&0&rDXGF&New&Fenes__ManufWin/Msr-0.28-0.23/instance-out.sql,137.90,304.00
CZ08/MFm&0&rDXHP&New&Fenes__ManufWin/Default/instance-out.sql,163.50,496.50
CZ08/MFm&0&rDXHP&New&Fenes__ManufWin/Msr-0.25-0.40/instance-out.sql,79.40,769.70
CZ08/MFm&0&rDXHP&New&Fenes__ManufWin/Msr-0.28-0.23/instance-out.sql,138.80,531.90
CZ09/MFm&0&rDXGF&New&Fenes__ManufWin/Default/instance-out.sql,209.90,284.80
CZ09/MFm&0&rDXGF&New&Fenes__ManufWin/Msr-0.25-0.40/instance-out.sql,108.00,519.40
CZ09/MFm&0&rDXGF&New&Fenes__ManufWin/Msr-0.28-0.23/instance-out.sql,177.60,305.20
CZ09/MFm&0&rDXHP&New&Fenes__ManufWin/Default/instance-out.sql,228.30,563.90
CZ09/MFm&0&rDXHP&New&Fenes__ManufWin/Msr-0.25-0.40/instance-out.sql,120.20,860.80
CZ09/MFm&0&rDXHP&New&Fenes__ManufWin/Msr-0.28-0.23/instance-out.sql,196.20,603.20
CZ10/MFm&0&rDXGF&New&Fenes__ManufWin/Default/instance-out.sql,278.90,463.10
CZ10/MFm&0&rDXGF&New&Fenes__ManufWin/Msr-0.25-0.40/instance-out.sql,149.50,650.70
CZ10/MFm&0&rDXGF&New&Fenes__ManufWin/Msr-0.28-0.23/instance-out.sql,239.60,484.10
CZ10/MFm&0&rDXHP&New&Fenes__ManufWin/Default/instance-out.sql,275.70,920.20
CZ10/MFm&0&rDXHP&New&Fenes__ManufWin/Msr-0.25-0.40/instance-out.sql,150.70,1113.50
CZ10/MFm&0&rDXHP&New&Fenes__ManufWin/Msr-0.28-0.23/instance-out.sql,239.20,955.40
CZ11/MFm&0&rDXGF&New&Fenes__ManufWin/Default/instance-out.sql,1162.40,779.60
CZ11/MFm&0&rDXGF&New&Fenes__ManufWin/Msr-0.25-0.40/instance-out.sql,918.70,987.70
CZ11/MFm&0&rDXGF&New&Fenes__ManufWin/Msr-0.28-0.23/instance-out.sql,1104.30,799.80
CZ11/MFm&0&rDXHP&New&Fenes__ManufWin/Default/instance-out.sql,503.50,1230.40
CZ11/MFm&0&rDXHP&New&Fenes__ManufWin/Msr-0.25-0.40/instance-out.sql,359.70,1455.50
CZ11/MFm&0&rDXHP&New&Fenes__ManufWin/Msr-0.28-0.23/instance-out.sql,464.60,1259.90
CZ12/MFm&0&rDXGF&New&Fenes__ManufWin/Default/instance-out.sql,296.80,220.90
CZ12/MFm&0&rDXGF&New&Fenes__ManufWin/Msr-0.25-0.40/instance-out.sql,218.50,301.10
CZ12/MFm&0&rDXGF&New&Fenes__ManufWin/Msr-0.28-0.23/instance-out.sql,271.00,238.80
CZ12/MFm&0&rDXHP&New&Fenes__ManufWin/Default/instance-out.sql,288.30,502.90
CZ12/MFm&0&rDXHP&New&Fenes__ManufWin/Msr-0.25-0.40/instance-out.sql,217.10,582.30
CZ12/MFm&0&rDXHP&New&Fenes__ManufWin/Msr-0.28-0.23/instance-out.sql,263.50,534.10
CZ13/MFm&0&rDXGF&New&Fenes__ManufWin/Default/instance-out.sql,247.50,814.50
CZ13/MFm&0&rDXGF&New&Fenes__ManufWin/Msr-0.25-0.40/instance-out.sql,149.70,1078.40
CZ13/MFm&0&rDXGF&New&Fenes__ManufWin/Msr-0.28-0.23/instance-out.sql,218.30,837.00
CZ13/MFm&0&rDXHP&New&Fenes__ManufWin/Default/instance-out.sql,246.90,1204.80
CZ13/MFm&0&rDXHP&New&Fenes__ManufWin/Msr-0.25-0.40/instance-out.sql,151.90,1459.50
CZ13/MFm&0&rDXHP&New&Fenes__ManufWin/Msr-0.28-0.23/instance-out.sql,215.10,1236.10
CZ14/MFm&0&rDXGF&New&Fenes__ManufWin/Default/instance-out.sql,414.70,858.20
CZ14/MFm&0&rDXGF&New&Fenes__ManufWin/Msr-0.25-0.40/instance-out.sql,288.60,1002.40
CZ14/MFm&0&rDXGF&New&Fenes__ManufWin/Msr-0.28-0.23/instance-out.sql,383.50,870.10
CZ14/MFm&0&rDXHP&New&Fenes__ManufWin/Default/instance-out.sql,395.70,1387.60
CZ14/MFm&0&rDXHP&New&Fenes__ManufWin/Msr-0.25-0.40/instance-out.sql,245.40,1516.10
CZ14/MFm&0&rDXHP&New&Fenes__ManufWin/Msr-0.28-0.23/instance-out.sql,352.10,1423.10
CZ15/MFm&0&rDXGF&New&Fenes__ManufWin/Default/instance-out.sql,92.90,1370.70
CZ15/MFm&0&rDXGF&New&Fenes__ManufWin/Msr-0.25-0.40/instance-out.sql,40.70,1640.00
CZ15/MFm&0&rDXGF&New&Fenes__ManufWin/Msr-0.28-0.23/instance-out.sql,73.60,1379.00
CZ15/MFm&0&rDXHP&New&Fenes__ManufWin/Default/instance-out.sql,98.50,2066.70
CZ15/MFm&0&rDXHP&New&Fenes__ManufWin/Msr-0.25-0.40/instance-out.sql,42.90,2391.50
CZ15/MFm&0&rDXHP&New&Fenes__ManufWin/Msr-0.28-0.23/instance-out.sql,79.50,2085.50
CZ16/MFm&0&rDXGF&New&Fenes__ManufWin/Default/instance-out.sql,541.80,826.10
CZ16/MFm&0&rDXGF&New&Fenes__ManufWin/Msr-0.25-0.40/instance-out.sql,413.70,830.50
CZ16/MFm&0&rDXGF&New&Fenes__ManufWin/Msr-0.28-0.23/instance-out.sql,611.90,702.20
CZ16/MFm&0&rDXHP&New&Fenes__ManufWin/Default/instance-out.sql,530.10,1243.50
CZ16/MFm&0&rDXHP&New&Fenes__ManufWin/Msr-0.25-0.40/instance-out.sql,389.50,1309.70
CZ16/MFm&0&rDXHP&New&Fenes__ManufWin/Msr-0.28-0.23/instance-out.sql,561.30,1169.30

