File Name,Net Site EUI (kWh/m2),Net Site Energy (kWh),Net Source EUI (kWh/m2),Net Source Energy (kWh)
CZ01/Htl&0&cAVVG&Ex&Chlr_equip/AirCldScrewChlr-gte150tons-Ex-9.7EER-16.1IPLV/instance-out.sql,39.71,505842.69,107.45,1368728.53
CZ01/Htl&0&cAVVG&Ex&Chlr_equip/AirCldScrewChlr-gte150tons-Ex-10.4EER-18.0IPLV/instance-out.sql,39.65,505027.28,107.23,1366005.05
CZ01/Htl&0&cAVVG&Ex&Chlr_equip/AirCldScrewChlr-gte150tons-Ex-10.4EER-19.3IPLV/instance-out.sql,39.63,504852.17,107.19,1365420.19
CZ02/Htl&0&cAVVG&Ex&Chlr_equip/AirCldScrewChlr-gte150tons-Ex-9.7EER-16.1IPLV/instance-out.sql,45.33,577389.36,128.12,1632056.25
CZ02/Htl&0&cAVVG&Ex&Chlr_equip/AirCldScrewChlr-gte150tons-Ex-10.4EER-18.0IPLV/instance-out.sql,44.46,566417.47,125.24,1595410.12
CZ02/Htl&0&cAVVG&Ex&Chlr_equip/AirCldScrewChlr-gte150tons-Ex-10.4EER-19.3IPLV/instance-out.sql,44.30,564286.93,124.68,1588294.13
CZ03/Htl&0&cAVVG&Ex&Chlr_equip/AirCldScrewChlr-gte150tons-Ex-9.7EER-16.1IPLV/instance-out.sql,38.80,494199.16,114.91,1463822.42
CZ03/Htl&0&cAVVG&Ex&Chlr_equip/AirCldScrewChlr-gte150tons-Ex-10.4EER-18.0IPLV/instance-out.sql,38.25,487187.58,113.07,1440403.73
CZ03/Htl&0&cAVVG&Ex&Chlr_equip/AirCldScrewChlr-gte150tons-Ex-10.4EER-19.3IPLV/instance-out.sql,38.13,485737.26,112.69,1435559.67
CZ04/Htl&0&cAVVG&Ex&Chlr_equip/AirCldScrewChlr-gte150tons-Ex-9.7EER-16.1IPLV/instance-out.sql,44.57,567708.60,130.98,1668470.88
CZ04/Htl&0&cAVVG&Ex&Chlr_equip/AirCldScrewChlr-gte150tons-Ex-10.4EER-18.0IPLV/instance-out.sql,43.58,555102.24,127.67,1626365.64
CZ04/Htl&0&cAVVG&Ex&Chlr_equip/AirCldScrewChlr-gte150tons-Ex-10.4EER-19.3IPLV/instance-out.sql,43.39,552676.46,127.04,1618263.52
CZ05/Htl&0&cAVVG&Ex&Chlr_equip/AirCldScrewChlr-gte150tons-Ex-9.7EER-16.1IPLV/instance-out.sql,39.28,500371.56,117.39,1495415.81
CZ05/Htl&0&cAVVG&Ex&Chlr_equip/AirCldScrewChlr-gte150tons-Ex-10.4EER-18.0IPLV/instance-out.sql,38.62,492020.54,115.20,1467523.41
CZ05/Htl&0&cAVVG&Ex&Chlr_equip/AirCldScrewChlr-gte150tons-Ex-10.4EER-19.3IPLV/instance-out.sql,38.49,490310.10,114.75,1461810.53
CZ06/Htl&0&cAVVG&Ex&Chlr_equip/AirCldScrewChlr-gte150tons-Ex-9.7EER-16.1IPLV/instance-out.sql,43.59,555230.21,133.17,1696380.07
CZ06/Htl&0&cAVVG&Ex&Chlr_equip/AirCldScrewChlr-gte150tons-Ex-10.4EER-18.0IPLV/instance-out.sql,42.35,539476.36,129.04,1643762.23
CZ06/Htl&0&cAVVG&Ex&Chlr_equip/AirCldScrewChlr-gte150tons-Ex-10.4EER-19.3IPLV/instance-out.sql,42.10,536329.10,128.21,1633250.37
CZ07/Htl&0&cAVVG&Ex&Chlr_equip/AirCldScrewChlr-gte150tons-Ex-9.7EER-16.1IPLV/instance-out.sql,47.52,605336.84,141.76,1805763.30
CZ07/Htl&0&cAVVG&Ex&Chlr_equip/AirCldScrewChlr-gte150tons-Ex-10.4EER-18.0IPLV/instance-out.sql,46.09,587120.93,136.98,1744922.18
CZ07/Htl&0&cAVVG&Ex&Chlr_equip/AirCldScrewChlr-gte150tons-Ex-10.4EER-19.3IPLV/instance-out.sql,45.81,583597.41,136.06,1733153.62
CZ08/Htl&0&cAVVG&Ex&Chlr_equip/AirCldScrewChlr-gte150tons-Ex-9.7EER-16.1IPLV/instance-out.sql,48.84,622137.44,145.73,1856363.11
CZ08/Htl&0&cAVVG&Ex&Chlr_equip/AirCldScrewChlr-gte150tons-Ex-10.4EER-18.0IPLV/instance-out.sql,47.35,603162.82,140.75,1792987.88
CZ08/Htl&0&cAVVG&Ex&Chlr_equip/AirCldScrewChlr-gte150tons-Ex-10.4EER-19.3IPLV/instance-out.sql,47.06,599529.91,139.80,1780853.94
CZ09/Htl&0&cAVVG&Ex&Chlr_equip/AirCldScrewChlr-gte150tons-Ex-9.7EER-16.1IPLV/instance-out.sql,51.73,658924.65,153.82,1959398.96
CZ09/Htl&0&cAVVG&Ex&Chlr_equip/AirCldScrewChlr-gte150tons-Ex-10.4EER-18.0IPLV/instance-out.sql,50.02,637241.85,148.13,1886978.43
CZ09/Htl&0&cAVVG&Ex&Chlr_equip/AirCldScrewChlr-gte150tons-Ex-10.4EER-19.3IPLV/instance-out.sql,49.70,633144.27,147.06,1873292.51
CZ10/Htl&0&cAVVG&Ex&Chlr_equip/AirCldScrewChlr-gte150tons-Ex-9.7EER-16.1IPLV/instance-out.sql,55.35,705039.19,161.71,2059943.21
CZ10/Htl&0&cAVVG&Ex&Chlr_equip/AirCldScrewChlr-gte150tons-Ex-10.4EER-18.0IPLV/instance-out.sql,53.50,681550.41,155.55,1981490.68
CZ10/Htl&0&cAVVG&Ex&Chlr_equip/AirCldScrewChlr-gte150tons-Ex-10.4EER-19.3IPLV/instance-out.sql,53.17,677260.10,154.43,1967161.05
CZ11/Htl&0&cAVVG&Ex&Chlr_equip/AirCldScrewChlr-gte150tons-Ex-9.7EER-16.1IPLV/instance-out.sql,59.72,760754.66,167.42,2132693.41
CZ11/Htl&0&cAVVG&Ex&Chlr_equip/AirCldScrewChlr-gte150tons-Ex-10.4EER-18.0IPLV/instance-out.sql,57.92,737755.44,161.39,2055876.01
CZ11/Htl&0&cAVVG&Ex&Chlr_equip/AirCldScrewChlr-gte150tons-Ex-10.4EER-19.3IPLV/instance-out.sql,57.59,733657.66,160.32,2042189.45
CZ12/Htl&0&cAVVG&Ex&Chlr_equip/AirCldScrewChlr-gte150tons-Ex-9.7EER-16.1IPLV/instance-out.sql,53.95,687289.06,152.79,1946311.99
CZ12/Htl&0&cAVVG&Ex&Chlr_equip/AirCldScrewChlr-gte150tons-Ex-10.4EER-18.0IPLV/instance-out.sql,52.42,667702.72,147.65,1880893.61
CZ12/Htl&0&cAVVG&Ex&Chlr_equip/AirCldScrewChlr-gte150tons-Ex-10.4EER-19.3IPLV/instance-out.sql,52.13,664107.65,146.71,1868886.08
CZ13/Htl&0&cAVVG&Ex&Chlr_equip/AirCldScrewChlr-gte150tons-Ex-9.7EER-16.1IPLV/instance-out.sql,59.53,758300.76,170.93,2177361.34
CZ13/Htl&0&cAVVG&Ex&Chlr_equip/AirCldScrewChlr-gte150tons-Ex-10.4EER-18.0IPLV/instance-out.sql,57.57,733352.08,164.39,2094032.74
CZ13/Htl&0&cAVVG&Ex&Chlr_equip/AirCldScrewChlr-gte150tons-Ex-10.4EER-19.3IPLV/instance-out.sql,57.22,728879.64,163.21,2079094.81
CZ14/Htl&0&cAVVG&Ex&Chlr_equip/AirCldScrewChlr-gte150tons-Ex-9.7EER-16.1IPLV/instance-out.sql,62.82,800250.66,184.43,2349404.26
CZ14/Htl&0&cAVVG&Ex&Chlr_equip/AirCldScrewChlr-gte150tons-Ex-10.4EER-18.0IPLV/instance-out.sql,60.48,770403.28,176.61,2249714.00
CZ14/Htl&0&cAVVG&Ex&Chlr_equip/AirCldScrewChlr-gte150tons-Ex-10.4EER-19.3IPLV/instance-out.sql,60.07,765188.74,175.24,2232297.46
CZ15/Htl&0&cAVVG&Ex&Chlr_equip/AirCldScrewChlr-gte150tons-Ex-9.7EER-16.1IPLV/instance-out.sql,71.63,912465.98,211.98,2700265.44
CZ15/Htl&0&cAVVG&Ex&Chlr_equip/AirCldScrewChlr-gte150tons-Ex-10.4EER-18.0IPLV/instance-out.sql,68.34,870601.69,201.00,2560438.71
CZ15/Htl&0&cAVVG&Ex&Chlr_equip/AirCldScrewChlr-gte150tons-Ex-10.4EER-19.3IPLV/instance-out.sql,67.77,863310.24,199.09,2536085.25
CZ16/Htl&0&cAVVG&Ex&Chlr_equip/AirCldScrewChlr-gte150tons-Ex-9.7EER-16.1IPLV/instance-out.sql,60.73,773641.98,167.79,2137388.17
CZ16/Htl&0&cAVVG&Ex&Chlr_equip/AirCldScrewChlr-gte150tons-Ex-10.4EER-18.0IPLV/instance-out.sql,58.99,751485.99,161.98,2063387.18
CZ16/Htl&0&cAVVG&Ex&Chlr_equip/AirCldScrewChlr-gte150tons-Ex-10.4EER-19.3IPLV/instance-out.sql,58.67,747427.03,160.92,2049830.24

File Name,Total (kWh),Heating (kWh),Cooling (kWh),Interior Lighting (kWh),Exterior Lighting (kWh),Interior Equipment (kWh),Exterior Equipment (kWh),Fans (kWh),Pumps (kWh),Heat Rejection (kWh),Humidification (kWh),Heat Recovery (kWh),Water Systems (kWh),Refrigeration (kWh),Generators (kWh),Heating Elec (kWh),Cooling Elec (kWh),Heating NG (kWh),Cooling NG (kWh),Interior Equipment Elec (kWh),Interior Equipment NG (kWh)
CZ01/Htl&0&cAVVG&Ex&Chlr_equip/AirCldScrewChlr-gte150tons-Ex-9.7EER-16.1IPLV/instance-out.sql,505842.69999999995,101055.79,20324.88,125722.95,0.0,205621.82,0.0,39867.3,396.67,0.0,0.0,0.0,12853.29,0.0,0.0,0.00,20324.88,101055.79,0.00,179632.92,25988.90
CZ01/Htl&0&cAVVG&Ex&Chlr_equip/AirCldScrewChlr-gte150tons-Ex-10.4EER-18.0IPLV/instance-out.sql,505027.28,101055.79,19509.47,125722.95,0.0,205621.82,0.0,39867.3,396.67,0.0,0.0,0.0,12853.29,0.0,0.0,0.00,19509.47,101055.79,0.00,179632.92,25988.90
CZ01/Htl&0&cAVVG&Ex&Chlr_equip/AirCldScrewChlr-gte150tons-Ex-10.4EER-19.3IPLV/instance-out.sql,504852.17000000004,101055.79,19334.36,125722.95,0.0,205621.82,0.0,39867.3,396.67,0.0,0.0,0.0,12853.29,0.0,0.0,0.00,19334.36,101055.79,0.00,179632.92,25988.90
CZ02/Htl&0&cAVVG&Ex&Chlr_equip/AirCldScrewChlr-gte150tons-Ex-9.7EER-16.1IPLV/instance-out.sql,577389.37,91361.12,84599.32,125722.95,0.0,205621.82,0.0,55781.96,2378.68,0.0,0.0,0.0,11923.52,0.0,0.0,0.00,84599.32,91361.12,0.00,179632.92,25988.90
CZ02/Htl&0&cAVVG&Ex&Chlr_equip/AirCldScrewChlr-gte150tons-Ex-10.4EER-18.0IPLV/instance-out.sql,566417.47,91361.12,73627.42,125722.95,0.0,205621.82,0.0,55781.96,2378.68,0.0,0.0,0.0,11923.52,0.0,0.0,0.00,73627.42,91361.12,0.00,179632.92,25988.90
CZ02/Htl&0&cAVVG&Ex&Chlr_equip/AirCldScrewChlr-gte150tons-Ex-10.4EER-19.3IPLV/instance-out.sql,564286.93,91361.12,71496.88,125722.95,0.0,205621.82,0.0,55781.96,2378.68,0.0,0.0,0.0,11923.52,0.0,0.0,0.00,71496.88,91361.12,0.00,179632.92,25988.90
CZ03/Htl&0&cAVVG&Ex&Chlr_equip/AirCldScrewChlr-gte150tons-Ex-9.7EER-16.1IPLV/instance-out.sql,494199.16,43609.35,62083.21,125722.95,0.0,205621.82,0.0,43206.73,2086.81,0.0,0.0,0.0,11868.29,0.0,0.0,0.00,62083.21,43609.35,0.00,179632.92,25988.90
CZ03/Htl&0&cAVVG&Ex&Chlr_equip/AirCldScrewChlr-gte150tons-Ex-10.4EER-18.0IPLV/instance-out.sql,487187.57999999996,43609.35,55071.63,125722.95,0.0,205621.82,0.0,43206.73,2086.81,0.0,0.0,0.0,11868.29,0.0,0.0,0.00,55071.63,43609.35,0.00,179632.92,25988.90
CZ03/Htl&0&cAVVG&Ex&Chlr_equip/AirCldScrewChlr-gte150tons-Ex-10.4EER-19.3IPLV/instance-out.sql,485737.25999999995,43609.35,53621.31,125722.95,0.0,205621.82,0.0,43206.73,2086.81,0.0,0.0,0.0,11868.29,0.0,0.0,0.00,53621.31,43609.35,0.00,179632.92,25988.90
CZ04/Htl&0&cAVVG&Ex&Chlr_equip/AirCldScrewChlr-gte150tons-Ex-9.7EER-16.1IPLV/instance-out.sql,567708.6,61832.95,102301.08,125722.95,0.0,205621.82,0.0,58123.35,2636.61,0.0,0.0,0.0,11469.84,0.0,0.0,0.00,102301.08,61832.95,0.00,179632.92,25988.90
CZ04/Htl&0&cAVVG&Ex&Chlr_equip/AirCldScrewChlr-gte150tons-Ex-10.4EER-18.0IPLV/instance-out.sql,555102.24,61832.95,89694.72,125722.95,0.0,205621.82,0.0,58123.35,2636.61,0.0,0.0,0.0,11469.84,0.0,0.0,0.00,89694.72,61832.95,0.00,179632.92,25988.90
CZ04/Htl&0&cAVVG&Ex&Chlr_equip/AirCldScrewChlr-gte150tons-Ex-10.4EER-19.3IPLV/instance-out.sql,552676.46,61832.95,87268.93,125722.95,0.0,205621.82,0.0,58123.35,2636.61,0.0,0.0,0.0,11469.84,0.0,0.0,0.00,87268.93,61832.95,0.00,179632.92,25988.90
CZ05/Htl&0&cAVVG&Ex&Chlr_equip/AirCldScrewChlr-gte150tons-Ex-9.7EER-16.1IPLV/instance-out.sql,500371.55000000005,38798.1,70611.85,125722.95,0.0,205621.82,0.0,45547.3,2177.43,0.0,0.0,0.0,11892.11,0.0,0.0,0.00,70611.85,38798.10,0.00,179632.92,25988.90
CZ05/Htl&0&cAVVG&Ex&Chlr_equip/AirCldScrewChlr-gte150tons-Ex-10.4EER-18.0IPLV/instance-out.sql,492020.53,38798.1,62260.83,125722.95,0.0,205621.82,0.0,45547.3,2177.43,0.0,0.0,0.0,11892.11,0.0,0.0,0.00,62260.83,38798.10,0.00,179632.92,25988.90
CZ05/Htl&0&cAVVG&Ex&Chlr_equip/AirCldScrewChlr-gte150tons-Ex-10.4EER-19.3IPLV/instance-out.sql,490310.08999999997,38798.1,60550.39,125722.95,0.0,205621.82,0.0,45547.3,2177.43,0.0,0.0,0.0,11892.11,0.0,0.0,0.00,60550.39,38798.10,0.00,179632.92,25988.90
CZ06/Htl&0&cAVVG&Ex&Chlr_equip/AirCldScrewChlr-gte150tons-Ex-9.7EER-16.1IPLV/instance-out.sql,555230.21,31936.59,118212.98,125722.95,0.0,205621.82,0.0,58923.0,3794.26,0.0,0.0,0.0,11018.61,0.0,0.0,0.00,118212.98,31936.59,0.00,179632.92,25988.90
CZ06/Htl&0&cAVVG&Ex&Chlr_equip/AirCldScrewChlr-gte150tons-Ex-10.4EER-18.0IPLV/instance-out.sql,539476.36,31936.59,102459.14,125722.95,0.0,205621.82,0.0,58923.0,3794.26,0.0,0.0,0.0,11018.61,0.0,0.0,0.00,102459.14,31936.59,0.00,179632.92,25988.90
CZ06/Htl&0&cAVVG&Ex&Chlr_equip/AirCldScrewChlr-gte150tons-Ex-10.4EER-19.3IPLV/instance-out.sql,536329.1,31936.59,99311.87,125722.95,0.0,205621.82,0.0,58923.0,3794.26,0.0,0.0,0.0,11018.61,0.0,0.0,0.00,99311.87,31936.59,0.00,179632.92,25988.90
CZ07/Htl&0&cAVVG&Ex&Chlr_equip/AirCldScrewChlr-gte150tons-Ex-9.7EER-16.1IPLV/instance-out.sql,605336.84,57375.87,132541.56,125722.95,0.0,205621.82,0.0,68953.82,4258.92,0.0,0.0,0.0,10861.89,0.0,0.0,0.00,132541.56,57375.87,0.00,179632.92,25988.90
CZ07/Htl&0&cAVVG&Ex&Chlr_equip/AirCldScrewChlr-gte150tons-Ex-10.4EER-18.0IPLV/instance-out.sql,587120.93,57375.87,114325.65,125722.95,0.0,205621.82,0.0,68953.82,4258.92,0.0,0.0,0.0,10861.89,0.0,0.0,0.00,114325.65,57375.87,0.00,179632.92,25988.90
CZ07/Htl&0&cAVVG&Ex&Chlr_equip/AirCldScrewChlr-gte150tons-Ex-10.4EER-19.3IPLV/instance-out.sql,583597.41,57375.87,110802.13,125722.95,0.0,205621.82,0.0,68953.82,4258.92,0.0,0.0,0.0,10861.89,0.0,0.0,0.00,110802.13,57375.87,0.00,179632.92,25988.90
CZ08/Htl&0&cAVVG&Ex&Chlr_equip/AirCldScrewChlr-gte150tons-Ex-9.7EER-16.1IPLV/instance-out.sql,622137.44,59809.97,145149.73,125722.95,0.0,205621.82,0.0,71282.07,3718.31,0.0,0.0,0.0,10832.6,0.0,0.0,0.00,145149.73,59809.97,0.00,179632.92,25988.90
CZ08/Htl&0&cAVVG&Ex&Chlr_equip/AirCldScrewChlr-gte150tons-Ex-10.4EER-18.0IPLV/instance-out.sql,603162.82,59809.97,126175.11,125722.95,0.0,205621.82,0.0,71282.07,3718.31,0.0,0.0,0.0,10832.6,0.0,0.0,0.00,126175.11,59809.97,0.00,179632.92,25988.90
CZ08/Htl&0&cAVVG&Ex&Chlr_equip/AirCldScrewChlr-gte150tons-Ex-10.4EER-19.3IPLV/instance-out.sql,599529.9,59809.97,122542.19,125722.95,0.0,205621.82,0.0,71282.07,3718.31,0.0,0.0,0.0,10832.6,0.0,0.0,0.00,122542.19,59809.97,0.00,179632.92,25988.90
CZ09/Htl&0&cAVVG&Ex&Chlr_equip/AirCldScrewChlr-gte150tons-Ex-9.7EER-16.1IPLV/instance-out.sql,658924.64,68487.55,165776.65,125722.95,0.0,205621.82,0.0,77982.03,4529.08,0.0,0.0,0.0,10804.56,0.0,0.0,0.00,165776.65,68487.55,0.00,179632.92,25988.90
CZ09/Htl&0&cAVVG&Ex&Chlr_equip/AirCldScrewChlr-gte150tons-Ex-10.4EER-18.0IPLV/instance-out.sql,637241.85,68487.55,144093.86,125722.95,0.0,205621.82,0.0,77982.03,4529.08,0.0,0.0,0.0,10804.56,0.0,0.0,0.00,144093.86,68487.55,0.00,179632.92,25988.90
CZ09/Htl&0&cAVVG&Ex&Chlr_equip/AirCldScrewChlr-gte150tons-Ex-10.4EER-19.3IPLV/instance-out.sql,633144.27,68487.55,139996.28,125722.95,0.0,205621.82,0.0,77982.03,4529.08,0.0,0.0,0.0,10804.56,0.0,0.0,0.00,139996.28,68487.55,0.00,179632.92,25988.90
CZ10/Htl&0&cAVVG&Ex&Chlr_equip/AirCldScrewChlr-gte150tons-Ex-9.7EER-16.1IPLV/instance-out.sql,705039.19,92033.57,183658.65,125722.95,0.0,205621.82,0.0,83600.07,3821.16,0.0,0.0,0.0,10580.97,0.0,0.0,0.00,183658.65,92033.57,0.00,179632.92,25988.90
CZ10/Htl&0&cAVVG&Ex&Chlr_equip/AirCldScrewChlr-gte150tons-Ex-10.4EER-18.0IPLV/instance-out.sql,681550.4099999999,92033.57,160169.87,125722.95,0.0,205621.82,0.0,83600.07,3821.16,0.0,0.0,0.0,10580.97,0.0,0.0,0.00,160169.87,92033.57,0.00,179632.92,25988.90
CZ10/Htl&0&cAVVG&Ex&Chlr_equip/AirCldScrewChlr-gte150tons-Ex-10.4EER-19.3IPLV/instance-out.sql,677260.1000000001,92033.57,155879.56,125722.95,0.0,205621.82,0.0,83600.07,3821.16,0.0,0.0,0.0,10580.97,0.0,0.0,0.00,155879.56,92033.57,0.00,179632.92,25988.90
CZ11/Htl&0&cAVVG&Ex&Chlr_equip/AirCldScrewChlr-gte150tons-Ex-9.7EER-16.1IPLV/instance-out.sql,760754.66,141200.51,188634.95,125722.95,0.0,205621.82,0.0,85250.98,3480.96,0.0,0.0,0.0,10842.49,0.0,0.0,0.00,188634.95,141200.51,0.00,179632.92,25988.90
CZ11/Htl&0&cAVVG&Ex&Chlr_equip/AirCldScrewChlr-gte150tons-Ex-10.4EER-18.0IPLV/instance-out.sql,737755.43,141200.51,165635.73,125722.95,0.0,205621.82,0.0,85250.98,3480.96,0.0,0.0,0.0,10842.49,0.0,0.0,0.00,165635.73,141200.51,0.00,179632.92,25988.90
CZ11/Htl&0&cAVVG&Ex&Chlr_equip/AirCldScrewChlr-gte150tons-Ex-10.4EER-19.3IPLV/instance-out.sql,733657.66,141200.51,161537.95,125722.95,0.0,205621.82,0.0,85250.98,3480.96,0.0,0.0,0.0,10842.49,0.0,0.0,0.00,161537.95,141200.51,0.00,179632.92,25988.90
CZ12/Htl&0&cAVVG&Ex&Chlr_equip/AirCldScrewChlr-gte150tons-Ex-9.7EER-16.1IPLV/instance-out.sql,687289.0700000001,115217.86,153368.23,125722.95,0.0,205621.82,0.0,72997.37,3263.41,0.0,0.0,0.0,11097.42,0.0,0.0,0.00,153368.23,115217.86,0.00,179632.92,25988.90
CZ12/Htl&0&cAVVG&Ex&Chlr_equip/AirCldScrewChlr-gte150tons-Ex-10.4EER-18.0IPLV/instance-out.sql,667702.73,115217.86,133781.89,125722.95,0.0,205621.82,0.0,72997.37,3263.41,0.0,0.0,0.0,11097.42,0.0,0.0,0.00,133781.89,115217.86,0.00,179632.92,25988.90
CZ12/Htl&0&cAVVG&Ex&Chlr_equip/AirCldScrewChlr-gte150tons-Ex-10.4EER-19.3IPLV/instance-out.sql,664107.6599999999,115217.86,130186.82,125722.95,0.0,205621.82,0.0,72997.37,3263.41,0.0,0.0,0.0,11097.42,0.0,0.0,0.00,130186.82,115217.86,0.00,179632.92,25988.90
CZ13/Htl&0&cAVVG&Ex&Chlr_equip/AirCldScrewChlr-gte150tons-Ex-9.7EER-16.1IPLV/instance-out.sql,758300.76,118445.51,207234.84,125722.95,0.0,205621.82,0.0,86957.18,3775.47,0.0,0.0,0.0,10543.0,0.0,0.0,0.00,207234.84,118445.51,0.00,179632.92,25988.90
CZ13/Htl&0&cAVVG&Ex&Chlr_equip/AirCldScrewChlr-gte150tons-Ex-10.4EER-18.0IPLV/instance-out.sql,733352.0800000001,118445.51,182286.15,125722.95,0.0,205621.82,0.0,86957.18,3775.47,0.0,0.0,0.0,10543.0,0.0,0.0,0.00,182286.15,118445.51,0.00,179632.92,25988.90
CZ13/Htl&0&cAVVG&Ex&Chlr_equip/AirCldScrewChlr-gte150tons-Ex-10.4EER-19.3IPLV/instance-out.sql,728879.64,118445.51,177813.72,125722.95,0.0,205621.82,0.0,86957.18,3775.47,0.0,0.0,0.0,10543.0,0.0,0.0,0.00,177813.72,118445.51,0.00,179632.92,25988.90
CZ14/Htl&0&cAVVG&Ex&Chlr_equip/AirCldScrewChlr-gte150tons-Ex-9.7EER-16.1IPLV/instance-out.sql,800250.6599999999,104969.26,249358.58,125722.95,0.0,205621.82,0.0,99687.62,4796.28,0.0,0.0,0.0,10094.15,0.0,0.0,0.00,249358.58,104969.26,0.00,179632.92,25988.90
CZ14/Htl&0&cAVVG&Ex&Chlr_equip/AirCldScrewChlr-gte150tons-Ex-10.4EER-18.0IPLV/instance-out.sql,770403.28,104969.26,219511.2,125722.95,0.0,205621.82,0.0,99687.62,4796.28,0.0,0.0,0.0,10094.15,0.0,0.0,0.00,219511.20,104969.26,0.00,179632.92,25988.90
CZ14/Htl&0&cAVVG&Ex&Chlr_equip/AirCldScrewChlr-gte150tons-Ex-10.4EER-19.3IPLV/instance-out.sql,765188.75,104969.26,214296.67,125722.95,0.0,205621.82,0.0,99687.62,4796.28,0.0,0.0,0.0,10094.15,0.0,0.0,0.00,214296.67,104969.26,0.00,179632.92,25988.90
CZ15/Htl&0&cAVVG&Ex&Chlr_equip/AirCldScrewChlr-gte150tons-Ex-9.7EER-16.1IPLV/instance-out.sql,912465.98,116500.92,341062.0,125722.95,0.0,205621.82,0.0,109811.41,4744.8,0.0,0.0,0.0,9002.09,0.0,0.0,0.00,341062.00,116500.92,0.00,179632.92,25988.90
CZ15/Htl&0&cAVVG&Ex&Chlr_equip/AirCldScrewChlr-gte150tons-Ex-10.4EER-18.0IPLV/instance-out.sql,870601.7000000001,116500.92,299197.71,125722.95,0.0,205621.82,0.0,109811.41,4744.8,0.0,0.0,0.0,9002.09,0.0,0.0,0.00,299197.71,116500.92,0.00,179632.92,25988.90
CZ15/Htl&0&cAVVG&Ex&Chlr_equip/AirCldScrewChlr-gte150tons-Ex-10.4EER-19.3IPLV/instance-out.sql,863310.24,116500.92,291906.25,125722.95,0.0,205621.82,0.0,109811.41,4744.8,0.0,0.0,0.0,9002.09,0.0,0.0,0.00,291906.25,116500.92,0.00,179632.92,25988.90
CZ16/Htl&0&cAVVG&Ex&Chlr_equip/AirCldScrewChlr-gte150tons-Ex-9.7EER-16.1IPLV/instance-out.sql,773641.98,157060.67,170430.54,125722.95,0.0,205621.82,0.0,99301.39,3797.95,0.0,0.0,0.0,11706.67,0.0,0.0,0.00,170430.54,157060.67,0.00,179632.92,25988.90
CZ16/Htl&0&cAVVG&Ex&Chlr_equip/AirCldScrewChlr-gte150tons-Ex-10.4EER-18.0IPLV/instance-out.sql,751485.99,157060.67,148274.56,125722.95,0.0,205621.82,0.0,99301.39,3797.95,0.0,0.0,0.0,11706.67,0.0,0.0,0.00,148274.56,157060.67,0.00,179632.92,25988.90
CZ16/Htl&0&cAVVG&Ex&Chlr_equip/AirCldScrewChlr-gte150tons-Ex-10.4EER-19.3IPLV/instance-out.sql,747427.03,157060.67,144215.59,125722.95,0.0,205621.82,0.0,99301.39,3797.95,0.0,0.0,0.0,11706.67,0.0,0.0,0.00,144215.59,157060.67,0.00,179632.92,25988.90

File Name,Electricity (kWh),Natural Gas (kWh)
CZ01/Htl&0&cAVVG&Ex&Chlr_equip/AirCldScrewChlr-gte150tons-Ex-9.7EER-16.1IPLV/instance-out.sql,365944.72,139897.98
CZ01/Htl&0&cAVVG&Ex&Chlr_equip/AirCldScrewChlr-gte150tons-Ex-10.4EER-18.0IPLV/instance-out.sql,365129.30,139897.98
CZ01/Htl&0&cAVVG&Ex&Chlr_equip/AirCldScrewChlr-gte150tons-Ex-10.4EER-19.3IPLV/instance-out.sql,364954.19,139897.98
CZ02/Htl&0&cAVVG&Ex&Chlr_equip/AirCldScrewChlr-gte150tons-Ex-9.7EER-16.1IPLV/instance-out.sql,448115.83,129273.54
CZ02/Htl&0&cAVVG&Ex&Chlr_equip/AirCldScrewChlr-gte150tons-Ex-10.4EER-18.0IPLV/instance-out.sql,437143.93,129273.54
CZ02/Htl&0&cAVVG&Ex&Chlr_equip/AirCldScrewChlr-gte150tons-Ex-10.4EER-19.3IPLV/instance-out.sql,435013.39,129273.54
CZ03/Htl&0&cAVVG&Ex&Chlr_equip/AirCldScrewChlr-gte150tons-Ex-9.7EER-16.1IPLV/instance-out.sql,412732.62,81466.54
CZ03/Htl&0&cAVVG&Ex&Chlr_equip/AirCldScrewChlr-gte150tons-Ex-10.4EER-18.0IPLV/instance-out.sql,405721.04,81466.54
CZ03/Htl&0&cAVVG&Ex&Chlr_equip/AirCldScrewChlr-gte150tons-Ex-10.4EER-19.3IPLV/instance-out.sql,404270.72,81466.54
CZ04/Htl&0&cAVVG&Ex&Chlr_equip/AirCldScrewChlr-gte150tons-Ex-9.7EER-16.1IPLV/instance-out.sql,468416.91,99291.69
CZ04/Htl&0&cAVVG&Ex&Chlr_equip/AirCldScrewChlr-gte150tons-Ex-10.4EER-18.0IPLV/instance-out.sql,455810.55,99291.69
CZ04/Htl&0&cAVVG&Ex&Chlr_equip/AirCldScrewChlr-gte150tons-Ex-10.4EER-19.3IPLV/instance-out.sql,453384.77,99291.69
CZ05/Htl&0&cAVVG&Ex&Chlr_equip/AirCldScrewChlr-gte150tons-Ex-9.7EER-16.1IPLV/instance-out.sql,423692.45,76679.10
CZ05/Htl&0&cAVVG&Ex&Chlr_equip/AirCldScrewChlr-gte150tons-Ex-10.4EER-18.0IPLV/instance-out.sql,415341.43,76679.10
CZ05/Htl&0&cAVVG&Ex&Chlr_equip/AirCldScrewChlr-gte150tons-Ex-10.4EER-19.3IPLV/instance-out.sql,413630.99,76679.10
CZ06/Htl&0&cAVVG&Ex&Chlr_equip/AirCldScrewChlr-gte150tons-Ex-9.7EER-16.1IPLV/instance-out.sql,486286.11,68944.10
CZ06/Htl&0&cAVVG&Ex&Chlr_equip/AirCldScrewChlr-gte150tons-Ex-10.4EER-18.0IPLV/instance-out.sql,470532.26,68944.10
CZ06/Htl&0&cAVVG&Ex&Chlr_equip/AirCldScrewChlr-gte150tons-Ex-10.4EER-19.3IPLV/instance-out.sql,467385.00,68944.10
CZ07/Htl&0&cAVVG&Ex&Chlr_equip/AirCldScrewChlr-gte150tons-Ex-9.7EER-16.1IPLV/instance-out.sql,511110.18,94226.66
CZ07/Htl&0&cAVVG&Ex&Chlr_equip/AirCldScrewChlr-gte150tons-Ex-10.4EER-18.0IPLV/instance-out.sql,492894.27,94226.66
CZ07/Htl&0&cAVVG&Ex&Chlr_equip/AirCldScrewChlr-gte150tons-Ex-10.4EER-19.3IPLV/instance-out.sql,489370.75,94226.66
CZ08/Htl&0&cAVVG&Ex&Chlr_equip/AirCldScrewChlr-gte150tons-Ex-9.7EER-16.1IPLV/instance-out.sql,525505.98,96631.46
CZ08/Htl&0&cAVVG&Ex&Chlr_equip/AirCldScrewChlr-gte150tons-Ex-10.4EER-18.0IPLV/instance-out.sql,506531.36,96631.46
CZ08/Htl&0&cAVVG&Ex&Chlr_equip/AirCldScrewChlr-gte150tons-Ex-10.4EER-19.3IPLV/instance-out.sql,502898.44,96631.46
CZ09/Htl&0&cAVVG&Ex&Chlr_equip/AirCldScrewChlr-gte150tons-Ex-9.7EER-16.1IPLV/instance-out.sql,553643.63,105281.01
CZ09/Htl&0&cAVVG&Ex&Chlr_equip/AirCldScrewChlr-gte150tons-Ex-10.4EER-18.0IPLV/instance-out.sql,531960.84,105281.01
CZ09/Htl&0&cAVVG&Ex&Chlr_equip/AirCldScrewChlr-gte150tons-Ex-10.4EER-19.3IPLV/instance-out.sql,527863.26,105281.01
CZ10/Htl&0&cAVVG&Ex&Chlr_equip/AirCldScrewChlr-gte150tons-Ex-9.7EER-16.1IPLV/instance-out.sql,576435.75,128603.44
CZ10/Htl&0&cAVVG&Ex&Chlr_equip/AirCldScrewChlr-gte150tons-Ex-10.4EER-18.0IPLV/instance-out.sql,552946.97,128603.44
CZ10/Htl&0&cAVVG&Ex&Chlr_equip/AirCldScrewChlr-gte150tons-Ex-10.4EER-19.3IPLV/instance-out.sql,548656.66,128603.44
CZ11/Htl&0&cAVVG&Ex&Chlr_equip/AirCldScrewChlr-gte150tons-Ex-9.7EER-16.1IPLV/instance-out.sql,582722.76,178031.90
CZ11/Htl&0&cAVVG&Ex&Chlr_equip/AirCldScrewChlr-gte150tons-Ex-10.4EER-18.0IPLV/instance-out.sql,559723.53,178031.90
CZ11/Htl&0&cAVVG&Ex&Chlr_equip/AirCldScrewChlr-gte150tons-Ex-10.4EER-19.3IPLV/instance-out.sql,555625.76,178031.90
CZ12/Htl&0&cAVVG&Ex&Chlr_equip/AirCldScrewChlr-gte150tons-Ex-9.7EER-16.1IPLV/instance-out.sql,534984.89,152304.18
CZ12/Htl&0&cAVVG&Ex&Chlr_equip/AirCldScrewChlr-gte150tons-Ex-10.4EER-18.0IPLV/instance-out.sql,515398.55,152304.18
CZ12/Htl&0&cAVVG&Ex&Chlr_equip/AirCldScrewChlr-gte150tons-Ex-10.4EER-19.3IPLV/instance-out.sql,511803.48,152304.18
CZ13/Htl&0&cAVVG&Ex&Chlr_equip/AirCldScrewChlr-gte150tons-Ex-9.7EER-16.1IPLV/instance-out.sql,603323.35,154977.41
CZ13/Htl&0&cAVVG&Ex&Chlr_equip/AirCldScrewChlr-gte150tons-Ex-10.4EER-18.0IPLV/instance-out.sql,578374.67,154977.41
CZ13/Htl&0&cAVVG&Ex&Chlr_equip/AirCldScrewChlr-gte150tons-Ex-10.4EER-19.3IPLV/instance-out.sql,573902.23,154977.41
CZ14/Htl&0&cAVVG&Ex&Chlr_equip/AirCldScrewChlr-gte150tons-Ex-9.7EER-16.1IPLV/instance-out.sql,659198.35,141052.31
CZ14/Htl&0&cAVVG&Ex&Chlr_equip/AirCldScrewChlr-gte150tons-Ex-10.4EER-18.0IPLV/instance-out.sql,629350.97,141052.31
CZ14/Htl&0&cAVVG&Ex&Chlr_equip/AirCldScrewChlr-gte150tons-Ex-10.4EER-19.3IPLV/instance-out.sql,624136.44,141052.31
CZ15/Htl&0&cAVVG&Ex&Chlr_equip/AirCldScrewChlr-gte150tons-Ex-9.7EER-16.1IPLV/instance-out.sql,760974.07,151491.91
CZ15/Htl&0&cAVVG&Ex&Chlr_equip/AirCldScrewChlr-gte150tons-Ex-10.4EER-18.0IPLV/instance-out.sql,719109.79,151491.91
CZ15/Htl&0&cAVVG&Ex&Chlr_equip/AirCldScrewChlr-gte150tons-Ex-10.4EER-19.3IPLV/instance-out.sql,711818.33,151491.91
CZ16/Htl&0&cAVVG&Ex&Chlr_equip/AirCldScrewChlr-gte150tons-Ex-9.7EER-16.1IPLV/instance-out.sql,578885.75,194756.23
CZ16/Htl&0&cAVVG&Ex&Chlr_equip/AirCldScrewChlr-gte150tons-Ex-10.4EER-18.0IPLV/instance-out.sql,556729.76,194756.23
CZ16/Htl&0&cAVVG&Ex&Chlr_equip/AirCldScrewChlr-gte150tons-Ex-10.4EER-19.3IPLV/instance-out.sql,552670.80,194756.23

File Name,Unmet Heating (Hours),Unmet Cooling (Hours)
CZ01/Htl&0&cAVVG&Ex&Chlr_equip/AirCldScrewChlr-gte150tons-Ex-9.7EER-16.1IPLV/instance-out.sql,0.00,0.00
CZ01/Htl&0&cAVVG&Ex&Chlr_equip/AirCldScrewChlr-gte150tons-Ex-10.4EER-18.0IPLV/instance-out.sql,0.00,0.00
CZ01/Htl&0&cAVVG&Ex&Chlr_equip/AirCldScrewChlr-gte150tons-Ex-10.4EER-19.3IPLV/instance-out.sql,0.00,0.00
CZ02/Htl&0&cAVVG&Ex&Chlr_equip/AirCldScrewChlr-gte150tons-Ex-9.7EER-16.1IPLV/instance-out.sql,0.00,0.00
CZ02/Htl&0&cAVVG&Ex&Chlr_equip/AirCldScrewChlr-gte150tons-Ex-10.4EER-18.0IPLV/instance-out.sql,0.00,0.00
CZ02/Htl&0&cAVVG&Ex&Chlr_equip/AirCldScrewChlr-gte150tons-Ex-10.4EER-19.3IPLV/instance-out.sql,0.00,0.00
CZ03/Htl&0&cAVVG&Ex&Chlr_equip/AirCldScrewChlr-gte150tons-Ex-9.7EER-16.1IPLV/instance-out.sql,0.00,0.00
CZ03/Htl&0&cAVVG&Ex&Chlr_equip/AirCldScrewChlr-gte150tons-Ex-10.4EER-18.0IPLV/instance-out.sql,0.00,0.00
CZ03/Htl&0&cAVVG&Ex&Chlr_equip/AirCldScrewChlr-gte150tons-Ex-10.4EER-19.3IPLV/instance-out.sql,0.00,0.00
CZ04/Htl&0&cAVVG&Ex&Chlr_equip/AirCldScrewChlr-gte150tons-Ex-9.7EER-16.1IPLV/instance-out.sql,0.00,0.00
CZ04/Htl&0&cAVVG&Ex&Chlr_equip/AirCldScrewChlr-gte150tons-Ex-10.4EER-18.0IPLV/instance-out.sql,0.00,0.00
CZ04/Htl&0&cAVVG&Ex&Chlr_equip/AirCldScrewChlr-gte150tons-Ex-10.4EER-19.3IPLV/instance-out.sql,0.00,0.00
CZ05/Htl&0&cAVVG&Ex&Chlr_equip/AirCldScrewChlr-gte150tons-Ex-9.7EER-16.1IPLV/instance-out.sql,0.00,0.00
CZ05/Htl&0&cAVVG&Ex&Chlr_equip/AirCldScrewChlr-gte150tons-Ex-10.4EER-18.0IPLV/instance-out.sql,0.00,0.00
CZ05/Htl&0&cAVVG&Ex&Chlr_equip/AirCldScrewChlr-gte150tons-Ex-10.4EER-19.3IPLV/instance-out.sql,0.00,0.00
CZ06/Htl&0&cAVVG&Ex&Chlr_equip/AirCldScrewChlr-gte150tons-Ex-9.7EER-16.1IPLV/instance-out.sql,0.00,0.00
CZ06/Htl&0&cAVVG&Ex&Chlr_equip/AirCldScrewChlr-gte150tons-Ex-10.4EER-18.0IPLV/instance-out.sql,0.00,0.00
CZ06/Htl&0&cAVVG&Ex&Chlr_equip/AirCldScrewChlr-gte150tons-Ex-10.4EER-19.3IPLV/instance-out.sql,0.00,0.00
CZ07/Htl&0&cAVVG&Ex&Chlr_equip/AirCldScrewChlr-gte150tons-Ex-9.7EER-16.1IPLV/instance-out.sql,0.00,0.00
CZ07/Htl&0&cAVVG&Ex&Chlr_equip/AirCldScrewChlr-gte150tons-Ex-10.4EER-18.0IPLV/instance-out.sql,0.00,0.00
CZ07/Htl&0&cAVVG&Ex&Chlr_equip/AirCldScrewChlr-gte150tons-Ex-10.4EER-19.3IPLV/instance-out.sql,0.00,0.00
CZ08/Htl&0&cAVVG&Ex&Chlr_equip/AirCldScrewChlr-gte150tons-Ex-9.7EER-16.1IPLV/instance-out.sql,0.00,0.00
CZ08/Htl&0&cAVVG&Ex&Chlr_equip/AirCldScrewChlr-gte150tons-Ex-10.4EER-18.0IPLV/instance-out.sql,0.00,0.00
CZ08/Htl&0&cAVVG&Ex&Chlr_equip/AirCldScrewChlr-gte150tons-Ex-10.4EER-19.3IPLV/instance-out.sql,0.00,0.00
CZ09/Htl&0&cAVVG&Ex&Chlr_equip/AirCldScrewChlr-gte150tons-Ex-9.7EER-16.1IPLV/instance-out.sql,0.00,0.00
CZ09/Htl&0&cAVVG&Ex&Chlr_equip/AirCldScrewChlr-gte150tons-Ex-10.4EER-18.0IPLV/instance-out.sql,0.00,0.00
CZ09/Htl&0&cAVVG&Ex&Chlr_equip/AirCldScrewChlr-gte150tons-Ex-10.4EER-19.3IPLV/instance-out.sql,0.00,0.00
CZ10/Htl&0&cAVVG&Ex&Chlr_equip/AirCldScrewChlr-gte150tons-Ex-9.7EER-16.1IPLV/instance-out.sql,0.00,0.00
CZ10/Htl&0&cAVVG&Ex&Chlr_equip/AirCldScrewChlr-gte150tons-Ex-10.4EER-18.0IPLV/instance-out.sql,0.00,0.00
CZ10/Htl&0&cAVVG&Ex&Chlr_equip/AirCldScrewChlr-gte150tons-Ex-10.4EER-19.3IPLV/instance-out.sql,0.00,0.00
CZ11/Htl&0&cAVVG&Ex&Chlr_equip/AirCldScrewChlr-gte150tons-Ex-9.7EER-16.1IPLV/instance-out.sql,0.00,0.00
CZ11/Htl&0&cAVVG&Ex&Chlr_equip/AirCldScrewChlr-gte150tons-Ex-10.4EER-18.0IPLV/instance-out.sql,0.00,0.00
CZ11/Htl&0&cAVVG&Ex&Chlr_equip/AirCldScrewChlr-gte150tons-Ex-10.4EER-19.3IPLV/instance-out.sql,0.00,0.00
CZ12/Htl&0&cAVVG&Ex&Chlr_equip/AirCldScrewChlr-gte150tons-Ex-9.7EER-16.1IPLV/instance-out.sql,0.00,0.00
CZ12/Htl&0&cAVVG&Ex&Chlr_equip/AirCldScrewChlr-gte150tons-Ex-10.4EER-18.0IPLV/instance-out.sql,0.00,0.00
CZ12/Htl&0&cAVVG&Ex&Chlr_equip/AirCldScrewChlr-gte150tons-Ex-10.4EER-19.3IPLV/instance-out.sql,0.00,0.00
CZ13/Htl&0&cAVVG&Ex&Chlr_equip/AirCldScrewChlr-gte150tons-Ex-9.7EER-16.1IPLV/instance-out.sql,0.00,0.00
CZ13/Htl&0&cAVVG&Ex&Chlr_equip/AirCldScrewChlr-gte150tons-Ex-10.4EER-18.0IPLV/instance-out.sql,0.00,0.00
CZ13/Htl&0&cAVVG&Ex&Chlr_equip/AirCldScrewChlr-gte150tons-Ex-10.4EER-19.3IPLV/instance-out.sql,0.00,0.00
CZ14/Htl&0&cAVVG&Ex&Chlr_equip/AirCldScrewChlr-gte150tons-Ex-9.7EER-16.1IPLV/instance-out.sql,0.00,0.00
CZ14/Htl&0&cAVVG&Ex&Chlr_equip/AirCldScrewChlr-gte150tons-Ex-10.4EER-18.0IPLV/instance-out.sql,0.00,0.00
CZ14/Htl&0&cAVVG&Ex&Chlr_equip/AirCldScrewChlr-gte150tons-Ex-10.4EER-19.3IPLV/instance-out.sql,0.00,0.00
CZ15/Htl&0&cAVVG&Ex&Chlr_equip/AirCldScrewChlr-gte150tons-Ex-9.7EER-16.1IPLV/instance-out.sql,0.00,0.00
CZ15/Htl&0&cAVVG&Ex&Chlr_equip/AirCldScrewChlr-gte150tons-Ex-10.4EER-18.0IPLV/instance-out.sql,0.00,0.00
CZ15/Htl&0&cAVVG&Ex&Chlr_equip/AirCldScrewChlr-gte150tons-Ex-10.4EER-19.3IPLV/instance-out.sql,0.00,0.00
CZ16/Htl&0&cAVVG&Ex&Chlr_equip/AirCldScrewChlr-gte150tons-Ex-9.7EER-16.1IPLV/instance-out.sql,0.00,0.00
CZ16/Htl&0&cAVVG&Ex&Chlr_equip/AirCldScrewChlr-gte150tons-Ex-10.4EER-18.0IPLV/instance-out.sql,0.00,0.00
CZ16/Htl&0&cAVVG&Ex&Chlr_equip/AirCldScrewChlr-gte150tons-Ex-10.4EER-19.3IPLV/instance-out.sql,0.00,0.00

