File Name,Net Site EUI (kWh/m2),Net Site Energy (kWh),Net Source EUI (kWh/m2),Net Source Energy (kWh)
CZ01/Htl&0&cDXGF&Ex&Fenest__ManufWin/ExHtlStdDefault/instance-out.sql,40.40,514580.23,108.98,1388301.18
CZ01/Htl&0&cDXGF&Ex&Fenest__ManufWin/Msr1HtlNR/instance-out.sql,38.84,494807.27,107.13,1364717.53
CZ01/Htl&0&cDXGF&Ex&Fenest__ManufWin/Msr2HtlNR/instance-out.sql,39.31,500764.44,106.39,1355319.33
CZ01/Htl&0&cDXGF&Ex&Fenest__ManufWin/Msr3HtlNR/instance-out.sql,38.60,491732.05,108.87,1386848.78
CZ01/Htl&0&cDXGF&Ex&Fenest__ManufWin/Msr1HtlAOE/instance-out.sql,39.01,496912.27,108.17,1377958.83
CZ01/Htl&0&cDXGF&Ex&Fenest__ManufWin/Msr2HtlAOE/instance-out.sql,38.92,495802.80,109.45,1394233.97
CZ02/Htl&0&cDXGF&Ex&Fenest__ManufWin/ExHtlStdDefault/instance-out.sql,43.61,555511.89,123.20,1569439.28
CZ02/Htl&0&cDXGF&Ex&Fenest__ManufWin/Msr1HtlNR/instance-out.sql,41.72,531515.86,118.77,1512905.76
CZ02/Htl&0&cDXGF&Ex&Fenest__ManufWin/Msr2HtlNR/instance-out.sql,41.67,530810.53,117.12,1491884.97
CZ02/Htl&0&cDXGF&Ex&Fenest__ManufWin/Msr3HtlNR/instance-out.sql,42.75,544529.76,123.22,1569660.20
CZ02/Htl&0&cDXGF&Ex&Fenest__ManufWin/Msr1HtlAOE/instance-out.sql,42.69,543791.44,121.94,1553283.63
CZ02/Htl&0&cDXGF&Ex&Fenest__ManufWin/Msr2HtlAOE/instance-out.sql,43.11,549201.22,124.63,1587544.28
CZ03/Htl&0&cDXGF&Ex&Fenest__ManufWin/ExHtlStdDefault/instance-out.sql,38.48,490241.42,113.79,1449569.97
CZ03/Htl&0&cDXGF&Ex&Fenest__ManufWin/Msr1HtlNR/instance-out.sql,37.32,475375.05,110.27,1404725.10
CZ03/Htl&0&cDXGF&Ex&Fenest__ManufWin/Msr2HtlNR/instance-out.sql,37.10,472586.30,108.45,1381451.39
CZ03/Htl&0&cDXGF&Ex&Fenest__ManufWin/Msr3HtlNR/instance-out.sql,38.23,486938.74,114.30,1456025.87
CZ03/Htl&0&cDXGF&Ex&Fenest__ManufWin/Msr1HtlAOE/instance-out.sql,38.02,484347.56,112.85,1437564.50
CZ03/Htl&0&cDXGF&Ex&Fenest__ManufWin/Msr2HtlAOE/instance-out.sql,38.80,494210.26,116.65,1485980.03
CZ04/Htl&0&cDXGF&Ex&Fenest__ManufWin/ExHtlStdDefault/instance-out.sql,42.19,537487.89,124.58,1587021.14
CZ04/Htl&0&cDXGF&Ex&Fenest__ManufWin/Msr1HtlNR/instance-out.sql,41.33,526473.99,121.26,1544672.87
CZ04/Htl&0&cDXGF&Ex&Fenest__ManufWin/Msr2HtlNR/instance-out.sql,40.75,519140.51,118.45,1508851.36
CZ04/Htl&0&cDXGF&Ex&Fenest__ManufWin/Msr3HtlNR/instance-out.sql,42.11,536402.74,125.04,1592858.30
CZ04/Htl&0&cDXGF&Ex&Fenest__ManufWin/Msr1HtlAOE/instance-out.sql,41.82,532664.31,123.54,1573710.17
CZ04/Htl&0&cDXGF&Ex&Fenest__ManufWin/Msr2HtlAOE/instance-out.sql,42.88,546192.45,127.80,1627969.00
CZ05/Htl&0&cDXGF&Ex&Fenest__ManufWin/ExHtlStdDefault/instance-out.sql,39.30,500592.24,116.23,1480554.58
CZ05/Htl&0&cDXGF&Ex&Fenest__ManufWin/Msr1HtlNR/instance-out.sql,38.29,487781.20,112.86,1437651.32
CZ05/Htl&0&cDXGF&Ex&Fenest__ManufWin/Msr2HtlNR/instance-out.sql,37.71,480316.37,110.15,1403092.99
CZ05/Htl&0&cDXGF&Ex&Fenest__ManufWin/Msr3HtlNR/instance-out.sql,39.25,499970.80,116.99,1490274.45
CZ05/Htl&0&cDXGF&Ex&Fenest__ManufWin/Msr1HtlAOE/instance-out.sql,38.87,495155.49,115.25,1468069.08
CZ05/Htl&0&cDXGF&Ex&Fenest__ManufWin/Msr2HtlAOE/instance-out.sql,39.99,509399.69,119.67,1524383.73
CZ06/Htl&0&cDXGF&Ex&Fenest__ManufWin/ExHtlStdDefault/instance-out.sql,40.42,514899.30,125.01,1592488.59
CZ06/Htl&0&cDXGF&Ex&Fenest__ManufWin/Msr1HtlNR/instance-out.sql,38.99,496624.77,119.91,1527439.26
CZ06/Htl&0&cDXGF&Ex&Fenest__ManufWin/Msr2HtlNR/instance-out.sql,37.85,482101.37,115.93,1476781.36
CZ06/Htl&0&cDXGF&Ex&Fenest__ManufWin/Msr3HtlNR/instance-out.sql,40.62,517469.19,125.63,1600392.85
CZ06/Htl&0&cDXGF&Ex&Fenest__ManufWin/Msr1HtlAOE/instance-out.sql,40.10,510837.35,123.75,1576355.50
CZ06/Htl&0&cDXGF&Ex&Fenest__ManufWin/Msr2HtlAOE/instance-out.sql,41.44,527823.44,128.59,1638086.91
CZ07/Htl&0&cDXGF&Ex&Fenest__ManufWin/ExHtlStdDefault/instance-out.sql,41.13,523897.02,126.50,1611439.21
CZ07/Htl&0&cDXGF&Ex&Fenest__ManufWin/Msr1HtlNR/instance-out.sql,39.51,503325.72,121.36,1546003.33
CZ07/Htl&0&cDXGF&Ex&Fenest__ManufWin/Msr2HtlNR/instance-out.sql,38.91,495638.68,118.72,1512347.46
CZ07/Htl&0&cDXGF&Ex&Fenest__ManufWin/Msr3HtlNR/instance-out.sql,41.12,523846.72,126.97,1617365.18
CZ07/Htl&0&cDXGF&Ex&Fenest__ManufWin/Msr1HtlAOE/instance-out.sql,40.69,518359.24,125.31,1596279.44
CZ07/Htl&0&cDXGF&Ex&Fenest__ManufWin/Msr2HtlAOE/instance-out.sql,41.76,531994.25,128.97,1642932.73
CZ08/Htl&0&cDXGF&Ex&Fenest__ManufWin/ExHtlStdDefault/instance-out.sql,44.22,563309.11,134.85,1717779.82
CZ08/Htl&0&cDXGF&Ex&Fenest__ManufWin/Msr1HtlNR/instance-out.sql,42.23,537934.98,127.74,1627192.81
CZ08/Htl&0&cDXGF&Ex&Fenest__ManufWin/Msr2HtlNR/instance-out.sql,41.76,531936.70,125.31,1596315.05
CZ08/Htl&0&cDXGF&Ex&Fenest__ManufWin/Msr3HtlNR/instance-out.sql,43.98,560282.41,134.01,1707031.52
CZ08/Htl&0&cDXGF&Ex&Fenest__ManufWin/Msr1HtlAOE/instance-out.sql,43.52,554405.72,132.34,1685854.52
CZ08/Htl&0&cDXGF&Ex&Fenest__ManufWin/Msr2HtlAOE/instance-out.sql,44.58,567920.72,136.55,1739408.07
CZ09/Htl&0&cDXGF&Ex&Fenest__ManufWin/ExHtlStdDefault/instance-out.sql,45.18,575494.08,138.37,1762633.44
CZ09/Htl&0&cDXGF&Ex&Fenest__ManufWin/Msr1HtlNR/instance-out.sql,43.17,549884.71,131.26,1672068.59
CZ09/Htl&0&cDXGF&Ex&Fenest__ManufWin/Msr2HtlNR/instance-out.sql,42.54,541841.47,128.37,1635247.23
CZ09/Htl&0&cDXGF&Ex&Fenest__ManufWin/Msr3HtlNR/instance-out.sql,44.93,572321.76,137.44,1750748.90
CZ09/Htl&0&cDXGF&Ex&Fenest__ManufWin/Msr1HtlAOE/instance-out.sql,44.53,567226.86,135.92,1731422.67
CZ09/Htl&0&cDXGF&Ex&Fenest__ManufWin/Msr2HtlAOE/instance-out.sql,45.37,578000.56,139.50,1777063.98
CZ10/Htl&0&cDXGF&Ex&Fenest__ManufWin/ExHtlStdDefault/instance-out.sql,49.44,629795.55,147.44,1878128.79
CZ10/Htl&0&cDXGF&Ex&Fenest__ManufWin/Msr1HtlNR/instance-out.sql,48.20,614049.04,142.36,1813486.86
CZ10/Htl&0&cDXGF&Ex&Fenest__ManufWin/Msr2HtlNR/instance-out.sql,47.22,601555.83,138.40,1762972.92
CZ10/Htl&0&cDXGF&Ex&Fenest__ManufWin/Msr3HtlNR/instance-out.sql,49.45,629923.46,147.77,1882441.17
CZ10/Htl&0&cDXGF&Ex&Fenest__ManufWin/Msr1HtlAOE/instance-out.sql,49.12,625735.28,146.38,1864672.81
CZ10/Htl&0&cDXGF&Ex&Fenest__ManufWin/Msr2HtlAOE/instance-out.sql,49.62,632051.84,148.48,1891469.54
CZ11/Htl&0&cDXGF&Ex&Fenest__ManufWin/ExHtlStdDefault/instance-out.sql,55.66,708980.34,155.39,1979491.14
CZ11/Htl&0&cDXGF&Ex&Fenest__ManufWin/Msr1HtlNR/instance-out.sql,52.88,673590.81,147.59,1880129.41
CZ11/Htl&0&cDXGF&Ex&Fenest__ManufWin/Msr2HtlNR/instance-out.sql,52.39,667326.97,144.57,1841639.79
CZ11/Htl&0&cDXGF&Ex&Fenest__ManufWin/Msr3HtlNR/instance-out.sql,53.76,684765.07,152.24,1939369.69
CZ11/Htl&0&cDXGF&Ex&Fenest__ManufWin/Msr1HtlAOE/instance-out.sql,53.96,687432.07,151.72,1932719.17
CZ11/Htl&0&cDXGF&Ex&Fenest__ManufWin/Msr2HtlAOE/instance-out.sql,54.37,692606.95,154.28,1965300.79
CZ12/Htl&0&cDXGF&Ex&Fenest__ManufWin/ExHtlStdDefault/instance-out.sql,51.87,660743.55,145.11,1848440.84
CZ12/Htl&0&cDXGF&Ex&Fenest__ManufWin/Msr1HtlNR/instance-out.sql,49.63,632215.14,139.37,1775339.33
CZ12/Htl&0&cDXGF&Ex&Fenest__ManufWin/Msr2HtlNR/instance-out.sql,48.95,623570.98,136.17,1734600.79
CZ12/Htl&0&cDXGF&Ex&Fenest__ManufWin/Msr3HtlNR/instance-out.sql,50.68,645552.04,144.11,1835771.45
CZ12/Htl&0&cDXGF&Ex&Fenest__ManufWin/Msr1HtlAOE/instance-out.sql,50.74,646348.13,143.21,1824341.13
CZ12/Htl&0&cDXGF&Ex&Fenest__ManufWin/Msr2HtlAOE/instance-out.sql,51.21,652357.47,145.38,1851871.72
CZ13/Htl&0&cDXGF&Ex&Fenest__ManufWin/ExHtlStdDefault/instance-out.sql,55.91,712191.54,159.55,2032430.49
CZ13/Htl&0&cDXGF&Ex&Fenest__ManufWin/Msr1HtlNR/instance-out.sql,53.41,680397.64,151.53,1930292.00
CZ13/Htl&0&cDXGF&Ex&Fenest__ManufWin/Msr2HtlNR/instance-out.sql,52.72,671635.65,148.18,1887610.00
CZ13/Htl&0&cDXGF&Ex&Fenest__ManufWin/Msr3HtlNR/instance-out.sql,54.47,693860.77,156.48,1993363.63
CZ13/Htl&0&cDXGF&Ex&Fenest__ManufWin/Msr1HtlAOE/instance-out.sql,54.51,694435.71,155.84,1985120.64
CZ13/Htl&0&cDXGF&Ex&Fenest__ManufWin/Msr2HtlAOE/instance-out.sql,55.11,702078.27,158.78,2022644.05
CZ14/Htl&0&cDXGF&Ex&Fenest__ManufWin/ExHtlStdDefault/instance-out.sql,58.55,745890.91,169.06,2153584.60
CZ14/Htl&0&cDXGF&Ex&Fenest__ManufWin/Msr1HtlNR/instance-out.sql,56.07,714208.28,160.83,2048719.96
CZ14/Htl&0&cDXGF&Ex&Fenest__ManufWin/Msr2HtlNR/instance-out.sql,55.25,703752.62,156.94,1999196.12
CZ14/Htl&0&cDXGF&Ex&Fenest__ManufWin/Msr3HtlNR/instance-out.sql,57.45,731791.89,166.80,2124811.04
CZ14/Htl&0&cDXGF&Ex&Fenest__ManufWin/Msr1HtlAOE/instance-out.sql,57.30,729944.68,165.97,2114250.56
CZ14/Htl&0&cDXGF&Ex&Fenest__ManufWin/Msr2HtlAOE/instance-out.sql,57.76,735840.13,167.83,2137885.29
CZ15/Htl&0&cDXGF&Ex&Fenest__ManufWin/ExHtlStdDefault/instance-out.sql,63.67,811098.84,190.67,2428900.34
CZ15/Htl&0&cDXGF&Ex&Fenest__ManufWin/Msr1HtlNR/instance-out.sql,60.08,765355.23,178.92,2279121.94
CZ15/Htl&0&cDXGF&Ex&Fenest__ManufWin/Msr2HtlNR/instance-out.sql,58.73,748097.76,173.98,2216195.73
CZ15/Htl&0&cDXGF&Ex&Fenest__ManufWin/Msr3HtlNR/instance-out.sql,61.99,789663.56,185.98,2369068.70
CZ15/Htl&0&cDXGF&Ex&Fenest__ManufWin/Msr1HtlAOE/instance-out.sql,62.14,791520.52,186.00,2369401.26
CZ15/Htl&0&cDXGF&Ex&Fenest__ManufWin/Msr2HtlAOE/instance-out.sql,62.49,796083.17,187.34,2386496.51
CZ16/Htl&0&cDXGF&Ex&Fenest__ManufWin/ExHtlStdDefault/instance-out.sql,56.24,716372.79,152.11,1937683.97
CZ16/Htl&0&cDXGF&Ex&Fenest__ManufWin/Msr1HtlNR/instance-out.sql,52.88,673669.16,144.02,1834602.72
CZ16/Htl&0&cDXGF&Ex&Fenest__ManufWin/Msr2HtlNR/instance-out.sql,52.79,672454.87,141.34,1800475.38
CZ16/Htl&0&cDXGF&Ex&Fenest__ManufWin/Msr3HtlNR/instance-out.sql,53.55,682138.36,148.74,1894718.22
CZ16/Htl&0&cDXGF&Ex&Fenest__ManufWin/Msr1HtlAOE/instance-out.sql,53.89,686503.68,148.01,1885424.47
CZ16/Htl&0&cDXGF&Ex&Fenest__ManufWin/Msr2HtlAOE/instance-out.sql,54.53,694687.30,151.47,1929524.03

File Name,Total (kWh),Heating (kWh),Cooling (kWh),Interior Lighting (kWh),Exterior Lighting (kWh),Interior Equipment (kWh),Exterior Equipment (kWh),Fans (kWh),Pumps (kWh),Heat Rejection (kWh),Humidification (kWh),Heat Recovery (kWh),Water Systems (kWh),Refrigeration (kWh),Generators (kWh),Heating Elec (kWh),Cooling Elec (kWh),Heating NG (kWh),Cooling NG (kWh),Interior Equipment Elec (kWh),Interior Equipment NG (kWh)
CZ01/Htl&0&cDXGF&Ex&Fenest__ManufWin/ExHtlStdDefault/instance-out.sql,514580.23,105158.0,17805.7,125722.95,0.0,205621.82,0.0,47279.62,49.73,0.0,0.0,0.0,12942.42,0.0,0.0,0.00,17805.70,105158.00,0.00,179632.92,25988.90
CZ01/Htl&0&cDXGF&Ex&Fenest__ManufWin/Msr1HtlNR/instance-out.sql,494807.27,86818.76,16162.42,125722.95,0.0,205621.82,0.0,47671.05,44.98,0.0,0.0,0.0,12765.29,0.0,0.0,0.00,16162.42,86818.76,0.00,179632.92,25988.90
CZ01/Htl&0&cDXGF&Ex&Fenest__ManufWin/Msr2HtlNR/instance-out.sql,500764.43999999994,99388.69,11786.35,125722.95,0.0,205621.82,0.0,45217.7,55.67,0.0,0.0,0.0,12971.25,0.0,0.0,0.00,11786.35,99388.69,0.00,179632.92,25988.90
CZ01/Htl&0&cDXGF&Ex&Fenest__ManufWin/Msr3HtlNR/instance-out.sql,491732.05000000005,72504.79,23688.22,125722.95,0.0,205621.82,0.0,51203.85,42.22,0.0,0.0,0.0,12948.21,0.0,0.0,0.00,23688.22,72504.79,0.00,179632.92,25988.90
CZ01/Htl&0&cDXGF&Ex&Fenest__ManufWin/Msr1HtlAOE/instance-out.sql,496912.26,84002.05,19659.72,125722.95,0.0,205621.82,0.0,48987.31,44.93,0.0,0.0,0.0,12873.49,0.0,0.0,0.00,19659.72,84002.05,0.00,179632.92,25988.90
CZ01/Htl&0&cDXGF&Ex&Fenest__ManufWin/Msr2HtlAOE/instance-out.sql,495802.8,75300.55,24893.96,125722.95,0.0,205621.82,0.0,51357.99,44.36,0.0,0.0,0.0,12861.17,0.0,0.0,0.00,24893.96,75300.55,0.00,179632.92,25988.90
CZ02/Htl&0&cDXGF&Ex&Fenest__ManufWin/ExHtlStdDefault/instance-out.sql,555511.89,86858.86,73120.45,125722.95,0.0,205621.82,0.0,52240.18,80.85,0.0,0.0,0.0,11866.79,0.0,0.0,0.00,73120.45,86858.86,0.00,179632.92,25988.90
CZ02/Htl&0&cDXGF&Ex&Fenest__ManufWin/Msr1HtlNR/instance-out.sql,531515.86,76538.84,62639.33,125722.95,0.0,205621.82,0.0,49037.81,66.27,0.0,0.0,0.0,11888.85,0.0,0.0,0.00,62639.33,76538.84,0.00,179632.92,25988.90
CZ02/Htl&0&cDXGF&Ex&Fenest__ManufWin/Msr2HtlNR/instance-out.sql,530810.53,84691.51,55531.32,125722.95,0.0,205621.82,0.0,47304.21,62.57,0.0,0.0,0.0,11876.15,0.0,0.0,0.00,55531.32,84691.51,0.00,179632.92,25988.90
CZ02/Htl&0&cDXGF&Ex&Fenest__ManufWin/Msr3HtlNR/instance-out.sql,544529.77,70820.13,76086.11,125722.95,0.0,205621.82,0.0,54391.63,74.61,0.0,0.0,0.0,11812.52,0.0,0.0,0.00,76086.11,70820.13,0.00,179632.92,25988.90
CZ02/Htl&0&cDXGF&Ex&Fenest__ManufWin/Msr1HtlAOE/instance-out.sql,543791.44,76823.53,71248.04,125722.95,0.0,205621.82,0.0,52424.45,74.99,0.0,0.0,0.0,11875.65,0.0,0.0,0.00,71248.04,76823.53,0.00,179632.92,25988.90
CZ02/Htl&0&cDXGF&Ex&Fenest__ManufWin/Msr2HtlAOE/instance-out.sql,549201.22,69744.01,80948.7,125722.95,0.0,205621.82,0.0,55190.57,79.48,0.0,0.0,0.0,11893.7,0.0,0.0,0.00,80948.70,69744.01,0.00,179632.92,25988.90
CZ03/Htl&0&cDXGF&Ex&Fenest__ManufWin/ExHtlStdDefault/instance-out.sql,490241.42,44107.2,55511.85,125722.95,0.0,205621.82,0.0,47411.92,44.49,0.0,0.0,0.0,11821.2,0.0,0.0,0.00,55511.85,44107.20,0.00,179632.92,25988.90
CZ03/Htl&0&cDXGF&Ex&Fenest__ManufWin/Msr1HtlNR/instance-out.sql,475375.05,42008.76,45220.32,125722.95,0.0,205621.82,0.0,44937.04,41.68,0.0,0.0,0.0,11822.48,0.0,0.0,0.00,45220.32,42008.76,0.00,179632.92,25988.90
CZ03/Htl&0&cDXGF&Ex&Fenest__ManufWin/Msr2HtlNR/instance-out.sql,472586.30000000005,48047.63,38397.07,125722.95,0.0,205621.82,0.0,42883.96,41.5,0.0,0.0,0.0,11871.38,0.0,0.0,0.00,38397.07,48047.63,0.00,179632.92,25988.90
CZ03/Htl&0&cDXGF&Ex&Fenest__ManufWin/Msr3HtlNR/instance-out.sql,486938.74,36534.08,57365.11,125722.95,0.0,205621.82,0.0,49883.29,43.35,0.0,0.0,0.0,11768.13,0.0,0.0,0.00,57365.11,36534.08,0.00,179632.92,25988.90
CZ03/Htl&0&cDXGF&Ex&Fenest__ManufWin/Msr1HtlAOE/instance-out.sql,484347.56000000006,40684.61,52687.49,125722.95,0.0,205621.82,0.0,47692.09,44.15,0.0,0.0,0.0,11894.46,0.0,0.0,0.00,52687.49,40684.61,0.00,179632.92,25988.90
CZ03/Htl&0&cDXGF&Ex&Fenest__ManufWin/Msr2HtlAOE/instance-out.sql,494210.26,33982.89,64868.02,125722.95,0.0,205621.82,0.0,52122.89,43.93,0.0,0.0,0.0,11847.76,0.0,0.0,0.00,64868.02,33982.89,0.00,179632.92,25988.90
CZ04/Htl&0&cDXGF&Ex&Fenest__ManufWin/ExHtlStdDefault/instance-out.sql,537487.89,53317.48,87892.1,125722.95,0.0,205621.82,0.0,53371.8,75.1,0.0,0.0,0.0,11486.65,0.0,0.0,0.00,87892.10,53317.48,0.00,179632.92,25988.90
CZ04/Htl&0&cDXGF&Ex&Fenest__ManufWin/Msr1HtlNR/instance-out.sql,526473.99,55794.83,76474.25,125722.95,0.0,205621.82,0.0,51348.15,77.11,0.0,0.0,0.0,11434.88,0.0,0.0,0.00,76474.25,55794.83,0.00,179632.92,25988.90
CZ04/Htl&0&cDXGF&Ex&Fenest__ManufWin/Msr2HtlNR/instance-out.sql,519140.51,60762.97,67297.42,125722.95,0.0,205621.82,0.0,48252.42,76.09,0.0,0.0,0.0,11406.85,0.0,0.0,0.00,67297.42,60762.97,0.00,179632.92,25988.90
CZ04/Htl&0&cDXGF&Ex&Fenest__ManufWin/Msr3HtlNR/instance-out.sql,536402.74,49173.16,89128.74,125722.95,0.0,205621.82,0.0,55174.25,77.13,0.0,0.0,0.0,11504.69,0.0,0.0,0.00,89128.74,49173.16,0.00,179632.92,25988.90
CZ04/Htl&0&cDXGF&Ex&Fenest__ManufWin/Msr1HtlAOE/instance-out.sql,532664.3099999999,52065.14,84427.52,125722.95,0.0,205621.82,0.0,53232.18,76.72,0.0,0.0,0.0,11517.98,0.0,0.0,0.00,84427.52,52065.14,0.00,179632.92,25988.90
CZ04/Htl&0&cDXGF&Ex&Fenest__ManufWin/Msr2HtlAOE/instance-out.sql,546192.46,48142.13,96953.98,125722.95,0.0,205621.82,0.0,58190.15,78.06,0.0,0.0,0.0,11483.36,0.0,0.0,0.00,96953.98,48142.13,0.00,179632.92,25988.90
CZ05/Htl&0&cDXGF&Ex&Fenest__ManufWin/ExHtlStdDefault/instance-out.sql,500592.25,45654.15,62320.09,125722.95,0.0,205621.82,0.0,49376.63,57.97,0.0,0.0,0.0,11838.64,0.0,0.0,0.00,62320.09,45654.15,0.00,179632.92,25988.90
CZ05/Htl&0&cDXGF&Ex&Fenest__ManufWin/Msr1HtlNR/instance-out.sql,487781.2,45668.77,51794.87,125722.95,0.0,205621.82,0.0,47049.12,49.78,0.0,0.0,0.0,11873.9,0.0,0.0,0.00,51794.87,45668.77,0.00,179632.92,25988.90
CZ05/Htl&0&cDXGF&Ex&Fenest__ManufWin/Msr2HtlNR/instance-out.sql,480316.38,49895.28,43280.11,125722.95,0.0,205621.82,0.0,43902.32,48.6,0.0,0.0,0.0,11845.3,0.0,0.0,0.00,43280.11,49895.28,0.00,179632.92,25988.90
CZ05/Htl&0&cDXGF&Ex&Fenest__ManufWin/Msr3HtlNR/instance-out.sql,499970.8,40528.34,64374.35,125722.95,0.0,205621.82,0.0,51851.83,51.2,0.0,0.0,0.0,11820.32,0.0,0.0,0.00,64374.35,40528.34,0.00,179632.92,25988.90
CZ05/Htl&0&cDXGF&Ex&Fenest__ManufWin/Msr1HtlAOE/instance-out.sql,495155.49,43177.7,59311.78,125722.95,0.0,205621.82,0.0,49428.35,51.97,0.0,0.0,0.0,11840.93,0.0,0.0,0.00,59311.78,43177.70,0.00,179632.92,25988.90
CZ05/Htl&0&cDXGF&Ex&Fenest__ManufWin/Msr2HtlAOE/instance-out.sql,509399.7,39361.38,72130.48,125722.95,0.0,205621.82,0.0,54662.44,54.55,0.0,0.0,0.0,11846.08,0.0,0.0,0.00,72130.48,39361.38,0.00,179632.92,25988.90
CZ06/Htl&0&cDXGF&Ex&Fenest__ManufWin/ExHtlStdDefault/instance-out.sql,514899.3,18507.28,98517.84,125722.95,0.0,205621.82,0.0,55464.64,55.03,0.0,0.0,0.0,11009.74,0.0,0.0,0.00,98517.84,18507.28,0.00,179632.92,25988.90
CZ06/Htl&0&cDXGF&Ex&Fenest__ManufWin/Msr1HtlNR/instance-out.sql,496624.77,20270.11,83149.66,125722.95,0.0,205621.82,0.0,50807.02,56.45,0.0,0.0,0.0,10996.76,0.0,0.0,0.00,83149.66,20270.11,0.00,179632.92,25988.90
CZ06/Htl&0&cDXGF&Ex&Fenest__ManufWin/Msr2HtlNR/instance-out.sql,482101.37,21238.02,71854.14,125722.95,0.0,205621.82,0.0,46643.4,54.67,0.0,0.0,0.0,10966.38,0.0,0.0,0.00,71854.14,21238.02,0.00,179632.92,25988.90
CZ06/Htl&0&cDXGF&Ex&Fenest__ManufWin/Msr3HtlNR/instance-out.sql,517469.19,18840.42,99337.73,125722.95,0.0,205621.82,0.0,56914.4,59.07,0.0,0.0,0.0,10972.8,0.0,0.0,0.00,99337.73,18840.42,0.00,179632.92,25988.90
CZ06/Htl&0&cDXGF&Ex&Fenest__ManufWin/Msr1HtlAOE/instance-out.sql,510837.35,19577.47,94162.85,125722.95,0.0,205621.82,0.0,54634.79,58.79,0.0,0.0,0.0,11058.68,0.0,0.0,0.00,94162.85,19577.47,0.00,179632.92,25988.90
CZ06/Htl&0&cDXGF&Ex&Fenest__ManufWin/Msr2HtlAOE/instance-out.sql,527823.4400000001,17486.17,107882.39,125722.95,0.0,205621.82,0.0,60079.38,60.37,0.0,0.0,0.0,10970.36,0.0,0.0,0.00,107882.39,17486.17,0.00,179632.92,25988.90
CZ07/Htl&0&cDXGF&Ex&Fenest__ManufWin/ExHtlStdDefault/instance-out.sql,523897.02,23451.03,101875.58,125722.95,0.0,205621.82,0.0,56261.12,56.94,0.0,0.0,0.0,10907.59,0.0,0.0,0.00,101875.58,23451.03,0.00,179632.92,25988.90
CZ07/Htl&0&cDXGF&Ex&Fenest__ManufWin/Msr1HtlNR/instance-out.sql,503325.72000000003,22009.83,87973.65,125722.95,0.0,205621.82,0.0,51021.12,54.64,0.0,0.0,0.0,10921.72,0.0,0.0,0.00,87973.65,22009.83,0.00,179632.92,25988.90
CZ07/Htl&0&cDXGF&Ex&Fenest__ManufWin/Msr2HtlNR/instance-out.sql,495638.68,25505.75,79379.84,125722.95,0.0,205621.82,0.0,48444.51,57.36,0.0,0.0,0.0,10906.45,0.0,0.0,0.00,79379.84,25505.75,0.00,179632.92,25988.90
CZ07/Htl&0&cDXGF&Ex&Fenest__ManufWin/Msr3HtlNR/instance-out.sql,523846.72,20849.17,103500.45,125722.95,0.0,205621.82,0.0,57242.81,57.73,0.0,0.0,0.0,10851.8,0.0,0.0,0.00,103500.45,20849.17,0.00,179632.92,25988.90
CZ07/Htl&0&cDXGF&Ex&Fenest__ManufWin/Msr1HtlAOE/instance-out.sql,518359.25,21983.53,98818.11,125722.95,0.0,205621.82,0.0,55237.21,55.58,0.0,0.0,0.0,10920.05,0.0,0.0,0.00,98818.11,21983.53,0.00,179632.92,25988.90
CZ07/Htl&0&cDXGF&Ex&Fenest__ManufWin/Msr2HtlAOE/instance-out.sql,531994.24,21520.91,108744.88,125722.95,0.0,205621.82,0.0,59428.69,57.45,0.0,0.0,0.0,10897.55,0.0,0.0,0.00,108744.88,21520.91,0.00,179632.92,25988.90
CZ08/Htl&0&cDXGF&Ex&Fenest__ManufWin/ExHtlStdDefault/instance-out.sql,563309.11,34563.3,123380.07,125722.95,0.0,205621.82,0.0,63111.27,82.66,0.0,0.0,0.0,10827.05,0.0,0.0,0.00,123380.07,34563.30,0.00,179632.92,25988.90
CZ08/Htl&0&cDXGF&Ex&Fenest__ManufWin/Msr1HtlNR/instance-out.sql,537934.98,37089.3,103407.15,125722.95,0.0,205621.82,0.0,55164.07,82.88,0.0,0.0,0.0,10846.8,0.0,0.0,0.00,103407.15,37089.30,0.00,179632.92,25988.90
CZ08/Htl&0&cDXGF&Ex&Fenest__ManufWin/Msr2HtlNR/instance-out.sql,531936.7,41842.35,94398.16,125722.95,0.0,205621.82,0.0,53443.17,85.54,0.0,0.0,0.0,10822.71,0.0,0.0,0.00,94398.16,41842.35,0.00,179632.92,25988.90
CZ08/Htl&0&cDXGF&Ex&Fenest__ManufWin/Msr3HtlNR/instance-out.sql,560282.41,34712.17,120642.69,125722.95,0.0,205621.82,0.0,62538.07,87.81,0.0,0.0,0.0,10956.89,0.0,0.0,0.00,120642.69,34712.17,0.00,179632.92,25988.90
CZ08/Htl&0&cDXGF&Ex&Fenest__ManufWin/Msr1HtlAOE/instance-out.sql,554405.72,35503.91,115879.08,125722.95,0.0,205621.82,0.0,60752.36,84.97,0.0,0.0,0.0,10840.63,0.0,0.0,0.00,115879.08,35503.91,0.00,179632.92,25988.90
CZ08/Htl&0&cDXGF&Ex&Fenest__ManufWin/Msr2HtlAOE/instance-out.sql,567920.72,31819.76,129545.52,125722.95,0.0,205621.82,0.0,64270.04,85.04,0.0,0.0,0.0,10855.59,0.0,0.0,0.00,129545.52,31819.76,0.00,179632.92,25988.90
CZ09/Htl&0&cDXGF&Ex&Fenest__ManufWin/ExHtlStdDefault/instance-out.sql,575494.09,32770.32,135307.61,125722.95,0.0,205621.82,0.0,65177.3,86.45,0.0,0.0,0.0,10807.64,0.0,0.0,0.00,135307.61,32770.32,0.00,179632.92,25988.90
CZ09/Htl&0&cDXGF&Ex&Fenest__ManufWin/Msr1HtlNR/instance-out.sql,549884.71,35023.68,114814.64,125722.95,0.0,205621.82,0.0,57865.93,87.98,0.0,0.0,0.0,10747.71,0.0,0.0,0.00,114814.64,35023.68,0.00,179632.92,25988.90
CZ09/Htl&0&cDXGF&Ex&Fenest__ManufWin/Msr2HtlNR/instance-out.sql,541841.46,39408.65,104844.14,125722.95,0.0,205621.82,0.0,55449.42,89.44,0.0,0.0,0.0,10705.06,0.0,0.0,0.00,104844.14,39408.65,0.00,179632.92,25988.90
CZ09/Htl&0&cDXGF&Ex&Fenest__ManufWin/Msr3HtlNR/instance-out.sql,572321.76,33398.42,132125.2,125722.95,0.0,205621.82,0.0,64620.19,91.5,0.0,0.0,0.0,10741.68,0.0,0.0,0.00,132125.20,33398.42,0.00,179632.92,25988.90
CZ09/Htl&0&cDXGF&Ex&Fenest__ManufWin/Msr1HtlAOE/instance-out.sql,567226.86,34365.55,127724.99,125722.95,0.0,205621.82,0.0,62919.79,90.13,0.0,0.0,0.0,10781.65,0.0,0.0,0.00,127724.99,34365.55,0.00,179632.92,25988.90
CZ09/Htl&0&cDXGF&Ex&Fenest__ManufWin/Msr2HtlAOE/instance-out.sql,578000.56,30163.22,139582.16,125722.95,0.0,205621.82,0.0,66049.53,88.5,0.0,0.0,0.0,10772.38,0.0,0.0,0.00,139582.16,30163.22,0.00,179632.92,25988.90
CZ10/Htl&0&cDXGF&Ex&Fenest__ManufWin/ExHtlStdDefault/instance-out.sql,629795.5399999999,61679.06,156448.6,125722.95,0.0,205621.82,0.0,69574.17,122.83,0.0,0.0,0.0,10626.13,0.0,0.0,0.00,156448.60,61679.06,0.00,179632.92,25988.90
CZ10/Htl&0&cDXGF&Ex&Fenest__ManufWin/Msr1HtlNR/instance-out.sql,614049.04,66860.36,140183.18,125722.95,0.0,205621.82,0.0,64835.3,126.1,0.0,0.0,0.0,10699.34,0.0,0.0,0.00,140183.18,66860.36,0.00,179632.92,25988.90
CZ10/Htl&0&cDXGF&Ex&Fenest__ManufWin/Msr2HtlNR/instance-out.sql,601555.83,70722.75,127743.21,125722.95,0.0,205621.82,0.0,60951.04,125.19,0.0,0.0,0.0,10668.88,0.0,0.0,0.00,127743.21,70722.75,0.00,179632.92,25988.90
CZ10/Htl&0&cDXGF&Ex&Fenest__ManufWin/Msr3HtlNR/instance-out.sql,629923.47,59915.83,157272.92,125722.95,0.0,205621.82,0.0,70567.22,127.72,0.0,0.0,0.0,10695.01,0.0,0.0,0.00,157272.92,59915.83,0.00,179632.92,25988.90
CZ10/Htl&0&cDXGF&Ex&Fenest__ManufWin/Msr1HtlAOE/instance-out.sql,625735.28,61583.48,153118.74,125722.95,0.0,205621.82,0.0,68888.54,123.97,0.0,0.0,0.0,10675.79,0.0,0.0,0.00,153118.74,61583.48,0.00,179632.92,25988.90
CZ10/Htl&0&cDXGF&Ex&Fenest__ManufWin/Msr2HtlAOE/instance-out.sql,632051.84,59128.35,159699.38,125722.95,0.0,205621.82,0.0,71107.94,126.06,0.0,0.0,0.0,10645.35,0.0,0.0,0.00,159699.38,59128.35,0.00,179632.92,25988.90
CZ11/Htl&0&cDXGF&Ex&Fenest__ManufWin/ExHtlStdDefault/instance-out.sql,708980.35,132555.55,164614.11,125722.95,0.0,205621.82,0.0,69430.14,150.13,0.0,0.0,0.0,10885.65,0.0,0.0,0.00,164614.11,132555.55,0.00,179632.92,25988.90
CZ11/Htl&0&cDXGF&Ex&Fenest__ManufWin/Msr1HtlNR/instance-out.sql,673590.8099999999,124400.88,142848.37,125722.95,0.0,205621.82,0.0,64022.72,149.77,0.0,0.0,0.0,10824.3,0.0,0.0,0.00,142848.37,124400.88,0.00,179632.92,25988.90
CZ11/Htl&0&cDXGF&Ex&Fenest__ManufWin/Msr2HtlNR/instance-out.sql,667326.97,131961.98,131965.59,125722.95,0.0,205621.82,0.0,60982.05,147.63,0.0,0.0,0.0,10924.96,0.0,0.0,0.00,131965.59,131961.98,0.00,179632.92,25988.90
CZ11/Htl&0&cDXGF&Ex&Fenest__ManufWin/Msr3HtlNR/instance-out.sql,684765.0700000001,114756.7,158872.86,125722.95,0.0,205621.82,0.0,68726.34,154.68,0.0,0.0,0.0,10909.72,0.0,0.0,0.00,158872.86,114756.70,0.00,179632.92,25988.90
CZ11/Htl&0&cDXGF&Ex&Fenest__ManufWin/Msr1HtlAOE/instance-out.sql,687432.0700000001,121519.54,155938.63,125722.95,0.0,205621.82,0.0,67545.47,151.65,0.0,0.0,0.0,10932.0,0.0,0.0,0.00,155938.63,121519.54,0.00,179632.92,25988.90
CZ11/Htl&0&cDXGF&Ex&Fenest__ManufWin/Msr2HtlAOE/instance-out.sql,692606.95,114922.99,165074.57,125722.95,0.0,205621.82,0.0,70253.72,153.74,0.0,0.0,0.0,10857.17,0.0,0.0,0.00,165074.57,114922.99,0.00,179632.92,25988.90
CZ12/Htl&0&cDXGF&Ex&Fenest__ManufWin/ExHtlStdDefault/instance-out.sql,660743.55,119150.73,135157.7,125722.95,0.0,205621.82,0.0,63785.64,123.97,0.0,0.0,0.0,11180.75,0.0,0.0,0.00,135157.70,119150.73,0.00,179632.92,25988.90
CZ12/Htl&0&cDXGF&Ex&Fenest__ManufWin/Msr1HtlNR/instance-out.sql,632215.14,109433.12,120099.51,125722.95,0.0,205621.82,0.0,59994.67,119.11,0.0,0.0,0.0,11223.97,0.0,0.0,0.00,120099.51,109433.12,0.00,179632.92,25988.90
CZ12/Htl&0&cDXGF&Ex&Fenest__ManufWin/Msr2HtlNR/instance-out.sql,623570.98,114569.13,109450.63,125722.95,0.0,205621.82,0.0,56832.2,110.97,0.0,0.0,0.0,11263.28,0.0,0.0,0.00,109450.63,114569.13,0.00,179632.92,25988.90
CZ12/Htl&0&cDXGF&Ex&Fenest__ManufWin/Msr3HtlNR/instance-out.sql,645552.04,102598.24,135514.54,125722.95,0.0,205621.82,0.0,64837.51,126.57,0.0,0.0,0.0,11130.42,0.0,0.0,0.00,135514.54,102598.24,0.00,179632.92,25988.90
CZ12/Htl&0&cDXGF&Ex&Fenest__ManufWin/Msr1HtlAOE/instance-out.sql,646348.13,108712.63,131665.67,125722.95,0.0,205621.82,0.0,63340.3,124.27,0.0,0.0,0.0,11160.5,0.0,0.0,0.00,131665.67,108712.63,0.00,179632.92,25988.90
CZ12/Htl&0&cDXGF&Ex&Fenest__ManufWin/Msr2HtlAOE/instance-out.sql,652357.46,105411.2,138751.32,125722.95,0.0,205621.82,0.0,65515.37,126.0,0.0,0.0,0.0,11208.81,0.0,0.0,0.00,138751.32,105411.20,0.00,179632.92,25988.90
CZ13/Htl&0&cDXGF&Ex&Fenest__ManufWin/ExHtlStdDefault/instance-out.sql,712191.54,114441.49,183115.68,125722.95,0.0,205621.82,0.0,72555.82,144.01,0.0,0.0,0.0,10589.79,0.0,0.0,0.00,183115.68,114441.49,0.00,179632.92,25988.90
CZ13/Htl&0&cDXGF&Ex&Fenest__ManufWin/Msr1HtlNR/instance-out.sql,680397.6399999999,112681.72,158928.82,125722.95,0.0,205621.82,0.0,66712.54,147.85,0.0,0.0,0.0,10581.94,0.0,0.0,0.00,158928.82,112681.72,0.00,179632.92,25988.90
CZ13/Htl&0&cDXGF&Ex&Fenest__ManufWin/Msr2HtlNR/instance-out.sql,671635.64,118515.53,147531.6,125722.95,0.0,205621.82,0.0,63501.47,142.89,0.0,0.0,0.0,10599.4,0.0,0.0,0.00,147531.60,118515.53,0.00,179632.92,25988.90
CZ13/Htl&0&cDXGF&Ex&Fenest__ManufWin/Msr3HtlNR/instance-out.sql,693860.77,104773.88,175395.59,125722.95,0.0,205621.82,0.0,71601.2,151.23,0.0,0.0,0.0,10594.11,0.0,0.0,0.00,175395.59,104773.88,0.00,179632.92,25988.90
CZ13/Htl&0&cDXGF&Ex&Fenest__ManufWin/Msr1HtlAOE/instance-out.sql,694435.71,109134.13,172722.92,125722.95,0.0,205621.82,0.0,70418.96,148.76,0.0,0.0,0.0,10666.17,0.0,0.0,0.00,172722.92,109134.13,0.00,179632.92,25988.90
CZ13/Htl&0&cDXGF&Ex&Fenest__ManufWin/Msr2HtlAOE/instance-out.sql,702078.2699999999,104026.17,182683.34,125722.95,0.0,205621.82,0.0,73332.2,149.78,0.0,0.0,0.0,10542.02,0.0,0.0,0.00,182683.34,104026.17,0.00,179632.92,25988.90
CZ14/Htl&0&cDXGF&Ex&Fenest__ManufWin/ExHtlStdDefault/instance-out.sql,745890.91,111183.58,216660.56,125722.95,0.0,205621.82,0.0,76438.61,165.47,0.0,0.0,0.0,10097.92,0.0,0.0,0.00,216660.56,111183.58,0.00,179632.92,25988.90
CZ14/Htl&0&cDXGF&Ex&Fenest__ManufWin/Msr1HtlNR/instance-out.sql,714208.28,110829.93,190971.18,125722.95,0.0,205621.82,0.0,70858.66,168.8,0.0,0.0,0.0,10034.94,0.0,0.0,0.00,190971.18,110829.93,0.00,179632.92,25988.90
CZ14/Htl&0&cDXGF&Ex&Fenest__ManufWin/Msr2HtlNR/instance-out.sql,703752.6200000001,117193.84,177955.3,125722.95,0.0,205621.82,0.0,67052.95,166.68,0.0,0.0,0.0,10039.09,0.0,0.0,0.00,177955.30,117193.84,0.00,179632.92,25988.90
CZ14/Htl&0&cDXGF&Ex&Fenest__ManufWin/Msr3HtlNR/instance-out.sql,731791.89,103253.41,210257.77,125722.95,0.0,205621.82,0.0,76724.04,172.1,0.0,0.0,0.0,10039.81,0.0,0.0,0.00,210257.77,103253.41,0.00,179632.92,25988.90
CZ14/Htl&0&cDXGF&Ex&Fenest__ManufWin/Msr1HtlAOE/instance-out.sql,729944.6799999999,105132.43,207864.14,125722.95,0.0,205621.82,0.0,75358.51,169.18,0.0,0.0,0.0,10075.65,0.0,0.0,0.00,207864.14,105132.43,0.00,179632.92,25988.90
CZ14/Htl&0&cDXGF&Ex&Fenest__ManufWin/Msr2HtlAOE/instance-out.sql,735840.13,103367.52,213723.5,125722.95,0.0,205621.82,0.0,77113.28,170.48,0.0,0.0,0.0,10120.58,0.0,0.0,0.00,213723.50,103367.52,0.00,179632.92,25988.90
CZ15/Htl&0&cDXGF&Ex&Fenest__ManufWin/ExHtlStdDefault/instance-out.sql,811098.8400000001,87174.7,297374.68,125722.95,0.0,205621.82,0.0,86006.79,176.68,0.0,0.0,0.0,9021.22,0.0,0.0,0.00,297374.68,87174.70,0.00,179632.92,25988.90
CZ15/Htl&0&cDXGF&Ex&Fenest__ManufWin/Msr1HtlNR/instance-out.sql,765355.24,85803.85,260385.22,125722.95,0.0,205621.82,0.0,78566.08,173.87,0.0,0.0,0.0,9081.45,0.0,0.0,0.00,260385.22,85803.85,0.00,179632.92,25988.90
CZ15/Htl&0&cDXGF&Ex&Fenest__ManufWin/Msr2HtlNR/instance-out.sql,748097.76,88108.5,244822.84,125722.95,0.0,205621.82,0.0,74569.81,169.65,0.0,0.0,0.0,9082.19,0.0,0.0,0.00,244822.84,88108.50,0.00,179632.92,25988.90
CZ15/Htl&0&cDXGF&Ex&Fenest__ManufWin/Msr3HtlNR/instance-out.sql,789663.5599999999,82065.94,282841.86,125722.95,0.0,205621.82,0.0,84231.13,179.5,0.0,0.0,0.0,9000.37,0.0,0.0,0.00,282841.86,82065.94,0.00,179632.92,25988.90
CZ15/Htl&0&cDXGF&Ex&Fenest__ManufWin/Msr1HtlAOE/instance-out.sql,791520.51,84544.63,282828.77,125722.95,0.0,205621.82,0.0,83544.0,176.85,0.0,0.0,0.0,9081.51,0.0,0.0,0.00,282828.77,84544.63,0.00,179632.92,25988.90
CZ15/Htl&0&cDXGF&Ex&Fenest__ManufWin/Msr2HtlAOE/instance-out.sql,796083.17,83753.9,287088.2,125722.95,0.0,205621.82,0.0,84655.24,178.24,0.0,0.0,0.0,9062.81,0.0,0.0,0.00,287088.20,83753.90,0.00,179632.92,25988.90
CZ16/Htl&0&cDXGF&Ex&Fenest__ManufWin/ExHtlStdDefault/instance-out.sql,716372.79,160594.36,137334.68,125722.95,0.0,205621.82,0.0,75098.44,153.3,0.0,0.0,0.0,11847.25,0.0,0.0,0.00,137334.68,160594.36,0.00,179632.92,25988.90
CZ16/Htl&0&cDXGF&Ex&Fenest__ManufWin/Msr1HtlNR/instance-out.sql,673669.16,143455.28,118167.09,125722.95,0.0,205621.82,0.0,68813.24,150.11,0.0,0.0,0.0,11738.67,0.0,0.0,0.00,118167.09,143455.28,0.00,179632.92,25988.90
CZ16/Htl&0&cDXGF&Ex&Fenest__ManufWin/Msr2HtlNR/instance-out.sql,672454.87,156556.26,107771.24,125722.95,0.0,205621.82,0.0,64882.72,147.67,0.0,0.0,0.0,11752.22,0.0,0.0,0.00,107771.24,156556.26,0.00,179632.92,25988.90
CZ16/Htl&0&cDXGF&Ex&Fenest__ManufWin/Msr3HtlNR/instance-out.sql,682138.36,129559.52,134244.52,125722.95,0.0,205621.82,0.0,75083.35,152.44,0.0,0.0,0.0,11753.77,0.0,0.0,0.00,134244.52,129559.52,0.00,179632.92,25988.90
CZ16/Htl&0&cDXGF&Ex&Fenest__ManufWin/Msr1HtlAOE/instance-out.sql,686503.6799999999,140008.56,130165.17,125722.95,0.0,205621.82,0.0,73117.4,151.41,0.0,0.0,0.0,11716.38,0.0,0.0,0.00,130165.17,140008.56,0.00,179632.92,25988.90
CZ16/Htl&0&cDXGF&Ex&Fenest__ManufWin/Msr2HtlAOE/instance-out.sql,694687.29,132541.61,141393.42,125722.95,0.0,205621.82,0.0,77384.63,151.49,0.0,0.0,0.0,11871.39,0.0,0.0,0.00,141393.42,132541.61,0.00,179632.92,25988.90

File Name,Electricity (kWh),Natural Gas (kWh)
CZ01/Htl&0&cDXGF&Ex&Fenest__ManufWin/ExHtlStdDefault/instance-out.sql,370490.92,144089.31
CZ01/Htl&0&cDXGF&Ex&Fenest__ManufWin/Msr1HtlNR/instance-out.sql,369234.33,125572.94
CZ01/Htl&0&cDXGF&Ex&Fenest__ManufWin/Msr2HtlNR/instance-out.sql,362415.60,138348.84
CZ01/Htl&0&cDXGF&Ex&Fenest__ManufWin/Msr3HtlNR/instance-out.sql,380290.15,111441.90
CZ01/Htl&0&cDXGF&Ex&Fenest__ManufWin/Msr1HtlAOE/instance-out.sql,374047.83,122864.43
CZ01/Htl&0&cDXGF&Ex&Fenest__ManufWin/Msr2HtlAOE/instance-out.sql,381652.18,114150.62
CZ02/Htl&0&cDXGF&Ex&Fenest__ManufWin/ExHtlStdDefault/instance-out.sql,430797.35,124714.54
CZ02/Htl&0&cDXGF&Ex&Fenest__ManufWin/Msr1HtlNR/instance-out.sql,417099.28,114416.58
CZ02/Htl&0&cDXGF&Ex&Fenest__ManufWin/Msr2HtlNR/instance-out.sql,408253.97,122556.56
CZ02/Htl&0&cDXGF&Ex&Fenest__ManufWin/Msr3HtlNR/instance-out.sql,435908.22,108621.55
CZ02/Htl&0&cDXGF&Ex&Fenest__ManufWin/Msr1HtlAOE/instance-out.sql,429103.36,114688.08
CZ02/Htl&0&cDXGF&Ex&Fenest__ManufWin/Msr2HtlAOE/instance-out.sql,441574.62,107626.60
CZ03/Htl&0&cDXGF&Ex&Fenest__ManufWin/ExHtlStdDefault/instance-out.sql,408324.12,81917.30
CZ03/Htl&0&cDXGF&Ex&Fenest__ManufWin/Msr1HtlNR/instance-out.sql,395554.92,79820.13
CZ03/Htl&0&cDXGF&Ex&Fenest__ManufWin/Msr2HtlNR/instance-out.sql,386678.39,85907.91
CZ03/Htl&0&cDXGF&Ex&Fenest__ManufWin/Msr3HtlNR/instance-out.sql,412647.63,74291.11
CZ03/Htl&0&cDXGF&Ex&Fenest__ManufWin/Msr1HtlAOE/instance-out.sql,405779.59,78567.97
CZ03/Htl&0&cDXGF&Ex&Fenest__ManufWin/Msr2HtlAOE/instance-out.sql,422390.71,71819.55
CZ04/Htl&0&cDXGF&Ex&Fenest__ManufWin/ExHtlStdDefault/instance-out.sql,446694.86,90793.03
CZ04/Htl&0&cDXGF&Ex&Fenest__ManufWin/Msr1HtlNR/instance-out.sql,433255.38,93218.61
CZ04/Htl&0&cDXGF&Ex&Fenest__ManufWin/Msr2HtlNR/instance-out.sql,420981.79,98158.72
CZ04/Htl&0&cDXGF&Ex&Fenest__ManufWin/Msr3HtlNR/instance-out.sql,449735.99,86666.75
CZ04/Htl&0&cDXGF&Ex&Fenest__ManufWin/Msr1HtlAOE/instance-out.sql,443092.30,89572.01
CZ04/Htl&0&cDXGF&Ex&Fenest__ManufWin/Msr2HtlAOE/instance-out.sql,460578.07,85614.39
CZ05/Htl&0&cDXGF&Ex&Fenest__ManufWin/ExHtlStdDefault/instance-out.sql,417110.56,83481.69
CZ05/Htl&0&cDXGF&Ex&Fenest__ManufWin/Msr1HtlNR/instance-out.sql,404249.64,83531.56
CZ05/Htl&0&cDXGF&Ex&Fenest__ManufWin/Msr2HtlNR/instance-out.sql,392586.90,87729.48
CZ05/Htl&0&cDXGF&Ex&Fenest__ManufWin/Msr3HtlNR/instance-out.sql,421633.24,78337.56
CZ05/Htl&0&cDXGF&Ex&Fenest__ManufWin/Msr1HtlAOE/instance-out.sql,414147.96,81007.53
CZ05/Htl&0&cDXGF&Ex&Fenest__ManufWin/Msr2HtlAOE/instance-out.sql,432203.34,77196.36
CZ06/Htl&0&cDXGF&Ex&Fenest__ManufWin/ExHtlStdDefault/instance-out.sql,459393.38,55505.92
CZ06/Htl&0&cDXGF&Ex&Fenest__ManufWin/Msr1HtlNR/instance-out.sql,439369.00,57255.77
CZ06/Htl&0&cDXGF&Ex&Fenest__ManufWin/Msr2HtlNR/instance-out.sql,423908.08,58193.29
CZ06/Htl&0&cDXGF&Ex&Fenest__ManufWin/Msr3HtlNR/instance-out.sql,461667.08,55802.11
CZ06/Htl&0&cDXGF&Ex&Fenest__ManufWin/Msr1HtlAOE/instance-out.sql,454212.30,56625.05
CZ06/Htl&0&cDXGF&Ex&Fenest__ManufWin/Msr2HtlAOE/instance-out.sql,473378.01,54445.43
CZ07/Htl&0&cDXGF&Ex&Fenest__ManufWin/ExHtlStdDefault/instance-out.sql,463549.51,60347.51
CZ07/Htl&0&cDXGF&Ex&Fenest__ManufWin/Msr1HtlNR/instance-out.sql,444405.28,58920.44
CZ07/Htl&0&cDXGF&Ex&Fenest__ManufWin/Msr2HtlNR/instance-out.sql,433237.58,62401.10
CZ07/Htl&0&cDXGF&Ex&Fenest__ManufWin/Msr3HtlNR/instance-out.sql,466156.85,57689.87
CZ07/Htl&0&cDXGF&Ex&Fenest__ManufWin/Msr1HtlAOE/instance-out.sql,459466.78,58892.47
CZ07/Htl&0&cDXGF&Ex&Fenest__ManufWin/Msr2HtlAOE/instance-out.sql,473586.89,58407.35
CZ08/Htl&0&cDXGF&Ex&Fenest__ManufWin/ExHtlStdDefault/instance-out.sql,491929.86,71379.25
CZ08/Htl&0&cDXGF&Ex&Fenest__ManufWin/Msr1HtlNR/instance-out.sql,464009.98,73925.00
CZ08/Htl&0&cDXGF&Ex&Fenest__ManufWin/Msr2HtlNR/instance-out.sql,453282.74,78653.96
CZ08/Htl&0&cDXGF&Ex&Fenest__ManufWin/Msr3HtlNR/instance-out.sql,488624.44,71657.97
CZ08/Htl&0&cDXGF&Ex&Fenest__ManufWin/Msr1HtlAOE/instance-out.sql,482072.28,72333.44
CZ08/Htl&0&cDXGF&Ex&Fenest__ManufWin/Msr2HtlAOE/instance-out.sql,499256.47,68664.25
CZ09/Htl&0&cDXGF&Ex&Fenest__ManufWin/ExHtlStdDefault/instance-out.sql,505927.23,69566.86
CZ09/Htl&0&cDXGF&Ex&Fenest__ManufWin/Msr1HtlNR/instance-out.sql,478124.42,71760.29
CZ09/Htl&0&cDXGF&Ex&Fenest__ManufWin/Msr2HtlNR/instance-out.sql,465738.86,76102.60
CZ09/Htl&0&cDXGF&Ex&Fenest__ManufWin/Msr3HtlNR/instance-out.sql,502192.77,70128.99
CZ09/Htl&0&cDXGF&Ex&Fenest__ManufWin/Msr1HtlAOE/instance-out.sql,496090.77,71136.09
CZ09/Htl&0&cDXGF&Ex&Fenest__ManufWin/Msr2HtlAOE/instance-out.sql,511076.06,66924.50
CZ10/Htl&0&cDXGF&Ex&Fenest__ManufWin/ExHtlStdDefault/instance-out.sql,531501.46,98294.08
CZ10/Htl&0&cDXGF&Ex&Fenest__ManufWin/Msr1HtlNR/instance-out.sql,510500.45,103548.59
CZ10/Htl&0&cDXGF&Ex&Fenest__ManufWin/Msr2HtlNR/instance-out.sql,494175.30,107380.53
CZ10/Htl&0&cDXGF&Ex&Fenest__ManufWin/Msr3HtlNR/instance-out.sql,533323.73,96599.74
CZ10/Htl&0&cDXGF&Ex&Fenest__ManufWin/Msr1HtlAOE/instance-out.sql,527487.12,98248.16
CZ10/Htl&0&cDXGF&Ex&Fenest__ManufWin/Msr2HtlAOE/instance-out.sql,536289.25,95762.59
CZ11/Htl&0&cDXGF&Ex&Fenest__ManufWin/ExHtlStdDefault/instance-out.sql,539550.25,169430.10
CZ11/Htl&0&cDXGF&Ex&Fenest__ManufWin/Msr1HtlNR/instance-out.sql,512376.73,161214.08
CZ11/Htl&0&cDXGF&Ex&Fenest__ManufWin/Msr2HtlNR/instance-out.sql,498451.13,168875.84
CZ11/Htl&0&cDXGF&Ex&Fenest__ManufWin/Msr3HtlNR/instance-out.sql,533109.76,151655.31
CZ11/Htl&0&cDXGF&Ex&Fenest__ManufWin/Msr1HtlAOE/instance-out.sql,528991.63,158440.44
CZ11/Htl&0&cDXGF&Ex&Fenest__ManufWin/Msr2HtlAOE/instance-out.sql,540837.90,151769.05
CZ12/Htl&0&cDXGF&Ex&Fenest__ManufWin/ExHtlStdDefault/instance-out.sql,504423.17,156320.38
CZ12/Htl&0&cDXGF&Ex&Fenest__ManufWin/Msr1HtlNR/instance-out.sql,485569.16,146645.98
CZ12/Htl&0&cDXGF&Ex&Fenest__ManufWin/Msr2HtlNR/instance-out.sql,471749.66,151821.32
CZ12/Htl&0&cDXGF&Ex&Fenest__ManufWin/Msr3HtlNR/instance-out.sql,505834.48,139717.56
CZ12/Htl&0&cDXGF&Ex&Fenest__ManufWin/Msr1HtlAOE/instance-out.sql,500486.10,145862.03
CZ12/Htl&0&cDXGF&Ex&Fenest__ManufWin/Msr2HtlAOE/instance-out.sql,509748.56,142608.90
CZ13/Htl&0&cDXGF&Ex&Fenest__ManufWin/ExHtlStdDefault/instance-out.sql,561171.37,151020.17
CZ13/Htl&0&cDXGF&Ex&Fenest__ManufWin/Msr1HtlNR/instance-out.sql,531145.08,149252.56
CZ13/Htl&0&cDXGF&Ex&Fenest__ManufWin/Msr2HtlNR/instance-out.sql,516531.82,155103.82
CZ13/Htl&0&cDXGF&Ex&Fenest__ManufWin/Msr3HtlNR/instance-out.sql,552503.88,141356.89
CZ13/Htl&0&cDXGF&Ex&Fenest__ManufWin/Msr1HtlAOE/instance-out.sql,548646.51,145789.20
CZ13/Htl&0&cDXGF&Ex&Fenest__ManufWin/Msr2HtlAOE/instance-out.sql,561521.19,140557.08
CZ14/Htl&0&cDXGF&Ex&Fenest__ManufWin/ExHtlStdDefault/instance-out.sql,598620.51,147270.40
CZ14/Htl&0&cDXGF&Ex&Fenest__ManufWin/Msr1HtlNR/instance-out.sql,567354.51,146853.77
CZ14/Htl&0&cDXGF&Ex&Fenest__ManufWin/Msr2HtlNR/instance-out.sql,550530.80,153221.82
CZ14/Htl&0&cDXGF&Ex&Fenest__ManufWin/Msr3HtlNR/instance-out.sql,592509.78,139282.11
CZ14/Htl&0&cDXGF&Ex&Fenest__ManufWin/Msr1HtlAOE/instance-out.sql,588747.70,141196.98
CZ14/Htl&0&cDXGF&Ex&Fenest__ManufWin/Msr2HtlAOE/instance-out.sql,596363.14,139476.99
CZ15/Htl&0&cDXGF&Ex&Fenest__ManufWin/ExHtlStdDefault/instance-out.sql,688914.02,122184.82
CZ15/Htl&0&cDXGF&Ex&Fenest__ManufWin/Msr1HtlNR/instance-out.sql,644481.04,120874.20
CZ15/Htl&0&cDXGF&Ex&Fenest__ManufWin/Msr2HtlNR/instance-out.sql,624918.17,123179.59
CZ15/Htl&0&cDXGF&Ex&Fenest__ManufWin/Msr3HtlNR/instance-out.sql,672608.36,117055.20
CZ15/Htl&0&cDXGF&Ex&Fenest__ManufWin/Msr1HtlAOE/instance-out.sql,671905.48,119615.03
CZ15/Htl&0&cDXGF&Ex&Fenest__ManufWin/Msr2HtlAOE/instance-out.sql,677277.56,118805.61
CZ16/Htl&0&cDXGF&Ex&Fenest__ManufWin/ExHtlStdDefault/instance-out.sql,517942.28,198430.51
CZ16/Htl&0&cDXGF&Ex&Fenest__ManufWin/Msr1HtlNR/instance-out.sql,492486.31,181182.85
CZ16/Htl&0&cDXGF&Ex&Fenest__ManufWin/Msr2HtlNR/instance-out.sql,478157.49,194297.38
CZ16/Htl&0&cDXGF&Ex&Fenest__ManufWin/Msr3HtlNR/instance-out.sql,514836.18,167302.18
CZ16/Htl&0&cDXGF&Ex&Fenest__ManufWin/Msr1HtlAOE/instance-out.sql,508789.85,177713.83
CZ16/Htl&0&cDXGF&Ex&Fenest__ManufWin/Msr2HtlAOE/instance-out.sql,524285.40,170401.89

File Name,Unmet Heating (Hours),Unmet Cooling (Hours)
CZ01/Htl&0&cDXGF&Ex&Fenest__ManufWin/ExHtlStdDefault/instance-out.sql,0.00,0.00
CZ01/Htl&0&cDXGF&Ex&Fenest__ManufWin/Msr1HtlNR/instance-out.sql,0.00,0.00
CZ01/Htl&0&cDXGF&Ex&Fenest__ManufWin/Msr2HtlNR/instance-out.sql,0.00,0.00
CZ01/Htl&0&cDXGF&Ex&Fenest__ManufWin/Msr3HtlNR/instance-out.sql,0.00,0.00
CZ01/Htl&0&cDXGF&Ex&Fenest__ManufWin/Msr1HtlAOE/instance-out.sql,0.00,0.00
CZ01/Htl&0&cDXGF&Ex&Fenest__ManufWin/Msr2HtlAOE/instance-out.sql,0.00,0.00
CZ02/Htl&0&cDXGF&Ex&Fenest__ManufWin/ExHtlStdDefault/instance-out.sql,0.00,0.00
CZ02/Htl&0&cDXGF&Ex&Fenest__ManufWin/Msr1HtlNR/instance-out.sql,0.00,0.00
CZ02/Htl&0&cDXGF&Ex&Fenest__ManufWin/Msr2HtlNR/instance-out.sql,0.00,0.00
CZ02/Htl&0&cDXGF&Ex&Fenest__ManufWin/Msr3HtlNR/instance-out.sql,0.00,0.00
CZ02/Htl&0&cDXGF&Ex&Fenest__ManufWin/Msr1HtlAOE/instance-out.sql,0.00,0.00
CZ02/Htl&0&cDXGF&Ex&Fenest__ManufWin/Msr2HtlAOE/instance-out.sql,0.00,0.00
CZ03/Htl&0&cDXGF&Ex&Fenest__ManufWin/ExHtlStdDefault/instance-out.sql,0.00,0.00
CZ03/Htl&0&cDXGF&Ex&Fenest__ManufWin/Msr1HtlNR/instance-out.sql,0.00,0.00
CZ03/Htl&0&cDXGF&Ex&Fenest__ManufWin/Msr2HtlNR/instance-out.sql,0.00,0.00
CZ03/Htl&0&cDXGF&Ex&Fenest__ManufWin/Msr3HtlNR/instance-out.sql,0.00,0.00
CZ03/Htl&0&cDXGF&Ex&Fenest__ManufWin/Msr1HtlAOE/instance-out.sql,0.00,0.00
CZ03/Htl&0&cDXGF&Ex&Fenest__ManufWin/Msr2HtlAOE/instance-out.sql,0.00,0.00
CZ04/Htl&0&cDXGF&Ex&Fenest__ManufWin/ExHtlStdDefault/instance-out.sql,0.00,0.00
CZ04/Htl&0&cDXGF&Ex&Fenest__ManufWin/Msr1HtlNR/instance-out.sql,0.00,0.00
CZ04/Htl&0&cDXGF&Ex&Fenest__ManufWin/Msr2HtlNR/instance-out.sql,0.00,0.00
CZ04/Htl&0&cDXGF&Ex&Fenest__ManufWin/Msr3HtlNR/instance-out.sql,0.00,1.00
CZ04/Htl&0&cDXGF&Ex&Fenest__ManufWin/Msr1HtlAOE/instance-out.sql,0.00,0.00
CZ04/Htl&0&cDXGF&Ex&Fenest__ManufWin/Msr2HtlAOE/instance-out.sql,0.00,1.00
CZ05/Htl&0&cDXGF&Ex&Fenest__ManufWin/ExHtlStdDefault/instance-out.sql,0.00,8.00
CZ05/Htl&0&cDXGF&Ex&Fenest__ManufWin/Msr1HtlNR/instance-out.sql,0.00,0.00
CZ05/Htl&0&cDXGF&Ex&Fenest__ManufWin/Msr2HtlNR/instance-out.sql,0.00,0.00
CZ05/Htl&0&cDXGF&Ex&Fenest__ManufWin/Msr3HtlNR/instance-out.sql,0.00,1.00
CZ05/Htl&0&cDXGF&Ex&Fenest__ManufWin/Msr1HtlAOE/instance-out.sql,0.00,2.00
CZ05/Htl&0&cDXGF&Ex&Fenest__ManufWin/Msr2HtlAOE/instance-out.sql,0.00,8.00
CZ06/Htl&0&cDXGF&Ex&Fenest__ManufWin/ExHtlStdDefault/instance-out.sql,0.00,13.00
CZ06/Htl&0&cDXGF&Ex&Fenest__ManufWin/Msr1HtlNR/instance-out.sql,0.00,0.00
CZ06/Htl&0&cDXGF&Ex&Fenest__ManufWin/Msr2HtlNR/instance-out.sql,0.00,2.00
CZ06/Htl&0&cDXGF&Ex&Fenest__ManufWin/Msr3HtlNR/instance-out.sql,0.00,5.00
CZ06/Htl&0&cDXGF&Ex&Fenest__ManufWin/Msr1HtlAOE/instance-out.sql,0.00,3.00
CZ06/Htl&0&cDXGF&Ex&Fenest__ManufWin/Msr2HtlAOE/instance-out.sql,0.00,14.00
CZ07/Htl&0&cDXGF&Ex&Fenest__ManufWin/ExHtlStdDefault/instance-out.sql,0.00,6.00
CZ07/Htl&0&cDXGF&Ex&Fenest__ManufWin/Msr1HtlNR/instance-out.sql,0.00,5.00
CZ07/Htl&0&cDXGF&Ex&Fenest__ManufWin/Msr2HtlNR/instance-out.sql,0.00,4.00
CZ07/Htl&0&cDXGF&Ex&Fenest__ManufWin/Msr3HtlNR/instance-out.sql,0.00,3.00
CZ07/Htl&0&cDXGF&Ex&Fenest__ManufWin/Msr1HtlAOE/instance-out.sql,0.00,6.00
CZ07/Htl&0&cDXGF&Ex&Fenest__ManufWin/Msr2HtlAOE/instance-out.sql,0.00,5.00
CZ08/Htl&0&cDXGF&Ex&Fenest__ManufWin/ExHtlStdDefault/instance-out.sql,0.00,3.00
CZ08/Htl&0&cDXGF&Ex&Fenest__ManufWin/Msr1HtlNR/instance-out.sql,0.00,2.00
CZ08/Htl&0&cDXGF&Ex&Fenest__ManufWin/Msr2HtlNR/instance-out.sql,0.00,0.00
CZ08/Htl&0&cDXGF&Ex&Fenest__ManufWin/Msr3HtlNR/instance-out.sql,0.00,1.00
CZ08/Htl&0&cDXGF&Ex&Fenest__ManufWin/Msr1HtlAOE/instance-out.sql,0.00,0.00
CZ08/Htl&0&cDXGF&Ex&Fenest__ManufWin/Msr2HtlAOE/instance-out.sql,0.00,5.00
CZ09/Htl&0&cDXGF&Ex&Fenest__ManufWin/ExHtlStdDefault/instance-out.sql,0.00,5.00
CZ09/Htl&0&cDXGF&Ex&Fenest__ManufWin/Msr1HtlNR/instance-out.sql,0.00,0.00
CZ09/Htl&0&cDXGF&Ex&Fenest__ManufWin/Msr2HtlNR/instance-out.sql,0.00,2.00
CZ09/Htl&0&cDXGF&Ex&Fenest__ManufWin/Msr3HtlNR/instance-out.sql,0.00,4.00
CZ09/Htl&0&cDXGF&Ex&Fenest__ManufWin/Msr1HtlAOE/instance-out.sql,0.00,2.00
CZ09/Htl&0&cDXGF&Ex&Fenest__ManufWin/Msr2HtlAOE/instance-out.sql,0.00,6.00
CZ10/Htl&0&cDXGF&Ex&Fenest__ManufWin/ExHtlStdDefault/instance-out.sql,0.00,3.00
CZ10/Htl&0&cDXGF&Ex&Fenest__ManufWin/Msr1HtlNR/instance-out.sql,0.00,5.00
CZ10/Htl&0&cDXGF&Ex&Fenest__ManufWin/Msr2HtlNR/instance-out.sql,0.00,2.00
CZ10/Htl&0&cDXGF&Ex&Fenest__ManufWin/Msr3HtlNR/instance-out.sql,0.00,5.00
CZ10/Htl&0&cDXGF&Ex&Fenest__ManufWin/Msr1HtlAOE/instance-out.sql,0.00,2.00
CZ10/Htl&0&cDXGF&Ex&Fenest__ManufWin/Msr2HtlAOE/instance-out.sql,0.00,4.00
CZ11/Htl&0&cDXGF&Ex&Fenest__ManufWin/ExHtlStdDefault/instance-out.sql,0.00,4.00
CZ11/Htl&0&cDXGF&Ex&Fenest__ManufWin/Msr1HtlNR/instance-out.sql,0.00,1.00
CZ11/Htl&0&cDXGF&Ex&Fenest__ManufWin/Msr2HtlNR/instance-out.sql,0.00,2.00
CZ11/Htl&0&cDXGF&Ex&Fenest__ManufWin/Msr3HtlNR/instance-out.sql,0.00,1.00
CZ11/Htl&0&cDXGF&Ex&Fenest__ManufWin/Msr1HtlAOE/instance-out.sql,0.00,1.00
CZ11/Htl&0&cDXGF&Ex&Fenest__ManufWin/Msr2HtlAOE/instance-out.sql,0.00,3.00
CZ12/Htl&0&cDXGF&Ex&Fenest__ManufWin/ExHtlStdDefault/instance-out.sql,0.00,0.00
CZ12/Htl&0&cDXGF&Ex&Fenest__ManufWin/Msr1HtlNR/instance-out.sql,0.00,0.00
CZ12/Htl&0&cDXGF&Ex&Fenest__ManufWin/Msr2HtlNR/instance-out.sql,0.00,0.00
CZ12/Htl&0&cDXGF&Ex&Fenest__ManufWin/Msr3HtlNR/instance-out.sql,0.00,0.00
CZ12/Htl&0&cDXGF&Ex&Fenest__ManufWin/Msr1HtlAOE/instance-out.sql,0.00,0.00
CZ12/Htl&0&cDXGF&Ex&Fenest__ManufWin/Msr2HtlAOE/instance-out.sql,0.00,0.00
CZ13/Htl&0&cDXGF&Ex&Fenest__ManufWin/ExHtlStdDefault/instance-out.sql,0.00,2.00
CZ13/Htl&0&cDXGF&Ex&Fenest__ManufWin/Msr1HtlNR/instance-out.sql,0.00,0.00
CZ13/Htl&0&cDXGF&Ex&Fenest__ManufWin/Msr2HtlNR/instance-out.sql,0.00,0.00
CZ13/Htl&0&cDXGF&Ex&Fenest__ManufWin/Msr3HtlNR/instance-out.sql,0.00,0.00
CZ13/Htl&0&cDXGF&Ex&Fenest__ManufWin/Msr1HtlAOE/instance-out.sql,0.00,0.00
CZ13/Htl&0&cDXGF&Ex&Fenest__ManufWin/Msr2HtlAOE/instance-out.sql,0.00,0.00
CZ14/Htl&0&cDXGF&Ex&Fenest__ManufWin/ExHtlStdDefault/instance-out.sql,0.00,9.00
CZ14/Htl&0&cDXGF&Ex&Fenest__ManufWin/Msr1HtlNR/instance-out.sql,0.00,5.00
CZ14/Htl&0&cDXGF&Ex&Fenest__ManufWin/Msr2HtlNR/instance-out.sql,0.00,1.00
CZ14/Htl&0&cDXGF&Ex&Fenest__ManufWin/Msr3HtlNR/instance-out.sql,0.00,3.00
CZ14/Htl&0&cDXGF&Ex&Fenest__ManufWin/Msr1HtlAOE/instance-out.sql,0.00,5.00
CZ14/Htl&0&cDXGF&Ex&Fenest__ManufWin/Msr2HtlAOE/instance-out.sql,0.00,8.00
CZ15/Htl&0&cDXGF&Ex&Fenest__ManufWin/ExHtlStdDefault/instance-out.sql,0.00,9.00
CZ15/Htl&0&cDXGF&Ex&Fenest__ManufWin/Msr1HtlNR/instance-out.sql,0.00,12.00
CZ15/Htl&0&cDXGF&Ex&Fenest__ManufWin/Msr2HtlNR/instance-out.sql,0.00,8.00
CZ15/Htl&0&cDXGF&Ex&Fenest__ManufWin/Msr3HtlNR/instance-out.sql,0.00,19.00
CZ15/Htl&0&cDXGF&Ex&Fenest__ManufWin/Msr1HtlAOE/instance-out.sql,0.00,6.00
CZ15/Htl&0&cDXGF&Ex&Fenest__ManufWin/Msr2HtlAOE/instance-out.sql,0.00,9.00
CZ16/Htl&0&cDXGF&Ex&Fenest__ManufWin/ExHtlStdDefault/instance-out.sql,0.00,2.00
CZ16/Htl&0&cDXGF&Ex&Fenest__ManufWin/Msr1HtlNR/instance-out.sql,0.00,0.00
CZ16/Htl&0&cDXGF&Ex&Fenest__ManufWin/Msr2HtlNR/instance-out.sql,0.00,0.00
CZ16/Htl&0&cDXGF&Ex&Fenest__ManufWin/Msr3HtlNR/instance-out.sql,0.00,0.00
CZ16/Htl&0&cDXGF&Ex&Fenest__ManufWin/Msr1HtlAOE/instance-out.sql,0.00,2.00
CZ16/Htl&0&cDXGF&Ex&Fenest__ManufWin/Msr2HtlAOE/instance-out.sql,0.00,1.00

