File Name,Net Site EUI (kWh/m2),Net Site Energy (kWh),Net Source EUI (kWh/m2),Net Source Energy (kWh)
CZ01/Htl&0&cAVVG&New&Chlr_equip/AirCldScrewChlr-gte150tons-New-9.7EER-16.1IPLV/instance-out.sql,37.43,476847.64,103.85,1322892.29
CZ01/Htl&0&cAVVG&New&Chlr_equip/AirCldScrewChlr-gte150tons-New-10.4EER-18.0IPLV/instance-out.sql,37.38,476128.54,103.66,1320490.47
CZ01/Htl&0&cAVVG&New&Chlr_equip/AirCldScrewChlr-gte150tons-New-10.4EER-19.3IPLV/instance-out.sql,37.36,475974.12,103.62,1319974.71
CZ02/Htl&0&cAVVG&New&Chlr_equip/AirCldScrewChlr-gte150tons-New-9.7EER-16.1IPLV/instance-out.sql,41.51,528741.02,119.53,1522606.93
CZ02/Htl&0&cAVVG&New&Chlr_equip/AirCldScrewChlr-gte150tons-New-10.4EER-18.0IPLV/instance-out.sql,40.75,519096.88,117.00,1490395.52
CZ02/Htl&0&cAVVG&New&Chlr_equip/AirCldScrewChlr-gte150tons-New-10.4EER-19.3IPLV/instance-out.sql,40.60,517220.78,116.51,1484129.32
CZ03/Htl&0&cAVVG&New&Chlr_equip/AirCldScrewChlr-gte150tons-New-9.7EER-16.1IPLV/instance-out.sql,36.53,465357.36,108.66,1384153.62
CZ03/Htl&0&cAVVG&New&Chlr_equip/AirCldScrewChlr-gte150tons-New-10.4EER-18.0IPLV/instance-out.sql,36.04,459142.38,107.03,1363395.56
CZ03/Htl&0&cAVVG&New&Chlr_equip/AirCldScrewChlr-gte150tons-New-10.4EER-19.3IPLV/instance-out.sql,35.94,457855.97,106.69,1359098.97
CZ04/Htl&0&cAVVG&New&Chlr_equip/AirCldScrewChlr-gte150tons-New-9.7EER-16.1IPLV/instance-out.sql,41.33,526472.17,121.83,1551886.28
CZ04/Htl&0&cAVVG&New&Chlr_equip/AirCldScrewChlr-gte150tons-New-10.4EER-18.0IPLV/instance-out.sql,40.46,515373.01,118.92,1514815.11
CZ04/Htl&0&cAVVG&New&Chlr_equip/AirCldScrewChlr-gte150tons-New-10.4EER-19.3IPLV/instance-out.sql,40.29,513231.31,118.35,1507661.83
CZ05/Htl&0&cAVVG&New&Chlr_equip/AirCldScrewChlr-gte150tons-New-9.7EER-16.1IPLV/instance-out.sql,37.26,474608.39,111.19,1416363.76
CZ05/Htl&0&cAVVG&New&Chlr_equip/AirCldScrewChlr-gte150tons-New-10.4EER-18.0IPLV/instance-out.sql,36.67,467160.91,109.23,1391489.21
CZ05/Htl&0&cAVVG&New&Chlr_equip/AirCldScrewChlr-gte150tons-New-10.4EER-19.3IPLV/instance-out.sql,36.55,465633.38,108.83,1386387.23
CZ06/Htl&0&cAVVG&New&Chlr_equip/AirCldScrewChlr-gte150tons-New-9.7EER-16.1IPLV/instance-out.sql,40.85,520374.64,123.86,1577850.34
CZ06/Htl&0&cAVVG&New&Chlr_equip/AirCldScrewChlr-gte150tons-New-10.4EER-18.0IPLV/instance-out.sql,39.75,506346.14,120.19,1530995.17
CZ06/Htl&0&cAVVG&New&Chlr_equip/AirCldScrewChlr-gte150tons-New-10.4EER-19.3IPLV/instance-out.sql,39.53,503539.46,119.45,1521620.86
CZ07/Htl&0&cAVVG&New&Chlr_equip/AirCldScrewChlr-gte150tons-New-9.7EER-16.1IPLV/instance-out.sql,44.40,565560.65,131.38,1673586.36
CZ07/Htl&0&cAVVG&New&Chlr_equip/AirCldScrewChlr-gte150tons-New-10.4EER-18.0IPLV/instance-out.sql,43.16,549837.97,127.26,1621072.59
CZ07/Htl&0&cAVVG&New&Chlr_equip/AirCldScrewChlr-gte150tons-New-10.4EER-19.3IPLV/instance-out.sql,42.92,546783.61,126.46,1610871.02
CZ08/Htl&0&cAVVG&New&Chlr_equip/AirCldScrewChlr-gte150tons-New-9.7EER-16.1IPLV/instance-out.sql,45.13,574904.40,133.77,1704023.97
CZ08/Htl&0&cAVVG&New&Chlr_equip/AirCldScrewChlr-gte150tons-New-10.4EER-18.0IPLV/instance-out.sql,43.82,558201.43,129.39,1648236.06
CZ08/Htl&0&cAVVG&New&Chlr_equip/AirCldScrewChlr-gte150tons-New-10.4EER-19.3IPLV/instance-out.sql,43.57,554995.22,128.55,1637527.31
CZ09/Htl&0&cAVVG&New&Chlr_equip/AirCldScrewChlr-gte150tons-New-9.7EER-16.1IPLV/instance-out.sql,46.68,594673.41,137.75,1754692.88
CZ09/Htl&0&cAVVG&New&Chlr_equip/AirCldScrewChlr-gte150tons-New-10.4EER-18.0IPLV/instance-out.sql,45.27,576716.23,133.04,1694715.87
CZ09/Htl&0&cAVVG&New&Chlr_equip/AirCldScrewChlr-gte150tons-New-10.4EER-19.3IPLV/instance-out.sql,45.01,573309.82,132.15,1683338.49
CZ10/Htl&0&cAVVG&New&Chlr_equip/AirCldScrewChlr-gte150tons-New-9.7EER-16.1IPLV/instance-out.sql,50.72,646103.38,147.94,1884547.52
CZ10/Htl&0&cAVVG&New&Chlr_equip/AirCldScrewChlr-gte150tons-New-10.4EER-18.0IPLV/instance-out.sql,49.08,625213.70,142.46,1814775.99
CZ10/Htl&0&cAVVG&New&Chlr_equip/AirCldScrewChlr-gte150tons-New-10.4EER-19.3IPLV/instance-out.sql,48.78,621390.30,141.46,1802005.82
CZ11/Htl&0&cAVVG&New&Chlr_equip/AirCldScrewChlr-gte150tons-New-9.7EER-16.1IPLV/instance-out.sql,52.33,666623.30,148.74,1894703.90
CZ11/Htl&0&cAVVG&New&Chlr_equip/AirCldScrewChlr-gte150tons-New-10.4EER-18.0IPLV/instance-out.sql,50.77,646726.42,143.52,1828248.34
CZ11/Htl&0&cAVVG&New&Chlr_equip/AirCldScrewChlr-gte150tons-New-10.4EER-19.3IPLV/instance-out.sql,50.49,643175.01,142.59,1816386.62
CZ12/Htl&0&cAVVG&New&Chlr_equip/AirCldScrewChlr-gte150tons-New-9.7EER-16.1IPLV/instance-out.sql,48.55,618468.12,139.12,1772190.68
CZ12/Htl&0&cAVVG&New&Chlr_equip/AirCldScrewChlr-gte150tons-New-10.4EER-18.0IPLV/instance-out.sql,47.19,601163.58,134.58,1714393.53
CZ12/Htl&0&cAVVG&New&Chlr_equip/AirCldScrewChlr-gte150tons-New-10.4EER-19.3IPLV/instance-out.sql,46.94,597981.36,133.75,1703764.92
CZ13/Htl&0&cAVVG&New&Chlr_equip/AirCldScrewChlr-gte150tons-New-9.7EER-16.1IPLV/instance-out.sql,52.99,674963.98,152.41,1941489.67
CZ13/Htl&0&cAVVG&New&Chlr_equip/AirCldScrewChlr-gte150tons-New-10.4EER-18.0IPLV/instance-out.sql,51.28,653203.43,146.70,1868809.44
CZ13/Htl&0&cAVVG&New&Chlr_equip/AirCldScrewChlr-gte150tons-New-10.4EER-19.3IPLV/instance-out.sql,50.97,649296.81,145.68,1855761.35
CZ14/Htl&0&cAVVG&New&Chlr_equip/AirCldScrewChlr-gte150tons-New-9.7EER-16.1IPLV/instance-out.sql,56.69,722134.69,165.23,2104845.43
CZ14/Htl&0&cAVVG&New&Chlr_equip/AirCldScrewChlr-gte150tons-New-10.4EER-18.0IPLV/instance-out.sql,54.62,695731.19,158.31,2016657.76
CZ14/Htl&0&cAVVG&New&Chlr_equip/AirCldScrewChlr-gte150tons-New-10.4EER-19.3IPLV/instance-out.sql,54.25,691116.22,157.10,2001243.74
CZ15/Htl&0&cAVVG&New&Chlr_equip/AirCldScrewChlr-gte150tons-New-9.7EER-16.1IPLV/instance-out.sql,64.65,823575.77,189.40,2412655.34
CZ15/Htl&0&cAVVG&New&Chlr_equip/AirCldScrewChlr-gte150tons-New-10.4EER-18.0IPLV/instance-out.sql,61.70,785934.93,179.53,2286934.95
CZ15/Htl&0&cAVVG&New&Chlr_equip/AirCldScrewChlr-gte150tons-New-10.4EER-19.3IPLV/instance-out.sql,61.18,779375.58,177.81,2265026.73
CZ16/Htl&0&cAVVG&New&Chlr_equip/AirCldScrewChlr-gte150tons-New-9.7EER-16.1IPLV/instance-out.sql,53.84,685901.92,150.28,1914347.27
CZ16/Htl&0&cAVVG&New&Chlr_equip/AirCldScrewChlr-gte150tons-New-10.4EER-18.0IPLV/instance-out.sql,52.36,666957.68,145.31,1851073.52
CZ16/Htl&0&cAVVG&New&Chlr_equip/AirCldScrewChlr-gte150tons-New-10.4EER-19.3IPLV/instance-out.sql,52.09,663506.79,144.41,1839547.53

File Name,Total (kWh),Heating (kWh),Cooling (kWh),Interior Lighting (kWh),Exterior Lighting (kWh),Interior Equipment (kWh),Exterior Equipment (kWh),Fans (kWh),Pumps (kWh),Heat Rejection (kWh),Humidification (kWh),Heat Recovery (kWh),Water Systems (kWh),Refrigeration (kWh),Generators (kWh),Heating Elec (kWh),Cooling Elec (kWh),Heating NG (kWh),Cooling NG (kWh),Interior Equipment Elec (kWh),Interior Equipment NG (kWh)
CZ01/Htl&0&cAVVG&New&Chlr_equip/AirCldScrewChlr-gte150tons-New-9.7EER-16.1IPLV/instance-out.sql,476847.64999999997,78833.08,15810.32,125722.95,0.0,205621.82,0.0,37697.49,330.75,0.0,0.0,0.0,12831.25,0.0,0.0,0.00,15810.32,78833.08,0.00,179632.92,25988.90
CZ01/Htl&0&cAVVG&New&Chlr_equip/AirCldScrewChlr-gte150tons-New-10.4EER-18.0IPLV/instance-out.sql,476128.54,78833.08,15091.21,125722.95,0.0,205621.82,0.0,37697.49,330.75,0.0,0.0,0.0,12831.25,0.0,0.0,0.00,15091.21,78833.08,0.00,179632.92,25988.90
CZ01/Htl&0&cAVVG&New&Chlr_equip/AirCldScrewChlr-gte150tons-New-10.4EER-19.3IPLV/instance-out.sql,475974.12,78833.08,14936.79,125722.95,0.0,205621.82,0.0,37697.49,330.75,0.0,0.0,0.0,12831.25,0.0,0.0,0.00,14936.79,78833.08,0.00,179632.92,25988.90
CZ02/Htl&0&cAVVG&New&Chlr_equip/AirCldScrewChlr-gte150tons-New-9.7EER-16.1IPLV/instance-out.sql,528741.02,68292.7,67622.92,125722.95,0.0,205621.82,0.0,47612.59,2005.7,0.0,0.0,0.0,11862.35,0.0,0.0,0.00,67622.92,68292.70,0.00,179632.92,25988.90
CZ02/Htl&0&cAVVG&New&Chlr_equip/AirCldScrewChlr-gte150tons-New-10.4EER-18.0IPLV/instance-out.sql,519096.89,68292.7,57978.79,125722.95,0.0,205621.82,0.0,47612.59,2005.7,0.0,0.0,0.0,11862.35,0.0,0.0,0.00,57978.79,68292.70,0.00,179632.92,25988.90
CZ02/Htl&0&cAVVG&New&Chlr_equip/AirCldScrewChlr-gte150tons-New-10.4EER-19.3IPLV/instance-out.sql,517220.78,68292.7,56102.68,125722.95,0.0,205621.82,0.0,47612.59,2005.7,0.0,0.0,0.0,11862.35,0.0,0.0,0.00,56102.68,68292.70,0.00,179632.92,25988.90
CZ03/Htl&0&cAVVG&New&Chlr_equip/AirCldScrewChlr-gte150tons-New-9.7EER-16.1IPLV/instance-out.sql,465357.36,36423.3,47292.96,125722.95,0.0,205621.82,0.0,36724.6,1784.2,0.0,0.0,0.0,11787.54,0.0,0.0,0.00,47292.96,36423.30,0.00,179632.92,25988.90
CZ03/Htl&0&cAVVG&New&Chlr_equip/AirCldScrewChlr-gte150tons-New-10.4EER-18.0IPLV/instance-out.sql,459142.38,36423.3,41077.98,125722.95,0.0,205621.82,0.0,36724.6,1784.2,0.0,0.0,0.0,11787.54,0.0,0.0,0.00,41077.98,36423.30,0.00,179632.92,25988.90
CZ03/Htl&0&cAVVG&New&Chlr_equip/AirCldScrewChlr-gte150tons-New-10.4EER-19.3IPLV/instance-out.sql,457855.97,36423.3,39791.57,125722.95,0.0,205621.82,0.0,36724.6,1784.2,0.0,0.0,0.0,11787.54,0.0,0.0,0.00,39791.57,36423.30,0.00,179632.92,25988.90
CZ04/Htl&0&cAVVG&New&Chlr_equip/AirCldScrewChlr-gte150tons-New-9.7EER-16.1IPLV/instance-out.sql,526472.17,52574.2,80269.48,125722.95,0.0,205621.82,0.0,48549.67,2227.04,0.0,0.0,0.0,11507.01,0.0,0.0,0.00,80269.48,52574.20,0.00,179632.92,25988.90
CZ04/Htl&0&cAVVG&New&Chlr_equip/AirCldScrewChlr-gte150tons-New-10.4EER-18.0IPLV/instance-out.sql,515373.01,52574.2,69170.32,125722.95,0.0,205621.82,0.0,48549.67,2227.04,0.0,0.0,0.0,11507.01,0.0,0.0,0.00,69170.32,52574.20,0.00,179632.92,25988.90
CZ04/Htl&0&cAVVG&New&Chlr_equip/AirCldScrewChlr-gte150tons-New-10.4EER-19.3IPLV/instance-out.sql,513231.31,52574.2,67028.62,125722.95,0.0,205621.82,0.0,48549.67,2227.04,0.0,0.0,0.0,11507.01,0.0,0.0,0.00,67028.62,52574.20,0.00,179632.92,25988.90
CZ05/Htl&0&cAVVG&New&Chlr_equip/AirCldScrewChlr-gte150tons-New-9.7EER-16.1IPLV/instance-out.sql,474608.38999999996,35738.72,54810.27,125722.95,0.0,205621.82,0.0,38948.01,1866.58,0.0,0.0,0.0,11900.06,0.0,0.0,0.00,54810.27,35738.72,0.00,179632.92,25988.90
CZ05/Htl&0&cAVVG&New&Chlr_equip/AirCldScrewChlr-gte150tons-New-10.4EER-18.0IPLV/instance-out.sql,467160.91,35738.72,47362.79,125722.95,0.0,205621.82,0.0,38948.01,1866.58,0.0,0.0,0.0,11900.06,0.0,0.0,0.00,47362.79,35738.72,0.00,179632.92,25988.90
CZ05/Htl&0&cAVVG&New&Chlr_equip/AirCldScrewChlr-gte150tons-New-10.4EER-19.3IPLV/instance-out.sql,465633.38,35738.72,45835.25,125722.95,0.0,205621.82,0.0,38948.01,1866.58,0.0,0.0,0.0,11900.06,0.0,0.0,0.00,45835.25,35738.72,0.00,179632.92,25988.90
CZ06/Htl&0&cAVVG&New&Chlr_equip/AirCldScrewChlr-gte150tons-New-9.7EER-16.1IPLV/instance-out.sql,520374.64,32926.57,93161.38,125722.95,0.0,205621.82,0.0,48693.36,3298.81,0.0,0.0,0.0,10949.75,0.0,0.0,0.00,93161.38,32926.57,0.00,179632.92,25988.90
CZ06/Htl&0&cAVVG&New&Chlr_equip/AirCldScrewChlr-gte150tons-New-10.4EER-18.0IPLV/instance-out.sql,506346.14,32926.57,79132.89,125722.95,0.0,205621.82,0.0,48693.36,3298.81,0.0,0.0,0.0,10949.75,0.0,0.0,0.00,79132.89,32926.57,0.00,179632.92,25988.90
CZ06/Htl&0&cAVVG&New&Chlr_equip/AirCldScrewChlr-gte150tons-New-10.4EER-19.3IPLV/instance-out.sql,503539.45999999996,32926.57,76326.21,125722.95,0.0,205621.82,0.0,48693.36,3298.81,0.0,0.0,0.0,10949.75,0.0,0.0,0.00,76326.21,32926.57,0.00,179632.92,25988.90
CZ07/Htl&0&cAVVG&New&Chlr_equip/AirCldScrewChlr-gte150tons-New-9.7EER-16.1IPLV/instance-out.sql,565560.66,57068.82,104740.96,125722.95,0.0,205621.82,0.0,58347.39,3184.37,0.0,0.0,0.0,10874.35,0.0,0.0,0.00,104740.96,57068.82,0.00,179632.92,25988.90
CZ07/Htl&0&cAVVG&New&Chlr_equip/AirCldScrewChlr-gte150tons-New-10.4EER-18.0IPLV/instance-out.sql,549837.97,57068.82,89018.28,125722.95,0.0,205621.82,0.0,58347.39,3184.37,0.0,0.0,0.0,10874.35,0.0,0.0,0.00,89018.28,57068.82,0.00,179632.92,25988.90
CZ07/Htl&0&cAVVG&New&Chlr_equip/AirCldScrewChlr-gte150tons-New-10.4EER-19.3IPLV/instance-out.sql,546783.61,57068.82,85963.92,125722.95,0.0,205621.82,0.0,58347.39,3184.37,0.0,0.0,0.0,10874.35,0.0,0.0,0.00,85963.92,57068.82,0.00,179632.92,25988.90
CZ08/Htl&0&cAVVG&New&Chlr_equip/AirCldScrewChlr-gte150tons-New-9.7EER-16.1IPLV/instance-out.sql,574904.4,57480.48,113753.59,125722.95,0.0,205621.82,0.0,58360.82,3166.04,0.0,0.0,0.0,10798.7,0.0,0.0,0.00,113753.59,57480.48,0.00,179632.92,25988.90
CZ08/Htl&0&cAVVG&New&Chlr_equip/AirCldScrewChlr-gte150tons-New-10.4EER-18.0IPLV/instance-out.sql,558201.4299999999,57480.48,97050.62,125722.95,0.0,205621.82,0.0,58360.82,3166.04,0.0,0.0,0.0,10798.7,0.0,0.0,0.00,97050.62,57480.48,0.00,179632.92,25988.90
CZ08/Htl&0&cAVVG&New&Chlr_equip/AirCldScrewChlr-gte150tons-New-10.4EER-19.3IPLV/instance-out.sql,554995.22,57480.48,93844.41,125722.95,0.0,205621.82,0.0,58360.82,3166.04,0.0,0.0,0.0,10798.7,0.0,0.0,0.00,93844.41,57480.48,0.00,179632.92,25988.90
CZ09/Htl&0&cAVVG&New&Chlr_equip/AirCldScrewChlr-gte150tons-New-9.7EER-16.1IPLV/instance-out.sql,594673.4099999999,64234.95,122850.31,125722.95,0.0,205621.82,0.0,62242.7,3257.98,0.0,0.0,0.0,10742.72,0.0,0.0,0.00,122850.31,64234.95,0.00,179632.92,25988.90
CZ09/Htl&0&cAVVG&New&Chlr_equip/AirCldScrewChlr-gte150tons-New-10.4EER-18.0IPLV/instance-out.sql,576716.22,64234.95,104893.12,125722.95,0.0,205621.82,0.0,62242.7,3257.98,0.0,0.0,0.0,10742.72,0.0,0.0,0.00,104893.12,64234.95,0.00,179632.92,25988.90
CZ09/Htl&0&cAVVG&New&Chlr_equip/AirCldScrewChlr-gte150tons-New-10.4EER-19.3IPLV/instance-out.sql,573309.8200000001,64234.95,101486.72,125722.95,0.0,205621.82,0.0,62242.7,3257.98,0.0,0.0,0.0,10742.72,0.0,0.0,0.00,101486.72,64234.95,0.00,179632.92,25988.90
CZ10/Htl&0&cAVVG&New&Chlr_equip/AirCldScrewChlr-gte150tons-New-9.7EER-16.1IPLV/instance-out.sql,646103.38,82707.6,148390.63,125722.95,0.0,205621.82,0.0,69803.63,3304.33,0.0,0.0,0.0,10552.43,0.0,0.0,0.00,148390.63,82707.60,0.00,179632.92,25988.90
CZ10/Htl&0&cAVVG&New&Chlr_equip/AirCldScrewChlr-gte150tons-New-10.4EER-18.0IPLV/instance-out.sql,625213.7000000001,82707.6,127500.95,125722.95,0.0,205621.82,0.0,69803.63,3304.33,0.0,0.0,0.0,10552.43,0.0,0.0,0.00,127500.95,82707.60,0.00,179632.92,25988.90
CZ10/Htl&0&cAVVG&New&Chlr_equip/AirCldScrewChlr-gte150tons-New-10.4EER-19.3IPLV/instance-out.sql,621390.3,82707.6,123677.55,125722.95,0.0,205621.82,0.0,69803.63,3304.33,0.0,0.0,0.0,10552.43,0.0,0.0,0.00,123677.55,82707.60,0.00,179632.92,25988.90
CZ11/Htl&0&cAVVG&New&Chlr_equip/AirCldScrewChlr-gte150tons-New-9.7EER-16.1IPLV/instance-out.sql,666623.2999999999,107906.78,144920.43,125722.95,0.0,205621.82,0.0,68867.53,2770.39,0.0,0.0,0.0,10813.4,0.0,0.0,0.00,144920.43,107906.78,0.00,179632.92,25988.90
CZ11/Htl&0&cAVVG&New&Chlr_equip/AirCldScrewChlr-gte150tons-New-10.4EER-18.0IPLV/instance-out.sql,646726.4299999999,107906.78,125023.56,125722.95,0.0,205621.82,0.0,68867.53,2770.39,0.0,0.0,0.0,10813.4,0.0,0.0,0.00,125023.56,107906.78,0.00,179632.92,25988.90
CZ11/Htl&0&cAVVG&New&Chlr_equip/AirCldScrewChlr-gte150tons-New-10.4EER-19.3IPLV/instance-out.sql,643175.01,107906.78,121472.14,125722.95,0.0,205621.82,0.0,68867.53,2770.39,0.0,0.0,0.0,10813.4,0.0,0.0,0.00,121472.14,107906.78,0.00,179632.92,25988.90
CZ12/Htl&0&cAVVG&New&Chlr_equip/AirCldScrewChlr-gte150tons-New-9.7EER-16.1IPLV/instance-out.sql,618468.12,90931.53,121402.09,125722.95,0.0,205621.82,0.0,61022.96,2692.07,0.0,0.0,0.0,11074.7,0.0,0.0,0.00,121402.09,90931.53,0.00,179632.92,25988.90
CZ12/Htl&0&cAVVG&New&Chlr_equip/AirCldScrewChlr-gte150tons-New-10.4EER-18.0IPLV/instance-out.sql,601163.5800000001,90931.53,104097.56,125722.95,0.0,205621.82,0.0,61022.96,2692.07,0.0,0.0,0.0,11074.7,0.0,0.0,0.00,104097.56,90931.53,0.00,179632.92,25988.90
CZ12/Htl&0&cAVVG&New&Chlr_equip/AirCldScrewChlr-gte150tons-New-10.4EER-19.3IPLV/instance-out.sql,597981.36,90931.53,100915.34,125722.95,0.0,205621.82,0.0,61022.96,2692.07,0.0,0.0,0.0,11074.7,0.0,0.0,0.00,100915.34,90931.53,0.00,179632.92,25988.90
CZ13/Htl&0&cAVVG&New&Chlr_equip/AirCldScrewChlr-gte150tons-New-9.7EER-16.1IPLV/instance-out.sql,674963.98,99894.05,159649.87,125722.95,0.0,205621.82,0.0,70485.9,3017.91,0.0,0.0,0.0,10571.49,0.0,0.0,0.00,159649.87,99894.05,0.00,179632.92,25988.90
CZ13/Htl&0&cAVVG&New&Chlr_equip/AirCldScrewChlr-gte150tons-New-10.4EER-18.0IPLV/instance-out.sql,653203.4299999999,99894.05,137889.33,125722.95,0.0,205621.82,0.0,70485.9,3017.91,0.0,0.0,0.0,10571.49,0.0,0.0,0.00,137889.33,99894.05,0.00,179632.92,25988.90
CZ13/Htl&0&cAVVG&New&Chlr_equip/AirCldScrewChlr-gte150tons-New-10.4EER-19.3IPLV/instance-out.sql,649296.81,99894.05,133982.71,125722.95,0.0,205621.82,0.0,70485.9,3017.91,0.0,0.0,0.0,10571.49,0.0,0.0,0.00,133982.71,99894.05,0.00,179632.92,25988.90
CZ14/Htl&0&cAVVG&New&Chlr_equip/AirCldScrewChlr-gte150tons-New-9.7EER-16.1IPLV/instance-out.sql,722134.69,97920.71,197025.64,125722.95,0.0,205621.82,0.0,81624.8,4205.82,0.0,0.0,0.0,10012.95,0.0,0.0,0.00,197025.64,97920.71,0.00,179632.92,25988.90
CZ14/Htl&0&cAVVG&New&Chlr_equip/AirCldScrewChlr-gte150tons-New-10.4EER-18.0IPLV/instance-out.sql,695731.19,97920.71,170622.15,125722.95,0.0,205621.82,0.0,81624.8,4205.82,0.0,0.0,0.0,10012.95,0.0,0.0,0.00,170622.15,97920.71,0.00,179632.92,25988.90
CZ14/Htl&0&cAVVG&New&Chlr_equip/AirCldScrewChlr-gte150tons-New-10.4EER-19.3IPLV/instance-out.sql,691116.22,97920.71,166007.17,125722.95,0.0,205621.82,0.0,81624.8,4205.82,0.0,0.0,0.0,10012.95,0.0,0.0,0.00,166007.17,97920.71,0.00,179632.92,25988.90
CZ15/Htl&0&cAVVG&New&Chlr_equip/AirCldScrewChlr-gte150tons-New-9.7EER-16.1IPLV/instance-out.sql,823575.77,112444.18,276725.36,125722.95,0.0,205621.82,0.0,90061.67,3989.47,0.0,0.0,0.0,9010.32,0.0,0.0,0.00,276725.36,112444.18,0.00,179632.92,25988.90
CZ15/Htl&0&cAVVG&New&Chlr_equip/AirCldScrewChlr-gte150tons-New-10.4EER-18.0IPLV/instance-out.sql,785934.93,112444.18,239084.53,125722.95,0.0,205621.82,0.0,90061.67,3989.47,0.0,0.0,0.0,9010.32,0.0,0.0,0.00,239084.53,112444.18,0.00,179632.92,25988.90
CZ15/Htl&0&cAVVG&New&Chlr_equip/AirCldScrewChlr-gte150tons-New-10.4EER-19.3IPLV/instance-out.sql,779375.5800000001,112444.18,232525.18,125722.95,0.0,205621.82,0.0,90061.67,3989.47,0.0,0.0,0.0,9010.32,0.0,0.0,0.00,232525.18,112444.18,0.00,179632.92,25988.90
CZ16/Htl&0&cAVVG&New&Chlr_equip/AirCldScrewChlr-gte150tons-New-9.7EER-16.1IPLV/instance-out.sql,685901.91,126531.23,130983.95,125722.95,0.0,205621.82,0.0,82037.26,3301.06,0.0,0.0,0.0,11703.65,0.0,0.0,0.00,130983.95,126531.23,0.00,179632.92,25988.90
CZ16/Htl&0&cAVVG&New&Chlr_equip/AirCldScrewChlr-gte150tons-New-10.4EER-18.0IPLV/instance-out.sql,666957.68,126531.23,112039.71,125722.95,0.0,205621.82,0.0,82037.26,3301.06,0.0,0.0,0.0,11703.65,0.0,0.0,0.00,112039.71,126531.23,0.00,179632.92,25988.90
CZ16/Htl&0&cAVVG&New&Chlr_equip/AirCldScrewChlr-gte150tons-New-10.4EER-19.3IPLV/instance-out.sql,663506.78,126531.23,108588.82,125722.95,0.0,205621.82,0.0,82037.26,3301.06,0.0,0.0,0.0,11703.65,0.0,0.0,0.00,108588.82,126531.23,0.00,179632.92,25988.90

File Name,Electricity (kWh),Natural Gas (kWh)
CZ01/Htl&0&cAVVG&New&Chlr_equip/AirCldScrewChlr-gte150tons-New-9.7EER-16.1IPLV/instance-out.sql,359194.42,117653.23
CZ01/Htl&0&cAVVG&New&Chlr_equip/AirCldScrewChlr-gte150tons-New-10.4EER-18.0IPLV/instance-out.sql,358475.31,117653.23
CZ01/Htl&0&cAVVG&New&Chlr_equip/AirCldScrewChlr-gte150tons-New-10.4EER-19.3IPLV/instance-out.sql,358320.89,117653.23
CZ02/Htl&0&cAVVG&New&Chlr_equip/AirCldScrewChlr-gte150tons-New-9.7EER-16.1IPLV/instance-out.sql,422597.07,106143.95
CZ02/Htl&0&cAVVG&New&Chlr_equip/AirCldScrewChlr-gte150tons-New-10.4EER-18.0IPLV/instance-out.sql,412952.94,106143.95
CZ02/Htl&0&cAVVG&New&Chlr_equip/AirCldScrewChlr-gte150tons-New-10.4EER-19.3IPLV/instance-out.sql,411076.83,106143.95
CZ03/Htl&0&cAVVG&New&Chlr_equip/AirCldScrewChlr-gte150tons-New-9.7EER-16.1IPLV/instance-out.sql,391157.63,74199.73
CZ03/Htl&0&cAVVG&New&Chlr_equip/AirCldScrewChlr-gte150tons-New-10.4EER-18.0IPLV/instance-out.sql,384942.65,74199.73
CZ03/Htl&0&cAVVG&New&Chlr_equip/AirCldScrewChlr-gte150tons-New-10.4EER-19.3IPLV/instance-out.sql,383656.24,74199.73
CZ04/Htl&0&cAVVG&New&Chlr_equip/AirCldScrewChlr-gte150tons-New-9.7EER-16.1IPLV/instance-out.sql,436402.06,90070.11
CZ04/Htl&0&cAVVG&New&Chlr_equip/AirCldScrewChlr-gte150tons-New-10.4EER-18.0IPLV/instance-out.sql,425302.90,90070.11
CZ04/Htl&0&cAVVG&New&Chlr_equip/AirCldScrewChlr-gte150tons-New-10.4EER-19.3IPLV/instance-out.sql,423161.20,90070.11
CZ05/Htl&0&cAVVG&New&Chlr_equip/AirCldScrewChlr-gte150tons-New-9.7EER-16.1IPLV/instance-out.sql,400980.72,73627.67
CZ05/Htl&0&cAVVG&New&Chlr_equip/AirCldScrewChlr-gte150tons-New-10.4EER-18.0IPLV/instance-out.sql,393533.24,73627.67
CZ05/Htl&0&cAVVG&New&Chlr_equip/AirCldScrewChlr-gte150tons-New-10.4EER-19.3IPLV/instance-out.sql,392005.71,73627.67
CZ06/Htl&0&cAVVG&New&Chlr_equip/AirCldScrewChlr-gte150tons-New-9.7EER-16.1IPLV/instance-out.sql,450509.42,69865.22
CZ06/Htl&0&cAVVG&New&Chlr_equip/AirCldScrewChlr-gte150tons-New-10.4EER-18.0IPLV/instance-out.sql,436480.92,69865.22
CZ06/Htl&0&cAVVG&New&Chlr_equip/AirCldScrewChlr-gte150tons-New-10.4EER-19.3IPLV/instance-out.sql,433674.24,69865.22
CZ07/Htl&0&cAVVG&New&Chlr_equip/AirCldScrewChlr-gte150tons-New-9.7EER-16.1IPLV/instance-out.sql,471628.59,93932.07
CZ07/Htl&0&cAVVG&New&Chlr_equip/AirCldScrewChlr-gte150tons-New-10.4EER-18.0IPLV/instance-out.sql,455905.90,93932.07
CZ07/Htl&0&cAVVG&New&Chlr_equip/AirCldScrewChlr-gte150tons-New-10.4EER-19.3IPLV/instance-out.sql,452851.54,93932.07
CZ08/Htl&0&cAVVG&New&Chlr_equip/AirCldScrewChlr-gte150tons-New-9.7EER-16.1IPLV/instance-out.sql,480636.32,94268.08
CZ08/Htl&0&cAVVG&New&Chlr_equip/AirCldScrewChlr-gte150tons-New-10.4EER-18.0IPLV/instance-out.sql,463933.35,94268.08
CZ08/Htl&0&cAVVG&New&Chlr_equip/AirCldScrewChlr-gte150tons-New-10.4EER-19.3IPLV/instance-out.sql,460727.14,94268.08
CZ09/Htl&0&cAVVG&New&Chlr_equip/AirCldScrewChlr-gte150tons-New-9.7EER-16.1IPLV/instance-out.sql,493706.85,100966.56
CZ09/Htl&0&cAVVG&New&Chlr_equip/AirCldScrewChlr-gte150tons-New-10.4EER-18.0IPLV/instance-out.sql,475749.66,100966.56
CZ09/Htl&0&cAVVG&New&Chlr_equip/AirCldScrewChlr-gte150tons-New-10.4EER-19.3IPLV/instance-out.sql,472343.26,100966.56
CZ10/Htl&0&cAVVG&New&Chlr_equip/AirCldScrewChlr-gte150tons-New-9.7EER-16.1IPLV/instance-out.sql,526854.46,119248.92
CZ10/Htl&0&cAVVG&New&Chlr_equip/AirCldScrewChlr-gte150tons-New-10.4EER-18.0IPLV/instance-out.sql,505964.78,119248.92
CZ10/Htl&0&cAVVG&New&Chlr_equip/AirCldScrewChlr-gte150tons-New-10.4EER-19.3IPLV/instance-out.sql,502141.38,119248.92
CZ11/Htl&0&cAVVG&New&Chlr_equip/AirCldScrewChlr-gte150tons-New-9.7EER-16.1IPLV/instance-out.sql,521914.22,144709.08
CZ11/Htl&0&cAVVG&New&Chlr_equip/AirCldScrewChlr-gte150tons-New-10.4EER-18.0IPLV/instance-out.sql,502017.35,144709.08
CZ11/Htl&0&cAVVG&New&Chlr_equip/AirCldScrewChlr-gte150tons-New-10.4EER-19.3IPLV/instance-out.sql,498465.93,144709.08
CZ12/Htl&0&cAVVG&New&Chlr_equip/AirCldScrewChlr-gte150tons-New-9.7EER-16.1IPLV/instance-out.sql,490472.99,127995.13
CZ12/Htl&0&cAVVG&New&Chlr_equip/AirCldScrewChlr-gte150tons-New-10.4EER-18.0IPLV/instance-out.sql,473168.45,127995.13
CZ12/Htl&0&cAVVG&New&Chlr_equip/AirCldScrewChlr-gte150tons-New-10.4EER-19.3IPLV/instance-out.sql,469986.23,127995.13
CZ13/Htl&0&cAVVG&New&Chlr_equip/AirCldScrewChlr-gte150tons-New-9.7EER-16.1IPLV/instance-out.sql,538509.55,136454.43
CZ13/Htl&0&cAVVG&New&Chlr_equip/AirCldScrewChlr-gte150tons-New-10.4EER-18.0IPLV/instance-out.sql,516749.00,136454.43
CZ13/Htl&0&cAVVG&New&Chlr_equip/AirCldScrewChlr-gte150tons-New-10.4EER-19.3IPLV/instance-out.sql,512842.38,136454.43
CZ14/Htl&0&cAVVG&New&Chlr_equip/AirCldScrewChlr-gte150tons-New-9.7EER-16.1IPLV/instance-out.sql,588212.13,133922.56
CZ14/Htl&0&cAVVG&New&Chlr_equip/AirCldScrewChlr-gte150tons-New-10.4EER-18.0IPLV/instance-out.sql,561808.63,133922.56
CZ14/Htl&0&cAVVG&New&Chlr_equip/AirCldScrewChlr-gte150tons-New-10.4EER-19.3IPLV/instance-out.sql,557193.66,133922.56
CZ15/Htl&0&cAVVG&New&Chlr_equip/AirCldScrewChlr-gte150tons-New-9.7EER-16.1IPLV/instance-out.sql,676132.37,147443.40
CZ15/Htl&0&cAVVG&New&Chlr_equip/AirCldScrewChlr-gte150tons-New-10.4EER-18.0IPLV/instance-out.sql,638491.53,147443.40
CZ15/Htl&0&cAVVG&New&Chlr_equip/AirCldScrewChlr-gte150tons-New-10.4EER-19.3IPLV/instance-out.sql,631932.18,147443.40
CZ16/Htl&0&cAVVG&New&Chlr_equip/AirCldScrewChlr-gte150tons-New-9.7EER-16.1IPLV/instance-out.sql,521678.13,164223.78
CZ16/Htl&0&cAVVG&New&Chlr_equip/AirCldScrewChlr-gte150tons-New-10.4EER-18.0IPLV/instance-out.sql,502733.90,164223.78
CZ16/Htl&0&cAVVG&New&Chlr_equip/AirCldScrewChlr-gte150tons-New-10.4EER-19.3IPLV/instance-out.sql,499283.00,164223.78

File Name,Unmet Heating (Hours),Unmet Cooling (Hours)
CZ01/Htl&0&cAVVG&New&Chlr_equip/AirCldScrewChlr-gte150tons-New-9.7EER-16.1IPLV/instance-out.sql,0.00,0.00
CZ01/Htl&0&cAVVG&New&Chlr_equip/AirCldScrewChlr-gte150tons-New-10.4EER-18.0IPLV/instance-out.sql,0.00,0.00
CZ01/Htl&0&cAVVG&New&Chlr_equip/AirCldScrewChlr-gte150tons-New-10.4EER-19.3IPLV/instance-out.sql,0.00,0.00
CZ02/Htl&0&cAVVG&New&Chlr_equip/AirCldScrewChlr-gte150tons-New-9.7EER-16.1IPLV/instance-out.sql,0.00,0.00
CZ02/Htl&0&cAVVG&New&Chlr_equip/AirCldScrewChlr-gte150tons-New-10.4EER-18.0IPLV/instance-out.sql,0.00,0.00
CZ02/Htl&0&cAVVG&New&Chlr_equip/AirCldScrewChlr-gte150tons-New-10.4EER-19.3IPLV/instance-out.sql,0.00,0.00
CZ03/Htl&0&cAVVG&New&Chlr_equip/AirCldScrewChlr-gte150tons-New-9.7EER-16.1IPLV/instance-out.sql,0.00,0.00
CZ03/Htl&0&cAVVG&New&Chlr_equip/AirCldScrewChlr-gte150tons-New-10.4EER-18.0IPLV/instance-out.sql,0.00,0.00
CZ03/Htl&0&cAVVG&New&Chlr_equip/AirCldScrewChlr-gte150tons-New-10.4EER-19.3IPLV/instance-out.sql,0.00,0.00
CZ04/Htl&0&cAVVG&New&Chlr_equip/AirCldScrewChlr-gte150tons-New-9.7EER-16.1IPLV/instance-out.sql,0.00,0.00
CZ04/Htl&0&cAVVG&New&Chlr_equip/AirCldScrewChlr-gte150tons-New-10.4EER-18.0IPLV/instance-out.sql,0.00,0.00
CZ04/Htl&0&cAVVG&New&Chlr_equip/AirCldScrewChlr-gte150tons-New-10.4EER-19.3IPLV/instance-out.sql,0.00,0.00
CZ05/Htl&0&cAVVG&New&Chlr_equip/AirCldScrewChlr-gte150tons-New-9.7EER-16.1IPLV/instance-out.sql,0.00,0.00
CZ05/Htl&0&cAVVG&New&Chlr_equip/AirCldScrewChlr-gte150tons-New-10.4EER-18.0IPLV/instance-out.sql,0.00,0.00
CZ05/Htl&0&cAVVG&New&Chlr_equip/AirCldScrewChlr-gte150tons-New-10.4EER-19.3IPLV/instance-out.sql,0.00,0.00
CZ06/Htl&0&cAVVG&New&Chlr_equip/AirCldScrewChlr-gte150tons-New-9.7EER-16.1IPLV/instance-out.sql,0.00,0.00
CZ06/Htl&0&cAVVG&New&Chlr_equip/AirCldScrewChlr-gte150tons-New-10.4EER-18.0IPLV/instance-out.sql,0.00,0.00
CZ06/Htl&0&cAVVG&New&Chlr_equip/AirCldScrewChlr-gte150tons-New-10.4EER-19.3IPLV/instance-out.sql,0.00,0.00
CZ07/Htl&0&cAVVG&New&Chlr_equip/AirCldScrewChlr-gte150tons-New-9.7EER-16.1IPLV/instance-out.sql,0.00,0.00
CZ07/Htl&0&cAVVG&New&Chlr_equip/AirCldScrewChlr-gte150tons-New-10.4EER-18.0IPLV/instance-out.sql,0.00,0.00
CZ07/Htl&0&cAVVG&New&Chlr_equip/AirCldScrewChlr-gte150tons-New-10.4EER-19.3IPLV/instance-out.sql,0.00,0.00
CZ08/Htl&0&cAVVG&New&Chlr_equip/AirCldScrewChlr-gte150tons-New-9.7EER-16.1IPLV/instance-out.sql,0.00,0.00
CZ08/Htl&0&cAVVG&New&Chlr_equip/AirCldScrewChlr-gte150tons-New-10.4EER-18.0IPLV/instance-out.sql,0.00,0.00
CZ08/Htl&0&cAVVG&New&Chlr_equip/AirCldScrewChlr-gte150tons-New-10.4EER-19.3IPLV/instance-out.sql,0.00,0.00
CZ09/Htl&0&cAVVG&New&Chlr_equip/AirCldScrewChlr-gte150tons-New-9.7EER-16.1IPLV/instance-out.sql,0.00,0.00
CZ09/Htl&0&cAVVG&New&Chlr_equip/AirCldScrewChlr-gte150tons-New-10.4EER-18.0IPLV/instance-out.sql,0.00,0.00
CZ09/Htl&0&cAVVG&New&Chlr_equip/AirCldScrewChlr-gte150tons-New-10.4EER-19.3IPLV/instance-out.sql,0.00,0.00
CZ10/Htl&0&cAVVG&New&Chlr_equip/AirCldScrewChlr-gte150tons-New-9.7EER-16.1IPLV/instance-out.sql,0.00,0.00
CZ10/Htl&0&cAVVG&New&Chlr_equip/AirCldScrewChlr-gte150tons-New-10.4EER-18.0IPLV/instance-out.sql,0.00,0.00
CZ10/Htl&0&cAVVG&New&Chlr_equip/AirCldScrewChlr-gte150tons-New-10.4EER-19.3IPLV/instance-out.sql,0.00,0.00
CZ11/Htl&0&cAVVG&New&Chlr_equip/AirCldScrewChlr-gte150tons-New-9.7EER-16.1IPLV/instance-out.sql,0.00,0.00
CZ11/Htl&0&cAVVG&New&Chlr_equip/AirCldScrewChlr-gte150tons-New-10.4EER-18.0IPLV/instance-out.sql,0.00,0.00
CZ11/Htl&0&cAVVG&New&Chlr_equip/AirCldScrewChlr-gte150tons-New-10.4EER-19.3IPLV/instance-out.sql,0.00,0.00
CZ12/Htl&0&cAVVG&New&Chlr_equip/AirCldScrewChlr-gte150tons-New-9.7EER-16.1IPLV/instance-out.sql,0.00,0.00
CZ12/Htl&0&cAVVG&New&Chlr_equip/AirCldScrewChlr-gte150tons-New-10.4EER-18.0IPLV/instance-out.sql,0.00,0.00
CZ12/Htl&0&cAVVG&New&Chlr_equip/AirCldScrewChlr-gte150tons-New-10.4EER-19.3IPLV/instance-out.sql,0.00,0.00
CZ13/Htl&0&cAVVG&New&Chlr_equip/AirCldScrewChlr-gte150tons-New-9.7EER-16.1IPLV/instance-out.sql,0.00,0.00
CZ13/Htl&0&cAVVG&New&Chlr_equip/AirCldScrewChlr-gte150tons-New-10.4EER-18.0IPLV/instance-out.sql,0.00,0.00
CZ13/Htl&0&cAVVG&New&Chlr_equip/AirCldScrewChlr-gte150tons-New-10.4EER-19.3IPLV/instance-out.sql,0.00,0.00
CZ14/Htl&0&cAVVG&New&Chlr_equip/AirCldScrewChlr-gte150tons-New-9.7EER-16.1IPLV/instance-out.sql,0.00,0.00
CZ14/Htl&0&cAVVG&New&Chlr_equip/AirCldScrewChlr-gte150tons-New-10.4EER-18.0IPLV/instance-out.sql,0.00,0.00
CZ14/Htl&0&cAVVG&New&Chlr_equip/AirCldScrewChlr-gte150tons-New-10.4EER-19.3IPLV/instance-out.sql,0.00,0.00
CZ15/Htl&0&cAVVG&New&Chlr_equip/AirCldScrewChlr-gte150tons-New-9.7EER-16.1IPLV/instance-out.sql,0.00,0.00
CZ15/Htl&0&cAVVG&New&Chlr_equip/AirCldScrewChlr-gte150tons-New-10.4EER-18.0IPLV/instance-out.sql,0.00,0.00
CZ15/Htl&0&cAVVG&New&Chlr_equip/AirCldScrewChlr-gte150tons-New-10.4EER-19.3IPLV/instance-out.sql,0.00,0.00
CZ16/Htl&0&cAVVG&New&Chlr_equip/AirCldScrewChlr-gte150tons-New-9.7EER-16.1IPLV/instance-out.sql,0.00,0.00
CZ16/Htl&0&cAVVG&New&Chlr_equip/AirCldScrewChlr-gte150tons-New-10.4EER-18.0IPLV/instance-out.sql,0.00,0.00
CZ16/Htl&0&cAVVG&New&Chlr_equip/AirCldScrewChlr-gte150tons-New-10.4EER-19.3IPLV/instance-out.sql,0.00,0.00

