File Name,Net Site EUI (kWh/m2),Net Source EUI (kWh/m2),Total Energy/Net Site Energy (kWh),Total Energy/Net Source Energy (kWh)
CZ10/SFm&1&rDXGF&Ex&Fenes__ManufWin/Default/instance-out.sql,37.37,74.72,28744.72,57468.27
CZ10/SFm&1&rDXGF&Ex&Fenes__ManufWin/Base1.23/instance-out.sql,38.71,76.52,29772.31,58851.00
CZ10/SFm&1&rDXGF&Ex&Fenes__ManufWin/Msr-0.25-0.40/instance-out.sql,35.40,72.03,27230.46,55398.82
CZ10/SFm&1&rDXGF&Ex&Fenes__ManufWin/Msr-0.28-0.23/instance-out.sql,35.52,71.71,27322.34,55157.52
CZ10/SFm&2&rDXGF&Ex&Fenes__ManufWin/Default/instance-out.sql,55.58,116.45,49527.77,103772.47
CZ10/SFm&2&rDXGF&Ex&Fenes__ManufWin/Base1.23/instance-out.sql,58.60,120.40,52223.58,107296.99
CZ10/SFm&2&rDXGF&Ex&Fenes__ManufWin/Msr-0.25-0.40/instance-out.sql,51.14,110.91,45568.33,98836.12
CZ10/SFm&2&rDXGF&Ex&Fenes__ManufWin/Msr-0.28-0.23/instance-out.sql,51.53,108.73,45922.39,96891.08
CZ10/SFm&1&rDXHP&Ex&Fenes__ManufWin/Default/instance-out.sql,37.27,83.78,28664.47,64438.97
CZ10/SFm&1&rDXHP&Ex&Fenes__ManufWin/Base1.23/instance-out.sql,37.90,85.79,29152.96,65980.15
CZ10/SFm&1&rDXHP&Ex&Fenes__ManufWin/Msr-0.25-0.40/instance-out.sql,36.26,80.61,27889.28,62000.28
CZ10/SFm&1&rDXHP&Ex&Fenes__ManufWin/Msr-0.28-0.23/instance-out.sql,36.34,80.87,27952.97,62196.18
CZ10/SFm&2&rDXHP&Ex&Fenes__ManufWin/Default/instance-out.sql,49.67,124.96,44261.06,111354.04
CZ10/SFm&2&rDXHP&Ex&Fenes__ManufWin/Base1.23/instance-out.sql,51.06,129.36,45501.40,115276.83
CZ10/SFm&2&rDXHP&Ex&Fenes__ManufWin/Msr-0.25-0.40/instance-out.sql,47.69,118.72,42500.82,105792.05
CZ10/SFm&2&rDXHP&Ex&Fenes__ManufWin/Msr-0.28-0.23/instance-out.sql,47.44,117.90,42272.94,105062.73
CZ11/SFm&1&rDXGF&Ex&Fenes__ManufWin/Default/instance-out.sql,44.42,85.45,34167.02,65718.37
CZ11/SFm&1&rDXGF&Ex&Fenes__ManufWin/Base1.23/instance-out.sql,47.37,89.59,36431.15,68907.99
CZ11/SFm&1&rDXGF&Ex&Fenes__ManufWin/Msr-0.25-0.40/instance-out.sql,41.62,81.67,32007.78,62814.02
CZ11/SFm&1&rDXGF&Ex&Fenes__ManufWin/Msr-0.28-0.23/instance-out.sql,42.01,81.78,32310.21,62896.01
CZ11/SFm&2&rDXGF&Ex&Fenes__ManufWin/Default/instance-out.sql,77.70,150.47,69240.62,134087.28
CZ11/SFm&2&rDXGF&Ex&Fenes__ManufWin/Base1.23/instance-out.sql,82.71,157.47,73706.97,140327.02
CZ11/SFm&2&rDXGF&Ex&Fenes__ManufWin/Msr-0.25-0.40/instance-out.sql,72.32,143.97,64445.85,128294.59
CZ11/SFm&2&rDXGF&Ex&Fenes__ManufWin/Msr-0.28-0.23/instance-out.sql,70.43,137.64,62759.15,122652.14
CZ11/SFm&1&rDXHP&Ex&Fenes__ManufWin/Default/instance-out.sql,43.24,102.61,33258.34,78917.24
CZ11/SFm&1&rDXHP&Ex&Fenes__ManufWin/Base1.23/instance-out.sql,44.70,107.21,34377.20,82455.89
CZ11/SFm&1&rDXHP&Ex&Fenes__ManufWin/Msr-0.25-0.40/instance-out.sql,41.77,97.96,32126.58,75340.74
CZ11/SFm&1&rDXHP&Ex&Fenes__ManufWin/Msr-0.28-0.23/instance-out.sql,42.08,98.95,32367.83,76101.49
CZ11/SFm&2&rDXHP&Ex&Fenes__ManufWin/Default/instance-out.sql,63.79,169.61,56846.64,151143.37
CZ11/SFm&2&rDXHP&Ex&Fenes__ManufWin/Base1.23/instance-out.sql,66.23,177.33,59021.79,158028.02
CZ11/SFm&2&rDXHP&Ex&Fenes__ManufWin/Msr-0.25-0.40/instance-out.sql,61.41,162.07,54723.35,144426.53
CZ11/SFm&2&rDXHP&Ex&Fenes__ManufWin/Msr-0.28-0.23/instance-out.sql,59.43,155.80,52961.69,138841.52
CZ12/SFm&1&rDXGF&Ex&Fenes__ManufWin/Default/instance-out.sql,42.82,80.29,32930.85,61750.15
CZ12/SFm&1&rDXGF&Ex&Fenes__ManufWin/Base1.23/instance-out.sql,45.42,83.75,34931.11,64413.49
CZ12/SFm&1&rDXGF&Ex&Fenes__ManufWin/Msr-0.25-0.40/instance-out.sql,40.21,77.03,30929.01,59246.54
CZ12/SFm&1&rDXGF&Ex&Fenes__ManufWin/Msr-0.28-0.23/instance-out.sql,40.61,77.12,31235.04,59312.84
CZ12/SFm&2&rDXGF&Ex&Fenes__ManufWin/Default/instance-out.sql,75.49,140.12,67268.88,124865.12
CZ12/SFm&2&rDXGF&Ex&Fenes__ManufWin/Base1.23/instance-out.sql,78.58,144.12,70024.94,128430.46
CZ12/SFm&2&rDXGF&Ex&Fenes__ManufWin/Msr-0.25-0.40/instance-out.sql,69.80,133.83,62203.73,119263.51
CZ12/SFm&2&rDXGF&Ex&Fenes__ManufWin/Msr-0.28-0.23/instance-out.sql,72.03,133.57,64185.82,119029.30
CZ12/SFm&1&rDXHP&Ex&Fenes__ManufWin/Default/instance-out.sql,42.35,99.78,32571.95,76746.79
CZ12/SFm&1&rDXHP&Ex&Fenes__ManufWin/Base1.23/instance-out.sql,43.55,103.59,33498.11,79673.95
CZ12/SFm&1&rDXHP&Ex&Fenes__ManufWin/Msr-0.25-0.40/instance-out.sql,41.05,95.70,31576.20,73603.23
CZ12/SFm&1&rDXHP&Ex&Fenes__ManufWin/Msr-0.28-0.23/instance-out.sql,41.34,96.58,31792.32,74283.77
CZ12/SFm&2&rDXHP&Ex&Fenes__ManufWin/Default/instance-out.sql,61.08,161.01,54427.95,143486.27
CZ12/SFm&2&rDXHP&Ex&Fenes__ManufWin/Base1.23/instance-out.sql,62.33,164.99,55547.47,147026.08
CZ12/SFm&2&rDXHP&Ex&Fenes__ManufWin/Msr-0.25-0.40/instance-out.sql,58.72,153.57,52331.36,136855.70
CZ12/SFm&2&rDXHP&Ex&Fenes__ManufWin/Msr-0.28-0.23/instance-out.sql,59.37,155.61,52905.04,138666.82
CZ13/SFm&1&rDXGF&Ex&Fenes__ManufWin/Default/instance-out.sql,46.27,91.51,35587.27,70386.27
CZ13/SFm&1&rDXGF&Ex&Fenes__ManufWin/Base1.23/instance-out.sql,47.93,93.93,36866.22,72246.54
CZ13/SFm&1&rDXGF&Ex&Fenes__ManufWin/Msr-0.25-0.40/instance-out.sql,42.71,86.10,32847.23,66218.56
CZ13/SFm&1&rDXGF&Ex&Fenes__ManufWin/Msr-0.28-0.23/instance-out.sql,43.01,86.01,33079.36,66156.12
CZ13/SFm&2&rDXGF&Ex&Fenes__ManufWin/Default/instance-out.sql,82.97,169.37,73935.78,150934.86
CZ13/SFm&2&rDXGF&Ex&Fenes__ManufWin/Base1.23/instance-out.sql,85.71,172.81,76381.68,153999.39
CZ13/SFm&2&rDXGF&Ex&Fenes__ManufWin/Msr-0.25-0.40/instance-out.sql,77.75,161.63,69282.97,144034.62
CZ13/SFm&2&rDXGF&Ex&Fenes__ManufWin/Msr-0.28-0.23/instance-out.sql,74.59,151.94,66471.38,135398.67
CZ13/SFm&1&rDXHP&Ex&Fenes__ManufWin/Default/instance-out.sql,44.19,105.67,33991.07,81274.85
CZ13/SFm&1&rDXHP&Ex&Fenes__ManufWin/Base1.23/instance-out.sql,45.07,108.44,34665.23,83404.79
CZ13/SFm&1&rDXHP&Ex&Fenes__ManufWin/Msr-0.25-0.40/instance-out.sql,42.25,99.52,32492.88,76540.08
CZ13/SFm&1&rDXHP&Ex&Fenes__ManufWin/Msr-0.28-0.23/instance-out.sql,42.42,100.05,32625.05,76954.67
CZ13/SFm&2&rDXHP&Ex&Fenes__ManufWin/Default/instance-out.sql,68.89,185.81,61394.36,165583.00
CZ13/SFm&2&rDXHP&Ex&Fenes__ManufWin/Base1.23/instance-out.sql,70.14,189.75,62504.38,169093.56
CZ13/SFm&2&rDXHP&Ex&Fenes__ManufWin/Msr-0.25-0.40/instance-out.sql,66.42,178.00,59191.86,158619.36
CZ13/SFm&2&rDXHP&Ex&Fenes__ManufWin/Msr-0.28-0.23/instance-out.sql,63.33,168.19,56435.47,149883.15
CZ14/SFm&1&rDXGF&Ex&Fenes__ManufWin/Default/instance-out.sql,47.19,93.20,36293.75,71681.51
CZ14/SFm&1&rDXGF&Ex&Fenes__ManufWin/Base1.23/instance-out.sql,49.90,97.03,38379.31,74626.15
CZ14/SFm&1&rDXGF&Ex&Fenes__ManufWin/Msr-0.25-0.40/instance-out.sql,42.50,86.64,32691.18,66634.80
CZ14/SFm&1&rDXGF&Ex&Fenes__ManufWin/Msr-0.28-0.23/instance-out.sql,42.90,86.55,32998.48,66567.93
CZ14/SFm&2&rDXGF&Ex&Fenes__ManufWin/Default/instance-out.sql,76.82,155.57,68453.04,138630.52
CZ14/SFm&2&rDXGF&Ex&Fenes__ManufWin/Base1.23/instance-out.sql,81.67,162.12,72781.81,144470.51
CZ14/SFm&2&rDXGF&Ex&Fenes__ManufWin/Msr-0.25-0.40/instance-out.sql,68.73,144.14,61244.32,128445.01
CZ14/SFm&2&rDXGF&Ex&Fenes__ManufWin/Msr-0.28-0.23/instance-out.sql,69.43,141.68,61873.49,126253.83
CZ14/SFm&1&rDXHP&Ex&Fenes__ManufWin/Default/instance-out.sql,43.82,104.61,33703.80,80458.82
CZ14/SFm&1&rDXHP&Ex&Fenes__ManufWin/Base1.23/instance-out.sql,45.15,108.82,34727.63,83698.22
CZ14/SFm&1&rDXHP&Ex&Fenes__ManufWin/Msr-0.25-0.40/instance-out.sql,41.80,98.21,32147.39,75536.37
CZ14/SFm&1&rDXHP&Ex&Fenes__ManufWin/Msr-0.28-0.23/instance-out.sql,42.09,99.13,32370.94,76242.66
CZ14/SFm&2&rDXHP&Ex&Fenes__ManufWin/Default/instance-out.sql,63.23,167.99,56350.23,149702.71
CZ14/SFm&2&rDXHP&Ex&Fenes__ManufWin/Base1.23/instance-out.sql,65.53,175.26,58395.39,156177.28
CZ14/SFm&2&rDXHP&Ex&Fenes__ManufWin/Msr-0.25-0.40/instance-out.sql,59.27,155.43,52814.97,138512.03
CZ14/SFm&2&rDXHP&Ex&Fenes__ManufWin/Msr-0.28-0.23/instance-out.sql,59.04,154.70,52610.32,137860.23
CZ15/SFm&1&rDXGF&Ex&Fenes__ManufWin/Default/instance-out.sql,44.97,101.36,34589.10,77956.81
CZ15/SFm&1&rDXGF&Ex&Fenes__ManufWin/Base1.23/instance-out.sql,46.77,105.22,35975.24,80926.92
CZ15/SFm&1&rDXGF&Ex&Fenes__ManufWin/Msr-0.25-0.40/instance-out.sql,42.74,96.66,32868.78,74342.85
CZ15/SFm&1&rDXGF&Ex&Fenes__ManufWin/Msr-0.28-0.23/instance-out.sql,42.74,96.23,32875.90,74012.88
CZ15/SFm&2&rDXGF&Ex&Fenes__ManufWin/Default/instance-out.sql,75.23,184.26,67040.53,164202.21
CZ15/SFm&2&rDXGF&Ex&Fenes__ManufWin/Base1.23/instance-out.sql,78.74,191.29,70172.29,170467.14
CZ15/SFm&2&rDXGF&Ex&Fenes__ManufWin/Msr-0.25-0.40/instance-out.sql,70.43,175.55,62760.61,156440.01
CZ15/SFm&2&rDXGF&Ex&Fenes__ManufWin/Msr-0.28-0.23/instance-out.sql,67.09,164.30,59784.34,146415.64
CZ15/SFm&1&rDXHP&Ex&Fenes__ManufWin/Default/instance-out.sql,43.50,103.58,33458.98,79664.29
CZ15/SFm&1&rDXHP&Ex&Fenes__ManufWin/Base1.23/instance-out.sql,44.77,107.58,34431.32,82739.52
CZ15/SFm&1&rDXHP&Ex&Fenes__ManufWin/Msr-0.25-0.40/instance-out.sql,41.95,98.66,32262.78,75883.10
CZ15/SFm&1&rDXHP&Ex&Fenes__ManufWin/Msr-0.28-0.23/instance-out.sql,41.85,98.35,32188.32,75645.13
CZ15/SFm&2&rDXHP&Ex&Fenes__ManufWin/Default/instance-out.sql,69.59,188.09,62012.62,167615.44
CZ15/SFm&2&rDXHP&Ex&Fenes__ManufWin/Base1.23/instance-out.sql,71.89,195.38,64063.98,174108.39
CZ15/SFm&2&rDXHP&Ex&Fenes__ManufWin/Msr-0.25-0.40/instance-out.sql,66.83,179.37,59554.94,159839.99
CZ15/SFm&2&rDXHP&Ex&Fenes__ManufWin/Msr-0.28-0.23/instance-out.sql,63.17,167.78,56297.12,149516.34
CZ16/SFm&1&rDXGF&Ex&Fenes__ManufWin/Default/instance-out.sql,39.46,77.31,30353.17,59458.49
CZ16/SFm&1&rDXGF&Ex&Fenes__ManufWin/Base1.23/instance-out.sql,41.70,80.51,32070.05,61920.69
CZ16/SFm&1&rDXGF&Ex&Fenes__ManufWin/Msr-0.25-0.40/instance-out.sql,37.08,73.95,28520.62,56878.04
CZ16/SFm&1&rDXGF&Ex&Fenes__ManufWin/Msr-0.28-0.23/instance-out.sql,37.36,73.88,28737.75,56826.12
CZ16/SFm&2&rDXGF&Ex&Fenes__ManufWin/Default/instance-out.sql,65.87,133.26,58700.50,118749.78
CZ16/SFm&2&rDXGF&Ex&Fenes__ManufWin/Base1.23/instance-out.sql,70.23,139.01,62584.33,123878.16
CZ16/SFm&2&rDXGF&Ex&Fenes__ManufWin/Msr-0.25-0.40/instance-out.sql,61.93,128.76,55184.00,114738.37
CZ16/SFm&2&rDXGF&Ex&Fenes__ManufWin/Msr-0.28-0.23/instance-out.sql,61.23,123.37,54563.20,109939.91
CZ16/SFm&1&rDXHP&Ex&Fenes__ManufWin/Default/instance-out.sql,45.49,109.61,34989.56,84304.63
CZ16/SFm&1&rDXHP&Ex&Fenes__ManufWin/Base1.23/instance-out.sql,47.27,115.23,36356.63,88623.74
CZ16/SFm&1&rDXHP&Ex&Fenes__ManufWin/Msr-0.25-0.40/instance-out.sql,43.07,101.95,33124.09,78411.56
CZ16/SFm&1&rDXHP&Ex&Fenes__ManufWin/Msr-0.28-0.23/instance-out.sql,44.01,104.94,33851.99,80709.92
CZ16/SFm&2&rDXHP&Ex&Fenes__ManufWin/Default/instance-out.sql,62.62,165.79,55802.39,147738.05
CZ16/SFm&2&rDXHP&Ex&Fenes__ManufWin/Base1.23/instance-out.sql,65.27,174.16,58161.43,155200.15
CZ16/SFm&2&rDXHP&Ex&Fenes__ManufWin/Msr-0.25-0.40/instance-out.sql,60.61,159.42,54007.99,142068.70
CZ16/SFm&2&rDXHP&Ex&Fenes__ManufWin/Msr-0.28-0.23/instance-out.sql,59.96,157.37,53433.80,140237.91

File Name,Total (kWh),Heating (kWh),Cooling (kWh),Interior Lighting (kWh),Exterior Lighting (kWh),Interior Equipment (kWh),Exterior Equipment (kWh),Fans (kWh),Pumps (kWh),Heat Rejection (kWh),Humidification (kWh),Heat Recovery (kWh),Water Systems (kWh),Refrigeration (kWh),Generators (kWh),Heating Elec (kWh),Cooling Elec (kWh),Heating NG (kWh),Cooling NG (kWh),Interior Equipment Elec (kWh),Interior Equipment NG (kWh)
CZ10/SFm&1&rDXGF&Ex&Fenes__ManufWin/Default/instance-out.sql,28744.72,3468.54,1894.05,1557.5,457.71,10329.24,0.0,455.69,0.0,0.0,0.0,0.0,10581.99,0.0,0.0,0.00,1894.05,3468.54,0.00,8265.39,2063.85
CZ10/SFm&1&rDXGF&Ex&Fenes__ManufWin/Base1.23/instance-out.sql,29772.3,4364.19,1970.07,1557.5,457.71,10329.24,0.0,508.72,0.0,0.0,0.0,0.0,10584.87,0.0,0.0,0.00,1970.07,4364.19,0.00,8265.39,2063.85
CZ10/SFm&1&rDXGF&Ex&Fenes__ManufWin/Msr-0.25-0.40/instance-out.sql,27230.46,2167.5,1766.26,1557.5,457.71,10329.24,0.0,378.0,0.0,0.0,0.0,0.0,10574.24,0.0,0.0,0.00,1766.26,2167.50,0.00,8265.39,2063.85
CZ10/SFm&1&rDXGF&Ex&Fenes__ManufWin/Msr-0.28-0.23/instance-out.sql,27322.339999999997,2420.26,1627.96,1557.5,457.71,10329.24,0.0,352.64,0.0,0.0,0.0,0.0,10577.02,0.0,0.0,0.00,1627.96,2420.26,0.00,8265.39,2063.85
CZ10/SFm&2&rDXGF&Ex&Fenes__ManufWin/Default/instance-out.sql,49527.759999999995,11647.23,6440.33,1774.64,457.71,16688.94,0.0,1934.25,0.0,0.0,0.0,0.0,10584.67,0.0,0.0,0.00,6440.33,11647.23,0.00,13437.41,3251.53
CZ10/SFm&2&rDXGF&Ex&Fenes__ManufWin/Base1.23/instance-out.sql,52223.58,14051.3,6580.1,1774.64,457.71,16688.94,0.0,2083.6,0.0,0.0,0.0,0.0,10587.29,0.0,0.0,0.00,6580.10,14051.30,0.00,13437.41,3251.53
CZ10/SFm&2&rDXGF&Ex&Fenes__ManufWin/Msr-0.25-0.40/instance-out.sql,45568.32,8003.15,6352.15,1774.64,457.71,16688.94,0.0,1713.1,0.0,0.0,0.0,0.0,10578.63,0.0,0.0,0.00,6352.15,8003.15,0.00,13437.41,3251.53
CZ10/SFm&2&rDXGF&Ex&Fenes__ManufWin/Msr-0.28-0.23/instance-out.sql,45922.39,9471.28,5431.73,1774.64,457.71,16688.94,0.0,1515.5,0.0,0.0,0.0,0.0,10582.59,0.0,0.0,0.00,5431.73,9471.28,0.00,13437.41,3251.53
CZ10/SFm&1&rDXHP&Ex&Fenes__ManufWin/Default/instance-out.sql,28664.47,3357.28,1894.16,1557.5,457.71,10329.24,0.0,486.52,0.0,0.0,0.0,0.0,10582.05,0.0,0.0,3357.28,1894.16,0.00,0.00,8265.39,2063.85
CZ10/SFm&1&rDXHP&Ex&Fenes__ManufWin/Base1.23/instance-out.sql,29152.96,3710.63,1970.08,1557.5,457.71,10329.24,0.0,542.93,0.0,0.0,0.0,0.0,10584.86,0.0,0.0,3710.63,1970.08,0.00,0.00,8265.39,2063.85
CZ10/SFm&1&rDXHP&Ex&Fenes__ManufWin/Msr-0.25-0.40/instance-out.sql,27889.28,2803.67,1766.32,1557.5,457.71,10329.24,0.0,400.63,0.0,0.0,0.0,0.0,10574.21,0.0,0.0,2803.67,1766.32,0.00,0.00,8265.39,2063.85
CZ10/SFm&1&rDXHP&Ex&Fenes__ManufWin/Msr-0.28-0.23/instance-out.sql,27952.97,3020.69,1628.02,1557.5,457.71,10329.24,0.0,382.81,0.0,0.0,0.0,0.0,10576.99,0.0,0.0,3020.69,1628.02,0.00,0.00,8265.39,2063.85
CZ10/SFm&2&rDXHP&Ex&Fenes__ManufWin/Default/instance-out.sql,44261.06,6561.78,6440.49,1774.64,457.71,16688.94,0.0,1752.86,0.0,0.0,0.0,0.0,10584.65,0.0,0.0,6561.78,6440.49,0.00,0.00,13437.41,3251.53
CZ10/SFm&2&rDXHP&Ex&Fenes__ManufWin/Base1.23/instance-out.sql,45501.41,7535.23,6580.22,1774.64,457.71,16688.94,0.0,1877.44,0.0,0.0,0.0,0.0,10587.22,0.0,0.0,7535.23,6580.22,0.00,0.00,13437.41,3251.53
CZ10/SFm&2&rDXHP&Ex&Fenes__ManufWin/Msr-0.25-0.40/instance-out.sql,42500.83,5072.03,6352.32,1774.64,457.71,16688.94,0.0,1576.63,0.0,0.0,0.0,0.0,10578.55,0.0,0.0,5072.03,6352.32,0.00,0.00,13437.41,3251.53
CZ10/SFm&2&rDXHP&Ex&Fenes__ManufWin/Msr-0.28-0.23/instance-out.sql,42272.94,5888.85,5431.7,1774.64,457.71,16688.94,0.0,1448.89,0.0,0.0,0.0,0.0,10582.2,0.0,0.0,5888.85,5431.70,0.00,0.00,13437.41,3251.53
CZ11/SFm&1&rDXGF&Ex&Fenes__ManufWin/Default/instance-out.sql,34167.02,7718.0,2715.89,1557.5,457.71,10329.24,0.0,772.74,0.0,0.0,0.0,0.0,10615.92,0.0,0.0,0.00,2715.89,7718.00,0.00,8265.39,2063.85
CZ11/SFm&1&rDXGF&Ex&Fenes__ManufWin/Base1.23/instance-out.sql,36431.15,9626.97,2957.21,1557.5,457.71,10329.24,0.0,884.42,0.0,0.0,0.0,0.0,10618.09,0.0,0.0,0.00,2957.21,9626.97,0.00,8265.39,2063.85
CZ11/SFm&1&rDXGF&Ex&Fenes__ManufWin/Msr-0.25-0.40/instance-out.sql,32007.78,5833.13,2521.78,1557.5,457.71,10329.24,0.0,696.21,0.0,0.0,0.0,0.0,10612.2,0.0,0.0,0.00,2521.78,5833.13,0.00,8265.39,2063.85
CZ11/SFm&1&rDXGF&Ex&Fenes__ManufWin/Msr-0.28-0.23/instance-out.sql,32310.199999999997,6251.98,2416.96,1557.5,457.71,10329.24,0.0,683.02,0.0,0.0,0.0,0.0,10613.79,0.0,0.0,0.00,2416.96,6251.98,0.00,8265.39,2063.85
CZ11/SFm&2&rDXGF&Ex&Fenes__ManufWin/Default/instance-out.sql,69240.62,27032.1,9412.3,1774.64,457.71,16688.94,0.0,3257.08,0.0,0.0,0.0,0.0,10617.85,0.0,0.0,0.00,9412.30,27032.10,0.00,13437.41,3251.53
CZ11/SFm&2&rDXGF&Ex&Fenes__ManufWin/Base1.23/instance-out.sql,73706.97,30825.2,9882.89,1774.64,457.71,16688.94,0.0,3457.74,0.0,0.0,0.0,0.0,10619.85,0.0,0.0,0.00,9882.89,30825.20,0.00,13437.41,3251.53
CZ11/SFm&2&rDXGF&Ex&Fenes__ManufWin/Msr-0.25-0.40/instance-out.sql,64445.85,22526.6,9213.86,1774.64,457.71,16688.94,0.0,3169.8,0.0,0.0,0.0,0.0,10614.3,0.0,0.0,0.00,9213.86,22526.60,0.00,13437.41,3251.53
CZ11/SFm&2&rDXGF&Ex&Fenes__ManufWin/Msr-0.28-0.23/instance-out.sql,62759.149999999994,22668.17,7817.35,1774.64,457.71,16688.94,0.0,2735.27,0.0,0.0,0.0,0.0,10617.07,0.0,0.0,0.00,7817.35,22668.17,0.00,13437.41,3251.53
CZ11/SFm&1&rDXHP&Ex&Fenes__ManufWin/Default/instance-out.sql,33258.34,6675.08,2715.92,1557.5,457.71,10329.24,0.0,906.99,0.0,0.0,0.0,0.0,10615.9,0.0,0.0,6675.08,2715.92,0.00,0.00,8265.39,2063.85
CZ11/SFm&1&rDXHP&Ex&Fenes__ManufWin/Base1.23/instance-out.sql,34377.2,7421.04,2957.31,1557.5,457.71,10329.24,0.0,1036.2,0.0,0.0,0.0,0.0,10618.2,0.0,0.0,7421.04,2957.31,0.00,0.00,8265.39,2063.85
CZ11/SFm&1&rDXHP&Ex&Fenes__ManufWin/Msr-0.25-0.40/instance-out.sql,32126.58,5844.58,2521.87,1557.5,457.71,10329.24,0.0,803.5,0.0,0.0,0.0,0.0,10612.17,0.0,0.0,5844.58,2521.87,0.00,0.00,8265.39,2063.85
CZ11/SFm&1&rDXHP&Ex&Fenes__ManufWin/Msr-0.28-0.23/instance-out.sql,32367.83,6183.44,2417.03,1557.5,457.71,10329.24,0.0,809.16,0.0,0.0,0.0,0.0,10613.75,0.0,0.0,6183.44,2417.03,0.00,0.00,8265.39,2063.85
CZ11/SFm&2&rDXHP&Ex&Fenes__ManufWin/Default/instance-out.sql,56846.64,14686.55,9412.89,1774.64,457.71,16688.94,0.0,3208.04,0.0,0.0,0.0,0.0,10617.87,0.0,0.0,14686.55,9412.89,0.00,0.00,13437.41,3251.53
CZ11/SFm&2&rDXHP&Ex&Fenes__ManufWin/Base1.23/instance-out.sql,59021.79,16210.38,9883.16,1774.64,457.71,16688.94,0.0,3387.15,0.0,0.0,0.0,0.0,10619.81,0.0,0.0,16210.38,9883.16,0.00,0.00,13437.41,3251.53
CZ11/SFm&2&rDXHP&Ex&Fenes__ManufWin/Msr-0.25-0.40/instance-out.sql,54723.350000000006,12893.85,9214.27,1774.64,457.71,16688.94,0.0,3079.73,0.0,0.0,0.0,0.0,10614.21,0.0,0.0,12893.85,9214.27,0.00,0.00,13437.41,3251.53
CZ11/SFm&2&rDXHP&Ex&Fenes__ManufWin/Msr-0.28-0.23/instance-out.sql,52961.69,12810.96,7817.47,1774.64,457.71,16688.94,0.0,2794.95,0.0,0.0,0.0,0.0,10617.01,0.0,0.0,12810.96,7817.47,0.00,0.00,13437.41,3251.53
CZ12/SFm&1&rDXGF&Ex&Fenes__ManufWin/Default/instance-out.sql,32930.85,7744.97,1687.1,1557.5,457.71,10329.24,0.0,539.78,0.0,0.0,0.0,0.0,10614.54,0.0,0.0,0.00,1687.10,7744.97,0.00,8265.39,2063.85
CZ12/SFm&1&rDXGF&Ex&Fenes__ManufWin/Base1.23/instance-out.sql,34931.11,9504.94,1833.94,1557.5,457.71,10329.24,0.0,630.61,0.0,0.0,0.0,0.0,10617.15,0.0,0.0,0.00,1833.94,9504.94,0.00,8265.39,2063.85
CZ12/SFm&1&rDXGF&Ex&Fenes__ManufWin/Msr-0.25-0.40/instance-out.sql,30929.0,5908.29,1595.31,1557.5,457.71,10329.24,0.0,471.42,0.0,0.0,0.0,0.0,10609.53,0.0,0.0,0.00,1595.31,5908.29,0.00,8265.39,2063.85
CZ12/SFm&1&rDXGF&Ex&Fenes__ManufWin/Msr-0.28-0.23/instance-out.sql,31235.04,6339.89,1491.12,1557.5,457.71,10329.24,0.0,448.18,0.0,0.0,0.0,0.0,10611.4,0.0,0.0,0.00,1491.12,6339.89,0.00,8265.39,2063.85
CZ12/SFm&2&rDXGF&Ex&Fenes__ManufWin/Default/instance-out.sql,67268.88,28462.94,6479.38,1774.64,457.71,16688.94,0.0,2788.75,0.0,0.0,0.0,0.0,10616.52,0.0,0.0,0.00,6479.38,28462.94,0.00,13437.41,3251.53
CZ12/SFm&2&rDXGF&Ex&Fenes__ManufWin/Base1.23/instance-out.sql,70024.94,30938.9,6624.04,1774.64,457.71,16688.94,0.0,2921.47,0.0,0.0,0.0,0.0,10619.23,0.0,0.0,0.00,6624.04,30938.90,0.00,13437.41,3251.53
CZ12/SFm&2&rDXGF&Ex&Fenes__ManufWin/Msr-0.25-0.40/instance-out.sql,62203.729999999996,23455.27,6506.13,1774.64,457.71,16688.94,0.0,2708.72,0.0,0.0,0.0,0.0,10612.31,0.0,0.0,0.00,6506.13,23455.27,0.00,13437.41,3251.53
CZ12/SFm&2&rDXGF&Ex&Fenes__ManufWin/Msr-0.28-0.23/instance-out.sql,64185.83,26578.66,5614.29,1774.64,457.71,16688.94,0.0,2456.64,0.0,0.0,0.0,0.0,10614.95,0.0,0.0,0.00,5614.29,26578.66,0.00,13437.41,3251.53
CZ12/SFm&1&rDXHP&Ex&Fenes__ManufWin/Default/instance-out.sql,32571.96,7232.21,1687.19,1557.5,457.71,10329.24,0.0,693.8,0.0,0.0,0.0,0.0,10614.3,0.0,0.0,7232.21,1687.19,0.00,0.00,8265.39,2063.85
CZ12/SFm&1&rDXHP&Ex&Fenes__ManufWin/Base1.23/instance-out.sql,33498.1,7897.0,1833.99,1557.5,457.71,10329.24,0.0,805.5,0.0,0.0,0.0,0.0,10617.16,0.0,0.0,7897.00,1833.99,0.00,0.00,8265.39,2063.85
CZ12/SFm&1&rDXHP&Ex&Fenes__ManufWin/Msr-0.25-0.40/instance-out.sql,31576.21,6433.49,1595.42,1557.5,457.71,10329.24,0.0,593.33,0.0,0.0,0.0,0.0,10609.5,0.0,0.0,6433.49,1595.42,0.00,0.00,8265.39,2063.85
CZ12/SFm&1&rDXHP&Ex&Fenes__ManufWin/Msr-0.28-0.23/instance-out.sql,31792.32,6761.87,1491.23,1557.5,457.71,10329.24,0.0,583.39,0.0,0.0,0.0,0.0,10611.38,0.0,0.0,6761.87,1491.23,0.00,0.00,8265.39,2063.85
CZ12/SFm&2&rDXHP&Ex&Fenes__ManufWin/Default/instance-out.sql,54427.96,15706.11,6479.94,1774.64,457.71,16688.94,0.0,2704.13,0.0,0.0,0.0,0.0,10616.48,0.0,0.0,15706.11,6479.94,0.00,0.00,13437.41,3251.53
CZ12/SFm&2&rDXHP&Ex&Fenes__ManufWin/Base1.23/instance-out.sql,55547.47,16530.18,6624.38,1774.64,457.71,16688.94,0.0,2852.4,0.0,0.0,0.0,0.0,10619.22,0.0,0.0,16530.18,6624.38,0.00,0.00,13437.41,3251.53
CZ12/SFm&2&rDXHP&Ex&Fenes__ManufWin/Msr-0.25-0.40/instance-out.sql,52331.35,13749.19,6507.04,1774.64,457.71,16688.94,0.0,2541.84,0.0,0.0,0.0,0.0,10611.99,0.0,0.0,13749.19,6507.04,0.00,0.00,13437.41,3251.53
CZ12/SFm&2&rDXHP&Ex&Fenes__ManufWin/Msr-0.28-0.23/instance-out.sql,52905.03999999999,15330.9,5614.48,1774.64,457.71,16688.94,0.0,2423.63,0.0,0.0,0.0,0.0,10614.74,0.0,0.0,15330.90,5614.48,0.00,0.00,13437.41,3251.53
CZ13/SFm&1&rDXGF&Ex&Fenes__ManufWin/Default/instance-out.sql,35587.270000000004,7654.22,3964.56,1557.5,457.71,10329.24,0.0,1025.92,0.0,0.0,0.0,0.0,10598.11,0.0,0.0,0.00,3964.56,7654.22,0.00,8265.39,2063.85
CZ13/SFm&1&rDXGF&Ex&Fenes__ManufWin/Base1.23/instance-out.sql,36866.229999999996,8703.23,4121.62,1557.5,457.71,10329.24,0.0,1096.36,0.0,0.0,0.0,0.0,10600.56,0.0,0.0,0.00,4121.62,8703.23,0.00,8265.39,2063.85
CZ13/SFm&1&rDXGF&Ex&Fenes__ManufWin/Msr-0.25-0.40/instance-out.sql,32847.24,5493.87,3525.61,1557.5,457.71,10329.24,0.0,889.98,0.0,0.0,0.0,0.0,10593.32,0.0,0.0,0.00,3525.61,5493.87,0.00,8265.39,2063.85
CZ13/SFm&1&rDXGF&Ex&Fenes__ManufWin/Msr-0.28-0.23/instance-out.sql,33079.36,5874.86,3392.28,1557.5,457.71,10329.24,0.0,872.52,0.0,0.0,0.0,0.0,10595.24,0.0,0.0,0.00,3392.28,5874.86,0.00,8265.39,2063.85
CZ13/SFm&2&rDXGF&Ex&Fenes__ManufWin/Default/instance-out.sql,73935.79000000001,26100.18,13926.99,1774.64,457.71,16688.94,0.0,4387.14,0.0,0.0,0.0,0.0,10600.18,0.0,0.0,0.00,13926.99,26100.18,0.00,13437.41,3251.53
CZ13/SFm&2&rDXGF&Ex&Fenes__ManufWin/Base1.23/instance-out.sql,76381.69,28345.43,14045.69,1774.64,457.71,16688.94,0.0,4466.8,0.0,0.0,0.0,0.0,10602.47,0.0,0.0,0.00,14045.69,28345.43,0.00,13437.41,3251.53
CZ13/SFm&2&rDXGF&Ex&Fenes__ManufWin/Msr-0.25-0.40/instance-out.sql,69282.97,22343.81,13222.46,1774.64,457.71,16688.94,0.0,4200.37,0.0,0.0,0.0,0.0,10595.03,0.0,0.0,0.00,13222.46,22343.81,0.00,13437.41,3251.53
CZ13/SFm&2&rDXGF&Ex&Fenes__ManufWin/Msr-0.28-0.23/instance-out.sql,66471.38,22212.06,11154.24,1774.64,457.71,16688.94,0.0,3585.83,0.0,0.0,0.0,0.0,10597.95,0.0,0.0,0.00,11154.24,22212.06,0.00,13437.41,3251.53
CZ13/SFm&1&rDXHP&Ex&Fenes__ManufWin/Default/instance-out.sql,33991.07,6011.26,3964.63,1557.5,457.71,10329.24,0.0,1072.61,0.0,0.0,0.0,0.0,10598.11,0.0,0.0,6011.26,3964.63,0.00,0.00,8265.39,2063.85
CZ13/SFm&1&rDXHP&Ex&Fenes__ManufWin/Base1.23/instance-out.sql,34665.23,6446.21,4121.63,1557.5,457.71,10329.24,0.0,1152.37,0.0,0.0,0.0,0.0,10600.57,0.0,0.0,6446.21,4121.63,0.00,0.00,8265.39,2063.85
CZ13/SFm&1&rDXHP&Ex&Fenes__ManufWin/Msr-0.25-0.40/instance-out.sql,32492.89,5108.05,3525.62,1557.5,457.71,10329.24,0.0,921.44,0.0,0.0,0.0,0.0,10593.32,0.0,0.0,5108.05,3525.62,0.00,0.00,8265.39,2063.85
CZ13/SFm&1&rDXHP&Ex&Fenes__ManufWin/Msr-0.28-0.23/instance-out.sql,32625.050000000003,5375.58,3392.33,1557.5,457.71,10329.24,0.0,917.45,0.0,0.0,0.0,0.0,10595.23,0.0,0.0,5375.58,3392.33,0.00,0.00,8265.39,2063.85
CZ13/SFm&2&rDXHP&Ex&Fenes__ManufWin/Default/instance-out.sql,61394.36,13938.71,13927.4,1774.64,457.71,16688.94,0.0,4006.85,0.0,0.0,0.0,0.0,10600.1,0.0,0.0,13938.71,13927.40,0.00,0.00,13437.41,3251.53
CZ13/SFm&2&rDXHP&Ex&Fenes__ManufWin/Base1.23/instance-out.sql,62504.38,14819.61,14046.15,1774.64,457.71,16688.94,0.0,4114.89,0.0,0.0,0.0,0.0,10602.44,0.0,0.0,14819.61,14046.15,0.00,0.00,13437.41,3251.53
CZ13/SFm&2&rDXHP&Ex&Fenes__ManufWin/Msr-0.25-0.40/instance-out.sql,59191.86,12639.47,13223.71,1774.64,457.71,16688.94,0.0,3812.89,0.0,0.0,0.0,0.0,10594.49,0.0,0.0,12639.47,13223.71,0.00,0.00,13437.41,3251.53
CZ13/SFm&2&rDXHP&Ex&Fenes__ManufWin/Msr-0.28-0.23/instance-out.sql,56435.47,12380.35,11155.02,1774.64,457.71,16688.94,0.0,3381.08,0.0,0.0,0.0,0.0,10597.72,0.0,0.0,12380.35,11155.02,0.00,0.00,13437.41,3251.53
CZ14/SFm&1&rDXGF&Ex&Fenes__ManufWin/Default/instance-out.sql,36293.75,8150.31,3996.84,1557.5,457.71,10329.24,0.0,1247.79,0.0,0.0,0.0,0.0,10554.35,0.0,0.0,0.00,3996.84,8150.31,0.00,8265.39,2063.85
CZ14/SFm&1&rDXGF&Ex&Fenes__ManufWin/Base1.23/instance-out.sql,38379.31,9906.3,4245.57,1557.5,457.71,10329.24,0.0,1327.39,0.0,0.0,0.0,0.0,10555.6,0.0,0.0,0.00,4245.57,9906.30,0.00,8265.39,2063.85
CZ14/SFm&1&rDXGF&Ex&Fenes__ManufWin/Msr-0.25-0.40/instance-out.sql,32691.18,5095.29,3555.5,1557.5,457.71,10329.24,0.0,1141.12,0.0,0.0,0.0,0.0,10554.81,0.0,0.0,0.00,3555.50,5095.29,0.00,8265.39,2063.85
CZ14/SFm&1&rDXGF&Ex&Fenes__ManufWin/Msr-0.28-0.23/instance-out.sql,32998.479999999996,5593.13,3410.87,1557.5,457.71,10329.24,0.0,1093.72,0.0,0.0,0.0,0.0,10556.3,0.0,0.0,0.00,3410.87,5593.13,0.00,8265.39,2063.85
CZ14/SFm&2&rDXGF&Ex&Fenes__ManufWin/Default/instance-out.sql,68453.05,23716.65,11689.72,1774.64,457.71,16688.94,0.0,3570.62,0.0,0.0,0.0,0.0,10554.76,0.0,0.0,0.00,11689.72,23716.65,0.00,13437.41,3251.53
CZ14/SFm&2&rDXGF&Ex&Fenes__ManufWin/Base1.23/instance-out.sql,72781.81,27493.32,12052.44,1774.64,457.71,16688.94,0.0,3758.84,0.0,0.0,0.0,0.0,10555.92,0.0,0.0,0.00,12052.44,27493.32,0.00,13437.41,3251.53
CZ14/SFm&2&rDXGF&Ex&Fenes__ManufWin/Msr-0.25-0.40/instance-out.sql,61244.33,17648.72,10908.12,1774.64,457.71,16688.94,0.0,3213.83,0.0,0.0,0.0,0.0,10552.35,0.0,0.0,0.00,10908.12,17648.72,0.00,13437.41,3251.53
CZ14/SFm&2&rDXGF&Ex&Fenes__ManufWin/Msr-0.28-0.23/instance-out.sql,61873.479999999996,19655.19,9810.49,1774.64,457.71,16688.94,0.0,2932.12,0.0,0.0,0.0,0.0,10554.4,0.0,0.0,0.00,9810.49,19655.19,0.00,13437.41,3251.53
CZ14/SFm&1&rDXHP&Ex&Fenes__ManufWin/Default/instance-out.sql,33703.8,5793.43,3997.01,1557.5,457.71,10329.24,0.0,1015.8,0.0,0.0,0.0,0.0,10553.11,0.0,0.0,5793.43,3997.01,0.00,0.00,8265.39,2063.85
CZ14/SFm&1&rDXHP&Ex&Fenes__ManufWin/Base1.23/instance-out.sql,34727.630000000005,6450.78,4245.66,1557.5,457.71,10329.24,0.0,1132.16,0.0,0.0,0.0,0.0,10554.58,0.0,0.0,6450.78,4245.66,0.00,0.00,8265.39,2063.85
CZ14/SFm&1&rDXHP&Ex&Fenes__ManufWin/Msr-0.25-0.40/instance-out.sql,32147.39,4861.45,3556.73,1557.5,457.71,10329.24,0.0,834.87,0.0,0.0,0.0,0.0,10549.89,0.0,0.0,4861.45,3556.73,0.00,0.00,8265.39,2063.85
CZ14/SFm&1&rDXHP&Ex&Fenes__ManufWin/Msr-0.28-0.23/instance-out.sql,32370.94,5234.46,3411.93,1557.5,457.71,10329.24,0.0,829.4,0.0,0.0,0.0,0.0,10550.7,0.0,0.0,5234.46,3411.93,0.00,0.00,8265.39,2063.85
CZ14/SFm&2&rDXHP&Ex&Fenes__ManufWin/Default/instance-out.sql,56350.24,12072.92,11689.87,1774.64,457.71,16688.94,0.0,3111.41,0.0,0.0,0.0,0.0,10554.75,0.0,0.0,12072.92,11689.87,0.00,0.00,13437.41,3251.53
CZ14/SFm&2&rDXHP&Ex&Fenes__ManufWin/Base1.23/instance-out.sql,58395.39,13547.48,12052.67,1774.64,457.71,16688.94,0.0,3318.02,0.0,0.0,0.0,0.0,10555.93,0.0,0.0,13547.48,12052.67,0.00,0.00,13437.41,3251.53
CZ14/SFm&2&rDXHP&Ex&Fenes__ManufWin/Msr-0.25-0.40/instance-out.sql,52814.97,9686.72,10908.35,1774.64,457.71,16688.94,0.0,2746.49,0.0,0.0,0.0,0.0,10552.12,0.0,0.0,9686.72,10908.35,0.00,0.00,13437.41,3251.53
CZ14/SFm&2&rDXHP&Ex&Fenes__ManufWin/Msr-0.28-0.23/instance-out.sql,52610.31,10688.86,9810.52,1774.64,457.71,16688.94,0.0,2635.78,0.0,0.0,0.0,0.0,10553.87,0.0,0.0,10688.86,9810.52,0.00,0.00,13437.41,3251.53
CZ15/SFm&1&rDXGF&Ex&Fenes__ManufWin/Default/instance-out.sql,34589.1,2537.96,7720.51,1557.5,457.71,10329.24,0.0,1423.86,0.0,0.0,0.0,0.0,10562.32,0.0,0.0,0.00,7720.51,2537.96,0.00,8265.39,2063.85
CZ15/SFm&1&rDXGF&Ex&Fenes__ManufWin/Base1.23/instance-out.sql,35975.24,3217.58,8296.06,1557.5,457.71,10329.24,0.0,1552.83,0.0,0.0,0.0,0.0,10564.31,0.0,0.0,0.00,8296.06,3217.58,0.00,8265.39,2063.85
CZ15/SFm&1&rDXGF&Ex&Fenes__ManufWin/Msr-0.25-0.40/instance-out.sql,32868.78,1660.8,6998.69,1557.5,457.71,10329.24,0.0,1305.96,0.0,0.0,0.0,0.0,10558.87,0.0,0.0,0.00,6998.69,1660.80,0.00,8265.39,2063.85
CZ15/SFm&1&rDXGF&Ex&Fenes__ManufWin/Msr-0.28-0.23/instance-out.sql,32875.9,1828.99,6846.7,1557.5,457.71,10329.24,0.0,1295.83,0.0,0.0,0.0,0.0,10559.91,0.0,0.0,0.00,6846.70,1828.99,0.00,8265.39,2063.85
CZ15/SFm&2&rDXGF&Ex&Fenes__ManufWin/Default/instance-out.sql,67040.53,9283.0,23413.97,1774.64,457.71,16688.94,0.0,4857.82,0.0,0.0,0.0,0.0,10564.44,0.0,0.0,0.00,23413.97,9283.00,0.00,13437.41,3251.53
CZ15/SFm&2&rDXGF&Ex&Fenes__ManufWin/Base1.23/instance-out.sql,70172.28,11035.24,24551.7,1774.64,457.71,16688.94,0.0,5097.97,0.0,0.0,0.0,0.0,10566.09,0.0,0.0,0.00,24551.70,11035.24,0.00,13437.41,3251.53
CZ15/SFm&2&rDXGF&Ex&Fenes__ManufWin/Msr-0.25-0.40/instance-out.sql,62760.6,6505.64,22241.48,1774.64,457.71,16688.94,0.0,4531.15,0.0,0.0,0.0,0.0,10561.04,0.0,0.0,0.00,22241.48,6505.64,0.00,13437.41,3251.53
CZ15/SFm&2&rDXGF&Ex&Fenes__ManufWin/Msr-0.28-0.23/instance-out.sql,59784.34,6790.53,19473.63,1774.64,457.71,16688.94,0.0,4035.39,0.0,0.0,0.0,0.0,10563.5,0.0,0.0,0.00,19473.63,6790.53,0.00,13437.41,3251.53
CZ15/SFm&1&rDXHP&Ex&Fenes__ManufWin/Default/instance-out.sql,33458.979999999996,1473.31,7720.91,1557.5,457.71,10329.24,0.0,1357.99,0.0,0.0,0.0,0.0,10562.31,0.0,0.0,1473.31,7720.91,0.00,0.00,8265.39,2063.85
CZ15/SFm&1&rDXHP&Ex&Fenes__ManufWin/Base1.23/instance-out.sql,34431.31,1749.76,8297.08,1557.5,457.71,10329.24,0.0,1475.7,0.0,0.0,0.0,0.0,10564.31,0.0,0.0,1749.76,8297.08,0.00,0.00,8265.39,2063.85
CZ15/SFm&1&rDXHP&Ex&Fenes__ManufWin/Msr-0.25-0.40/instance-out.sql,32262.78,1108.79,6999.09,1557.5,457.71,10329.24,0.0,1251.58,0.0,0.0,0.0,0.0,10558.87,0.0,0.0,1108.79,6999.09,0.00,0.00,8265.39,2063.85
CZ15/SFm&1&rDXHP&Ex&Fenes__ManufWin/Msr-0.28-0.23/instance-out.sql,32188.32,1194.31,6846.93,1557.5,457.71,10329.24,0.0,1242.72,0.0,0.0,0.0,0.0,10559.91,0.0,0.0,1194.31,6846.93,0.00,0.00,8265.39,2063.85
CZ15/SFm&2&rDXHP&Ex&Fenes__ManufWin/Default/instance-out.sql,62012.619999999995,4570.0,23421.81,1774.64,457.71,16688.94,0.0,4535.14,0.0,0.0,0.0,0.0,10564.38,0.0,0.0,4570.00,23421.81,0.00,0.00,13437.41,3251.53
CZ15/SFm&2&rDXHP&Ex&Fenes__ManufWin/Base1.23/instance-out.sql,64063.990000000005,5287.58,24558.98,1774.64,457.71,16688.94,0.0,4729.96,0.0,0.0,0.0,0.0,10566.16,0.0,0.0,5287.58,24558.98,0.00,0.00,13437.41,3251.53
CZ15/SFm&2&rDXHP&Ex&Fenes__ManufWin/Msr-0.25-0.40/instance-out.sql,59554.939999999995,3535.63,22250.12,1774.64,457.71,16688.94,0.0,4287.37,0.0,0.0,0.0,0.0,10560.53,0.0,0.0,3535.63,22250.12,0.00,0.00,13437.41,3251.53
CZ15/SFm&2&rDXHP&Ex&Fenes__ManufWin/Msr-0.28-0.23/instance-out.sql,56297.12,3498.39,19481.04,1774.64,457.71,16688.94,0.0,3832.93,0.0,0.0,0.0,0.0,10563.47,0.0,0.0,3498.39,19481.04,0.00,0.00,13437.41,3251.53
CZ16/SFm&1&rDXGF&Ex&Fenes__ManufWin/Default/instance-out.sql,30353.17,4878.82,1904.33,1557.5,457.71,10329.24,0.0,563.82,0.0,0.0,0.0,0.0,10661.73,0.0,0.0,0.00,1904.33,4878.82,0.00,8265.39,2063.85
CZ16/SFm&1&rDXGF&Ex&Fenes__ManufWin/Base1.23/instance-out.sql,32070.050000000003,6302.4,2107.13,1557.5,457.71,10329.24,0.0,649.59,0.0,0.0,0.0,0.0,10666.47,0.0,0.0,0.00,2107.13,6302.40,0.00,8265.39,2063.85
CZ16/SFm&1&rDXGF&Ex&Fenes__ManufWin/Msr-0.25-0.40/instance-out.sql,28520.620000000003,3338.54,1690.03,1557.5,457.71,10329.24,0.0,492.97,0.0,0.0,0.0,0.0,10654.63,0.0,0.0,0.00,1690.03,3338.54,0.00,8265.39,2063.85
CZ16/SFm&1&rDXGF&Ex&Fenes__ManufWin/Msr-0.28-0.23/instance-out.sql,28737.75,3690.52,1574.74,1557.5,457.71,10329.24,0.0,470.34,0.0,0.0,0.0,0.0,10657.71,0.0,0.0,0.00,1574.74,3690.52,0.00,8265.39,2063.85
CZ16/SFm&2&rDXGF&Ex&Fenes__ManufWin/Default/instance-out.sql,58700.5,18322.9,7864.26,1774.64,457.71,16688.94,0.0,2927.05,0.0,0.0,0.0,0.0,10665.0,0.0,0.0,0.00,7864.26,18322.90,0.00,13437.41,3251.53
CZ16/SFm&2&rDXGF&Ex&Fenes__ManufWin/Base1.23/instance-out.sql,62584.33,21761.56,8154.08,1774.64,457.71,16688.94,0.0,3078.09,0.0,0.0,0.0,0.0,10669.31,0.0,0.0,0.00,8154.08,21761.56,0.00,13437.41,3251.53
CZ16/SFm&2&rDXGF&Ex&Fenes__ManufWin/Msr-0.25-0.40/instance-out.sql,55184.0,14908.19,7809.49,1774.64,457.71,16688.94,0.0,2886.04,0.0,0.0,0.0,0.0,10658.98,0.0,0.0,0.00,7809.49,14908.19,0.00,13437.41,3251.53
CZ16/SFm&2&rDXGF&Ex&Fenes__ManufWin/Msr-0.28-0.23/instance-out.sql,54563.2,16262.39,6272.94,1774.64,457.71,16688.94,0.0,2442.02,0.0,0.0,0.0,0.0,10664.55,0.0,0.0,0.00,6272.94,16262.39,0.00,13437.41,3251.53
CZ16/SFm&1&rDXHP&Ex&Fenes__ManufWin/Default/instance-out.sql,34989.56,9320.19,1904.43,1557.5,457.71,10329.24,0.0,758.79,0.0,0.0,0.0,0.0,10661.69,0.0,0.0,9320.19,1904.43,0.00,0.00,8265.39,2063.85
CZ16/SFm&1&rDXHP&Ex&Fenes__ManufWin/Base1.23/instance-out.sql,36356.63,10342.74,2107.32,1557.5,457.71,10329.24,0.0,895.43,0.0,0.0,0.0,0.0,10666.68,0.0,0.0,10342.74,2107.32,0.00,0.00,8265.39,2063.85
CZ16/SFm&1&rDXHP&Ex&Fenes__ManufWin/Msr-0.25-0.40/instance-out.sql,33124.09,7807.42,1690.16,1557.5,457.71,10329.24,0.0,627.51,0.0,0.0,0.0,0.0,10654.55,0.0,0.0,7807.42,1690.16,0.00,0.00,8265.39,2063.85
CZ16/SFm&1&rDXHP&Ex&Fenes__ManufWin/Msr-0.28-0.23/instance-out.sql,33851.99,8657.55,1574.86,1557.5,457.71,10329.24,0.0,617.26,0.0,0.0,0.0,0.0,10657.87,0.0,0.0,8657.55,1574.86,0.00,0.00,8265.39,2063.85
CZ16/SFm&2&rDXHP&Ex&Fenes__ManufWin/Default/instance-out.sql,55802.39,15127.73,7864.35,1774.64,457.71,16688.94,0.0,3224.01,0.0,0.0,0.0,0.0,10665.0,0.0,0.0,15127.73,7864.35,0.00,0.00,13437.41,3251.53
CZ16/SFm&2&rDXHP&Ex&Fenes__ManufWin/Base1.23/instance-out.sql,58161.42999999999,16922.88,8154.12,1774.64,457.71,16688.94,0.0,3493.83,0.0,0.0,0.0,0.0,10669.32,0.0,0.0,16922.88,8154.12,0.00,0.00,13437.41,3251.53
CZ16/SFm&2&rDXHP&Ex&Fenes__ManufWin/Msr-0.25-0.40/instance-out.sql,54007.979999999996,13618.21,7809.72,1774.64,457.71,16688.94,0.0,3000.26,0.0,0.0,0.0,0.0,10658.51,0.0,0.0,13618.21,7809.72,0.00,0.00,13437.41,3251.53
CZ16/SFm&2&rDXHP&Ex&Fenes__ManufWin/Msr-0.28-0.23/instance-out.sql,53433.799999999996,14901.98,6273.02,1774.64,457.71,16688.94,0.0,2673.07,0.0,0.0,0.0,0.0,10664.44,0.0,0.0,14901.98,6273.02,0.00,0.00,13437.41,3251.53

File Name,Unmet Heating (Hours),Unmet Cooling (Hours)
CZ10/SFm&1&rDXGF&Ex&Fenes__ManufWin/Default/instance-out.sql,64.33,67.67
CZ10/SFm&1&rDXGF&Ex&Fenes__ManufWin/Base1.23/instance-out.sql,65.17,33.00
CZ10/SFm&1&rDXGF&Ex&Fenes__ManufWin/Msr-0.25-0.40/instance-out.sql,46.67,242.33
CZ10/SFm&1&rDXGF&Ex&Fenes__ManufWin/Msr-0.28-0.23/instance-out.sql,49.50,305.50
CZ10/SFm&2&rDXGF&Ex&Fenes__ManufWin/Default/instance-out.sql,130.33,5.50
CZ10/SFm&2&rDXGF&Ex&Fenes__ManufWin/Base1.23/instance-out.sql,137.50,5.33
CZ10/SFm&2&rDXGF&Ex&Fenes__ManufWin/Msr-0.25-0.40/instance-out.sql,131.83,25.67
CZ10/SFm&2&rDXGF&Ex&Fenes__ManufWin/Msr-0.28-0.23/instance-out.sql,157.00,85.83
CZ10/SFm&1&rDXHP&Ex&Fenes__ManufWin/Default/instance-out.sql,59.83,67.67
CZ10/SFm&1&rDXHP&Ex&Fenes__ManufWin/Base1.23/instance-out.sql,61.50,33.00
CZ10/SFm&1&rDXHP&Ex&Fenes__ManufWin/Msr-0.25-0.40/instance-out.sql,43.50,242.33
CZ10/SFm&1&rDXHP&Ex&Fenes__ManufWin/Msr-0.28-0.23/instance-out.sql,42.00,305.50
CZ10/SFm&2&rDXHP&Ex&Fenes__ManufWin/Default/instance-out.sql,136.33,5.50
CZ10/SFm&2&rDXHP&Ex&Fenes__ManufWin/Base1.23/instance-out.sql,142.00,5.33
CZ10/SFm&2&rDXHP&Ex&Fenes__ManufWin/Msr-0.25-0.40/instance-out.sql,132.50,25.83
CZ10/SFm&2&rDXHP&Ex&Fenes__ManufWin/Msr-0.28-0.23/instance-out.sql,153.50,85.67
CZ11/SFm&1&rDXGF&Ex&Fenes__ManufWin/Default/instance-out.sql,136.50,101.50
CZ11/SFm&1&rDXGF&Ex&Fenes__ManufWin/Base1.23/instance-out.sql,143.33,71.67
CZ11/SFm&1&rDXGF&Ex&Fenes__ManufWin/Msr-0.25-0.40/instance-out.sql,128.83,170.17
CZ11/SFm&1&rDXGF&Ex&Fenes__ManufWin/Msr-0.28-0.23/instance-out.sql,121.83,175.17
CZ11/SFm&2&rDXGF&Ex&Fenes__ManufWin/Default/instance-out.sql,21.50,51.83
CZ11/SFm&2&rDXGF&Ex&Fenes__ManufWin/Base1.23/instance-out.sql,29.67,18.17
CZ11/SFm&2&rDXGF&Ex&Fenes__ManufWin/Msr-0.25-0.40/instance-out.sql,21.83,133.17
CZ11/SFm&2&rDXGF&Ex&Fenes__ManufWin/Msr-0.28-0.23/instance-out.sql,12.83,88.83
CZ11/SFm&1&rDXHP&Ex&Fenes__ManufWin/Default/instance-out.sql,118.33,101.50
CZ11/SFm&1&rDXHP&Ex&Fenes__ManufWin/Base1.23/instance-out.sql,122.67,71.67
CZ11/SFm&1&rDXHP&Ex&Fenes__ManufWin/Msr-0.25-0.40/instance-out.sql,112.67,170.17
CZ11/SFm&1&rDXHP&Ex&Fenes__ManufWin/Msr-0.28-0.23/instance-out.sql,108.17,175.17
CZ11/SFm&2&rDXHP&Ex&Fenes__ManufWin/Default/instance-out.sql,21.17,74.17
CZ11/SFm&2&rDXHP&Ex&Fenes__ManufWin/Base1.23/instance-out.sql,29.83,25.17
CZ11/SFm&2&rDXHP&Ex&Fenes__ManufWin/Msr-0.25-0.40/instance-out.sql,15.67,187.67
CZ11/SFm&2&rDXHP&Ex&Fenes__ManufWin/Msr-0.28-0.23/instance-out.sql,12.17,102.83
CZ12/SFm&1&rDXGF&Ex&Fenes__ManufWin/Default/instance-out.sql,159.83,99.50
CZ12/SFm&1&rDXGF&Ex&Fenes__ManufWin/Base1.23/instance-out.sql,153.33,52.50
CZ12/SFm&1&rDXGF&Ex&Fenes__ManufWin/Msr-0.25-0.40/instance-out.sql,173.50,192.00
CZ12/SFm&1&rDXGF&Ex&Fenes__ManufWin/Msr-0.28-0.23/instance-out.sql,155.17,209.00
CZ12/SFm&2&rDXGF&Ex&Fenes__ManufWin/Default/instance-out.sql,10.33,173.50
CZ12/SFm&2&rDXGF&Ex&Fenes__ManufWin/Base1.23/instance-out.sql,18.50,13.67
CZ12/SFm&2&rDXGF&Ex&Fenes__ManufWin/Msr-0.25-0.40/instance-out.sql,19.50,383.67
CZ12/SFm&2&rDXGF&Ex&Fenes__ManufWin/Msr-0.28-0.23/instance-out.sql,41.50,641.00
CZ12/SFm&1&rDXHP&Ex&Fenes__ManufWin/Default/instance-out.sql,133.50,99.50
CZ12/SFm&1&rDXHP&Ex&Fenes__ManufWin/Base1.23/instance-out.sql,128.50,52.50
CZ12/SFm&1&rDXHP&Ex&Fenes__ManufWin/Msr-0.25-0.40/instance-out.sql,142.00,192.00
CZ12/SFm&1&rDXHP&Ex&Fenes__ManufWin/Msr-0.28-0.23/instance-out.sql,125.67,209.17
CZ12/SFm&2&rDXHP&Ex&Fenes__ManufWin/Default/instance-out.sql,10.17,254.83
CZ12/SFm&2&rDXHP&Ex&Fenes__ManufWin/Base1.23/instance-out.sql,18.33,52.33
CZ12/SFm&2&rDXHP&Ex&Fenes__ManufWin/Msr-0.25-0.40/instance-out.sql,7.17,560.17
CZ12/SFm&2&rDXHP&Ex&Fenes__ManufWin/Msr-0.28-0.23/instance-out.sql,7.83,809.17
CZ13/SFm&1&rDXGF&Ex&Fenes__ManufWin/Default/instance-out.sql,74.67,291.50
CZ13/SFm&1&rDXGF&Ex&Fenes__ManufWin/Base1.23/instance-out.sql,59.00,220.00
CZ13/SFm&1&rDXGF&Ex&Fenes__ManufWin/Msr-0.25-0.40/instance-out.sql,87.50,422.00
CZ13/SFm&1&rDXGF&Ex&Fenes__ManufWin/Msr-0.28-0.23/instance-out.sql,69.50,423.17
CZ13/SFm&2&rDXGF&Ex&Fenes__ManufWin/Default/instance-out.sql,102.50,428.17
CZ13/SFm&2&rDXGF&Ex&Fenes__ManufWin/Base1.23/instance-out.sql,44.50,232.83
CZ13/SFm&2&rDXGF&Ex&Fenes__ManufWin/Msr-0.25-0.40/instance-out.sql,669.50,1189.33
CZ13/SFm&2&rDXGF&Ex&Fenes__ManufWin/Msr-0.28-0.23/instance-out.sql,253.33,881.33
CZ13/SFm&1&rDXHP&Ex&Fenes__ManufWin/Default/instance-out.sql,75.00,291.50
CZ13/SFm&1&rDXHP&Ex&Fenes__ManufWin/Base1.23/instance-out.sql,60.83,220.00
CZ13/SFm&1&rDXHP&Ex&Fenes__ManufWin/Msr-0.25-0.40/instance-out.sql,86.17,422.00
CZ13/SFm&1&rDXHP&Ex&Fenes__ManufWin/Msr-0.28-0.23/instance-out.sql,67.17,423.17
CZ13/SFm&2&rDXHP&Ex&Fenes__ManufWin/Default/instance-out.sql,102.83,667.83
CZ13/SFm&2&rDXHP&Ex&Fenes__ManufWin/Base1.23/instance-out.sql,44.67,462.17
CZ13/SFm&2&rDXHP&Ex&Fenes__ManufWin/Msr-0.25-0.40/instance-out.sql,628.17,1379.17
CZ13/SFm&2&rDXHP&Ex&Fenes__ManufWin/Msr-0.28-0.23/instance-out.sql,247.50,1046.83
CZ14/SFm&1&rDXGF&Ex&Fenes__ManufWin/Default/instance-out.sql,103.50,55.17
CZ14/SFm&1&rDXGF&Ex&Fenes__ManufWin/Base1.23/instance-out.sql,47.17,31.17
CZ14/SFm&1&rDXGF&Ex&Fenes__ManufWin/Msr-0.25-0.40/instance-out.sql,464.67,298.00
CZ14/SFm&1&rDXGF&Ex&Fenes__ManufWin/Msr-0.28-0.23/instance-out.sql,429.17,364.67
CZ14/SFm&2&rDXGF&Ex&Fenes__ManufWin/Default/instance-out.sql,81.00,8.50
CZ14/SFm&2&rDXGF&Ex&Fenes__ManufWin/Base1.23/instance-out.sql,86.17,17.33
CZ14/SFm&2&rDXGF&Ex&Fenes__ManufWin/Msr-0.25-0.40/instance-out.sql,178.67,20.83
CZ14/SFm&2&rDXGF&Ex&Fenes__ManufWin/Msr-0.28-0.23/instance-out.sql,194.00,44.00
CZ14/SFm&1&rDXHP&Ex&Fenes__ManufWin/Default/instance-out.sql,82.67,55.17
CZ14/SFm&1&rDXHP&Ex&Fenes__ManufWin/Base1.23/instance-out.sql,56.67,31.17
CZ14/SFm&1&rDXHP&Ex&Fenes__ManufWin/Msr-0.25-0.40/instance-out.sql,106.83,298.00
CZ14/SFm&1&rDXHP&Ex&Fenes__ManufWin/Msr-0.28-0.23/instance-out.sql,94.17,364.83
CZ14/SFm&2&rDXHP&Ex&Fenes__ManufWin/Default/instance-out.sql,83.33,8.50
CZ14/SFm&2&rDXHP&Ex&Fenes__ManufWin/Base1.23/instance-out.sql,91.83,17.33
CZ14/SFm&2&rDXHP&Ex&Fenes__ManufWin/Msr-0.25-0.40/instance-out.sql,171.50,20.83
CZ14/SFm&2&rDXHP&Ex&Fenes__ManufWin/Msr-0.28-0.23/instance-out.sql,182.17,44.00
CZ15/SFm&1&rDXGF&Ex&Fenes__ManufWin/Default/instance-out.sql,25.17,221.50
CZ15/SFm&1&rDXGF&Ex&Fenes__ManufWin/Base1.23/instance-out.sql,21.33,115.33
CZ15/SFm&1&rDXGF&Ex&Fenes__ManufWin/Msr-0.25-0.40/instance-out.sql,21.83,380.33
CZ15/SFm&1&rDXGF&Ex&Fenes__ManufWin/Msr-0.28-0.23/instance-out.sql,22.00,375.67
CZ15/SFm&2&rDXGF&Ex&Fenes__ManufWin/Default/instance-out.sql,1168.50,46.33
CZ15/SFm&2&rDXGF&Ex&Fenes__ManufWin/Base1.23/instance-out.sql,966.67,13.83
CZ15/SFm&2&rDXGF&Ex&Fenes__ManufWin/Msr-0.25-0.40/instance-out.sql,1355.67,330.50
CZ15/SFm&2&rDXGF&Ex&Fenes__ManufWin/Msr-0.28-0.23/instance-out.sql,1175.33,182.00
CZ15/SFm&1&rDXHP&Ex&Fenes__ManufWin/Default/instance-out.sql,30.33,221.50
CZ15/SFm&1&rDXHP&Ex&Fenes__ManufWin/Base1.23/instance-out.sql,29.33,115.33
CZ15/SFm&1&rDXHP&Ex&Fenes__ManufWin/Msr-0.25-0.40/instance-out.sql,22.67,380.33
CZ15/SFm&1&rDXHP&Ex&Fenes__ManufWin/Msr-0.28-0.23/instance-out.sql,24.17,375.67
CZ15/SFm&2&rDXHP&Ex&Fenes__ManufWin/Default/instance-out.sql,1169.00,61.17
CZ15/SFm&2&rDXHP&Ex&Fenes__ManufWin/Base1.23/instance-out.sql,964.83,17.17
CZ15/SFm&2&rDXHP&Ex&Fenes__ManufWin/Msr-0.25-0.40/instance-out.sql,1354.50,369.83
CZ15/SFm&2&rDXHP&Ex&Fenes__ManufWin/Msr-0.28-0.23/instance-out.sql,1174.50,184.50
CZ16/SFm&1&rDXGF&Ex&Fenes__ManufWin/Default/instance-out.sql,147.17,367.17
CZ16/SFm&1&rDXGF&Ex&Fenes__ManufWin/Base1.23/instance-out.sql,146.17,233.67
CZ16/SFm&1&rDXGF&Ex&Fenes__ManufWin/Msr-0.25-0.40/instance-out.sql,126.00,598.33
CZ16/SFm&1&rDXGF&Ex&Fenes__ManufWin/Msr-0.28-0.23/instance-out.sql,112.50,608.00
CZ16/SFm&2&rDXGF&Ex&Fenes__ManufWin/Default/instance-out.sql,24.17,98.83
CZ16/SFm&2&rDXGF&Ex&Fenes__ManufWin/Base1.23/instance-out.sql,21.67,64.33
CZ16/SFm&2&rDXGF&Ex&Fenes__ManufWin/Msr-0.25-0.40/instance-out.sql,54.50,466.67
CZ16/SFm&2&rDXGF&Ex&Fenes__ManufWin/Msr-0.28-0.23/instance-out.sql,43.33,455.33
CZ16/SFm&1&rDXHP&Ex&Fenes__ManufWin/Default/instance-out.sql,103.83,367.17
CZ16/SFm&1&rDXHP&Ex&Fenes__ManufWin/Base1.23/instance-out.sql,103.17,233.67
CZ16/SFm&1&rDXHP&Ex&Fenes__ManufWin/Msr-0.25-0.40/instance-out.sql,96.17,598.50
CZ16/SFm&1&rDXHP&Ex&Fenes__ManufWin/Msr-0.28-0.23/instance-out.sql,87.17,608.33
CZ16/SFm&2&rDXHP&Ex&Fenes__ManufWin/Default/instance-out.sql,23.00,98.67
CZ16/SFm&2&rDXHP&Ex&Fenes__ManufWin/Base1.23/instance-out.sql,20.17,64.33
CZ16/SFm&2&rDXHP&Ex&Fenes__ManufWin/Msr-0.25-0.40/instance-out.sql,40.83,491.83
CZ16/SFm&2&rDXHP&Ex&Fenes__ManufWin/Msr-0.28-0.23/instance-out.sql,37.50,458.67

