skip,cohort,root,wall_type,:wall_base_cavity_insul,:wall_base_cont_insul,:roof_base_cont_insul,:window_u,:window_shgc,:window_transmittance,:floor_base_cont_insul,:office_large_light_area,:kitchen_light_area,:dining_fast_light_area,:classroom_class_light_area,:corridor_light_area,:retail_sales_light_area,:storage_warehouse_light_area,:computer_light_area,:lobby_light_area,:guestroom_light_area,:auditorium_light_area,:conference_light_area,:dining_fine_light_area,:gym_light_area,:restroom_light_area,:health_patient_light_area,:industrial_low_light_area,:laundry_light_area,:auto_light_area,:classroom_shop_light_area,:grocery_light_area,:health_operating_light_area,:industrial_high_light_area,:lab_light_area,:mech_light_area,:office_open_light_area,:storage_refrig_light_area,:office_small_light_area,:main_oa_econ_max_temp
,SCn&0&cDXGF&Ex&etc,SCn/templates/root_modinfil.pxt,Mass Heavy,"%= codes.lookup(""Opaque Envelope Requirements | Climate Zone #{climate_zone}"", ""Walls Above Grade | Mass Heavy"", ""Cavity R-Value"")['R-IP']","%= (1/codes.lookup(""Opaque Envelope Requirements | Climate Zone #{climate_zone}"", ""Walls Above Grade | Metal Framed"", ""Maximum U-Factor"")-1.49)['R-IP']","%= (1/codes.lookup(""Opaque Envelope Requirements | Climate Zone #{climate_zone}"", ""Roofs | Metal Buildings"", ""Maximum U-Factor"")-0.78)['R-IP']","%= (codes.lookup(""Fenestration Requirements | Climate Zone #{climate_zone}"", ""Fixed Window"", ""U-Factor""))['U-IP']","%= (codes.lookup(""Fenestration Requirements | Climate Zone #{climate_zone}"", ""Fixed Window"", ""SHGC""))","%= (codes.lookup(""Fenestration Requirements | Climate Zone #{climate_zone}"", ""Fixed Window"", ""VT""))","%= ((1/codes.lookup(""Opaque Envelope Requirements | Climate Zone #{climate_zone}"", ""Floors | Other"", ""Maximum U-Factor""))-4.261)['R-IP']",,,,,,,"%= codes.lookup(""Lighting Power Density"", ""storage_warehouse"", ""LPD"")['W/ft2']",,,,,,,,,,,,,,,,,,,,,,"%= codes.lookup(""Economizer Setpoints"", ""#{climate_zone}"", ""Fixed Drybulb"")['F']"
,SCn&0&cDXHP&Ex&etc,SCn/templates/root_modinfil.pxt,Mass Heavy,"%= codes.lookup(""Opaque Envelope Requirements | Climate Zone #{climate_zone}"", ""Walls Above Grade | Mass Heavy"", ""Cavity R-Value"")['R-IP']","%= (1/codes.lookup(""Opaque Envelope Requirements | Climate Zone #{climate_zone}"", ""Walls Above Grade | Metal Framed"", ""Maximum U-Factor"")-1.49)['R-IP']","%= (1/codes.lookup(""Opaque Envelope Requirements | Climate Zone #{climate_zone}"", ""Roofs | Metal Buildings"", ""Maximum U-Factor"")-0.78)['R-IP']","%= (codes.lookup(""Fenestration Requirements | Climate Zone #{climate_zone}"", ""Fixed Window"", ""U-Factor""))['U-IP']","%= (codes.lookup(""Fenestration Requirements | Climate Zone #{climate_zone}"", ""Fixed Window"", ""SHGC""))","%= (codes.lookup(""Fenestration Requirements | Climate Zone #{climate_zone}"", ""Fixed Window"", ""VT""))","%= ((1/codes.lookup(""Opaque Envelope Requirements | Climate Zone #{climate_zone}"", ""Floors | Other"", ""Maximum U-Factor""))-4.261)['R-IP']",,,,,,,"%= codes.lookup(""Lighting Power Density"", ""storage_warehouse"", ""LPD"")['W/ft2']",,,,,,,,,,,,,,,,,,,,,,"%= codes.lookup(""Economizer Setpoints"", ""#{climate_zone}"", ""Fixed Drybulb"")['F']"
,SCn&0&cDXOH&Ex&etc,SCn/templates/root_modinfil.pxt,Mass Heavy,"%= codes.lookup(""Opaque Envelope Requirements | Climate Zone #{climate_zone}"", ""Walls Above Grade | Mass Heavy"", ""Cavity R-Value"")['R-IP']","%= (1/codes.lookup(""Opaque Envelope Requirements | Climate Zone #{climate_zone}"", ""Walls Above Grade | Metal Framed"", ""Maximum U-Factor"")-1.49)['R-IP']","%= (1/codes.lookup(""Opaque Envelope Requirements | Climate Zone #{climate_zone}"", ""Roofs | Metal Buildings"", ""Maximum U-Factor"")-0.78)['R-IP']","%= (codes.lookup(""Fenestration Requirements | Climate Zone #{climate_zone}"", ""Fixed Window"", ""U-Factor""))['U-IP']","%= (codes.lookup(""Fenestration Requirements | Climate Zone #{climate_zone}"", ""Fixed Window"", ""SHGC""))","%= (codes.lookup(""Fenestration Requirements | Climate Zone #{climate_zone}"", ""Fixed Window"", ""VT""))","%= ((1/codes.lookup(""Opaque Envelope Requirements | Climate Zone #{climate_zone}"", ""Floors | Other"", ""Maximum U-Factor""))-4.261)['R-IP']",,,,,,,"%= codes.lookup(""Lighting Power Density"", ""storage_warehouse"", ""LPD"")['W/ft2']",,,,,,,,,,,,,,,,,,,,,,"%= codes.lookup(""Economizer Setpoints"", ""#{climate_zone}"", ""Fixed Drybulb"")['F']"
,SCn&0&cAVVG&Ex&etc,SCn/templates/root_modinfil.pxt,Mass Heavy,"%= codes.lookup(""Opaque Envelope Requirements | Climate Zone #{climate_zone}"", ""Walls Above Grade | Mass Heavy"", ""Cavity R-Value"")['R-IP']","%= (1/codes.lookup(""Opaque Envelope Requirements | Climate Zone #{climate_zone}"", ""Walls Above Grade | Metal Framed"", ""Maximum U-Factor"")-1.49)['R-IP']","%= (1/codes.lookup(""Opaque Envelope Requirements | Climate Zone #{climate_zone}"", ""Roofs | Metal Buildings"", ""Maximum U-Factor"")-0.78)['R-IP']","%= (codes.lookup(""Fenestration Requirements | Climate Zone #{climate_zone}"", ""Fixed Window"", ""U-Factor""))['U-IP']","%= (codes.lookup(""Fenestration Requirements | Climate Zone #{climate_zone}"", ""Fixed Window"", ""SHGC""))","%= (codes.lookup(""Fenestration Requirements | Climate Zone #{climate_zone}"", ""Fixed Window"", ""VT""))","%= ((1/codes.lookup(""Opaque Envelope Requirements | Climate Zone #{climate_zone}"", ""Floors | Other"", ""Maximum U-Factor""))-4.261)['R-IP']",,,,,,,"%= codes.lookup(""Lighting Power Density"", ""storage_warehouse"", ""LPD"")['W/ft2']",,,,,,,,,,,,,,,,,,,,,,"%= codes.lookup(""Economizer Setpoints"", ""#{climate_zone}"", ""Fixed Drybulb"")['F']"
,SCn&0&cPVVG&Ex&etc,SCn/templates/root_modinfil.pxt,Mass Heavy,"%= codes.lookup(""Opaque Envelope Requirements | Climate Zone #{climate_zone}"", ""Walls Above Grade | Mass Heavy"", ""Cavity R-Value"")['R-IP']","%= (1/codes.lookup(""Opaque Envelope Requirements | Climate Zone #{climate_zone}"", ""Walls Above Grade | Metal Framed"", ""Maximum U-Factor"")-1.49)['R-IP']","%= (1/codes.lookup(""Opaque Envelope Requirements | Climate Zone #{climate_zone}"", ""Roofs | Metal Buildings"", ""Maximum U-Factor"")-0.78)['R-IP']","%= (codes.lookup(""Fenestration Requirements | Climate Zone #{climate_zone}"", ""Fixed Window"", ""U-Factor""))['U-IP']","%= (codes.lookup(""Fenestration Requirements | Climate Zone #{climate_zone}"", ""Fixed Window"", ""SHGC""))","%= (codes.lookup(""Fenestration Requirements | Climate Zone #{climate_zone}"", ""Fixed Window"", ""VT""))","%= ((1/codes.lookup(""Opaque Envelope Requirements | Climate Zone #{climate_zone}"", ""Floors | Other"", ""Maximum U-Factor""))-4.261)['R-IP']",,,,,,,"%= codes.lookup(""Lighting Power Density"", ""storage_warehouse"", ""LPD"")['W/ft2']",,,,,,,,,,,,,,,,,,,,,,"%= codes.lookup(""Economizer Setpoints"", ""#{climate_zone}"", ""Fixed Drybulb"")['F']"
,RtS&0&cDXGF&Ex&etc,RtS/templates/root_modinfil.pxt,Mass Heavy,"%= codes.lookup(""Opaque Envelope Requirements | Climate Zone #{climate_zone}"", ""Walls Above Grade | Mass Heavy"", ""Cavity R-Value"")['R-IP']","%= (1/codes.lookup(""Opaque Envelope Requirements | Climate Zone #{climate_zone}"", ""Walls Above Grade | Mass Heavy"", ""Maximum U-Factor"")-1.49)['R-IP']","%= (1/codes.lookup(""Opaque Envelope Requirements | Climate Zone #{climate_zone}"", ""Roofs | Wood Framed and Other"", ""Maximum U-Factor"")-0.78)['R-IP']","%= (codes.lookup(""Fenestration Requirements | Climate Zone #{climate_zone}"", ""Fixed Window"", ""U-Factor""))['U-IP']","%= (codes.lookup(""Fenestration Requirements | Climate Zone #{climate_zone}"", ""Fixed Window"", ""SHGC""))","%= (codes.lookup(""Fenestration Requirements | Climate Zone #{climate_zone}"", ""Fixed Window"", ""VT""))","%= ((1/codes.lookup(""Opaque Envelope Requirements | Climate Zone #{climate_zone}"", ""Floors | Other"", ""Maximum U-Factor""))-4.261)['R-IP']",,,,,,"%= codes.lookup(""Lighting Power Density"", ""retail_sales"", ""LPD"")['W/ft2']","%= codes.lookup(""Lighting Power Density"", ""storage_warehouse"", ""LPD"")['W/ft2']",,,,,,,,,,,,,,,,,,,,,,"%= codes.lookup(""Economizer Setpoints"", ""#{climate_zone}"", ""Fixed Drybulb"")['F']"
,RtS&0&cDXHP&Ex&etc,RtS/templates/root_modinfil.pxt,Mass Heavy,"%= codes.lookup(""Opaque Envelope Requirements | Climate Zone #{climate_zone}"", ""Walls Above Grade | Mass Heavy"", ""Cavity R-Value"")['R-IP']","%= (1/codes.lookup(""Opaque Envelope Requirements | Climate Zone #{climate_zone}"", ""Walls Above Grade | Mass Heavy"", ""Maximum U-Factor"")-1.49)['R-IP']","%= (1/codes.lookup(""Opaque Envelope Requirements | Climate Zone #{climate_zone}"", ""Roofs | Wood Framed and Other"", ""Maximum U-Factor"")-0.78)['R-IP']","%= (codes.lookup(""Fenestration Requirements | Climate Zone #{climate_zone}"", ""Fixed Window"", ""U-Factor""))['U-IP']","%= (codes.lookup(""Fenestration Requirements | Climate Zone #{climate_zone}"", ""Fixed Window"", ""SHGC""))","%= (codes.lookup(""Fenestration Requirements | Climate Zone #{climate_zone}"", ""Fixed Window"", ""VT""))","%= ((1/codes.lookup(""Opaque Envelope Requirements | Climate Zone #{climate_zone}"", ""Floors | Other"", ""Maximum U-Factor""))-4.261)['R-IP']",,,,,,"%= codes.lookup(""Lighting Power Density"", ""retail_sales"", ""LPD"")['W/ft2']","%= codes.lookup(""Lighting Power Density"", ""storage_warehouse"", ""LPD"")['W/ft2']",,,,,,,,,,,,,,,,,,,,,,"%= codes.lookup(""Economizer Setpoints"", ""#{climate_zone}"", ""Fixed Drybulb"")['F']"
,RtS&0&cDXOH&Ex&etc,RtS/templates/root_modinfil.pxt,Mass Heavy,"%= codes.lookup(""Opaque Envelope Requirements | Climate Zone #{climate_zone}"", ""Walls Above Grade | Mass Heavy"", ""Cavity R-Value"")['R-IP']","%= (1/codes.lookup(""Opaque Envelope Requirements | Climate Zone #{climate_zone}"", ""Walls Above Grade | Mass Heavy"", ""Maximum U-Factor"")-1.49)['R-IP']","%= (1/codes.lookup(""Opaque Envelope Requirements | Climate Zone #{climate_zone}"", ""Roofs | Wood Framed and Other"", ""Maximum U-Factor"")-0.78)['R-IP']","%= (codes.lookup(""Fenestration Requirements | Climate Zone #{climate_zone}"", ""Fixed Window"", ""U-Factor""))['U-IP']","%= (codes.lookup(""Fenestration Requirements | Climate Zone #{climate_zone}"", ""Fixed Window"", ""SHGC""))","%= (codes.lookup(""Fenestration Requirements | Climate Zone #{climate_zone}"", ""Fixed Window"", ""VT""))","%= ((1/codes.lookup(""Opaque Envelope Requirements | Climate Zone #{climate_zone}"", ""Floors | Other"", ""Maximum U-Factor""))-4.261)['R-IP']",,,,,,"%= codes.lookup(""Lighting Power Density"", ""retail_sales"", ""LPD"")['W/ft2']","%= codes.lookup(""Lighting Power Density"", ""storage_warehouse"", ""LPD"")['W/ft2']",,,,,,,,,,,,,,,,,,,,,,"%= codes.lookup(""Economizer Setpoints"", ""#{climate_zone}"", ""Fixed Drybulb"")['F']"
,RtS&0&cAVVG&Ex&etc,RtS/templates/root_modinfil.pxt,Mass Heavy,"%= codes.lookup(""Opaque Envelope Requirements | Climate Zone #{climate_zone}"", ""Walls Above Grade | Mass Heavy"", ""Cavity R-Value"")['R-IP']","%= (1/codes.lookup(""Opaque Envelope Requirements | Climate Zone #{climate_zone}"", ""Walls Above Grade | Mass Heavy"", ""Maximum U-Factor"")-1.49)['R-IP']","%= (1/codes.lookup(""Opaque Envelope Requirements | Climate Zone #{climate_zone}"", ""Roofs | Wood Framed and Other"", ""Maximum U-Factor"")-0.78)['R-IP']","%= (codes.lookup(""Fenestration Requirements | Climate Zone #{climate_zone}"", ""Fixed Window"", ""U-Factor""))['U-IP']","%= (codes.lookup(""Fenestration Requirements | Climate Zone #{climate_zone}"", ""Fixed Window"", ""SHGC""))","%= (codes.lookup(""Fenestration Requirements | Climate Zone #{climate_zone}"", ""Fixed Window"", ""VT""))","%= ((1/codes.lookup(""Opaque Envelope Requirements | Climate Zone #{climate_zone}"", ""Floors | Other"", ""Maximum U-Factor""))-4.261)['R-IP']",,,,,,"%= codes.lookup(""Lighting Power Density"", ""retail_sales"", ""LPD"")['W/ft2']","%= codes.lookup(""Lighting Power Density"", ""storage_warehouse"", ""LPD"")['W/ft2']",,,,,,,,,,,,,,,,,,,,,,"%= codes.lookup(""Economizer Setpoints"", ""#{climate_zone}"", ""Fixed Drybulb"")['F']"
,RtS&0&cPVVG&Ex&etc,RtS/templates/root_modinfil.pxt,Mass Heavy,"%= codes.lookup(""Opaque Envelope Requirements | Climate Zone #{climate_zone}"", ""Walls Above Grade | Mass Heavy"", ""Cavity R-Value"")['R-IP']","%= (1/codes.lookup(""Opaque Envelope Requirements | Climate Zone #{climate_zone}"", ""Walls Above Grade | Mass Heavy"", ""Maximum U-Factor"")-1.49)['R-IP']","%= (1/codes.lookup(""Opaque Envelope Requirements | Climate Zone #{climate_zone}"", ""Roofs | Wood Framed and Other"", ""Maximum U-Factor"")-0.78)['R-IP']","%= (codes.lookup(""Fenestration Requirements | Climate Zone #{climate_zone}"", ""Fixed Window"", ""U-Factor""))['U-IP']","%= (codes.lookup(""Fenestration Requirements | Climate Zone #{climate_zone}"", ""Fixed Window"", ""SHGC""))","%= (codes.lookup(""Fenestration Requirements | Climate Zone #{climate_zone}"", ""Fixed Window"", ""VT""))","%= ((1/codes.lookup(""Opaque Envelope Requirements | Climate Zone #{climate_zone}"", ""Floors | Other"", ""Maximum U-Factor""))-4.261)['R-IP']",,,,,,"%= codes.lookup(""Lighting Power Density"", ""retail_sales"", ""LPD"")['W/ft2']","%= codes.lookup(""Lighting Power Density"", ""storage_warehouse"", ""LPD"")['W/ft2']",,,,,,,,,,,,,,,,,,,,,,"%= codes.lookup(""Economizer Setpoints"", ""#{climate_zone}"", ""Fixed Drybulb"")['F']"
,OfS&0&cDXGF&Ex&etc,OfS/templates/root_modinfil.pxt,Wood Frame,"%= codes.lookup(""Opaque Envelope Requirements | Climate Zone #{climate_zone}"", ""Walls Above Grade | Wood Framed and Other"", ""Cavity R-Value"")['R-IP']","%= (1/codes.lookup(""Opaque Envelope Requirements | Climate Zone #{climate_zone}"", ""Walls Above Grade | Wood Framed and Other"", ""Maximum U-Factor"")-1.49)['R-IP']","%= (1/codes.lookup(""Opaque Envelope Requirements | Climate Zone #{climate_zone}"", ""Roofs | Wood Framed and Other"", ""Maximum U-Factor"")-0.78)['R-IP']","%= (codes.lookup(""Fenestration Requirements | Climate Zone #{climate_zone}"", ""Fixed Window"", ""U-Factor""))['U-IP']","%= (codes.lookup(""Fenestration Requirements | Climate Zone #{climate_zone}"", ""Fixed Window"", ""SHGC""))","%= (codes.lookup(""Fenestration Requirements | Climate Zone #{climate_zone}"", ""Fixed Window"", ""VT""))","%= ((1/codes.lookup(""Opaque Envelope Requirements | Climate Zone #{climate_zone}"", ""Floors | Other"", ""Maximum U-Factor""))-4.261)['R-IP']","%= codes.lookup(""Lighting Power Density"", ""office_large"", ""LPD"")['W/ft2']",,,,"%= codes.lookup(""Lighting Power Density"", ""corridor"", ""LPD"")['W/ft2']",,,,,,,,,,,,,,,,,,,,,,,"%= codes.lookup(""Lighting Power Density"", ""office_small"", ""LPD"")['W/ft2']","%= codes.lookup(""Economizer Setpoints"", ""#{climate_zone}"", ""Fixed Drybulb"")['F']"
,OfS&0&cDXHP&Ex&etc,OfS/templates/root_modinfil.pxt,Wood Frame,"%= codes.lookup(""Opaque Envelope Requirements | Climate Zone #{climate_zone}"", ""Walls Above Grade | Wood Framed and Other"", ""Cavity R-Value"")['R-IP']","%= (1/codes.lookup(""Opaque Envelope Requirements | Climate Zone #{climate_zone}"", ""Walls Above Grade | Wood Framed and Other"", ""Maximum U-Factor"")-1.49)['R-IP']","%= (1/codes.lookup(""Opaque Envelope Requirements | Climate Zone #{climate_zone}"", ""Roofs | Wood Framed and Other"", ""Maximum U-Factor"")-0.78)['R-IP']","%= (codes.lookup(""Fenestration Requirements | Climate Zone #{climate_zone}"", ""Fixed Window"", ""U-Factor""))['U-IP']","%= (codes.lookup(""Fenestration Requirements | Climate Zone #{climate_zone}"", ""Fixed Window"", ""SHGC""))","%= (codes.lookup(""Fenestration Requirements | Climate Zone #{climate_zone}"", ""Fixed Window"", ""VT""))","%= ((1/codes.lookup(""Opaque Envelope Requirements | Climate Zone #{climate_zone}"", ""Floors | Other"", ""Maximum U-Factor""))-4.261)['R-IP']","%= codes.lookup(""Lighting Power Density"", ""office_large"", ""LPD"")['W/ft2']",,,,"%= codes.lookup(""Lighting Power Density"", ""corridor"", ""LPD"")['W/ft2']",,,,,,,,,,,,,,,,,,,,,,,"%= codes.lookup(""Lighting Power Density"", ""office_small"", ""LPD"")['W/ft2']","%= codes.lookup(""Economizer Setpoints"", ""#{climate_zone}"", ""Fixed Drybulb"")['F']"
,OfS&0&cDXOH&Ex&etc,OfS/templates/root_modinfil.pxt,Wood Frame,"%= codes.lookup(""Opaque Envelope Requirements | Climate Zone #{climate_zone}"", ""Walls Above Grade | Wood Framed and Other"", ""Cavity R-Value"")['R-IP']","%= (1/codes.lookup(""Opaque Envelope Requirements | Climate Zone #{climate_zone}"", ""Walls Above Grade | Wood Framed and Other"", ""Maximum U-Factor"")-1.49)['R-IP']","%= (1/codes.lookup(""Opaque Envelope Requirements | Climate Zone #{climate_zone}"", ""Roofs | Wood Framed and Other"", ""Maximum U-Factor"")-0.78)['R-IP']","%= (codes.lookup(""Fenestration Requirements | Climate Zone #{climate_zone}"", ""Fixed Window"", ""U-Factor""))['U-IP']","%= (codes.lookup(""Fenestration Requirements | Climate Zone #{climate_zone}"", ""Fixed Window"", ""SHGC""))","%= (codes.lookup(""Fenestration Requirements | Climate Zone #{climate_zone}"", ""Fixed Window"", ""VT""))","%= ((1/codes.lookup(""Opaque Envelope Requirements | Climate Zone #{climate_zone}"", ""Floors | Other"", ""Maximum U-Factor""))-4.261)['R-IP']","%= codes.lookup(""Lighting Power Density"", ""office_large"", ""LPD"")['W/ft2']",,,,"%= codes.lookup(""Lighting Power Density"", ""corridor"", ""LPD"")['W/ft2']",,,,,,,,,,,,,,,,,,,,,,,"%= codes.lookup(""Lighting Power Density"", ""office_small"", ""LPD"")['W/ft2']","%= codes.lookup(""Economizer Setpoints"", ""#{climate_zone}"", ""Fixed Drybulb"")['F']"
,OfS&0&cAVVG&Ex&etc,OfS/templates/root_modinfil.pxt,Wood Frame,"%= codes.lookup(""Opaque Envelope Requirements | Climate Zone #{climate_zone}"", ""Walls Above Grade | Wood Framed and Other"", ""Cavity R-Value"")['R-IP']","%= (1/codes.lookup(""Opaque Envelope Requirements | Climate Zone #{climate_zone}"", ""Walls Above Grade | Wood Framed and Other"", ""Maximum U-Factor"")-1.49)['R-IP']","%= (1/codes.lookup(""Opaque Envelope Requirements | Climate Zone #{climate_zone}"", ""Roofs | Wood Framed and Other"", ""Maximum U-Factor"")-0.78)['R-IP']","%= (codes.lookup(""Fenestration Requirements | Climate Zone #{climate_zone}"", ""Fixed Window"", ""U-Factor""))['U-IP']","%= (codes.lookup(""Fenestration Requirements | Climate Zone #{climate_zone}"", ""Fixed Window"", ""SHGC""))","%= (codes.lookup(""Fenestration Requirements | Climate Zone #{climate_zone}"", ""Fixed Window"", ""VT""))","%= ((1/codes.lookup(""Opaque Envelope Requirements | Climate Zone #{climate_zone}"", ""Floors | Other"", ""Maximum U-Factor""))-4.261)['R-IP']","%= codes.lookup(""Lighting Power Density"", ""office_large"", ""LPD"")['W/ft2']",,,,"%= codes.lookup(""Lighting Power Density"", ""corridor"", ""LPD"")['W/ft2']",,,,,,,,,,,,,,,,,,,,,,,"%= codes.lookup(""Lighting Power Density"", ""office_small"", ""LPD"")['W/ft2']","%= codes.lookup(""Economizer Setpoints"", ""#{climate_zone}"", ""Fixed Drybulb"")['F']"
,OfS&0&cPVVG&Ex&etc,OfS/templates/root_modinfil.pxt,Wood Frame,"%= codes.lookup(""Opaque Envelope Requirements | Climate Zone #{climate_zone}"", ""Walls Above Grade | Wood Framed and Other"", ""Cavity R-Value"")['R-IP']","%= (1/codes.lookup(""Opaque Envelope Requirements | Climate Zone #{climate_zone}"", ""Walls Above Grade | Wood Framed and Other"", ""Maximum U-Factor"")-1.49)['R-IP']","%= (1/codes.lookup(""Opaque Envelope Requirements | Climate Zone #{climate_zone}"", ""Roofs | Wood Framed and Other"", ""Maximum U-Factor"")-0.78)['R-IP']","%= (codes.lookup(""Fenestration Requirements | Climate Zone #{climate_zone}"", ""Fixed Window"", ""U-Factor""))['U-IP']","%= (codes.lookup(""Fenestration Requirements | Climate Zone #{climate_zone}"", ""Fixed Window"", ""SHGC""))","%= (codes.lookup(""Fenestration Requirements | Climate Zone #{climate_zone}"", ""Fixed Window"", ""VT""))","%= ((1/codes.lookup(""Opaque Envelope Requirements | Climate Zone #{climate_zone}"", ""Floors | Other"", ""Maximum U-Factor""))-4.261)['R-IP']","%= codes.lookup(""Lighting Power Density"", ""office_large"", ""LPD"")['W/ft2']",,,,"%= codes.lookup(""Lighting Power Density"", ""corridor"", ""LPD"")['W/ft2']",,,,,,,,,,,,,,,,,,,,,,,"%= codes.lookup(""Lighting Power Density"", ""office_small"", ""LPD"")['W/ft2']","%= codes.lookup(""Economizer Setpoints"", ""#{climate_zone}"", ""Fixed Drybulb"")['F']"
,RSD&0&cDXGF&Ex&etc,RSD/templates/root_modinfil.pxt,Wood Frame,"%= codes.lookup(""Opaque Envelope Requirements | Climate Zone #{climate_zone}"", ""Walls Above Grade | Wood Framed and Other"", ""Cavity R-Value"")['R-IP']","%= (1/codes.lookup(""Opaque Envelope Requirements | Climate Zone #{climate_zone}"", ""Walls Above Grade | Wood Framed and Other"", ""Maximum U-Factor"")-1.49)['R-IP']","%= (1/codes.lookup(""Opaque Envelope Requirements | Climate Zone #{climate_zone}"", ""Roofs | Wood Framed and Other"", ""Maximum U-Factor"")-0.78)['R-IP']","%= (codes.lookup(""Fenestration Requirements | Climate Zone #{climate_zone}"", ""Fixed Window"", ""U-Factor""))['U-IP']","%= (codes.lookup(""Fenestration Requirements | Climate Zone #{climate_zone}"", ""Fixed Window"", ""SHGC""))","%= (codes.lookup(""Fenestration Requirements | Climate Zone #{climate_zone}"", ""Fixed Window"", ""VT""))","%= ((1/codes.lookup(""Opaque Envelope Requirements | Climate Zone #{climate_zone}"", ""Floors | Other"", ""Maximum U-Factor""))-4.261)['R-IP']",,"%= codes.lookup(""Lighting Power Density"", ""kitchen"", ""LPD"")['W/ft2']",,,,,,,"%= codes.lookup(""Lighting Power Density"", ""lobby"", ""LPD"")['W/ft2']",,,,"%= codes.lookup(""Lighting Power Density"", ""dining_fine"", ""LPD"")['W/ft2']",,"%= codes.lookup(""Lighting Power Density"", ""restroom"", ""LPD"")['W/ft2']",,,,,,,,,,,,,,"%= codes.lookup(""Economizer Setpoints"", ""#{climate_zone}"", ""Fixed Drybulb"")['F']"
,RSD&0&cDXHP&Ex&etc,RSD/templates/root_modinfil.pxt,Wood Frame,"%= codes.lookup(""Opaque Envelope Requirements | Climate Zone #{climate_zone}"", ""Walls Above Grade | Wood Framed and Other"", ""Cavity R-Value"")['R-IP']","%= (1/codes.lookup(""Opaque Envelope Requirements | Climate Zone #{climate_zone}"", ""Walls Above Grade | Wood Framed and Other"", ""Maximum U-Factor"")-1.49)['R-IP']","%= (1/codes.lookup(""Opaque Envelope Requirements | Climate Zone #{climate_zone}"", ""Roofs | Wood Framed and Other"", ""Maximum U-Factor"")-0.78)['R-IP']","%= (codes.lookup(""Fenestration Requirements | Climate Zone #{climate_zone}"", ""Fixed Window"", ""U-Factor""))['U-IP']","%= (codes.lookup(""Fenestration Requirements | Climate Zone #{climate_zone}"", ""Fixed Window"", ""SHGC""))","%= (codes.lookup(""Fenestration Requirements | Climate Zone #{climate_zone}"", ""Fixed Window"", ""VT""))","%= ((1/codes.lookup(""Opaque Envelope Requirements | Climate Zone #{climate_zone}"", ""Floors | Other"", ""Maximum U-Factor""))-4.261)['R-IP']",,"%= codes.lookup(""Lighting Power Density"", ""kitchen"", ""LPD"")['W/ft2']",,,,,,,"%= codes.lookup(""Lighting Power Density"", ""lobby"", ""LPD"")['W/ft2']",,,,"%= codes.lookup(""Lighting Power Density"", ""dining_fine"", ""LPD"")['W/ft2']",,"%= codes.lookup(""Lighting Power Density"", ""restroom"", ""LPD"")['W/ft2']",,,,,,,,,,,,,,"%= codes.lookup(""Economizer Setpoints"", ""#{climate_zone}"", ""Fixed Drybulb"")['F']"
,RSD&0&cDXOH&Ex&etc,RSD/templates/root_modinfil.pxt,Wood Frame,"%= codes.lookup(""Opaque Envelope Requirements | Climate Zone #{climate_zone}"", ""Walls Above Grade | Wood Framed and Other"", ""Cavity R-Value"")['R-IP']","%= (1/codes.lookup(""Opaque Envelope Requirements | Climate Zone #{climate_zone}"", ""Walls Above Grade | Wood Framed and Other"", ""Maximum U-Factor"")-1.49)['R-IP']","%= (1/codes.lookup(""Opaque Envelope Requirements | Climate Zone #{climate_zone}"", ""Roofs | Wood Framed and Other"", ""Maximum U-Factor"")-0.78)['R-IP']","%= (codes.lookup(""Fenestration Requirements | Climate Zone #{climate_zone}"", ""Fixed Window"", ""U-Factor""))['U-IP']","%= (codes.lookup(""Fenestration Requirements | Climate Zone #{climate_zone}"", ""Fixed Window"", ""SHGC""))","%= (codes.lookup(""Fenestration Requirements | Climate Zone #{climate_zone}"", ""Fixed Window"", ""VT""))","%= ((1/codes.lookup(""Opaque Envelope Requirements | Climate Zone #{climate_zone}"", ""Floors | Other"", ""Maximum U-Factor""))-4.261)['R-IP']",,"%= codes.lookup(""Lighting Power Density"", ""kitchen"", ""LPD"")['W/ft2']",,,,,,,"%= codes.lookup(""Lighting Power Density"", ""lobby"", ""LPD"")['W/ft2']",,,,"%= codes.lookup(""Lighting Power Density"", ""dining_fine"", ""LPD"")['W/ft2']",,"%= codes.lookup(""Lighting Power Density"", ""restroom"", ""LPD"")['W/ft2']",,,,,,,,,,,,,,"%= codes.lookup(""Economizer Setpoints"", ""#{climate_zone}"", ""Fixed Drybulb"")['F']"
,RSD&0&cAVVG&Ex&etc,RSD/templates/root_modinfil.pxt,Wood Frame,"%= codes.lookup(""Opaque Envelope Requirements | Climate Zone #{climate_zone}"", ""Walls Above Grade | Wood Framed and Other"", ""Cavity R-Value"")['R-IP']","%= (1/codes.lookup(""Opaque Envelope Requirements | Climate Zone #{climate_zone}"", ""Walls Above Grade | Wood Framed and Other"", ""Maximum U-Factor"")-1.49)['R-IP']","%= (1/codes.lookup(""Opaque Envelope Requirements | Climate Zone #{climate_zone}"", ""Roofs | Wood Framed and Other"", ""Maximum U-Factor"")-0.78)['R-IP']","%= (codes.lookup(""Fenestration Requirements | Climate Zone #{climate_zone}"", ""Fixed Window"", ""U-Factor""))['U-IP']","%= (codes.lookup(""Fenestration Requirements | Climate Zone #{climate_zone}"", ""Fixed Window"", ""SHGC""))","%= (codes.lookup(""Fenestration Requirements | Climate Zone #{climate_zone}"", ""Fixed Window"", ""VT""))","%= ((1/codes.lookup(""Opaque Envelope Requirements | Climate Zone #{climate_zone}"", ""Floors | Other"", ""Maximum U-Factor""))-4.261)['R-IP']",,"%= codes.lookup(""Lighting Power Density"", ""kitchen"", ""LPD"")['W/ft2']",,,,,,,"%= codes.lookup(""Lighting Power Density"", ""lobby"", ""LPD"")['W/ft2']",,,,"%= codes.lookup(""Lighting Power Density"", ""dining_fine"", ""LPD"")['W/ft2']",,"%= codes.lookup(""Lighting Power Density"", ""restroom"", ""LPD"")['W/ft2']",,,,,,,,,,,,,,"%= codes.lookup(""Economizer Setpoints"", ""#{climate_zone}"", ""Fixed Drybulb"")['F']"
,RSD&0&cPVVG&Ex&etc,RSD/templates/root_modinfil.pxt,Wood Frame,"%= codes.lookup(""Opaque Envelope Requirements | Climate Zone #{climate_zone}"", ""Walls Above Grade | Wood Framed and Other"", ""Cavity R-Value"")['R-IP']","%= (1/codes.lookup(""Opaque Envelope Requirements | Climate Zone #{climate_zone}"", ""Walls Above Grade | Wood Framed and Other"", ""Maximum U-Factor"")-1.49)['R-IP']","%= (1/codes.lookup(""Opaque Envelope Requirements | Climate Zone #{climate_zone}"", ""Roofs | Wood Framed and Other"", ""Maximum U-Factor"")-0.78)['R-IP']","%= (codes.lookup(""Fenestration Requirements | Climate Zone #{climate_zone}"", ""Fixed Window"", ""U-Factor""))['U-IP']","%= (codes.lookup(""Fenestration Requirements | Climate Zone #{climate_zone}"", ""Fixed Window"", ""SHGC""))","%= (codes.lookup(""Fenestration Requirements | Climate Zone #{climate_zone}"", ""Fixed Window"", ""VT""))","%= ((1/codes.lookup(""Opaque Envelope Requirements | Climate Zone #{climate_zone}"", ""Floors | Other"", ""Maximum U-Factor""))-4.261)['R-IP']",,"%= codes.lookup(""Lighting Power Density"", ""kitchen"", ""LPD"")['W/ft2']",,,,,,,"%= codes.lookup(""Lighting Power Density"", ""lobby"", ""LPD"")['W/ft2']",,,,"%= codes.lookup(""Lighting Power Density"", ""dining_fine"", ""LPD"")['W/ft2']",,"%= codes.lookup(""Lighting Power Density"", ""restroom"", ""LPD"")['W/ft2']",,,,,,,,,,,,,,"%= codes.lookup(""Economizer Setpoints"", ""#{climate_zone}"", ""Fixed Drybulb"")['F']"
,RFF&0&cDXGF&Ex&etc,RFF/templates/root_modinfil.pxt,Mass Heavy,"%= codes.lookup(""Opaque Envelope Requirements | Climate Zone #{climate_zone}"", ""Walls Above Grade | Mass Heavy"", ""Cavity R-Value"")['R-IP']","%= (1/codes.lookup(""Opaque Envelope Requirements | Climate Zone #{climate_zone}"", ""Walls Above Grade | Mass Heavy"", ""Maximum U-Factor"")-1.49)['R-IP']","%= (1/codes.lookup(""Opaque Envelope Requirements | Climate Zone #{climate_zone}"", ""Roofs | Wood Framed and Other"", ""Maximum U-Factor"")-0.78)['R-IP']","%= (codes.lookup(""Fenestration Requirements | Climate Zone #{climate_zone}"", ""Fixed Window"", ""U-Factor""))['U-IP']","%= (codes.lookup(""Fenestration Requirements | Climate Zone #{climate_zone}"", ""Fixed Window"", ""SHGC""))","%= (codes.lookup(""Fenestration Requirements | Climate Zone #{climate_zone}"", ""Fixed Window"", ""VT""))","%= ((1/codes.lookup(""Opaque Envelope Requirements | Climate Zone #{climate_zone}"", ""Floors | Other"", ""Maximum U-Factor""))-4.261)['R-IP']",,"%= codes.lookup(""Lighting Power Density"", ""kitchen"", ""LPD"")['W/ft2']","%= codes.lookup(""Lighting Power Density"", ""dining_fast"", ""LPD"")['W/ft2']",,,,,,"%= codes.lookup(""Lighting Power Density"", ""lobby"", ""LPD"")['W/ft2']",,,,,,"%= codes.lookup(""Lighting Power Density"", ""restroom"", ""LPD"")['W/ft2']",,,,,,,,,,,,,,"%= codes.lookup(""Economizer Setpoints"", ""#{climate_zone}"", ""Fixed Drybulb"")['F']"
,RFF&0&cDXHP&Ex&etc,RFF/templates/root_modinfil.pxt,Mass Heavy,"%= codes.lookup(""Opaque Envelope Requirements | Climate Zone #{climate_zone}"", ""Walls Above Grade | Mass Heavy"", ""Cavity R-Value"")['R-IP']","%= (1/codes.lookup(""Opaque Envelope Requirements | Climate Zone #{climate_zone}"", ""Walls Above Grade | Mass Heavy"", ""Maximum U-Factor"")-1.49)['R-IP']","%= (1/codes.lookup(""Opaque Envelope Requirements | Climate Zone #{climate_zone}"", ""Roofs | Wood Framed and Other"", ""Maximum U-Factor"")-0.78)['R-IP']","%= (codes.lookup(""Fenestration Requirements | Climate Zone #{climate_zone}"", ""Fixed Window"", ""U-Factor""))['U-IP']","%= (codes.lookup(""Fenestration Requirements | Climate Zone #{climate_zone}"", ""Fixed Window"", ""SHGC""))","%= (codes.lookup(""Fenestration Requirements | Climate Zone #{climate_zone}"", ""Fixed Window"", ""VT""))","%= ((1/codes.lookup(""Opaque Envelope Requirements | Climate Zone #{climate_zone}"", ""Floors | Other"", ""Maximum U-Factor""))-4.261)['R-IP']",,"%= codes.lookup(""Lighting Power Density"", ""kitchen"", ""LPD"")['W/ft2']","%= codes.lookup(""Lighting Power Density"", ""dining_fast"", ""LPD"")['W/ft2']",,,,,,"%= codes.lookup(""Lighting Power Density"", ""lobby"", ""LPD"")['W/ft2']",,,,,,"%= codes.lookup(""Lighting Power Density"", ""restroom"", ""LPD"")['W/ft2']",,,,,,,,,,,,,,"%= codes.lookup(""Economizer Setpoints"", ""#{climate_zone}"", ""Fixed Drybulb"")['F']"
,RFF&0&cDXOH&Ex&etc,RFF/templates/root_modinfil.pxt,Mass Heavy,"%= codes.lookup(""Opaque Envelope Requirements | Climate Zone #{climate_zone}"", ""Walls Above Grade | Mass Heavy"", ""Cavity R-Value"")['R-IP']","%= (1/codes.lookup(""Opaque Envelope Requirements | Climate Zone #{climate_zone}"", ""Walls Above Grade | Mass Heavy"", ""Maximum U-Factor"")-1.49)['R-IP']","%= (1/codes.lookup(""Opaque Envelope Requirements | Climate Zone #{climate_zone}"", ""Roofs | Wood Framed and Other"", ""Maximum U-Factor"")-0.78)['R-IP']","%= (codes.lookup(""Fenestration Requirements | Climate Zone #{climate_zone}"", ""Fixed Window"", ""U-Factor""))['U-IP']","%= (codes.lookup(""Fenestration Requirements | Climate Zone #{climate_zone}"", ""Fixed Window"", ""SHGC""))","%= (codes.lookup(""Fenestration Requirements | Climate Zone #{climate_zone}"", ""Fixed Window"", ""VT""))","%= ((1/codes.lookup(""Opaque Envelope Requirements | Climate Zone #{climate_zone}"", ""Floors | Other"", ""Maximum U-Factor""))-4.261)['R-IP']",,"%= codes.lookup(""Lighting Power Density"", ""kitchen"", ""LPD"")['W/ft2']","%= codes.lookup(""Lighting Power Density"", ""dining_fast"", ""LPD"")['W/ft2']",,,,,,"%= codes.lookup(""Lighting Power Density"", ""lobby"", ""LPD"")['W/ft2']",,,,,,"%= codes.lookup(""Lighting Power Density"", ""restroom"", ""LPD"")['W/ft2']",,,,,,,,,,,,,,"%= codes.lookup(""Economizer Setpoints"", ""#{climate_zone}"", ""Fixed Drybulb"")['F']"
,RFF&0&cAVVG&Ex&etc,RFF/templates/root_modinfil.pxt,Mass Heavy,"%= codes.lookup(""Opaque Envelope Requirements | Climate Zone #{climate_zone}"", ""Walls Above Grade | Mass Heavy"", ""Cavity R-Value"")['R-IP']","%= (1/codes.lookup(""Opaque Envelope Requirements | Climate Zone #{climate_zone}"", ""Walls Above Grade | Mass Heavy"", ""Maximum U-Factor"")-1.49)['R-IP']","%= (1/codes.lookup(""Opaque Envelope Requirements | Climate Zone #{climate_zone}"", ""Roofs | Wood Framed and Other"", ""Maximum U-Factor"")-0.78)['R-IP']","%= (codes.lookup(""Fenestration Requirements | Climate Zone #{climate_zone}"", ""Fixed Window"", ""U-Factor""))['U-IP']","%= (codes.lookup(""Fenestration Requirements | Climate Zone #{climate_zone}"", ""Fixed Window"", ""SHGC""))","%= (codes.lookup(""Fenestration Requirements | Climate Zone #{climate_zone}"", ""Fixed Window"", ""VT""))","%= ((1/codes.lookup(""Opaque Envelope Requirements | Climate Zone #{climate_zone}"", ""Floors | Other"", ""Maximum U-Factor""))-4.261)['R-IP']",,"%= codes.lookup(""Lighting Power Density"", ""kitchen"", ""LPD"")['W/ft2']","%= codes.lookup(""Lighting Power Density"", ""dining_fast"", ""LPD"")['W/ft2']",,,,,,"%= codes.lookup(""Lighting Power Density"", ""lobby"", ""LPD"")['W/ft2']",,,,,,"%= codes.lookup(""Lighting Power Density"", ""restroom"", ""LPD"")['W/ft2']",,,,,,,,,,,,,,"%= codes.lookup(""Economizer Setpoints"", ""#{climate_zone}"", ""Fixed Drybulb"")['F']"
,RFF&0&cPVVG&Ex&etc,RFF/templates/root_modinfil.pxt,Mass Heavy,"%= codes.lookup(""Opaque Envelope Requirements | Climate Zone #{climate_zone}"", ""Walls Above Grade | Mass Heavy"", ""Cavity R-Value"")['R-IP']","%= (1/codes.lookup(""Opaque Envelope Requirements | Climate Zone #{climate_zone}"", ""Walls Above Grade | Mass Heavy"", ""Maximum U-Factor"")-1.49)['R-IP']","%= (1/codes.lookup(""Opaque Envelope Requirements | Climate Zone #{climate_zone}"", ""Roofs | Wood Framed and Other"", ""Maximum U-Factor"")-0.78)['R-IP']","%= (codes.lookup(""Fenestration Requirements | Climate Zone #{climate_zone}"", ""Fixed Window"", ""U-Factor""))['U-IP']","%= (codes.lookup(""Fenestration Requirements | Climate Zone #{climate_zone}"", ""Fixed Window"", ""SHGC""))","%= (codes.lookup(""Fenestration Requirements | Climate Zone #{climate_zone}"", ""Fixed Window"", ""VT""))","%= ((1/codes.lookup(""Opaque Envelope Requirements | Climate Zone #{climate_zone}"", ""Floors | Other"", ""Maximum U-Factor""))-4.261)['R-IP']",,"%= codes.lookup(""Lighting Power Density"", ""kitchen"", ""LPD"")['W/ft2']","%= codes.lookup(""Lighting Power Density"", ""dining_fast"", ""LPD"")['W/ft2']",,,,,,"%= codes.lookup(""Lighting Power Density"", ""lobby"", ""LPD"")['W/ft2']",,,,,,"%= codes.lookup(""Lighting Power Density"", ""restroom"", ""LPD"")['W/ft2']",,,,,,,,,,,,,,"%= codes.lookup(""Economizer Setpoints"", ""#{climate_zone}"", ""Fixed Drybulb"")['F']"
,Nrs&0&cDXGF&Ex&etc,Nrs/templates/root_modinfil.pxt,Wood Frame,"%= codes.lookup(""Opaque Envelope Requirements | Climate Zone #{climate_zone}"", ""Walls Above Grade | Wood Framed and Other"", ""Cavity R-Value"")['R-IP']","%= (1/codes.lookup(""Opaque Envelope Requirements | Climate Zone #{climate_zone}"", ""Walls Above Grade | Wood Framed and Other"", ""Maximum U-Factor"")-1.49)['R-IP']","%= (1/codes.lookup(""Opaque Envelope Requirements | Climate Zone #{climate_zone}"", ""Roofs | Wood Framed and Other"", ""Maximum U-Factor"")-0.78)['R-IP']","%= (codes.lookup(""Fenestration Requirements | Climate Zone #{climate_zone}"", ""Fixed Window"", ""U-Factor""))['U-IP']","%= (codes.lookup(""Fenestration Requirements | Climate Zone #{climate_zone}"", ""Fixed Window"", ""SHGC""))","%= (codes.lookup(""Fenestration Requirements | Climate Zone #{climate_zone}"", ""Fixed Window"", ""VT""))","%= ((1/codes.lookup(""Opaque Envelope Requirements | Climate Zone #{climate_zone}"", ""Floors | Other"", ""Maximum U-Factor""))-4.261)['R-IP']","%= codes.lookup(""Lighting Power Density"", ""office_large"", ""LPD"")['W/ft2']","%= codes.lookup(""Lighting Power Density"", ""kitchen"", ""LPD"")['W/ft2']","%= codes.lookup(""Lighting Power Density"", ""dining_fast"", ""LPD"")['W/ft2']",,"%= codes.lookup(""Lighting Power Density"", ""corridor"", ""LPD"")['W/ft2']",,,,,,,,,,,"%= codes.lookup(""Lighting Power Density"", ""health_patient"", ""LPD"")['W/ft2']",,,,,,,,,,,,,"%= codes.lookup(""Economizer Setpoints"", ""#{climate_zone}"", ""Fixed Drybulb"")['F']"
,Nrs&0&cDXHP&Ex&etc,Nrs/templates/root_modinfil.pxt,Wood Frame,"%= codes.lookup(""Opaque Envelope Requirements | Climate Zone #{climate_zone}"", ""Walls Above Grade | Wood Framed and Other"", ""Cavity R-Value"")['R-IP']","%= (1/codes.lookup(""Opaque Envelope Requirements | Climate Zone #{climate_zone}"", ""Walls Above Grade | Wood Framed and Other"", ""Maximum U-Factor"")-1.49)['R-IP']","%= (1/codes.lookup(""Opaque Envelope Requirements | Climate Zone #{climate_zone}"", ""Roofs | Wood Framed and Other"", ""Maximum U-Factor"")-0.78)['R-IP']","%= (codes.lookup(""Fenestration Requirements | Climate Zone #{climate_zone}"", ""Fixed Window"", ""U-Factor""))['U-IP']","%= (codes.lookup(""Fenestration Requirements | Climate Zone #{climate_zone}"", ""Fixed Window"", ""SHGC""))","%= (codes.lookup(""Fenestration Requirements | Climate Zone #{climate_zone}"", ""Fixed Window"", ""VT""))","%= ((1/codes.lookup(""Opaque Envelope Requirements | Climate Zone #{climate_zone}"", ""Floors | Other"", ""Maximum U-Factor""))-4.261)['R-IP']","%= codes.lookup(""Lighting Power Density"", ""office_large"", ""LPD"")['W/ft2']","%= codes.lookup(""Lighting Power Density"", ""kitchen"", ""LPD"")['W/ft2']","%= codes.lookup(""Lighting Power Density"", ""dining_fast"", ""LPD"")['W/ft2']",,"%= codes.lookup(""Lighting Power Density"", ""corridor"", ""LPD"")['W/ft2']",,,,,,,,,,,"%= codes.lookup(""Lighting Power Density"", ""health_patient"", ""LPD"")['W/ft2']",,,,,,,,,,,,,"%= codes.lookup(""Economizer Setpoints"", ""#{climate_zone}"", ""Fixed Drybulb"")['F']"
,Nrs&0&cDXOH&Ex&etc,Nrs/templates/root_modinfil.pxt,Wood Frame,"%= codes.lookup(""Opaque Envelope Requirements | Climate Zone #{climate_zone}"", ""Walls Above Grade | Wood Framed and Other"", ""Cavity R-Value"")['R-IP']","%= (1/codes.lookup(""Opaque Envelope Requirements | Climate Zone #{climate_zone}"", ""Walls Above Grade | Wood Framed and Other"", ""Maximum U-Factor"")-1.49)['R-IP']","%= (1/codes.lookup(""Opaque Envelope Requirements | Climate Zone #{climate_zone}"", ""Roofs | Wood Framed and Other"", ""Maximum U-Factor"")-0.78)['R-IP']","%= (codes.lookup(""Fenestration Requirements | Climate Zone #{climate_zone}"", ""Fixed Window"", ""U-Factor""))['U-IP']","%= (codes.lookup(""Fenestration Requirements | Climate Zone #{climate_zone}"", ""Fixed Window"", ""SHGC""))","%= (codes.lookup(""Fenestration Requirements | Climate Zone #{climate_zone}"", ""Fixed Window"", ""VT""))","%= ((1/codes.lookup(""Opaque Envelope Requirements | Climate Zone #{climate_zone}"", ""Floors | Other"", ""Maximum U-Factor""))-4.261)['R-IP']","%= codes.lookup(""Lighting Power Density"", ""office_large"", ""LPD"")['W/ft2']","%= codes.lookup(""Lighting Power Density"", ""kitchen"", ""LPD"")['W/ft2']","%= codes.lookup(""Lighting Power Density"", ""dining_fast"", ""LPD"")['W/ft2']",,"%= codes.lookup(""Lighting Power Density"", ""corridor"", ""LPD"")['W/ft2']",,,,,,,,,,,"%= codes.lookup(""Lighting Power Density"", ""health_patient"", ""LPD"")['W/ft2']",,,,,,,,,,,,,"%= codes.lookup(""Economizer Setpoints"", ""#{climate_zone}"", ""Fixed Drybulb"")['F']"
,Nrs&0&cAVVG&Ex&etc,Nrs/templates/root_modinfil.pxt,Wood Frame,"%= codes.lookup(""Opaque Envelope Requirements | Climate Zone #{climate_zone}"", ""Walls Above Grade | Wood Framed and Other"", ""Cavity R-Value"")['R-IP']","%= (1/codes.lookup(""Opaque Envelope Requirements | Climate Zone #{climate_zone}"", ""Walls Above Grade | Wood Framed and Other"", ""Maximum U-Factor"")-1.49)['R-IP']","%= (1/codes.lookup(""Opaque Envelope Requirements | Climate Zone #{climate_zone}"", ""Roofs | Wood Framed and Other"", ""Maximum U-Factor"")-0.78)['R-IP']","%= (codes.lookup(""Fenestration Requirements | Climate Zone #{climate_zone}"", ""Fixed Window"", ""U-Factor""))['U-IP']","%= (codes.lookup(""Fenestration Requirements | Climate Zone #{climate_zone}"", ""Fixed Window"", ""SHGC""))","%= (codes.lookup(""Fenestration Requirements | Climate Zone #{climate_zone}"", ""Fixed Window"", ""VT""))","%= ((1/codes.lookup(""Opaque Envelope Requirements | Climate Zone #{climate_zone}"", ""Floors | Other"", ""Maximum U-Factor""))-4.261)['R-IP']","%= codes.lookup(""Lighting Power Density"", ""office_large"", ""LPD"")['W/ft2']","%= codes.lookup(""Lighting Power Density"", ""kitchen"", ""LPD"")['W/ft2']","%= codes.lookup(""Lighting Power Density"", ""dining_fast"", ""LPD"")['W/ft2']",,"%= codes.lookup(""Lighting Power Density"", ""corridor"", ""LPD"")['W/ft2']",,,,,,,,,,,"%= codes.lookup(""Lighting Power Density"", ""health_patient"", ""LPD"")['W/ft2']",,,,,,,,,,,,,"%= codes.lookup(""Economizer Setpoints"", ""#{climate_zone}"", ""Fixed Drybulb"")['F']"
,Nrs&0&cPVVG&Ex&etc,Nrs/templates/root_modinfil.pxt,Wood Frame,"%= codes.lookup(""Opaque Envelope Requirements | Climate Zone #{climate_zone}"", ""Walls Above Grade | Wood Framed and Other"", ""Cavity R-Value"")['R-IP']","%= (1/codes.lookup(""Opaque Envelope Requirements | Climate Zone #{climate_zone}"", ""Walls Above Grade | Wood Framed and Other"", ""Maximum U-Factor"")-1.49)['R-IP']","%= (1/codes.lookup(""Opaque Envelope Requirements | Climate Zone #{climate_zone}"", ""Roofs | Wood Framed and Other"", ""Maximum U-Factor"")-0.78)['R-IP']","%= (codes.lookup(""Fenestration Requirements | Climate Zone #{climate_zone}"", ""Fixed Window"", ""U-Factor""))['U-IP']","%= (codes.lookup(""Fenestration Requirements | Climate Zone #{climate_zone}"", ""Fixed Window"", ""SHGC""))","%= (codes.lookup(""Fenestration Requirements | Climate Zone #{climate_zone}"", ""Fixed Window"", ""VT""))","%= ((1/codes.lookup(""Opaque Envelope Requirements | Climate Zone #{climate_zone}"", ""Floors | Other"", ""Maximum U-Factor""))-4.261)['R-IP']","%= codes.lookup(""Lighting Power Density"", ""office_large"", ""LPD"")['W/ft2']","%= codes.lookup(""Lighting Power Density"", ""kitchen"", ""LPD"")['W/ft2']","%= codes.lookup(""Lighting Power Density"", ""dining_fast"", ""LPD"")['W/ft2']",,"%= codes.lookup(""Lighting Power Density"", ""corridor"", ""LPD"")['W/ft2']",,,,,,,,,,,"%= codes.lookup(""Lighting Power Density"", ""health_patient"", ""LPD"")['W/ft2']",,,,,,,,,,,,,"%= codes.lookup(""Economizer Setpoints"", ""#{climate_zone}"", ""Fixed Drybulb"")['F']"
,Mtl&0&cDXGF&Ex&etc,Mtl/templates/root_modinfil.pxt,Wood Frame,"%= codes.lookup(""Opaque Envelope Requirements | Climate Zone #{climate_zone}"", ""Walls Above Grade | Wood Framed and Other"", ""Cavity R-Value"")['R-IP']","%= (1/codes.lookup(""Opaque Envelope Requirements | Climate Zone #{climate_zone}"", ""Walls Above Grade | Wood Framed and Other"", ""Maximum U-Factor"")-1.49)['R-IP']","%= (1/codes.lookup(""Opaque Envelope Requirements | Climate Zone #{climate_zone}"", ""Roofs | Wood Framed and Other"", ""Maximum U-Factor"")-0.78)['R-IP']","%= (codes.lookup(""Fenestration Requirements | Climate Zone #{climate_zone}"", ""Fixed Window"", ""U-Factor""))['U-IP']","%= (codes.lookup(""Fenestration Requirements | Climate Zone #{climate_zone}"", ""Fixed Window"", ""SHGC""))","%= (codes.lookup(""Fenestration Requirements | Climate Zone #{climate_zone}"", ""Fixed Window"", ""VT""))","%= ((1/codes.lookup(""Opaque Envelope Requirements | Climate Zone #{climate_zone}"", ""Floors | Other"", ""Maximum U-Factor""))-4.261)['R-IP']","%= codes.lookup(""Lighting Power Density"", ""office_large"", ""LPD"")['W/ft2']",,,,"%= codes.lookup(""Lighting Power Density"", ""corridor"", ""LPD"")['W/ft2']",,,,,"%= codes.lookup(""Lighting Power Density"", ""guestroom"", ""LPD"")['W/ft2']",,,,,,,,"%= codes.lookup(""Lighting Power Density"", ""laundry"", ""LPD"")['W/ft2']",,,,,,,,,,,"%= codes.lookup(""Economizer Setpoints"", ""#{climate_zone}"", ""Fixed Drybulb"")['F']"
,Mtl&0&cDXHP&Ex&etc,Mtl/templates/root_modinfil.pxt,Wood Frame,"%= codes.lookup(""Opaque Envelope Requirements | Climate Zone #{climate_zone}"", ""Walls Above Grade | Wood Framed and Other"", ""Cavity R-Value"")['R-IP']","%= (1/codes.lookup(""Opaque Envelope Requirements | Climate Zone #{climate_zone}"", ""Walls Above Grade | Wood Framed and Other"", ""Maximum U-Factor"")-1.49)['R-IP']","%= (1/codes.lookup(""Opaque Envelope Requirements | Climate Zone #{climate_zone}"", ""Roofs | Wood Framed and Other"", ""Maximum U-Factor"")-0.78)['R-IP']","%= (codes.lookup(""Fenestration Requirements | Climate Zone #{climate_zone}"", ""Fixed Window"", ""U-Factor""))['U-IP']","%= (codes.lookup(""Fenestration Requirements | Climate Zone #{climate_zone}"", ""Fixed Window"", ""SHGC""))","%= (codes.lookup(""Fenestration Requirements | Climate Zone #{climate_zone}"", ""Fixed Window"", ""VT""))","%= ((1/codes.lookup(""Opaque Envelope Requirements | Climate Zone #{climate_zone}"", ""Floors | Other"", ""Maximum U-Factor""))-4.261)['R-IP']","%= codes.lookup(""Lighting Power Density"", ""office_large"", ""LPD"")['W/ft2']",,,,"%= codes.lookup(""Lighting Power Density"", ""corridor"", ""LPD"")['W/ft2']",,,,,"%= codes.lookup(""Lighting Power Density"", ""guestroom"", ""LPD"")['W/ft2']",,,,,,,,"%= codes.lookup(""Lighting Power Density"", ""laundry"", ""LPD"")['W/ft2']",,,,,,,,,,,"%= codes.lookup(""Economizer Setpoints"", ""#{climate_zone}"", ""Fixed Drybulb"")['F']"
,Mtl&0&cDXOH&Ex&etc,Mtl/templates/root_modinfil.pxt,Wood Frame,"%= codes.lookup(""Opaque Envelope Requirements | Climate Zone #{climate_zone}"", ""Walls Above Grade | Wood Framed and Other"", ""Cavity R-Value"")['R-IP']","%= (1/codes.lookup(""Opaque Envelope Requirements | Climate Zone #{climate_zone}"", ""Walls Above Grade | Wood Framed and Other"", ""Maximum U-Factor"")-1.49)['R-IP']","%= (1/codes.lookup(""Opaque Envelope Requirements | Climate Zone #{climate_zone}"", ""Roofs | Wood Framed and Other"", ""Maximum U-Factor"")-0.78)['R-IP']","%= (codes.lookup(""Fenestration Requirements | Climate Zone #{climate_zone}"", ""Fixed Window"", ""U-Factor""))['U-IP']","%= (codes.lookup(""Fenestration Requirements | Climate Zone #{climate_zone}"", ""Fixed Window"", ""SHGC""))","%= (codes.lookup(""Fenestration Requirements | Climate Zone #{climate_zone}"", ""Fixed Window"", ""VT""))","%= ((1/codes.lookup(""Opaque Envelope Requirements | Climate Zone #{climate_zone}"", ""Floors | Other"", ""Maximum U-Factor""))-4.261)['R-IP']","%= codes.lookup(""Lighting Power Density"", ""office_large"", ""LPD"")['W/ft2']",,,,"%= codes.lookup(""Lighting Power Density"", ""corridor"", ""LPD"")['W/ft2']",,,,,"%= codes.lookup(""Lighting Power Density"", ""guestroom"", ""LPD"")['W/ft2']",,,,,,,,"%= codes.lookup(""Lighting Power Density"", ""laundry"", ""LPD"")['W/ft2']",,,,,,,,,,,"%= codes.lookup(""Economizer Setpoints"", ""#{climate_zone}"", ""Fixed Drybulb"")['F']"
,Mtl&0&cAVVG&Ex&etc,Mtl/templates/root_modinfil.pxt,Wood Frame,"%= codes.lookup(""Opaque Envelope Requirements | Climate Zone #{climate_zone}"", ""Walls Above Grade | Wood Framed and Other"", ""Cavity R-Value"")['R-IP']","%= (1/codes.lookup(""Opaque Envelope Requirements | Climate Zone #{climate_zone}"", ""Walls Above Grade | Wood Framed and Other"", ""Maximum U-Factor"")-1.49)['R-IP']","%= (1/codes.lookup(""Opaque Envelope Requirements | Climate Zone #{climate_zone}"", ""Roofs | Wood Framed and Other"", ""Maximum U-Factor"")-0.78)['R-IP']","%= (codes.lookup(""Fenestration Requirements | Climate Zone #{climate_zone}"", ""Fixed Window"", ""U-Factor""))['U-IP']","%= (codes.lookup(""Fenestration Requirements | Climate Zone #{climate_zone}"", ""Fixed Window"", ""SHGC""))","%= (codes.lookup(""Fenestration Requirements | Climate Zone #{climate_zone}"", ""Fixed Window"", ""VT""))","%= ((1/codes.lookup(""Opaque Envelope Requirements | Climate Zone #{climate_zone}"", ""Floors | Other"", ""Maximum U-Factor""))-4.261)['R-IP']","%= codes.lookup(""Lighting Power Density"", ""office_large"", ""LPD"")['W/ft2']",,,,"%= codes.lookup(""Lighting Power Density"", ""corridor"", ""LPD"")['W/ft2']",,,,,"%= codes.lookup(""Lighting Power Density"", ""guestroom"", ""LPD"")['W/ft2']",,,,,,,,"%= codes.lookup(""Lighting Power Density"", ""laundry"", ""LPD"")['W/ft2']",,,,,,,,,,,"%= codes.lookup(""Economizer Setpoints"", ""#{climate_zone}"", ""Fixed Drybulb"")['F']"
,Mtl&0&cPVVG&Ex&etc,Mtl/templates/root_modinfil.pxt,Wood Frame,"%= codes.lookup(""Opaque Envelope Requirements | Climate Zone #{climate_zone}"", ""Walls Above Grade | Wood Framed and Other"", ""Cavity R-Value"")['R-IP']","%= (1/codes.lookup(""Opaque Envelope Requirements | Climate Zone #{climate_zone}"", ""Walls Above Grade | Wood Framed and Other"", ""Maximum U-Factor"")-1.49)['R-IP']","%= (1/codes.lookup(""Opaque Envelope Requirements | Climate Zone #{climate_zone}"", ""Roofs | Wood Framed and Other"", ""Maximum U-Factor"")-0.78)['R-IP']","%= (codes.lookup(""Fenestration Requirements | Climate Zone #{climate_zone}"", ""Fixed Window"", ""U-Factor""))['U-IP']","%= (codes.lookup(""Fenestration Requirements | Climate Zone #{climate_zone}"", ""Fixed Window"", ""SHGC""))","%= (codes.lookup(""Fenestration Requirements | Climate Zone #{climate_zone}"", ""Fixed Window"", ""VT""))","%= ((1/codes.lookup(""Opaque Envelope Requirements | Climate Zone #{climate_zone}"", ""Floors | Other"", ""Maximum U-Factor""))-4.261)['R-IP']","%= codes.lookup(""Lighting Power Density"", ""office_large"", ""LPD"")['W/ft2']",,,,"%= codes.lookup(""Lighting Power Density"", ""corridor"", ""LPD"")['W/ft2']",,,,,"%= codes.lookup(""Lighting Power Density"", ""guestroom"", ""LPD"")['W/ft2']",,,,,,,,"%= codes.lookup(""Lighting Power Density"", ""laundry"", ""LPD"")['W/ft2']",,,,,,,,,,,"%= codes.lookup(""Economizer Setpoints"", ""#{climate_zone}"", ""Fixed Drybulb"")['F']"
,Gro&0&cDXGF&Ex&etc,Gro/templates/root_modinfil.pxt,Mass Heavy,"%= codes.lookup(""Opaque Envelope Requirements | Climate Zone #{climate_zone}"", ""Walls Above Grade | Mass Heavy"", ""Cavity R-Value"")['R-IP']","%= (1/codes.lookup(""Opaque Envelope Requirements | Climate Zone #{climate_zone}"", ""Walls Above Grade | Metal Framed"", ""Maximum U-Factor"")-1.49)['R-IP']","%= (1/codes.lookup(""Opaque Envelope Requirements | Climate Zone #{climate_zone}"", ""Roofs | Metal Buildings"", ""Maximum U-Factor"")-0.78)['R-IP']","%= (codes.lookup(""Fenestration Requirements | Climate Zone #{climate_zone}"", ""Fixed Window"", ""U-Factor""))['U-IP']","%= (codes.lookup(""Fenestration Requirements | Climate Zone #{climate_zone}"", ""Fixed Window"", ""SHGC""))","%= (codes.lookup(""Fenestration Requirements | Climate Zone #{climate_zone}"", ""Fixed Window"", ""VT""))","%= ((1/codes.lookup(""Opaque Envelope Requirements | Climate Zone #{climate_zone}"", ""Floors | Other"", ""Maximum U-Factor""))-4.261)['R-IP']","%= codes.lookup(""Lighting Power Density"", ""office_large"", ""LPD"")['W/ft2']",,,,,,,,,,,,,,,,,,,,"%= codes.lookup(""Lighting Power Density"", ""grocery"", ""LPD"")['W/ft2']",,"%= codes.lookup(""Lighting Power Density"", ""industrial_high"", ""LPD"")['W/ft2']",,,,"%= codes.lookup(""Lighting Power Density"", ""storage_refrig"", ""LPD"")['W/ft2']",,"%= codes.lookup(""Economizer Setpoints"", ""#{climate_zone}"", ""Fixed Drybulb"")['F']"
,Gro&0&cDXHP&Ex&etc,Gro/templates/root_modinfil.pxt,Mass Heavy,"%= codes.lookup(""Opaque Envelope Requirements | Climate Zone #{climate_zone}"", ""Walls Above Grade | Mass Heavy"", ""Cavity R-Value"")['R-IP']","%= (1/codes.lookup(""Opaque Envelope Requirements | Climate Zone #{climate_zone}"", ""Walls Above Grade | Metal Framed"", ""Maximum U-Factor"")-1.49)['R-IP']","%= (1/codes.lookup(""Opaque Envelope Requirements | Climate Zone #{climate_zone}"", ""Roofs | Metal Buildings"", ""Maximum U-Factor"")-0.78)['R-IP']","%= (codes.lookup(""Fenestration Requirements | Climate Zone #{climate_zone}"", ""Fixed Window"", ""U-Factor""))['U-IP']","%= (codes.lookup(""Fenestration Requirements | Climate Zone #{climate_zone}"", ""Fixed Window"", ""SHGC""))","%= (codes.lookup(""Fenestration Requirements | Climate Zone #{climate_zone}"", ""Fixed Window"", ""VT""))","%= ((1/codes.lookup(""Opaque Envelope Requirements | Climate Zone #{climate_zone}"", ""Floors | Other"", ""Maximum U-Factor""))-4.261)['R-IP']","%= codes.lookup(""Lighting Power Density"", ""office_large"", ""LPD"")['W/ft2']",,,,,,,,,,,,,,,,,,,,"%= codes.lookup(""Lighting Power Density"", ""grocery"", ""LPD"")['W/ft2']",,"%= codes.lookup(""Lighting Power Density"", ""industrial_high"", ""LPD"")['W/ft2']",,,,"%= codes.lookup(""Lighting Power Density"", ""storage_refrig"", ""LPD"")['W/ft2']",,"%= codes.lookup(""Economizer Setpoints"", ""#{climate_zone}"", ""Fixed Drybulb"")['F']"
,Gro&0&cDXOH&Ex&etc,Gro/templates/root_modinfil.pxt,Mass Heavy,"%= codes.lookup(""Opaque Envelope Requirements | Climate Zone #{climate_zone}"", ""Walls Above Grade | Mass Heavy"", ""Cavity R-Value"")['R-IP']","%= (1/codes.lookup(""Opaque Envelope Requirements | Climate Zone #{climate_zone}"", ""Walls Above Grade | Metal Framed"", ""Maximum U-Factor"")-1.49)['R-IP']","%= (1/codes.lookup(""Opaque Envelope Requirements | Climate Zone #{climate_zone}"", ""Roofs | Metal Buildings"", ""Maximum U-Factor"")-0.78)['R-IP']","%= (codes.lookup(""Fenestration Requirements | Climate Zone #{climate_zone}"", ""Fixed Window"", ""U-Factor""))['U-IP']","%= (codes.lookup(""Fenestration Requirements | Climate Zone #{climate_zone}"", ""Fixed Window"", ""SHGC""))","%= (codes.lookup(""Fenestration Requirements | Climate Zone #{climate_zone}"", ""Fixed Window"", ""VT""))","%= ((1/codes.lookup(""Opaque Envelope Requirements | Climate Zone #{climate_zone}"", ""Floors | Other"", ""Maximum U-Factor""))-4.261)['R-IP']","%= codes.lookup(""Lighting Power Density"", ""office_large"", ""LPD"")['W/ft2']",,,,,,,,,,,,,,,,,,,,"%= codes.lookup(""Lighting Power Density"", ""grocery"", ""LPD"")['W/ft2']",,"%= codes.lookup(""Lighting Power Density"", ""industrial_high"", ""LPD"")['W/ft2']",,,,"%= codes.lookup(""Lighting Power Density"", ""storage_refrig"", ""LPD"")['W/ft2']",,"%= codes.lookup(""Economizer Setpoints"", ""#{climate_zone}"", ""Fixed Drybulb"")['F']"
,Gro&0&cAVVG&Ex&etc,Gro/templates/root_modinfil.pxt,Mass Heavy,"%= codes.lookup(""Opaque Envelope Requirements | Climate Zone #{climate_zone}"", ""Walls Above Grade | Mass Heavy"", ""Cavity R-Value"")['R-IP']","%= (1/codes.lookup(""Opaque Envelope Requirements | Climate Zone #{climate_zone}"", ""Walls Above Grade | Metal Framed"", ""Maximum U-Factor"")-1.49)['R-IP']","%= (1/codes.lookup(""Opaque Envelope Requirements | Climate Zone #{climate_zone}"", ""Roofs | Metal Buildings"", ""Maximum U-Factor"")-0.78)['R-IP']","%= (codes.lookup(""Fenestration Requirements | Climate Zone #{climate_zone}"", ""Fixed Window"", ""U-Factor""))['U-IP']","%= (codes.lookup(""Fenestration Requirements | Climate Zone #{climate_zone}"", ""Fixed Window"", ""SHGC""))","%= (codes.lookup(""Fenestration Requirements | Climate Zone #{climate_zone}"", ""Fixed Window"", ""VT""))","%= ((1/codes.lookup(""Opaque Envelope Requirements | Climate Zone #{climate_zone}"", ""Floors | Other"", ""Maximum U-Factor""))-4.261)['R-IP']","%= codes.lookup(""Lighting Power Density"", ""office_large"", ""LPD"")['W/ft2']",,,,,,,,,,,,,,,,,,,,"%= codes.lookup(""Lighting Power Density"", ""grocery"", ""LPD"")['W/ft2']",,"%= codes.lookup(""Lighting Power Density"", ""industrial_high"", ""LPD"")['W/ft2']",,,,"%= codes.lookup(""Lighting Power Density"", ""storage_refrig"", ""LPD"")['W/ft2']",,"%= codes.lookup(""Economizer Setpoints"", ""#{climate_zone}"", ""Fixed Drybulb"")['F']"
,Gro&0&cPVVG&Ex&etc,Gro/templates/root_modinfil.pxt,Mass Heavy,"%= codes.lookup(""Opaque Envelope Requirements | Climate Zone #{climate_zone}"", ""Walls Above Grade | Mass Heavy"", ""Cavity R-Value"")['R-IP']","%= (1/codes.lookup(""Opaque Envelope Requirements | Climate Zone #{climate_zone}"", ""Walls Above Grade | Metal Framed"", ""Maximum U-Factor"")-1.49)['R-IP']","%= (1/codes.lookup(""Opaque Envelope Requirements | Climate Zone #{climate_zone}"", ""Roofs | Metal Buildings"", ""Maximum U-Factor"")-0.78)['R-IP']","%= (codes.lookup(""Fenestration Requirements | Climate Zone #{climate_zone}"", ""Fixed Window"", ""U-Factor""))['U-IP']","%= (codes.lookup(""Fenestration Requirements | Climate Zone #{climate_zone}"", ""Fixed Window"", ""SHGC""))","%= (codes.lookup(""Fenestration Requirements | Climate Zone #{climate_zone}"", ""Fixed Window"", ""VT""))","%= ((1/codes.lookup(""Opaque Envelope Requirements | Climate Zone #{climate_zone}"", ""Floors | Other"", ""Maximum U-Factor""))-4.261)['R-IP']","%= codes.lookup(""Lighting Power Density"", ""office_large"", ""LPD"")['W/ft2']",,,,,,,,,,,,,,,,,,,,"%= codes.lookup(""Lighting Power Density"", ""grocery"", ""LPD"")['W/ft2']",,"%= codes.lookup(""Lighting Power Density"", ""industrial_high"", ""LPD"")['W/ft2']",,,,"%= codes.lookup(""Lighting Power Density"", ""storage_refrig"", ""LPD"")['W/ft2']",,"%= codes.lookup(""Economizer Setpoints"", ""#{climate_zone}"", ""Fixed Drybulb"")['F']"
