skip,case_name,:use_recirc,:water_heater_type,:water_heater_cap,:heat_element_cap,:thermal_eff,:uef,:tank_size,:draw_pattern,:parasitic_power,:parasitic_fuel,:tank_height,:sch,:override_skin_loss,:tank_skin_loss
,RE-WaterHtg_eq-HP_UEF-40g-LO-2.75UEF-120V,FALSE,120v_hpwh,1230['W'],900['W'],1,2.75,37,LO,,,56['in'],SFm_minute_dhw_demand_fraction.csv,TRUE,0.31
,RE-WaterHtg_eq-HP_UEF-40g-LO-3.00UEF-120V,FALSE,120v_hpwh,1230['W'],900['W'],1,3.1,37,LO,,,56['in'],SFm_minute_dhw_demand_fraction.csv,TRUE,0.31
,RE-WaterHtg_eq-HP_UEF-40g-LO-3.30UEF-120V,FALSE,120v_hpwh,1230['W'],900['W'],1,3.3,37,LO,,,56['in'],SFm_minute_dhw_demand_fraction.csv,TRUE,0.31
,RE-WaterHtg_eq-HP_UEF-40g-LO-3.50UEF-120V,FALSE,120v_hpwh,1230['W'],900['W'],1,3.5,37,LO,,,56['in'],SFm_minute_dhw_demand_fraction.csv,TRUE,0.31
,RE-WaterHtg_eq-HP_UEF-50g-MD-2.75UEF-120V,FALSE,120v_hpwh,1230['W'],900['W'],1,2.75,46,MD,,,60['in'],SFm_minute_dhw_demand_fraction.csv,TRUE,0.47
,RE-WaterHtg_eq-HP_UEF-50g-MD-3.00UEF-120V,FALSE,120v_hpwh,1230['W'],900['W'],1,3.05,46,MD,,,60['in'],SFm_minute_dhw_demand_fraction.csv,TRUE,0.47
,RE-WaterHtg_eq-HP_UEF-50g-MD-3.30UEF-120V,FALSE,120v_hpwh,1230['W'],900['W'],1,3.3,46,MD,,,60['in'],SFm_minute_dhw_demand_fraction.csv,TRUE,0.47
,RE-WaterHtg_eq-HP_UEF-50g-MD-3.50UEF-120V,FALSE,120v_hpwh,1230['W'],900['W'],1,3.5,46,MD,,,60['in'],SFm_minute_dhw_demand_fraction.csv,TRUE,0.47
,RE-WaterHtg_eq-HP_UEF-65g-HI-2.75UEF-120V,FALSE,120v_hpwh,1230['W'],900['W'],1,2.75,66,HI,,,63['in'],SFm_minute_dhw_demand_fraction.csv,TRUE,0.58
,RE-WaterHtg_eq-HP_UEF-65g-HI-3.00UEF-120V,FALSE,120v_hpwh,1230['W'],900['W'],1,3.2,66,HI,,,63['in'],SFm_minute_dhw_demand_fraction.csv,TRUE,0.58
,RE-WaterHtg_eq-HP_UEF-65g-HI-3.30UEF-120V,FALSE,120v_hpwh,1230['W'],900['W'],1,3.4,66,HI,,,63['in'],SFm_minute_dhw_demand_fraction.csv,TRUE,0.58
,RE-WaterHtg_eq-HP_UEF-65g-HI-3.50UEF-120V,FALSE,120v_hpwh,1230['W'],900['W'],1,3.5,66,HI,,,63['in'],SFm_minute_dhw_demand_fraction.csv,TRUE,0.58
,RE-WaterHtg_eq-HP_UEF-80g-HI-2.75UEF-120V,FALSE,120v_hpwh,1230['W'],900['W'],1,2.75,81,HI,,,81['in'],SFm_minute_dhw_demand_fraction.csv,TRUE,0.48
,RE-WaterHtg_eq-HP_UEF-80g-HI-3.00UEF-120V,FALSE,120v_hpwh,1230['W'],900['W'],1,3,81,HI,,,81['in'],SFm_minute_dhw_demand_fraction.csv,TRUE,0.48
,RE-WaterHtg_eq-HP_UEF-80g-HI-3.30UEF-120V,FALSE,120v_hpwh,1230['W'],900['W'],1,3.3,81,HI,,,81['in'],SFm_minute_dhw_demand_fraction.csv,TRUE,0.48
,RE-WaterHtg_eq-HP_UEF-80g-HI-3.50UEF-120V,FALSE,120v_hpwh,1230['W'],900['W'],1,3.5,81,HI,,,81['in'],SFm_minute_dhw_demand_fraction.csv,TRUE,0.48
,RE-WaterHtg_eq-HP_UEF-40g-LO-2.75UEF-120V_no-ER,FALSE,120v_hpwh,1230['W'],,1,2.8,37,LO,,,56['in'],SFm_minute_dhw_demand_fraction.csv,TRUE,0.31
,RE-WaterHtg_eq-HP_UEF-40g-LO-3.00UEF-120V_no-ER,FALSE,120v_hpwh,1230['W'],,1,3,37,LO,,,56['in'],SFm_minute_dhw_demand_fraction.csv,TRUE,0.31
,RE-WaterHtg_eq-HP_UEF-40g-LO-3.30UEF-120V_no-ER,FALSE,120v_hpwh,1230['W'],,1,3.3,37,LO,,,56['in'],SFm_minute_dhw_demand_fraction.csv,TRUE,0.31
,RE-WaterHtg_eq-HP_UEF-40g-LO-3.50UEF-120V_no-ER,FALSE,120v_hpwh,1230['W'],,1,3.5,37,LO,,,56['in'],SFm_minute_dhw_demand_fraction.csv,TRUE,0.31
,RE-WaterHtg_eq-HP_UEF-50g-MD-2.75UEF-120V_no-ER,FALSE,120v_hpwh,1230['W'],,1,2.75,46,MD,,,60['in'],SFm_minute_dhw_demand_fraction.csv,TRUE,0.47
,RE-WaterHtg_eq-HP_UEF-50g-MD-3.00UEF-120V_no-ER,FALSE,120v_hpwh,1230['W'],,1,3,46,MD,,,60['in'],SFm_minute_dhw_demand_fraction.csv,TRUE,0.47
,RE-WaterHtg_eq-HP_UEF-50g-MD-3.30UEF-120V_no-ER,FALSE,120v_hpwh,1230['W'],,1,3.3,46,MD,,,60['in'],SFm_minute_dhw_demand_fraction.csv,TRUE,0.47
,RE-WaterHtg_eq-HP_UEF-50g-MD-3.50UEF-120V_no-ER,FALSE,120v_hpwh,1230['W'],,1,3.5,46,MD,,,60['in'],SFm_minute_dhw_demand_fraction.csv,TRUE,0.47
,RE-WaterHtg_eq-HP_UEF-65g-MDHI-2.75UEF-120V_no-ER,FALSE,120v_hpwh,1230['W'],,1,2.75,66,MDHI,,,63['in'],SFm_minute_dhw_demand_fraction.csv,TRUE,0.48
,RE-WaterHtg_eq-HP_UEF-65g-MDHI-3.00UEF-120V_no-ER,FALSE,120v_hpwh,1230['W'],,1,3.12,66,MDHI,,,63['in'],SFm_minute_dhw_demand_fraction.csv,TRUE,0.48
,RE-WaterHtg_eq-HP_UEF-65g-MDHI-3.30UEF-120V_no-ER,FALSE,120v_hpwh,1230['W'],,1,3.45,66,MDHI,,,63['in'],SFm_minute_dhw_demand_fraction.csv,TRUE,0.48
,RE-WaterHtg_eq-HP_UEF-65g-MDHI-3.50UEF-120V_no-ER,FALSE,120v_hpwh,1230['W'],,1,3.5,66,MDHI,,,63['in'],SFm_minute_dhw_demand_fraction.csv,TRUE,0.48
,RE-WaterHtg_eq-HP_UEF-80g-MDHI-2.75UEF-120V_no-ER,FALSE,120v_hpwh,1230['W'],,1,2.75,81,MDHI,,,81['in'],SFm_minute_dhw_demand_fraction.csv,TRUE,0.39
,RE-WaterHtg_eq-HP_UEF-80g-MDHI-3.00UEF-120V_no-ER,FALSE,120v_hpwh,1230['W'],,1,3,81,MDHI,,,81['in'],SFm_minute_dhw_demand_fraction.csv,TRUE,0.39
,RE-WaterHtg_eq-HP_UEF-80g-MDHI-3.30UEF-120V_no-ER,FALSE,120v_hpwh,1230['W'],,1,3.3,81,MDHI,,,81['in'],SFm_minute_dhw_demand_fraction.csv,TRUE,0.39
,RE-WaterHtg_eq-HP_UEF-80g-MDHI-3.50UEF-120V_no-ER,FALSE,120v_hpwh,1230['W'],,1,3.5,81,MDHI,,,81['in'],SFm_minute_dhw_demand_fraction.csv,TRUE,0.39
,RE-WaterHtg_eq-Stor_UEF-30g-LO-0.92UEF-240V,FALSE,elec,4900['W'],,1,0.92,30,LO,,,38['in'],SFm_minute_dhw_demand_fraction.csv,TRUE,0.65
,RE-WaterHtg_eq-Stor_UEF-40g-MD-0.92UEF-240V,FALSE,elec,4900['W'],,1,0.92,40,MD,,,41['in'],SFm_minute_dhw_demand_fraction.csv,TRUE,0.78
,RE-WaterHtg_eq-Stor_UEF-50g-MD-0.92UEF-240V,FALSE,elec,4900['W'],,1,0.93,51,MD,,,49['in'],SFm_minute_dhw_demand_fraction.csv,TRUE,0.56
