File Name,Net Site EUI (kWh/m2),Net Site Energy (kWh),Net Source EUI (kWh/m2),Net Source Energy (kWh)
CZ01/Htl&0&cDXHP&New&dxHP_equip/NE-dxHP-PkgHP-65to134-New-EER-11.0/instance-out.sql,39.46,502635.47,124.79,1589636.62
CZ01/Htl&0&cDXHP&New&dxHP_equip/NE-dxHP-PkgHP-65to134-New-EER-11.5/instance-out.sql,39.44,502379.75,124.72,1588782.53
CZ01/Htl&0&cDXHP&New&dxHP_equip/NE-dxHP-PkgHP-65to134-New-EER-12.0/instance-out.sql,39.43,502251.10,124.69,1588352.82
CZ01/Htl&0&cDXHP&New&dxHP_equip/NE-dxHP-PkgHP-135to239-New-EER-10.4/instance-out.sql,39.48,502903.38,124.86,1590531.45
CZ01/Htl&0&cDXHP&New&dxHP_equip/NE-dxHP-PkgHP-135to239-New-EER-10.8/instance-out.sql,39.44,502440.22,124.74,1588984.50
CZ01/Htl&0&cDXHP&New&dxHP_equip/NE-dxHP-PkgHP-135to239-New-EER-12.0/instance-out.sql,39.44,502357.95,124.72,1588709.71
CZ01/Htl&0&cDXHP&New&dxHP_equip/NE-dxHP-PkgHP-240to759-New-EER-9.3/instance-out.sql,39.50,503191.19,124.94,1591492.74
CZ01/Htl&0&cDXHP&New&dxHP_equip/NE-dxHP-PkgHP-240to759-New-EER-9.7/instance-out.sql,39.48,502904.31,124.86,1590534.56
CZ01/Htl&0&cDXHP&New&dxHP_equip/NE-dxHP-PkgHP-240to759-New-EER-10.0/instance-out.sql,39.48,502894.32,124.86,1590501.18
CZ02/Htl&0&cDXHP&New&dxHP_equip/NE-dxHP-PkgHP-65to134-New-EER-11.0/instance-out.sql,43.11,549198.07,137.18,1747537.40
CZ02/Htl&0&cDXHP&New&dxHP_equip/NE-dxHP-PkgHP-65to134-New-EER-11.5/instance-out.sql,43.03,548131.15,136.91,1743973.88
CZ02/Htl&0&cDXHP&New&dxHP_equip/NE-dxHP-PkgHP-65to134-New-EER-12.0/instance-out.sql,42.96,547214.24,136.66,1740911.40
CZ02/Htl&0&cDXHP&New&dxHP_equip/NE-dxHP-PkgHP-135to239-New-EER-10.4/instance-out.sql,43.18,550113.81,137.42,1750595.98
CZ02/Htl&0&cDXHP&New&dxHP_equip/NE-dxHP-PkgHP-135to239-New-EER-10.8/instance-out.sql,43.10,549027.04,137.14,1746966.15
CZ02/Htl&0&cDXHP&New&dxHP_equip/NE-dxHP-PkgHP-135to239-New-EER-12.0/instance-out.sql,43.04,548222.05,136.93,1744277.50
CZ02/Htl&0&cDXHP&New&dxHP_equip/NE-dxHP-PkgHP-240to759-New-EER-9.3/instance-out.sql,43.28,551293.31,137.73,1754535.50
CZ02/Htl&0&cDXHP&New&dxHP_equip/NE-dxHP-PkgHP-240to759-New-EER-9.7/instance-out.sql,43.19,550174.91,137.44,1750800.05
CZ02/Htl&0&cDXHP&New&dxHP_equip/NE-dxHP-PkgHP-240to759-New-EER-10.0/instance-out.sql,43.14,549520.66,137.27,1748614.85
CZ03/Htl&0&cDXHP&New&dxHP_equip/NE-dxHP-PkgHP-65to134-New-EER-11.0/instance-out.sql,41.49,528525.02,131.77,1678548.64
CZ03/Htl&0&cDXHP&New&dxHP_equip/NE-dxHP-PkgHP-65to134-New-EER-11.5/instance-out.sql,41.45,528066.40,131.65,1677016.85
CZ03/Htl&0&cDXHP&New&dxHP_equip/NE-dxHP-PkgHP-65to134-New-EER-12.0/instance-out.sql,41.42,527676.04,131.55,1675713.06
CZ03/Htl&0&cDXHP&New&dxHP_equip/NE-dxHP-PkgHP-135to239-New-EER-10.4/instance-out.sql,41.52,528920.66,131.87,1679870.10
CZ03/Htl&0&cDXHP&New&dxHP_equip/NE-dxHP-PkgHP-135to239-New-EER-10.8/instance-out.sql,41.48,528445.10,131.75,1678281.71
CZ03/Htl&0&cDXHP&New&dxHP_equip/NE-dxHP-PkgHP-135to239-New-EER-12.0/instance-out.sql,41.46,528103.66,131.66,1677141.32
CZ03/Htl&0&cDXHP&New&dxHP_equip/NE-dxHP-PkgHP-240to759-New-EER-9.3/instance-out.sql,41.56,529427.88,132.01,1681564.22
CZ03/Htl&0&cDXHP&New&dxHP_equip/NE-dxHP-PkgHP-240to759-New-EER-9.7/instance-out.sql,41.52,528946.36,131.88,1679955.91
CZ03/Htl&0&cDXHP&New&dxHP_equip/NE-dxHP-PkgHP-240to759-New-EER-10.0/instance-out.sql,41.50,528671.22,131.81,1679036.95
CZ04/Htl&0&cDXHP&New&dxHP_equip/NE-dxHP-PkgHP-65to134-New-EER-11.0/instance-out.sql,43.86,558663.05,139.74,1780056.94
CZ04/Htl&0&cDXHP&New&dxHP_equip/NE-dxHP-PkgHP-65to134-New-EER-11.5/instance-out.sql,43.76,557475.59,139.43,1776090.82
CZ04/Htl&0&cDXHP&New&dxHP_equip/NE-dxHP-PkgHP-65to134-New-EER-12.0/instance-out.sql,43.68,556411.45,139.15,1772536.59
CZ04/Htl&0&cDXHP&New&dxHP_equip/NE-dxHP-PkgHP-135to239-New-EER-10.4/instance-out.sql,43.93,559659.05,140.00,1783383.59
CZ04/Htl&0&cDXHP&New&dxHP_equip/NE-dxHP-PkgHP-135to239-New-EER-10.8/instance-out.sql,43.85,558546.58,139.71,1779667.93
CZ04/Htl&0&cDXHP&New&dxHP_equip/NE-dxHP-PkgHP-135to239-New-EER-12.0/instance-out.sql,43.77,557597.64,139.46,1776498.47
CZ04/Htl&0&cDXHP&New&dxHP_equip/NE-dxHP-PkgHP-240to759-New-EER-9.3/instance-out.sql,44.04,560969.36,140.34,1787760.00
CZ04/Htl&0&cDXHP&New&dxHP_equip/NE-dxHP-PkgHP-240to759-New-EER-9.7/instance-out.sql,43.94,559733.62,140.02,1783632.65
CZ04/Htl&0&cDXHP&New&dxHP_equip/NE-dxHP-PkgHP-240to759-New-EER-10.0/instance-out.sql,43.88,558935.13,139.81,1780965.69
CZ05/Htl&0&cDXHP&New&dxHP_equip/NE-dxHP-PkgHP-65to134-New-EER-11.0/instance-out.sql,41.92,533992.67,133.21,1696863.72
CZ05/Htl&0&cDXHP&New&dxHP_equip/NE-dxHP-PkgHP-65to134-New-EER-11.5/instance-out.sql,41.87,533346.88,133.04,1694706.79
CZ05/Htl&0&cDXHP&New&dxHP_equip/NE-dxHP-PkgHP-65to134-New-EER-12.0/instance-out.sql,41.82,532781.40,132.89,1692818.06
CZ05/Htl&0&cDXHP&New&dxHP_equip/NE-dxHP-PkgHP-135to239-New-EER-10.4/instance-out.sql,41.96,534541.38,133.35,1698696.39
CZ05/Htl&0&cDXHP&New&dxHP_equip/NE-dxHP-PkgHP-135to239-New-EER-10.8/instance-out.sql,41.91,533906.93,133.18,1696577.32
CZ05/Htl&0&cDXHP&New&dxHP_equip/NE-dxHP-PkgHP-135to239-New-EER-12.0/instance-out.sql,41.87,533406.93,133.05,1694907.34
CZ05/Htl&0&cDXHP&New&dxHP_equip/NE-dxHP-PkgHP-240to759-New-EER-9.3/instance-out.sql,42.02,535254.71,133.54,1701078.94
CZ05/Htl&0&cDXHP&New&dxHP_equip/NE-dxHP-PkgHP-240to759-New-EER-9.7/instance-out.sql,41.97,534579.94,133.36,1698825.18
CZ05/Htl&0&cDXHP&New&dxHP_equip/NE-dxHP-PkgHP-240to759-New-EER-10.0/instance-out.sql,41.93,534167.01,133.25,1697446.02
CZ06/Htl&0&cDXHP&New&dxHP_equip/NE-dxHP-PkgHP-65to134-New-EER-11.0/instance-out.sql,43.70,556703.02,139.31,1774575.90
CZ06/Htl&0&cDXHP&New&dxHP_equip/NE-dxHP-PkgHP-65to134-New-EER-11.5/instance-out.sql,43.63,555745.66,139.06,1771378.30
CZ06/Htl&0&cDXHP&New&dxHP_equip/NE-dxHP-PkgHP-65to134-New-EER-12.0/instance-out.sql,43.56,554868.86,138.83,1768449.79
CZ06/Htl&0&cDXHP&New&dxHP_equip/NE-dxHP-PkgHP-135to239-New-EER-10.4/instance-out.sql,43.76,557496.00,139.52,1777224.44
CZ06/Htl&0&cDXHP&New&dxHP_equip/NE-dxHP-PkgHP-135to239-New-EER-10.8/instance-out.sql,43.70,556641.05,139.29,1774368.93
CZ06/Htl&0&cDXHP&New&dxHP_equip/NE-dxHP-PkgHP-135to239-New-EER-12.0/instance-out.sql,43.64,555853.08,139.08,1771737.10
CZ06/Htl&0&cDXHP&New&dxHP_equip/NE-dxHP-PkgHP-240to759-New-EER-9.3/instance-out.sql,43.85,558551.34,139.79,1780749.29
CZ06/Htl&0&cDXHP&New&dxHP_equip/NE-dxHP-PkgHP-240to759-New-EER-9.7/instance-out.sql,43.77,557558.96,139.53,1777434.72
CZ06/Htl&0&cDXHP&New&dxHP_equip/NE-dxHP-PkgHP-240to759-New-EER-10.0/instance-out.sql,43.72,556884.80,139.36,1775183.03
CZ07/Htl&0&cDXHP&New&dxHP_equip/NE-dxHP-PkgHP-65to134-New-EER-11.0/instance-out.sql,44.32,564522.00,141.39,1801045.16
CZ07/Htl&0&cDXHP&New&dxHP_equip/NE-dxHP-PkgHP-65to134-New-EER-11.5/instance-out.sql,44.21,563212.22,141.04,1796670.51
CZ07/Htl&0&cDXHP&New&dxHP_equip/NE-dxHP-PkgHP-65to134-New-EER-12.0/instance-out.sql,44.12,562011.79,140.73,1792661.07
CZ07/Htl&0&cDXHP&New&dxHP_equip/NE-dxHP-PkgHP-135to239-New-EER-10.4/instance-out.sql,44.40,565606.41,141.67,1804667.09
CZ07/Htl&0&cDXHP&New&dxHP_equip/NE-dxHP-PkgHP-135to239-New-EER-10.8/instance-out.sql,44.31,564438.71,141.36,1800766.98
CZ07/Htl&0&cDXHP&New&dxHP_equip/NE-dxHP-PkgHP-135to239-New-EER-12.0/instance-out.sql,44.22,563359.61,141.08,1797162.79
CZ07/Htl&0&cDXHP&New&dxHP_equip/NE-dxHP-PkgHP-240to759-New-EER-9.3/instance-out.sql,44.51,567050.18,142.05,1809489.29
CZ07/Htl&0&cDXHP&New&dxHP_equip/NE-dxHP-PkgHP-240to759-New-EER-9.7/instance-out.sql,44.41,565692.67,141.69,1804955.21
CZ07/Htl&0&cDXHP&New&dxHP_equip/NE-dxHP-PkgHP-240to759-New-EER-10.0/instance-out.sql,44.34,564768.94,141.45,1801869.93
CZ08/Htl&0&cDXHP&New&dxHP_equip/NE-dxHP-PkgHP-65to134-New-EER-11.0/instance-out.sql,45.34,577588.54,144.82,1844797.94
CZ08/Htl&0&cDXHP&New&dxHP_equip/NE-dxHP-PkgHP-65to134-New-EER-11.5/instance-out.sql,45.22,575988.46,144.40,1839453.67
CZ08/Htl&0&cDXHP&New&dxHP_equip/NE-dxHP-PkgHP-65to134-New-EER-12.0/instance-out.sql,45.10,574524.29,144.02,1834563.34
CZ08/Htl&0&cDXHP&New&dxHP_equip/NE-dxHP-PkgHP-135to239-New-EER-10.4/instance-out.sql,45.45,578914.55,145.17,1849226.81
CZ08/Htl&0&cDXHP&New&dxHP_equip/NE-dxHP-PkgHP-135to239-New-EER-10.8/instance-out.sql,45.33,577482.84,144.79,1844444.89
CZ08/Htl&0&cDXHP&New&dxHP_equip/NE-dxHP-PkgHP-135to239-New-EER-12.0/instance-out.sql,45.23,576167.40,144.45,1840051.33
CZ08/Htl&0&cDXHP&New&dxHP_equip/NE-dxHP-PkgHP-240to759-New-EER-9.3/instance-out.sql,45.58,580678.46,145.63,1855118.27
CZ08/Htl&0&cDXHP&New&dxHP_equip/NE-dxHP-PkgHP-240to759-New-EER-9.7/instance-out.sql,45.45,579019.58,145.20,1849577.62
CZ08/Htl&0&cDXHP&New&dxHP_equip/NE-dxHP-PkgHP-240to759-New-EER-10.0/instance-out.sql,45.37,577894.86,144.90,1845821.06
CZ09/Htl&0&cDXHP&New&dxHP_equip/NE-dxHP-PkgHP-65to134-New-EER-11.0/instance-out.sql,46.03,586370.26,147.14,1874372.82
CZ09/Htl&0&cDXHP&New&dxHP_equip/NE-dxHP-PkgHP-65to134-New-EER-11.5/instance-out.sql,45.89,584553.88,146.67,1868306.11
CZ09/Htl&0&cDXHP&New&dxHP_equip/NE-dxHP-PkgHP-65to134-New-EER-12.0/instance-out.sql,45.76,582889.90,146.23,1862748.42
CZ09/Htl&0&cDXHP&New&dxHP_equip/NE-dxHP-PkgHP-135to239-New-EER-10.4/instance-out.sql,46.15,587874.52,147.54,1879397.04
CZ09/Htl&0&cDXHP&New&dxHP_equip/NE-dxHP-PkgHP-135to239-New-EER-10.8/instance-out.sql,46.02,586253.45,147.11,1873982.70
CZ09/Htl&0&cDXHP&New&dxHP_equip/NE-dxHP-PkgHP-135to239-New-EER-12.0/instance-out.sql,45.90,584757.91,146.72,1868987.57
CZ09/Htl&0&cDXHP&New&dxHP_equip/NE-dxHP-PkgHP-240to759-New-EER-9.3/instance-out.sql,46.31,589876.77,148.06,1886084.56
CZ09/Htl&0&cDXHP&New&dxHP_equip/NE-dxHP-PkgHP-240to759-New-EER-9.7/instance-out.sql,46.16,587994.03,147.57,1879796.22
CZ09/Htl&0&cDXHP&New&dxHP_equip/NE-dxHP-PkgHP-240to759-New-EER-10.0/instance-out.sql,46.06,586714.24,147.23,1875521.72
CZ10/Htl&0&cDXHP&New&dxHP_equip/NE-dxHP-PkgHP-65to134-New-EER-11.0/instance-out.sql,48.74,620840.82,156.20,1989790.73
CZ10/Htl&0&cDXHP&New&dxHP_equip/NE-dxHP-PkgHP-65to134-New-EER-11.5/instance-out.sql,48.53,618144.76,155.50,1980785.90
CZ10/Htl&0&cDXHP&New&dxHP_equip/NE-dxHP-PkgHP-65to134-New-EER-12.0/instance-out.sql,48.33,615685.89,154.85,1972573.25
CZ10/Htl&0&cDXHP&New&dxHP_equip/NE-dxHP-PkgHP-135to239-New-EER-10.4/instance-out.sql,48.91,623079.42,156.79,1997267.66
CZ10/Htl&0&cDXHP&New&dxHP_equip/NE-dxHP-PkgHP-135to239-New-EER-10.8/instance-out.sql,48.72,620648.88,156.15,1989149.64
CZ10/Htl&0&cDXHP&New&dxHP_equip/NE-dxHP-PkgHP-135to239-New-EER-12.0/instance-out.sql,48.55,618442.36,155.57,1981779.87
CZ10/Htl&0&cDXHP&New&dxHP_equip/NE-dxHP-PkgHP-240to759-New-EER-9.3/instance-out.sql,49.15,626051.98,157.57,2007196.01
CZ10/Htl&0&cDXHP&New&dxHP_equip/NE-dxHP-PkgHP-240to759-New-EER-9.7/instance-out.sql,48.93,623255.17,156.84,1997854.65
CZ10/Htl&0&cDXHP&New&dxHP_equip/NE-dxHP-PkgHP-240to759-New-EER-10.0/instance-out.sql,48.78,621373.25,156.34,1991569.04
CZ11/Htl&0&cDXHP&New&dxHP_equip/NE-dxHP-PkgHP-65to134-New-EER-11.0/instance-out.sql,49.09,625395.91,157.34,2004345.91
CZ11/Htl&0&cDXHP&New&dxHP_equip/NE-dxHP-PkgHP-65to134-New-EER-11.5/instance-out.sql,48.86,622406.72,156.56,1994362.03
CZ11/Htl&0&cDXHP&New&dxHP_equip/NE-dxHP-PkgHP-65to134-New-EER-12.0/instance-out.sql,48.65,619727.23,155.86,1985412.51
CZ11/Htl&0&cDXHP&New&dxHP_equip/NE-dxHP-PkgHP-135to239-New-EER-10.4/instance-out.sql,49.29,627902.74,158.00,2012718.73
CZ11/Htl&0&cDXHP&New&dxHP_equip/NE-dxHP-PkgHP-135to239-New-EER-10.8/instance-out.sql,49.07,625103.99,157.27,2003370.89
CZ11/Htl&0&cDXHP&New&dxHP_equip/NE-dxHP-PkgHP-135to239-New-EER-12.0/instance-out.sql,48.88,622714.32,156.64,1995389.40
CZ11/Htl&0&cDXHP&New&dxHP_equip/NE-dxHP-PkgHP-240to759-New-EER-9.3/instance-out.sql,49.55,631201.12,158.87,2023735.30
CZ11/Htl&0&cDXHP&New&dxHP_equip/NE-dxHP-PkgHP-240to759-New-EER-9.7/instance-out.sql,49.31,628090.56,158.05,2013346.06
CZ11/Htl&0&cDXHP&New&dxHP_equip/NE-dxHP-PkgHP-240to759-New-EER-10.0/instance-out.sql,49.15,626079.32,157.52,2006628.52
CZ12/Htl&0&cDXHP&New&dxHP_equip/NE-dxHP-PkgHP-65to134-New-EER-11.0/instance-out.sql,46.90,597460.25,149.96,1910311.96
CZ12/Htl&0&cDXHP&New&dxHP_equip/NE-dxHP-PkgHP-65to134-New-EER-11.5/instance-out.sql,46.71,595070.54,149.34,1902330.34
CZ12/Htl&0&cDXHP&New&dxHP_equip/NE-dxHP-PkgHP-65to134-New-EER-12.0/instance-out.sql,46.55,592939.93,148.78,1895214.08
CZ12/Htl&0&cDXHP&New&dxHP_equip/NE-dxHP-PkgHP-135to239-New-EER-10.4/instance-out.sql,47.06,599470.46,150.49,1917026.05
CZ12/Htl&0&cDXHP&New&dxHP_equip/NE-dxHP-PkgHP-135to239-New-EER-10.8/instance-out.sql,46.88,597207.39,149.90,1909467.39
CZ12/Htl&0&cDXHP&New&dxHP_equip/NE-dxHP-PkgHP-135to239-New-EER-12.0/instance-out.sql,46.73,595310.94,149.40,1903133.28
CZ12/Htl&0&cDXHP&New&dxHP_equip/NE-dxHP-PkgHP-240to759-New-EER-9.3/instance-out.sql,47.27,602107.99,151.18,1925835.41
CZ12/Htl&0&cDXHP&New&dxHP_equip/NE-dxHP-PkgHP-240to759-New-EER-9.7/instance-out.sql,47.07,599618.88,150.53,1917521.78
CZ12/Htl&0&cDXHP&New&dxHP_equip/NE-dxHP-PkgHP-240to759-New-EER-10.0/instance-out.sql,46.95,598029.54,150.11,1912213.39
CZ13/Htl&0&cDXHP&New&dxHP_equip/NE-dxHP-PkgHP-65to134-New-EER-11.0/instance-out.sql,49.92,635958.77,160.16,2040231.67
CZ13/Htl&0&cDXHP&New&dxHP_equip/NE-dxHP-PkgHP-65to134-New-EER-11.5/instance-out.sql,49.67,632752.29,159.32,2029522.02
CZ13/Htl&0&cDXHP&New&dxHP_equip/NE-dxHP-PkgHP-65to134-New-EER-12.0/instance-out.sql,49.45,629860.19,158.56,2019862.40
CZ13/Htl&0&cDXHP&New&dxHP_equip/NE-dxHP-PkgHP-135to239-New-EER-10.4/instance-out.sql,50.13,638638.36,160.86,2049181.51
CZ13/Htl&0&cDXHP&New&dxHP_equip/NE-dxHP-PkgHP-135to239-New-EER-10.8/instance-out.sql,49.90,635675.80,160.09,2039286.56
CZ13/Htl&0&cDXHP&New&dxHP_equip/NE-dxHP-PkgHP-135to239-New-EER-12.0/instance-out.sql,49.70,633090.77,159.41,2030652.56
CZ13/Htl&0&cDXHP&New&dxHP_equip/NE-dxHP-PkgHP-240to759-New-EER-9.3/instance-out.sql,50.41,642175.51,161.79,2060995.59
CZ13/Htl&0&cDXHP&New&dxHP_equip/NE-dxHP-PkgHP-240to759-New-EER-9.7/instance-out.sql,50.15,638842.52,160.92,2049863.40
CZ13/Htl&0&cDXHP&New&dxHP_equip/NE-dxHP-PkgHP-240to759-New-EER-10.0/instance-out.sql,49.98,636656.36,160.34,2042561.61
CZ14/Htl&0&cDXHP&New&dxHP_equip/NE-dxHP-PkgHP-65to134-New-EER-11.0/instance-out.sql,53.27,678607.62,171.44,2183948.30
CZ14/Htl&0&cDXHP&New&dxHP_equip/NE-dxHP-PkgHP-65to134-New-EER-11.5/instance-out.sql,52.95,674490.12,170.36,2170195.87
CZ14/Htl&0&cDXHP&New&dxHP_equip/NE-dxHP-PkgHP-65to134-New-EER-12.0/instance-out.sql,52.65,670735.04,169.38,2157653.90
CZ14/Htl&0&cDXHP&New&dxHP_equip/NE-dxHP-PkgHP-135to239-New-EER-10.4/instance-out.sql,53.54,682026.57,172.34,2195367.61
CZ14/Htl&0&cDXHP&New&dxHP_equip/NE-dxHP-PkgHP-135to239-New-EER-10.8/instance-out.sql,53.25,678314.16,171.37,2182968.15
CZ14/Htl&0&cDXHP&New&dxHP_equip/NE-dxHP-PkgHP-135to239-New-EER-12.0/instance-out.sql,52.98,674944.53,170.48,2171713.59
CZ14/Htl&0&cDXHP&New&dxHP_equip/NE-dxHP-PkgHP-240to759-New-EER-9.3/instance-out.sql,53.90,686566.36,173.53,2210530.50
CZ14/Htl&0&cDXHP&New&dxHP_equip/NE-dxHP-PkgHP-240to759-New-EER-9.7/instance-out.sql,53.56,682294.95,172.41,2196263.98
CZ14/Htl&0&cDXHP&New&dxHP_equip/NE-dxHP-PkgHP-240to759-New-EER-10.0/instance-out.sql,53.34,679421.13,171.66,2186665.42
CZ15/Htl&0&cDXHP&New&dxHP_equip/NE-dxHP-PkgHP-65to134-New-EER-11.0/instance-out.sql,56.93,725257.42,183.87,2342281.94
CZ15/Htl&0&cDXHP&New&dxHP_equip/NE-dxHP-PkgHP-65to134-New-EER-11.5/instance-out.sql,56.50,719734.82,182.43,2323836.48
CZ15/Htl&0&cDXHP&New&dxHP_equip/NE-dxHP-PkgHP-65to134-New-EER-12.0/instance-out.sql,56.10,714670.65,181.10,2306922.13
CZ15/Htl&0&cDXHP&New&dxHP_equip/NE-dxHP-PkgHP-135to239-New-EER-10.4/instance-out.sql,57.29,729828.38,185.07,2357548.97
CZ15/Htl&0&cDXHP&New&dxHP_equip/NE-dxHP-PkgHP-135to239-New-EER-10.8/instance-out.sql,56.91,724910.67,183.78,2341123.81
CZ15/Htl&0&cDXHP&New&dxHP_equip/NE-dxHP-PkgHP-135to239-New-EER-12.0/instance-out.sql,56.55,720357.54,182.59,2325916.35
CZ15/Htl&0&cDXHP&New&dxHP_equip/NE-dxHP-PkgHP-240to759-New-EER-9.3/instance-out.sql,57.77,735915.82,186.67,2377881.01
CZ15/Htl&0&cDXHP&New&dxHP_equip/NE-dxHP-PkgHP-240to759-New-EER-9.7/instance-out.sql,57.32,730192.50,185.17,2358765.14
CZ15/Htl&0&cDXHP&New&dxHP_equip/NE-dxHP-PkgHP-240to759-New-EER-10.0/instance-out.sql,57.02,726293.40,184.14,2345742.12
CZ16/Htl&0&cDXHP&New&dxHP_equip/NE-dxHP-PkgHP-65to134-New-EER-11.0/instance-out.sql,50.26,640285.60,160.93,2050003.22
CZ16/Htl&0&cDXHP&New&dxHP_equip/NE-dxHP-PkgHP-65to134-New-EER-11.5/instance-out.sql,50.03,637366.05,160.16,2040251.93
CZ16/Htl&0&cDXHP&New&dxHP_equip/NE-dxHP-PkgHP-65to134-New-EER-12.0/instance-out.sql,49.83,634803.05,159.49,2031691.50
CZ16/Htl&0&cDXHP&New&dxHP_equip/NE-dxHP-PkgHP-135to239-New-EER-10.4/instance-out.sql,50.46,642762.78,161.58,2058277.00
CZ16/Htl&0&cDXHP&New&dxHP_equip/NE-dxHP-PkgHP-135to239-New-EER-10.8/instance-out.sql,50.23,639908.93,160.83,2048745.13
CZ16/Htl&0&cDXHP&New&dxHP_equip/NE-dxHP-PkgHP-135to239-New-EER-12.0/instance-out.sql,50.06,637640.61,160.24,2041168.96
CZ16/Htl&0&cDXHP&New&dxHP_equip/NE-dxHP-PkgHP-240to759-New-EER-9.3/instance-out.sql,50.71,645987.35,162.42,2069047.07
CZ16/Htl&0&cDXHP&New&dxHP_equip/NE-dxHP-PkgHP-240to759-New-EER-9.7/instance-out.sql,50.47,642938.09,161.62,2058862.53
CZ16/Htl&0&cDXHP&New&dxHP_equip/NE-dxHP-PkgHP-240to759-New-EER-10.0/instance-out.sql,50.32,641060.84,161.13,2052592.52

File Name,Total (kWh),Heating (kWh),Cooling (kWh),Interior Lighting (kWh),Exterior Lighting (kWh),Interior Equipment (kWh),Exterior Equipment (kWh),Fans (kWh),Pumps (kWh),Heat Rejection (kWh),Humidification (kWh),Heat Recovery (kWh),Water Systems (kWh),Refrigeration (kWh),Generators (kWh),Heating Elec (kWh),Cooling Elec (kWh),Heating NG (kWh),Cooling NG (kWh),Interior Equipment Elec (kWh),Interior Equipment NG (kWh)
CZ01/Htl&0&cDXHP&New&dxHP_equip/NE-dxHP-PkgHP-65to134-New-EER-11.0/instance-out.sql,502635.47,8637.06,14937.31,125722.95,0.0,205621.82,0.0,134840.97,0.0,0.0,0.0,0.0,12875.36,0.0,0.0,8615.21,14937.31,21.85,0.00,179632.92,25988.90
CZ01/Htl&0&cDXHP&New&dxHP_equip/NE-dxHP-PkgHP-65to134-New-EER-11.5/instance-out.sql,502379.76,8395.470000000001,14923.18,125722.95,0.0,205621.82,0.0,134840.97,0.0,0.0,0.0,0.0,12875.36,0.0,0.0,8373.62,14923.18,21.85,0.00,179632.92,25988.90
CZ01/Htl&0&cDXHP&New&dxHP_equip/NE-dxHP-PkgHP-65to134-New-EER-12.0/instance-out.sql,502251.1,8279.78,14910.21,125722.95,0.0,205621.82,0.0,134840.97,0.0,0.0,0.0,0.0,12875.36,0.0,0.0,8257.93,14910.21,21.85,0.00,179632.92,25988.90
CZ01/Htl&0&cDXHP&New&dxHP_equip/NE-dxHP-PkgHP-135to239-New-EER-10.4/instance-out.sql,502903.38,8893.28,14949.0,125722.95,0.0,205621.82,0.0,134840.97,0.0,0.0,0.0,0.0,12875.36,0.0,0.0,8871.43,14949.00,21.85,0.00,179632.92,25988.90
CZ01/Htl&0&cDXHP&New&dxHP_equip/NE-dxHP-PkgHP-135to239-New-EER-10.8/instance-out.sql,502440.23,8442.68,14936.44,125722.95,0.0,205621.82,0.0,134840.97,0.0,0.0,0.0,0.0,12875.36,0.0,0.0,8420.83,14936.44,21.85,0.00,179632.92,25988.90
CZ01/Htl&0&cDXHP&New&dxHP_equip/NE-dxHP-PkgHP-135to239-New-EER-12.0/instance-out.sql,502357.95,8372.07,14924.78,125722.95,0.0,205621.82,0.0,134840.97,0.0,0.0,0.0,0.0,12875.36,0.0,0.0,8350.22,14924.78,21.85,0.00,179632.92,25988.90
CZ01/Htl&0&cDXHP&New&dxHP_equip/NE-dxHP-PkgHP-240to759-New-EER-9.3/instance-out.sql,503191.2,9165.52,14964.57,125722.95,0.0,205621.82,0.0,134840.97,0.0,0.0,0.0,0.0,12875.36,0.0,0.0,9143.67,14964.57,21.85,0.00,179632.92,25988.90
CZ01/Htl&0&cDXHP&New&dxHP_equip/NE-dxHP-PkgHP-240to759-New-EER-9.7/instance-out.sql,502904.32,8893.28,14949.93,125722.95,0.0,205621.82,0.0,134840.97,0.0,0.0,0.0,0.0,12875.36,0.0,0.0,8871.43,14949.93,21.85,0.00,179632.92,25988.90
CZ01/Htl&0&cDXHP&New&dxHP_equip/NE-dxHP-PkgHP-240to759-New-EER-10.0/instance-out.sql,502894.32,8893.28,14939.94,125722.95,0.0,205621.82,0.0,134840.97,0.0,0.0,0.0,0.0,12875.36,0.0,0.0,8871.43,14939.94,21.85,0.00,179632.92,25988.90
CZ02/Htl&0&cDXHP&New&dxHP_equip/NE-dxHP-PkgHP-65to134-New-EER-11.0/instance-out.sql,549198.0700000001,5417.48,51243.83,125722.95,0.0,205621.82,0.0,149334.58,0.0,0.0,0.0,0.0,11857.41,0.0,0.0,5416.36,51243.83,1.12,0.00,179632.92,25988.90
CZ02/Htl&0&cDXHP&New&dxHP_equip/NE-dxHP-PkgHP-65to134-New-EER-11.5/instance-out.sql,548131.15,5275.37,50319.03,125722.95,0.0,205621.82,0.0,149334.58,0.0,0.0,0.0,0.0,11857.41,0.0,0.0,5274.25,50319.03,1.12,0.00,179632.92,25988.90
CZ02/Htl&0&cDXHP&New&dxHP_equip/NE-dxHP-PkgHP-65to134-New-EER-12.0/instance-out.sql,547214.24,5207.3099999999995,49470.17,125722.95,0.0,205621.82,0.0,149334.58,0.0,0.0,0.0,0.0,11857.41,0.0,0.0,5206.19,49470.17,1.12,0.00,179632.92,25988.90
CZ02/Htl&0&cDXHP&New&dxHP_equip/NE-dxHP-PkgHP-135to239-New-EER-10.4/instance-out.sql,550113.8200000001,5568.21,52008.84,125722.95,0.0,205621.82,0.0,149334.58,0.0,0.0,0.0,0.0,11857.41,0.0,0.0,5567.09,52008.84,1.12,0.00,179632.92,25988.90
CZ02/Htl&0&cDXHP&New&dxHP_equip/NE-dxHP-PkgHP-135to239-New-EER-10.8/instance-out.sql,549027.04,5303.14,51187.15,125722.95,0.0,205621.82,0.0,149334.58,0.0,0.0,0.0,0.0,11857.41,0.0,0.0,5302.02,51187.15,1.12,0.00,179632.92,25988.90
CZ02/Htl&0&cDXHP&New&dxHP_equip/NE-dxHP-PkgHP-135to239-New-EER-12.0/instance-out.sql,548222.05,5261.599999999999,50423.7,125722.95,0.0,205621.82,0.0,149334.58,0.0,0.0,0.0,0.0,11857.41,0.0,0.0,5260.48,50423.70,1.12,0.00,179632.92,25988.90
CZ02/Htl&0&cDXHP&New&dxHP_equip/NE-dxHP-PkgHP-240to759-New-EER-9.3/instance-out.sql,551293.31,5728.36,53028.19,125722.95,0.0,205621.82,0.0,149334.58,0.0,0.0,0.0,0.0,11857.41,0.0,0.0,5727.24,53028.19,1.12,0.00,179632.92,25988.90
CZ02/Htl&0&cDXHP&New&dxHP_equip/NE-dxHP-PkgHP-240to759-New-EER-9.7/instance-out.sql,550174.91,5568.21,52069.94,125722.95,0.0,205621.82,0.0,149334.58,0.0,0.0,0.0,0.0,11857.41,0.0,0.0,5567.09,52069.94,1.12,0.00,179632.92,25988.90
CZ02/Htl&0&cDXHP&New&dxHP_equip/NE-dxHP-PkgHP-240to759-New-EER-10.0/instance-out.sql,549520.66,5568.21,51415.69,125722.95,0.0,205621.82,0.0,149334.58,0.0,0.0,0.0,0.0,11857.41,0.0,0.0,5567.09,51415.69,1.12,0.00,179632.92,25988.90
CZ03/Htl&0&cDXHP&New&dxHP_equip/NE-dxHP-PkgHP-65to134-New-EER-11.0/instance-out.sql,528525.01,2513.86,36002.65,125722.95,0.0,205621.82,0.0,146831.04,0.0,0.0,0.0,0.0,11832.7,0.0,0.0,2513.86,36002.65,0.00,0.00,179632.92,25988.90
CZ03/Htl&0&cDXHP&New&dxHP_equip/NE-dxHP-PkgHP-65to134-New-EER-11.5/instance-out.sql,528066.39,2444.16,35613.73,125722.95,0.0,205621.82,0.0,146831.04,0.0,0.0,0.0,0.0,11832.7,0.0,0.0,2444.16,35613.73,0.00,0.00,179632.92,25988.90
CZ03/Htl&0&cDXHP&New&dxHP_equip/NE-dxHP-PkgHP-65to134-New-EER-12.0/instance-out.sql,527676.04,2410.78,35256.76,125722.95,0.0,205621.82,0.0,146831.04,0.0,0.0,0.0,0.0,11832.7,0.0,0.0,2410.78,35256.76,0.00,0.00,179632.92,25988.90
CZ03/Htl&0&cDXHP&New&dxHP_equip/NE-dxHP-PkgHP-135to239-New-EER-10.4/instance-out.sql,528920.66,2587.79,36324.37,125722.95,0.0,205621.82,0.0,146831.04,0.0,0.0,0.0,0.0,11832.7,0.0,0.0,2587.79,36324.37,0.00,0.00,179632.92,25988.90
CZ03/Htl&0&cDXHP&New&dxHP_equip/NE-dxHP-PkgHP-135to239-New-EER-10.8/instance-out.sql,528445.09,2457.78,35978.81,125722.95,0.0,205621.82,0.0,146831.04,0.0,0.0,0.0,0.0,11832.7,0.0,0.0,2457.78,35978.81,0.00,0.00,179632.92,25988.90
CZ03/Htl&0&cDXHP&New&dxHP_equip/NE-dxHP-PkgHP-135to239-New-EER-12.0/instance-out.sql,528103.66,2437.41,35657.75,125722.95,0.0,205621.82,0.0,146831.04,0.0,0.0,0.0,0.0,11832.7,0.0,0.0,2437.41,35657.75,0.00,0.00,179632.92,25988.90
CZ03/Htl&0&cDXHP&New&dxHP_equip/NE-dxHP-PkgHP-240to759-New-EER-9.3/instance-out.sql,529427.88,2666.34,36753.04,125722.95,0.0,205621.82,0.0,146831.04,0.0,0.0,0.0,0.0,11832.7,0.0,0.0,2666.34,36753.04,0.00,0.00,179632.92,25988.90
CZ03/Htl&0&cDXHP&New&dxHP_equip/NE-dxHP-PkgHP-240to759-New-EER-9.7/instance-out.sql,528946.35,2587.79,36350.06,125722.95,0.0,205621.82,0.0,146831.04,0.0,0.0,0.0,0.0,11832.7,0.0,0.0,2587.79,36350.06,0.00,0.00,179632.92,25988.90
CZ03/Htl&0&cDXHP&New&dxHP_equip/NE-dxHP-PkgHP-240to759-New-EER-10.0/instance-out.sql,528671.21,2587.79,36074.92,125722.95,0.0,205621.82,0.0,146831.04,0.0,0.0,0.0,0.0,11832.7,0.0,0.0,2587.79,36074.92,0.00,0.00,179632.92,25988.90
CZ04/Htl&0&cDXHP&New&dxHP_equip/NE-dxHP-PkgHP-65to134-New-EER-11.0/instance-out.sql,558663.05,2130.06,61930.96,125722.95,0.0,205621.82,0.0,151794.06,0.0,0.0,0.0,0.0,11463.2,0.0,0.0,2130.06,61930.96,0.00,0.00,179632.92,25988.90
CZ04/Htl&0&cDXHP&New&dxHP_equip/NE-dxHP-PkgHP-65to134-New-EER-11.5/instance-out.sql,557475.59,2071.29,60802.27,125722.95,0.0,205621.82,0.0,151794.06,0.0,0.0,0.0,0.0,11463.2,0.0,0.0,2071.29,60802.27,0.00,0.00,179632.92,25988.90
CZ04/Htl&0&cDXHP&New&dxHP_equip/NE-dxHP-PkgHP-65to134-New-EER-12.0/instance-out.sql,556411.45,2043.15,59766.28,125722.95,0.0,205621.82,0.0,151794.06,0.0,0.0,0.0,0.0,11463.2,0.0,0.0,2043.15,59766.28,0.00,0.00,179632.92,25988.90
CZ04/Htl&0&cDXHP&New&dxHP_equip/NE-dxHP-PkgHP-135to239-New-EER-10.4/instance-out.sql,559659.05,2192.4,62864.63,125722.95,0.0,205621.82,0.0,151794.06,0.0,0.0,0.0,0.0,11463.2,0.0,0.0,2192.40,62864.63,0.00,0.00,179632.92,25988.90
CZ04/Htl&0&cDXHP&New&dxHP_equip/NE-dxHP-PkgHP-135to239-New-EER-10.8/instance-out.sql,558546.58,2082.77,61861.78,125722.95,0.0,205621.82,0.0,151794.06,0.0,0.0,0.0,0.0,11463.2,0.0,0.0,2082.77,61861.78,0.00,0.00,179632.92,25988.90
CZ04/Htl&0&cDXHP&New&dxHP_equip/NE-dxHP-PkgHP-135to239-New-EER-12.0/instance-out.sql,557597.64,2065.6,60930.02,125722.95,0.0,205621.82,0.0,151794.06,0.0,0.0,0.0,0.0,11463.2,0.0,0.0,2065.60,60930.02,0.00,0.00,179632.92,25988.90
CZ04/Htl&0&cDXHP&New&dxHP_equip/NE-dxHP-PkgHP-240to759-New-EER-9.3/instance-out.sql,560969.35,2258.63,64108.7,125722.95,0.0,205621.82,0.0,151794.06,0.0,0.0,0.0,0.0,11463.2,0.0,0.0,2258.63,64108.70,0.00,0.00,179632.92,25988.90
CZ04/Htl&0&cDXHP&New&dxHP_equip/NE-dxHP-PkgHP-240to759-New-EER-9.7/instance-out.sql,559733.62,2192.4,62939.2,125722.95,0.0,205621.82,0.0,151794.06,0.0,0.0,0.0,0.0,11463.2,0.0,0.0,2192.40,62939.20,0.00,0.00,179632.92,25988.90
CZ04/Htl&0&cDXHP&New&dxHP_equip/NE-dxHP-PkgHP-240to759-New-EER-10.0/instance-out.sql,558935.13,2192.4,62140.71,125722.95,0.0,205621.82,0.0,151794.06,0.0,0.0,0.0,0.0,11463.2,0.0,0.0,2192.40,62140.71,0.00,0.00,179632.92,25988.90
CZ05/Htl&0&cDXHP&New&dxHP_equip/NE-dxHP-PkgHP-65to134-New-EER-11.0/instance-out.sql,533992.67,2311.83,43116.25,125722.95,0.0,205621.82,0.0,145410.3,0.0,0.0,0.0,0.0,11809.54,0.0,0.0,2311.83,43116.25,0.00,0.00,179632.92,25988.90
CZ05/Htl&0&cDXHP&New&dxHP_equip/NE-dxHP-PkgHP-65to134-New-EER-11.5/instance-out.sql,533346.88,2249.72,42532.57,125722.95,0.0,205621.82,0.0,145410.3,0.0,0.0,0.0,0.0,11809.54,0.0,0.0,2249.72,42532.57,0.00,0.00,179632.92,25988.90
CZ05/Htl&0&cDXHP&New&dxHP_equip/NE-dxHP-PkgHP-65to134-New-EER-12.0/instance-out.sql,532781.4,2219.98,41996.82,125722.95,0.0,205621.82,0.0,145410.3,0.0,0.0,0.0,0.0,11809.54,0.0,0.0,2219.98,41996.82,0.00,0.00,179632.92,25988.90
CZ05/Htl&0&cDXHP&New&dxHP_equip/NE-dxHP-PkgHP-135to239-New-EER-10.4/instance-out.sql,534541.37,2377.7,43599.08,125722.95,0.0,205621.82,0.0,145410.3,0.0,0.0,0.0,0.0,11809.54,0.0,0.0,2377.70,43599.08,0.00,0.00,179632.92,25988.90
CZ05/Htl&0&cDXHP&New&dxHP_equip/NE-dxHP-PkgHP-135to239-New-EER-10.8/instance-out.sql,533906.92,2261.86,43080.47,125722.95,0.0,205621.82,0.0,145410.3,0.0,0.0,0.0,0.0,11809.54,0.0,0.0,2261.86,43080.47,0.00,0.00,179632.92,25988.90
CZ05/Htl&0&cDXHP&New&dxHP_equip/NE-dxHP-PkgHP-135to239-New-EER-12.0/instance-out.sql,533406.93,2243.71,42598.63,125722.95,0.0,205621.82,0.0,145410.3,0.0,0.0,0.0,0.0,11809.54,0.0,0.0,2243.71,42598.63,0.00,0.00,179632.92,25988.90
CZ05/Htl&0&cDXHP&New&dxHP_equip/NE-dxHP-PkgHP-240to759-New-EER-9.3/instance-out.sql,535254.7100000001,2447.69,44242.42,125722.95,0.0,205621.82,0.0,145410.3,0.0,0.0,0.0,0.0,11809.54,0.0,0.0,2447.69,44242.42,0.00,0.00,179632.92,25988.90
CZ05/Htl&0&cDXHP&New&dxHP_equip/NE-dxHP-PkgHP-240to759-New-EER-9.7/instance-out.sql,534579.93,2377.7,43637.64,125722.95,0.0,205621.82,0.0,145410.3,0.0,0.0,0.0,0.0,11809.54,0.0,0.0,2377.70,43637.64,0.00,0.00,179632.92,25988.90
CZ05/Htl&0&cDXHP&New&dxHP_equip/NE-dxHP-PkgHP-240to759-New-EER-10.0/instance-out.sql,534167.01,2377.7,43224.71,125722.95,0.0,205621.82,0.0,145410.3,0.0,0.0,0.0,0.0,11809.54,0.0,0.0,2377.70,43224.71,0.00,0.00,179632.92,25988.90
CZ06/Htl&0&cDXHP&New&dxHP_equip/NE-dxHP-PkgHP-65to134-New-EER-11.0/instance-out.sql,556703.02,154.7,63460.2,125722.95,0.0,205621.82,0.0,150744.81,0.0,0.0,0.0,0.0,10998.54,0.0,0.0,154.70,63460.20,0.00,0.00,179632.92,25988.90
CZ06/Htl&0&cDXHP&New&dxHP_equip/NE-dxHP-PkgHP-65to134-New-EER-11.5/instance-out.sql,555745.6599999999,150.28,62507.26,125722.95,0.0,205621.82,0.0,150744.81,0.0,0.0,0.0,0.0,10998.54,0.0,0.0,150.28,62507.26,0.00,0.00,179632.92,25988.90
CZ06/Htl&0&cDXHP&New&dxHP_equip/NE-dxHP-PkgHP-65to134-New-EER-12.0/instance-out.sql,554868.86,148.16,61632.58,125722.95,0.0,205621.82,0.0,150744.81,0.0,0.0,0.0,0.0,10998.54,0.0,0.0,148.16,61632.58,0.00,0.00,179632.92,25988.90
CZ06/Htl&0&cDXHP&New&dxHP_equip/NE-dxHP-PkgHP-135to239-New-EER-10.4/instance-out.sql,557496.0,159.39,64248.49,125722.95,0.0,205621.82,0.0,150744.81,0.0,0.0,0.0,0.0,10998.54,0.0,0.0,159.39,64248.49,0.00,0.00,179632.92,25988.90
CZ06/Htl&0&cDXHP&New&dxHP_equip/NE-dxHP-PkgHP-135to239-New-EER-10.8/instance-out.sql,556641.06,151.14,63401.79,125722.95,0.0,205621.82,0.0,150744.81,0.0,0.0,0.0,0.0,10998.54,0.0,0.0,151.14,63401.79,0.00,0.00,179632.92,25988.90
CZ06/Htl&0&cDXHP&New&dxHP_equip/NE-dxHP-PkgHP-135to239-New-EER-12.0/instance-out.sql,555853.0900000001,149.85,62615.11,125722.95,0.0,205621.82,0.0,150744.81,0.0,0.0,0.0,0.0,10998.54,0.0,0.0,149.85,62615.11,0.00,0.00,179632.92,25988.90
CZ06/Htl&0&cDXHP&New&dxHP_equip/NE-dxHP-PkgHP-240to759-New-EER-9.3/instance-out.sql,558551.35,164.37,65298.86,125722.95,0.0,205621.82,0.0,150744.81,0.0,0.0,0.0,0.0,10998.54,0.0,0.0,164.37,65298.86,0.00,0.00,179632.92,25988.90
CZ06/Htl&0&cDXHP&New&dxHP_equip/NE-dxHP-PkgHP-240to759-New-EER-9.7/instance-out.sql,557558.96,159.39,64311.45,125722.95,0.0,205621.82,0.0,150744.81,0.0,0.0,0.0,0.0,10998.54,0.0,0.0,159.39,64311.45,0.00,0.00,179632.92,25988.90
CZ06/Htl&0&cDXHP&New&dxHP_equip/NE-dxHP-PkgHP-240to759-New-EER-10.0/instance-out.sql,556884.8,159.39,63637.29,125722.95,0.0,205621.82,0.0,150744.81,0.0,0.0,0.0,0.0,10998.54,0.0,0.0,159.39,63637.29,0.00,0.00,179632.92,25988.90
CZ07/Htl&0&cDXHP&New&dxHP_equip/NE-dxHP-PkgHP-65to134-New-EER-11.0/instance-out.sql,564522.0,141.6,72880.22,125722.95,0.0,205621.82,0.0,149311.2,0.0,0.0,0.0,0.0,10844.21,0.0,0.0,141.60,72880.22,0.00,0.00,179632.92,25988.90
CZ07/Htl&0&cDXHP&New&dxHP_equip/NE-dxHP-PkgHP-65to134-New-EER-11.5/instance-out.sql,563212.23,137.55,71574.49,125722.95,0.0,205621.82,0.0,149311.2,0.0,0.0,0.0,0.0,10844.21,0.0,0.0,137.55,71574.49,0.00,0.00,179632.92,25988.90
CZ07/Htl&0&cDXHP&New&dxHP_equip/NE-dxHP-PkgHP-65to134-New-EER-12.0/instance-out.sql,562011.79,135.62,70376.0,125722.95,0.0,205621.82,0.0,149311.2,0.0,0.0,0.0,0.0,10844.21,0.0,0.0,135.62,70376.00,0.00,0.00,179632.92,25988.90
CZ07/Htl&0&cDXHP&New&dxHP_equip/NE-dxHP-PkgHP-135to239-New-EER-10.4/instance-out.sql,565606.41,145.89,73960.34,125722.95,0.0,205621.82,0.0,149311.2,0.0,0.0,0.0,0.0,10844.21,0.0,0.0,145.89,73960.34,0.00,0.00,179632.92,25988.90
CZ07/Htl&0&cDXHP&New&dxHP_equip/NE-dxHP-PkgHP-135to239-New-EER-10.8/instance-out.sql,564438.71,138.35,72800.19,125722.95,0.0,205621.82,0.0,149311.2,0.0,0.0,0.0,0.0,10844.21,0.0,0.0,138.35,72800.19,0.00,0.00,179632.92,25988.90
CZ07/Htl&0&cDXHP&New&dxHP_equip/NE-dxHP-PkgHP-135to239-New-EER-12.0/instance-out.sql,563359.62,137.16,71722.27,125722.95,0.0,205621.82,0.0,149311.2,0.0,0.0,0.0,0.0,10844.21,0.0,0.0,137.16,71722.27,0.00,0.00,179632.92,25988.90
CZ07/Htl&0&cDXHP&New&dxHP_equip/NE-dxHP-PkgHP-240to759-New-EER-9.3/instance-out.sql,567050.1799999999,150.45,75399.55,125722.95,0.0,205621.82,0.0,149311.2,0.0,0.0,0.0,0.0,10844.21,0.0,0.0,150.45,75399.55,0.00,0.00,179632.92,25988.90
CZ07/Htl&0&cDXHP&New&dxHP_equip/NE-dxHP-PkgHP-240to759-New-EER-9.7/instance-out.sql,565692.6799999999,145.89,74046.6,125722.95,0.0,205621.82,0.0,149311.2,0.0,0.0,0.0,0.0,10844.21,0.0,0.0,145.89,74046.60,0.00,0.00,179632.92,25988.90
CZ07/Htl&0&cDXHP&New&dxHP_equip/NE-dxHP-PkgHP-240to759-New-EER-10.0/instance-out.sql,564768.94,145.89,73122.87,125722.95,0.0,205621.82,0.0,149311.2,0.0,0.0,0.0,0.0,10844.21,0.0,0.0,145.89,73122.87,0.00,0.00,179632.92,25988.90
CZ08/Htl&0&cDXHP&New&dxHP_equip/NE-dxHP-PkgHP-65to134-New-EER-11.0/instance-out.sql,577588.54,360.64,82453.08,125722.95,0.0,205621.82,0.0,152634.05,0.0,0.0,0.0,0.0,10796.0,0.0,0.0,360.64,82453.08,0.00,0.00,179632.92,25988.90
CZ08/Htl&0&cDXHP&New&dxHP_equip/NE-dxHP-PkgHP-65to134-New-EER-11.5/instance-out.sql,575988.4600000001,350.38,80863.26,125722.95,0.0,205621.82,0.0,152634.05,0.0,0.0,0.0,0.0,10796.0,0.0,0.0,350.38,80863.26,0.00,0.00,179632.92,25988.90
CZ08/Htl&0&cDXHP&New&dxHP_equip/NE-dxHP-PkgHP-65to134-New-EER-12.0/instance-out.sql,574524.29,345.47,79404.0,125722.95,0.0,205621.82,0.0,152634.05,0.0,0.0,0.0,0.0,10796.0,0.0,0.0,345.47,79404.00,0.00,0.00,179632.92,25988.90
CZ08/Htl&0&cDXHP&New&dxHP_equip/NE-dxHP-PkgHP-135to239-New-EER-10.4/instance-out.sql,578914.55,371.53,83768.2,125722.95,0.0,205621.82,0.0,152634.05,0.0,0.0,0.0,0.0,10796.0,0.0,0.0,371.53,83768.20,0.00,0.00,179632.92,25988.90
CZ08/Htl&0&cDXHP&New&dxHP_equip/NE-dxHP-PkgHP-135to239-New-EER-10.8/instance-out.sql,577482.84,352.39,82355.63,125722.95,0.0,205621.82,0.0,152634.05,0.0,0.0,0.0,0.0,10796.0,0.0,0.0,352.39,82355.63,0.00,0.00,179632.92,25988.90
CZ08/Htl&0&cDXHP&New&dxHP_equip/NE-dxHP-PkgHP-135to239-New-EER-12.0/instance-out.sql,576167.4,349.39,81043.19,125722.95,0.0,205621.82,0.0,152634.05,0.0,0.0,0.0,0.0,10796.0,0.0,0.0,349.39,81043.19,0.00,0.00,179632.92,25988.90
CZ08/Htl&0&cDXHP&New&dxHP_equip/NE-dxHP-PkgHP-240to759-New-EER-9.3/instance-out.sql,580678.4600000001,383.09,85520.55,125722.95,0.0,205621.82,0.0,152634.05,0.0,0.0,0.0,0.0,10796.0,0.0,0.0,383.09,85520.55,0.00,0.00,179632.92,25988.90
CZ08/Htl&0&cDXHP&New&dxHP_equip/NE-dxHP-PkgHP-240to759-New-EER-9.7/instance-out.sql,579019.5800000001,371.53,83873.23,125722.95,0.0,205621.82,0.0,152634.05,0.0,0.0,0.0,0.0,10796.0,0.0,0.0,371.53,83873.23,0.00,0.00,179632.92,25988.90
CZ08/Htl&0&cDXHP&New&dxHP_equip/NE-dxHP-PkgHP-240to759-New-EER-10.0/instance-out.sql,577894.86,371.53,82748.52,125722.95,0.0,205621.82,0.0,152634.05,0.0,0.0,0.0,0.0,10796.0,0.0,0.0,371.53,82748.52,0.00,0.00,179632.92,25988.90
CZ09/Htl&0&cDXHP&New&dxHP_equip/NE-dxHP-PkgHP-65to134-New-EER-11.0/instance-out.sql,586370.26,258.31,89440.14,125722.95,0.0,205621.82,0.0,154637.42,0.0,0.0,0.0,0.0,10689.62,0.0,0.0,258.31,89440.14,0.00,0.00,179632.92,25988.90
CZ09/Htl&0&cDXHP&New&dxHP_equip/NE-dxHP-PkgHP-65to134-New-EER-11.5/instance-out.sql,584553.88,250.95,87631.12,125722.95,0.0,205621.82,0.0,154637.42,0.0,0.0,0.0,0.0,10689.62,0.0,0.0,250.95,87631.12,0.00,0.00,179632.92,25988.90
CZ09/Htl&0&cDXHP&New&dxHP_equip/NE-dxHP-PkgHP-65to134-New-EER-12.0/instance-out.sql,582889.9,247.43,85970.67,125722.95,0.0,205621.82,0.0,154637.42,0.0,0.0,0.0,0.0,10689.62,0.0,0.0,247.43,85970.67,0.00,0.00,179632.92,25988.90
CZ09/Htl&0&cDXHP&New&dxHP_equip/NE-dxHP-PkgHP-135to239-New-EER-10.4/instance-out.sql,587874.52,266.12,90936.59,125722.95,0.0,205621.82,0.0,154637.42,0.0,0.0,0.0,0.0,10689.62,0.0,0.0,266.12,90936.59,0.00,0.00,179632.92,25988.90
CZ09/Htl&0&cDXHP&New&dxHP_equip/NE-dxHP-PkgHP-135to239-New-EER-10.8/instance-out.sql,586253.46,252.39,89329.26,125722.95,0.0,205621.82,0.0,154637.42,0.0,0.0,0.0,0.0,10689.62,0.0,0.0,252.39,89329.26,0.00,0.00,179632.92,25988.90
CZ09/Htl&0&cDXHP&New&dxHP_equip/NE-dxHP-PkgHP-135to239-New-EER-12.0/instance-out.sql,584757.91,250.24,87835.86,125722.95,0.0,205621.82,0.0,154637.42,0.0,0.0,0.0,0.0,10689.62,0.0,0.0,250.24,87835.86,0.00,0.00,179632.92,25988.90
CZ09/Htl&0&cDXHP&New&dxHP_equip/NE-dxHP-PkgHP-240to759-New-EER-9.3/instance-out.sql,589876.77,274.41,92930.54,125722.95,0.0,205621.82,0.0,154637.42,0.0,0.0,0.0,0.0,10689.62,0.0,0.0,274.41,92930.54,0.00,0.00,179632.92,25988.90
CZ09/Htl&0&cDXHP&New&dxHP_equip/NE-dxHP-PkgHP-240to759-New-EER-9.7/instance-out.sql,587994.03,266.12,91056.1,125722.95,0.0,205621.82,0.0,154637.42,0.0,0.0,0.0,0.0,10689.62,0.0,0.0,266.12,91056.10,0.00,0.00,179632.92,25988.90
CZ09/Htl&0&cDXHP&New&dxHP_equip/NE-dxHP-PkgHP-240to759-New-EER-10.0/instance-out.sql,586714.24,266.12,89776.31,125722.95,0.0,205621.82,0.0,154637.42,0.0,0.0,0.0,0.0,10689.62,0.0,0.0,266.12,89776.31,0.00,0.00,179632.92,25988.90
CZ10/Htl&0&cDXHP&New&dxHP_equip/NE-dxHP-PkgHP-65to134-New-EER-11.0/instance-out.sql,620840.8200000001,1391.46,115385.41,125722.95,0.0,205621.82,0.0,162154.39,0.0,0.0,0.0,0.0,10564.79,0.0,0.0,1391.46,115385.41,0.00,0.00,179632.92,25988.90
CZ10/Htl&0&cDXHP&New&dxHP_equip/NE-dxHP-PkgHP-65to134-New-EER-11.5/instance-out.sql,618144.76,1355.55,112725.27,125722.95,0.0,205621.82,0.0,162154.39,0.0,0.0,0.0,0.0,10564.79,0.0,0.0,1355.55,112725.27,0.00,0.00,179632.92,25988.90
CZ10/Htl&0&cDXHP&New&dxHP_equip/NE-dxHP-PkgHP-65to134-New-EER-12.0/instance-out.sql,615685.8899999999,1338.35,110283.59,125722.95,0.0,205621.82,0.0,162154.39,0.0,0.0,0.0,0.0,10564.79,0.0,0.0,1338.35,110283.59,0.00,0.00,179632.92,25988.90
CZ10/Htl&0&cDXHP&New&dxHP_equip/NE-dxHP-PkgHP-135to239-New-EER-10.4/instance-out.sql,623079.4199999999,1429.55,117585.93,125722.95,0.0,205621.82,0.0,162154.39,0.0,0.0,0.0,0.0,10564.79,0.0,0.0,1429.55,117585.93,0.00,0.00,179632.92,25988.90
CZ10/Htl&0&cDXHP&New&dxHP_equip/NE-dxHP-PkgHP-135to239-New-EER-10.8/instance-out.sql,620648.8799999999,1362.57,115222.36,125722.95,0.0,205621.82,0.0,162154.39,0.0,0.0,0.0,0.0,10564.79,0.0,0.0,1362.57,115222.36,0.00,0.00,179632.92,25988.90
CZ10/Htl&0&cDXHP&New&dxHP_equip/NE-dxHP-PkgHP-135to239-New-EER-12.0/instance-out.sql,618442.3600000001,1352.07,113026.34,125722.95,0.0,205621.82,0.0,162154.39,0.0,0.0,0.0,0.0,10564.79,0.0,0.0,1352.07,113026.34,0.00,0.00,179632.92,25988.90
CZ10/Htl&0&cDXHP&New&dxHP_equip/NE-dxHP-PkgHP-240to759-New-EER-9.3/instance-out.sql,626051.98,1470.02,120518.02,125722.95,0.0,205621.82,0.0,162154.39,0.0,0.0,0.0,0.0,10564.79,0.0,0.0,1470.02,120518.02,0.00,0.00,179632.92,25988.90
CZ10/Htl&0&cDXHP&New&dxHP_equip/NE-dxHP-PkgHP-240to759-New-EER-9.7/instance-out.sql,623255.1699999999,1429.55,117761.67,125722.95,0.0,205621.82,0.0,162154.39,0.0,0.0,0.0,0.0,10564.79,0.0,0.0,1429.55,117761.67,0.00,0.00,179632.92,25988.90
CZ10/Htl&0&cDXHP&New&dxHP_equip/NE-dxHP-PkgHP-240to759-New-EER-10.0/instance-out.sql,621373.25,1429.55,115879.76,125722.95,0.0,205621.82,0.0,162154.39,0.0,0.0,0.0,0.0,10564.79,0.0,0.0,1429.55,115879.76,0.00,0.00,179632.92,25988.90
CZ11/Htl&0&cDXHP&New&dxHP_equip/NE-dxHP-PkgHP-65to134-New-EER-11.0/instance-out.sql,625395.9,5484.22,116037.9,125722.95,0.0,205621.82,0.0,161679.22,0.0,0.0,0.0,0.0,10849.8,0.0,0.0,5481.91,116037.90,2.31,0.00,179632.92,25988.90
CZ11/Htl&0&cDXHP&New&dxHP_equip/NE-dxHP-PkgHP-65to134-New-EER-11.5/instance-out.sql,622406.72,5337.9800000000005,113194.96,125722.95,0.0,205621.82,0.0,161679.22,0.0,0.0,0.0,0.0,10849.8,0.0,0.0,5335.67,113194.96,2.31,0.00,179632.92,25988.90
CZ11/Htl&0&cDXHP&New&dxHP_equip/NE-dxHP-PkgHP-65to134-New-EER-12.0/instance-out.sql,619727.22,5267.950000000001,110585.5,125722.95,0.0,205621.82,0.0,161679.22,0.0,0.0,0.0,0.0,10849.8,0.0,0.0,5265.64,110585.50,2.31,0.00,179632.92,25988.90
CZ11/Htl&0&cDXHP&New&dxHP_equip/NE-dxHP-PkgHP-135to239-New-EER-10.4/instance-out.sql,627902.74,5639.330000000001,118389.63,125722.95,0.0,205621.82,0.0,161679.22,0.0,0.0,0.0,0.0,10849.8,0.0,0.0,5637.02,118389.63,2.31,0.00,179632.92,25988.90
CZ11/Htl&0&cDXHP&New&dxHP_equip/NE-dxHP-PkgHP-135to239-New-EER-10.8/instance-out.sql,625103.98,5366.56,115863.65,125722.95,0.0,205621.82,0.0,161679.22,0.0,0.0,0.0,0.0,10849.8,0.0,0.0,5364.25,115863.65,2.31,0.00,179632.92,25988.90
CZ11/Htl&0&cDXHP&New&dxHP_equip/NE-dxHP-PkgHP-135to239-New-EER-12.0/instance-out.sql,622714.31,5323.820000000001,113516.72,125722.95,0.0,205621.82,0.0,161679.22,0.0,0.0,0.0,0.0,10849.8,0.0,0.0,5321.51,113516.72,2.31,0.00,179632.92,25988.90
CZ11/Htl&0&cDXHP&New&dxHP_equip/NE-dxHP-PkgHP-240to759-New-EER-9.3/instance-out.sql,631201.11,5804.13,121523.21,125722.95,0.0,205621.82,0.0,161679.22,0.0,0.0,0.0,0.0,10849.8,0.0,0.0,5801.82,121523.21,2.31,0.00,179632.92,25988.90
CZ11/Htl&0&cDXHP&New&dxHP_equip/NE-dxHP-PkgHP-240to759-New-EER-9.7/instance-out.sql,628090.56,5639.330000000001,118577.45,125722.95,0.0,205621.82,0.0,161679.22,0.0,0.0,0.0,0.0,10849.8,0.0,0.0,5637.02,118577.45,2.31,0.00,179632.92,25988.90
CZ11/Htl&0&cDXHP&New&dxHP_equip/NE-dxHP-PkgHP-240to759-New-EER-10.0/instance-out.sql,626079.32,5639.330000000001,116566.21,125722.95,0.0,205621.82,0.0,161679.22,0.0,0.0,0.0,0.0,10849.8,0.0,0.0,5637.02,116566.21,2.31,0.00,179632.92,25988.90
CZ12/Htl&0&cDXHP&New&dxHP_equip/NE-dxHP-PkgHP-65to134-New-EER-11.0/instance-out.sql,597460.24,5462.5199999999995,95824.18,125722.95,0.0,205621.82,0.0,153709.54,0.0,0.0,0.0,0.0,11119.24,0.0,0.0,5411.79,95824.18,50.73,0.00,179632.92,25988.90
CZ12/Htl&0&cDXHP&New&dxHP_equip/NE-dxHP-PkgHP-65to134-New-EER-11.5/instance-out.sql,595070.54,5319.389999999999,93577.61,125722.95,0.0,205621.82,0.0,153709.54,0.0,0.0,0.0,0.0,11119.24,0.0,0.0,5268.66,93577.61,50.73,0.00,179632.92,25988.90
CZ12/Htl&0&cDXHP&New&dxHP_equip/NE-dxHP-PkgHP-65to134-New-EER-12.0/instance-out.sql,592939.92,5250.849999999999,91515.53,125722.95,0.0,205621.82,0.0,153709.54,0.0,0.0,0.0,0.0,11119.24,0.0,0.0,5200.12,91515.53,50.73,0.00,179632.92,25988.90
CZ12/Htl&0&cDXHP&New&dxHP_equip/NE-dxHP-PkgHP-135to239-New-EER-10.4/instance-out.sql,599470.45,5614.33,97682.59,125722.95,0.0,205621.82,0.0,153709.54,0.0,0.0,0.0,0.0,11119.24,0.0,0.0,5563.60,97682.59,50.73,0.00,179632.92,25988.90
CZ12/Htl&0&cDXHP&New&dxHP_equip/NE-dxHP-PkgHP-135to239-New-EER-10.8/instance-out.sql,597207.38,5347.36,95686.48,125722.95,0.0,205621.82,0.0,153709.54,0.0,0.0,0.0,0.0,11119.24,0.0,0.0,5296.63,95686.48,50.73,0.00,179632.92,25988.90
CZ12/Htl&0&cDXHP&New&dxHP_equip/NE-dxHP-PkgHP-135to239-New-EER-12.0/instance-out.sql,595310.94,5305.53,93831.87,125722.95,0.0,205621.82,0.0,153709.54,0.0,0.0,0.0,0.0,11119.24,0.0,0.0,5254.80,93831.87,50.73,0.00,179632.92,25988.90
CZ12/Htl&0&cDXHP&New&dxHP_equip/NE-dxHP-PkgHP-240to759-New-EER-9.3/instance-out.sql,602107.99,5775.62,100158.83,125722.95,0.0,205621.82,0.0,153709.54,0.0,0.0,0.0,0.0,11119.24,0.0,0.0,5724.89,100158.83,50.73,0.00,179632.92,25988.90
CZ12/Htl&0&cDXHP&New&dxHP_equip/NE-dxHP-PkgHP-240to759-New-EER-9.7/instance-out.sql,599618.87,5614.33,97831.01,125722.95,0.0,205621.82,0.0,153709.54,0.0,0.0,0.0,0.0,11119.24,0.0,0.0,5563.60,97831.01,50.73,0.00,179632.92,25988.90
CZ12/Htl&0&cDXHP&New&dxHP_equip/NE-dxHP-PkgHP-240to759-New-EER-10.0/instance-out.sql,598029.54,5614.33,96241.67,125722.95,0.0,205621.82,0.0,153709.54,0.0,0.0,0.0,0.0,11119.24,0.0,0.0,5563.60,96241.67,50.73,0.00,179632.92,25988.90
CZ13/Htl&0&cDXHP&New&dxHP_equip/NE-dxHP-PkgHP-65to134-New-EER-11.0/instance-out.sql,635958.77,4363.97,128801.47,125722.95,0.0,205621.82,0.0,160860.65,0.0,0.0,0.0,0.0,10587.91,0.0,0.0,4363.97,128801.47,0.00,0.00,179632.92,25988.90
CZ13/Htl&0&cDXHP&New&dxHP_equip/NE-dxHP-PkgHP-65to134-New-EER-11.5/instance-out.sql,632752.29,4247.69,125711.27,125722.95,0.0,205621.82,0.0,160860.65,0.0,0.0,0.0,0.0,10587.91,0.0,0.0,4247.69,125711.27,0.00,0.00,179632.92,25988.90
CZ13/Htl&0&cDXHP&New&dxHP_equip/NE-dxHP-PkgHP-65to134-New-EER-12.0/instance-out.sql,629860.19,4192.01,122874.85,125722.95,0.0,205621.82,0.0,160860.65,0.0,0.0,0.0,0.0,10587.91,0.0,0.0,4192.01,122874.85,0.00,0.00,179632.92,25988.90
CZ13/Htl&0&cDXHP&New&dxHP_equip/NE-dxHP-PkgHP-135to239-New-EER-10.4/instance-out.sql,638638.3700000001,4487.3,131357.74,125722.95,0.0,205621.82,0.0,160860.65,0.0,0.0,0.0,0.0,10587.91,0.0,0.0,4487.30,131357.74,0.00,0.00,179632.92,25988.90
CZ13/Htl&0&cDXHP&New&dxHP_equip/NE-dxHP-PkgHP-135to239-New-EER-10.8/instance-out.sql,635675.8,4270.42,128612.06,125722.95,0.0,205621.82,0.0,160860.65,0.0,0.0,0.0,0.0,10587.91,0.0,0.0,4270.42,128612.06,0.00,0.00,179632.92,25988.90
CZ13/Htl&0&cDXHP&New&dxHP_equip/NE-dxHP-PkgHP-135to239-New-EER-12.0/instance-out.sql,633090.77,4236.43,126061.02,125722.95,0.0,205621.82,0.0,160860.65,0.0,0.0,0.0,0.0,10587.91,0.0,0.0,4236.43,126061.02,0.00,0.00,179632.92,25988.90
CZ13/Htl&0&cDXHP&New&dxHP_equip/NE-dxHP-PkgHP-240to759-New-EER-9.3/instance-out.sql,642175.51,4618.33,134763.85,125722.95,0.0,205621.82,0.0,160860.65,0.0,0.0,0.0,0.0,10587.91,0.0,0.0,4618.33,134763.85,0.00,0.00,179632.92,25988.90
CZ13/Htl&0&cDXHP&New&dxHP_equip/NE-dxHP-PkgHP-240to759-New-EER-9.7/instance-out.sql,638842.52,4487.3,131561.9,125722.95,0.0,205621.82,0.0,160860.65,0.0,0.0,0.0,0.0,10587.91,0.0,0.0,4487.30,131561.90,0.00,0.00,179632.92,25988.90
CZ13/Htl&0&cDXHP&New&dxHP_equip/NE-dxHP-PkgHP-240to759-New-EER-10.0/instance-out.sql,636656.3600000001,4487.3,129375.73,125722.95,0.0,205621.82,0.0,160860.65,0.0,0.0,0.0,0.0,10587.91,0.0,0.0,4487.30,129375.73,0.00,0.00,179632.92,25988.90
CZ14/Htl&0&cDXHP&New&dxHP_equip/NE-dxHP-PkgHP-65to134-New-EER-11.0/instance-out.sql,678607.62,2134.13,160044.2,125722.95,0.0,205621.82,0.0,175050.24,0.0,0.0,0.0,0.0,10034.28,0.0,0.0,2134.13,160044.20,0.00,0.00,179632.92,25988.90
CZ14/Htl&0&cDXHP&New&dxHP_equip/NE-dxHP-PkgHP-65to134-New-EER-11.5/instance-out.sql,674490.13,2078.86,155981.97,125722.95,0.0,205621.82,0.0,175050.24,0.0,0.0,0.0,0.0,10034.28,0.0,0.0,2078.86,155981.97,0.00,0.00,179632.92,25988.90
CZ14/Htl&0&cDXHP&New&dxHP_equip/NE-dxHP-PkgHP-65to134-New-EER-12.0/instance-out.sql,670735.05,2052.4,152253.36,125722.95,0.0,205621.82,0.0,175050.24,0.0,0.0,0.0,0.0,10034.28,0.0,0.0,2052.40,152253.36,0.00,0.00,179632.92,25988.90
CZ14/Htl&0&cDXHP&New&dxHP_equip/NE-dxHP-PkgHP-135to239-New-EER-10.4/instance-out.sql,682026.5800000001,2192.74,163404.54,125722.95,0.0,205621.82,0.0,175050.24,0.0,0.0,0.0,0.0,10034.28,0.0,0.0,2192.74,163404.54,0.00,0.00,179632.92,25988.90
CZ14/Htl&0&cDXHP&New&dxHP_equip/NE-dxHP-PkgHP-135to239-New-EER-10.8/instance-out.sql,678314.16,2089.66,159795.21,125722.95,0.0,205621.82,0.0,175050.24,0.0,0.0,0.0,0.0,10034.28,0.0,0.0,2089.66,159795.21,0.00,0.00,179632.92,25988.90
CZ14/Htl&0&cDXHP&New&dxHP_equip/NE-dxHP-PkgHP-135to239-New-EER-12.0/instance-out.sql,674944.53,2073.51,156441.74,125722.95,0.0,205621.82,0.0,175050.24,0.0,0.0,0.0,0.0,10034.28,0.0,0.0,2073.51,156441.74,0.00,0.00,179632.92,25988.90
CZ14/Htl&0&cDXHP&New&dxHP_equip/NE-dxHP-PkgHP-240to759-New-EER-9.3/instance-out.sql,686566.3600000001,2255.02,167882.05,125722.95,0.0,205621.82,0.0,175050.24,0.0,0.0,0.0,0.0,10034.28,0.0,0.0,2255.02,167882.05,0.00,0.00,179632.92,25988.90
CZ14/Htl&0&cDXHP&New&dxHP_equip/NE-dxHP-PkgHP-240to759-New-EER-9.7/instance-out.sql,682294.9500000001,2192.74,163672.92,125722.95,0.0,205621.82,0.0,175050.24,0.0,0.0,0.0,0.0,10034.28,0.0,0.0,2192.74,163672.92,0.00,0.00,179632.92,25988.90
CZ14/Htl&0&cDXHP&New&dxHP_equip/NE-dxHP-PkgHP-240to759-New-EER-10.0/instance-out.sql,679421.13,2192.74,160799.1,125722.95,0.0,205621.82,0.0,175050.24,0.0,0.0,0.0,0.0,10034.28,0.0,0.0,2192.74,160799.10,0.00,0.00,179632.92,25988.90
CZ15/Htl&0&cDXHP&New&dxHP_equip/NE-dxHP-PkgHP-65to134-New-EER-11.0/instance-out.sql,725257.41,425.36,216532.64,125722.95,0.0,205621.82,0.0,168020.81,0.0,0.0,0.0,0.0,8933.84,0.0,0.0,425.36,216532.64,0.00,0.00,179632.92,25988.90
CZ15/Htl&0&cDXHP&New&dxHP_equip/NE-dxHP-PkgHP-65to134-New-EER-11.5/instance-out.sql,719734.82,414.26,211021.14,125722.95,0.0,205621.82,0.0,168020.81,0.0,0.0,0.0,0.0,8933.84,0.0,0.0,414.26,211021.14,0.00,0.00,179632.92,25988.90
CZ15/Htl&0&cDXHP&New&dxHP_equip/NE-dxHP-PkgHP-65to134-New-EER-12.0/instance-out.sql,714670.64,408.95,205962.28,125722.95,0.0,205621.82,0.0,168020.81,0.0,0.0,0.0,0.0,8933.84,0.0,0.0,408.95,205962.28,0.00,0.00,179632.92,25988.90
CZ15/Htl&0&cDXHP&New&dxHP_equip/NE-dxHP-PkgHP-135to239-New-EER-10.4/instance-out.sql,729828.38,437.12,221091.84,125722.95,0.0,205621.82,0.0,168020.81,0.0,0.0,0.0,0.0,8933.84,0.0,0.0,437.12,221091.84,0.00,0.00,179632.92,25988.90
CZ15/Htl&0&cDXHP&New&dxHP_equip/NE-dxHP-PkgHP-135to239-New-EER-10.8/instance-out.sql,724910.6699999999,416.43,216194.82,125722.95,0.0,205621.82,0.0,168020.81,0.0,0.0,0.0,0.0,8933.84,0.0,0.0,416.43,216194.82,0.00,0.00,179632.92,25988.90
CZ15/Htl&0&cDXHP&New&dxHP_equip/NE-dxHP-PkgHP-135to239-New-EER-12.0/instance-out.sql,720357.53,413.19,211644.93,125722.95,0.0,205621.82,0.0,168020.81,0.0,0.0,0.0,0.0,8933.84,0.0,0.0,413.19,211644.93,0.00,0.00,179632.92,25988.90
CZ15/Htl&0&cDXHP&New&dxHP_equip/NE-dxHP-PkgHP-240to759-New-EER-9.3/instance-out.sql,735915.82,449.62,227166.78,125722.95,0.0,205621.82,0.0,168020.81,0.0,0.0,0.0,0.0,8933.84,0.0,0.0,449.62,227166.78,0.00,0.00,179632.92,25988.90
CZ15/Htl&0&cDXHP&New&dxHP_equip/NE-dxHP-PkgHP-240to759-New-EER-9.7/instance-out.sql,730192.5,437.12,221455.97,125722.95,0.0,205621.82,0.0,168020.81,0.0,0.0,0.0,0.0,8933.84,0.0,0.0,437.12,221455.97,0.00,0.00,179632.92,25988.90
CZ15/Htl&0&cDXHP&New&dxHP_equip/NE-dxHP-PkgHP-240to759-New-EER-10.0/instance-out.sql,726293.39,437.12,217556.86,125722.95,0.0,205621.82,0.0,168020.81,0.0,0.0,0.0,0.0,8933.84,0.0,0.0,437.12,217556.86,0.00,0.00,179632.92,25988.90
CZ16/Htl&0&cDXHP&New&dxHP_equip/NE-dxHP-PkgHP-65to134-New-EER-11.0/instance-out.sql,640285.6,11920.630000000001,105636.44,125722.95,0.0,205621.82,0.0,179650.92,0.0,0.0,0.0,0.0,11732.84,0.0,0.0,11024.54,105636.44,896.09,0.00,179632.92,25988.90
CZ16/Htl&0&cDXHP&New&dxHP_equip/NE-dxHP-PkgHP-65to134-New-EER-11.5/instance-out.sql,637366.0499999999,11654.62,102982.9,125722.95,0.0,205621.82,0.0,179650.92,0.0,0.0,0.0,0.0,11732.84,0.0,0.0,10758.53,102982.90,896.09,0.00,179632.92,25988.90
CZ16/Htl&0&cDXHP&New&dxHP_equip/NE-dxHP-PkgHP-65to134-New-EER-12.0/instance-out.sql,634803.0499999999,11527.24,100547.28,125722.95,0.0,205621.82,0.0,179650.92,0.0,0.0,0.0,0.0,11732.84,0.0,0.0,10631.15,100547.28,896.09,0.00,179632.92,25988.90
CZ16/Htl&0&cDXHP&New&dxHP_equip/NE-dxHP-PkgHP-135to239-New-EER-10.4/instance-out.sql,642762.7799999999,12202.75,107831.49,125722.95,0.0,205621.82,0.0,179650.92,0.0,0.0,0.0,0.0,11732.84,0.0,0.0,11306.66,107831.49,896.09,0.00,179632.92,25988.90
CZ16/Htl&0&cDXHP&New&dxHP_equip/NE-dxHP-PkgHP-135to239-New-EER-10.8/instance-out.sql,639908.9299999999,11706.6,105473.8,125722.95,0.0,205621.82,0.0,179650.92,0.0,0.0,0.0,0.0,11732.84,0.0,0.0,10810.51,105473.80,896.09,0.00,179632.92,25988.90
CZ16/Htl&0&cDXHP&New&dxHP_equip/NE-dxHP-PkgHP-135to239-New-EER-12.0/instance-out.sql,637640.61,11628.85,103283.23,125722.95,0.0,205621.82,0.0,179650.92,0.0,0.0,0.0,0.0,11732.84,0.0,0.0,10732.76,103283.23,896.09,0.00,179632.92,25988.90
CZ16/Htl&0&cDXHP&New&dxHP_equip/NE-dxHP-PkgHP-240to759-New-EER-9.3/instance-out.sql,645987.35,12502.51,110756.31,125722.95,0.0,205621.82,0.0,179650.92,0.0,0.0,0.0,0.0,11732.84,0.0,0.0,11606.42,110756.31,896.09,0.00,179632.92,25988.90
CZ16/Htl&0&cDXHP&New&dxHP_equip/NE-dxHP-PkgHP-240to759-New-EER-9.7/instance-out.sql,642938.09,12202.75,108006.8,125722.95,0.0,205621.82,0.0,179650.92,0.0,0.0,0.0,0.0,11732.84,0.0,0.0,11306.66,108006.80,896.09,0.00,179632.92,25988.90
CZ16/Htl&0&cDXHP&New&dxHP_equip/NE-dxHP-PkgHP-240to759-New-EER-10.0/instance-out.sql,641060.84,12202.75,106129.56,125722.95,0.0,205621.82,0.0,179650.92,0.0,0.0,0.0,0.0,11732.84,0.0,0.0,11306.66,106129.56,896.09,0.00,179632.92,25988.90

File Name,Electricity (kWh),Natural Gas (kWh)
CZ01/Htl&0&cDXHP&New&dxHP_equip/NE-dxHP-PkgHP-65to134-New-EER-11.0/instance-out.sql,463749.36,38886.11
CZ01/Htl&0&cDXHP&New&dxHP_equip/NE-dxHP-PkgHP-65to134-New-EER-11.5/instance-out.sql,463493.65,38886.11
CZ01/Htl&0&cDXHP&New&dxHP_equip/NE-dxHP-PkgHP-65to134-New-EER-12.0/instance-out.sql,463364.99,38886.11
CZ01/Htl&0&cDXHP&New&dxHP_equip/NE-dxHP-PkgHP-135to239-New-EER-10.4/instance-out.sql,464017.27,38886.11
CZ01/Htl&0&cDXHP&New&dxHP_equip/NE-dxHP-PkgHP-135to239-New-EER-10.8/instance-out.sql,463554.12,38886.11
CZ01/Htl&0&cDXHP&New&dxHP_equip/NE-dxHP-PkgHP-135to239-New-EER-12.0/instance-out.sql,463471.84,38886.11
CZ01/Htl&0&cDXHP&New&dxHP_equip/NE-dxHP-PkgHP-240to759-New-EER-9.3/instance-out.sql,464305.09,38886.11
CZ01/Htl&0&cDXHP&New&dxHP_equip/NE-dxHP-PkgHP-240to759-New-EER-9.7/instance-out.sql,464018.21,38886.11
CZ01/Htl&0&cDXHP&New&dxHP_equip/NE-dxHP-PkgHP-240to759-New-EER-10.0/instance-out.sql,464008.21,38886.11
CZ02/Htl&0&cDXHP&New&dxHP_equip/NE-dxHP-PkgHP-65to134-New-EER-11.0/instance-out.sql,511350.64,37847.43
CZ02/Htl&0&cDXHP&New&dxHP_equip/NE-dxHP-PkgHP-65to134-New-EER-11.5/instance-out.sql,510283.72,37847.43
CZ02/Htl&0&cDXHP&New&dxHP_equip/NE-dxHP-PkgHP-65to134-New-EER-12.0/instance-out.sql,509366.81,37847.43
CZ02/Htl&0&cDXHP&New&dxHP_equip/NE-dxHP-PkgHP-135to239-New-EER-10.4/instance-out.sql,512266.39,37847.43
CZ02/Htl&0&cDXHP&New&dxHP_equip/NE-dxHP-PkgHP-135to239-New-EER-10.8/instance-out.sql,511179.61,37847.43
CZ02/Htl&0&cDXHP&New&dxHP_equip/NE-dxHP-PkgHP-135to239-New-EER-12.0/instance-out.sql,510374.62,37847.43
CZ02/Htl&0&cDXHP&New&dxHP_equip/NE-dxHP-PkgHP-240to759-New-EER-9.3/instance-out.sql,513445.88,37847.43
CZ02/Htl&0&cDXHP&New&dxHP_equip/NE-dxHP-PkgHP-240to759-New-EER-9.7/instance-out.sql,512327.48,37847.43
CZ02/Htl&0&cDXHP&New&dxHP_equip/NE-dxHP-PkgHP-240to759-New-EER-10.0/instance-out.sql,511673.23,37847.43
CZ03/Htl&0&cDXHP&New&dxHP_equip/NE-dxHP-PkgHP-65to134-New-EER-11.0/instance-out.sql,490703.42,37821.59
CZ03/Htl&0&cDXHP&New&dxHP_equip/NE-dxHP-PkgHP-65to134-New-EER-11.5/instance-out.sql,490244.80,37821.59
CZ03/Htl&0&cDXHP&New&dxHP_equip/NE-dxHP-PkgHP-65to134-New-EER-12.0/instance-out.sql,489854.45,37821.59
CZ03/Htl&0&cDXHP&New&dxHP_equip/NE-dxHP-PkgHP-135to239-New-EER-10.4/instance-out.sql,491099.07,37821.59
CZ03/Htl&0&cDXHP&New&dxHP_equip/NE-dxHP-PkgHP-135to239-New-EER-10.8/instance-out.sql,490623.50,37821.59
CZ03/Htl&0&cDXHP&New&dxHP_equip/NE-dxHP-PkgHP-135to239-New-EER-12.0/instance-out.sql,490282.07,37821.59
CZ03/Htl&0&cDXHP&New&dxHP_equip/NE-dxHP-PkgHP-240to759-New-EER-9.3/instance-out.sql,491606.29,37821.59
CZ03/Htl&0&cDXHP&New&dxHP_equip/NE-dxHP-PkgHP-240to759-New-EER-9.7/instance-out.sql,491124.76,37821.59
CZ03/Htl&0&cDXHP&New&dxHP_equip/NE-dxHP-PkgHP-240to759-New-EER-10.0/instance-out.sql,490849.62,37821.59
CZ04/Htl&0&cDXHP&New&dxHP_equip/NE-dxHP-PkgHP-65to134-New-EER-11.0/instance-out.sql,521210.96,37452.09
CZ04/Htl&0&cDXHP&New&dxHP_equip/NE-dxHP-PkgHP-65to134-New-EER-11.5/instance-out.sql,520023.50,37452.09
CZ04/Htl&0&cDXHP&New&dxHP_equip/NE-dxHP-PkgHP-65to134-New-EER-12.0/instance-out.sql,518959.36,37452.09
CZ04/Htl&0&cDXHP&New&dxHP_equip/NE-dxHP-PkgHP-135to239-New-EER-10.4/instance-out.sql,522206.96,37452.09
CZ04/Htl&0&cDXHP&New&dxHP_equip/NE-dxHP-PkgHP-135to239-New-EER-10.8/instance-out.sql,521094.49,37452.09
CZ04/Htl&0&cDXHP&New&dxHP_equip/NE-dxHP-PkgHP-135to239-New-EER-12.0/instance-out.sql,520145.55,37452.09
CZ04/Htl&0&cDXHP&New&dxHP_equip/NE-dxHP-PkgHP-240to759-New-EER-9.3/instance-out.sql,523517.26,37452.09
CZ04/Htl&0&cDXHP&New&dxHP_equip/NE-dxHP-PkgHP-240to759-New-EER-9.7/instance-out.sql,522281.53,37452.09
CZ04/Htl&0&cDXHP&New&dxHP_equip/NE-dxHP-PkgHP-240to759-New-EER-10.0/instance-out.sql,521483.04,37452.09
CZ05/Htl&0&cDXHP&New&dxHP_equip/NE-dxHP-PkgHP-65to134-New-EER-11.0/instance-out.sql,496194.24,37798.43
CZ05/Htl&0&cDXHP&New&dxHP_equip/NE-dxHP-PkgHP-65to134-New-EER-11.5/instance-out.sql,495548.45,37798.43
CZ05/Htl&0&cDXHP&New&dxHP_equip/NE-dxHP-PkgHP-65to134-New-EER-12.0/instance-out.sql,494982.97,37798.43
CZ05/Htl&0&cDXHP&New&dxHP_equip/NE-dxHP-PkgHP-135to239-New-EER-10.4/instance-out.sql,496742.94,37798.43
CZ05/Htl&0&cDXHP&New&dxHP_equip/NE-dxHP-PkgHP-135to239-New-EER-10.8/instance-out.sql,496108.49,37798.43
CZ05/Htl&0&cDXHP&New&dxHP_equip/NE-dxHP-PkgHP-135to239-New-EER-12.0/instance-out.sql,495608.50,37798.43
CZ05/Htl&0&cDXHP&New&dxHP_equip/NE-dxHP-PkgHP-240to759-New-EER-9.3/instance-out.sql,497456.28,37798.43
CZ05/Htl&0&cDXHP&New&dxHP_equip/NE-dxHP-PkgHP-240to759-New-EER-9.7/instance-out.sql,496781.50,37798.43
CZ05/Htl&0&cDXHP&New&dxHP_equip/NE-dxHP-PkgHP-240to759-New-EER-10.0/instance-out.sql,496368.58,37798.43
CZ06/Htl&0&cDXHP&New&dxHP_equip/NE-dxHP-PkgHP-65to134-New-EER-11.0/instance-out.sql,519715.58,36987.44
CZ06/Htl&0&cDXHP&New&dxHP_equip/NE-dxHP-PkgHP-65to134-New-EER-11.5/instance-out.sql,518758.22,36987.44
CZ06/Htl&0&cDXHP&New&dxHP_equip/NE-dxHP-PkgHP-65to134-New-EER-12.0/instance-out.sql,517881.42,36987.44
CZ06/Htl&0&cDXHP&New&dxHP_equip/NE-dxHP-PkgHP-135to239-New-EER-10.4/instance-out.sql,520508.56,36987.44
CZ06/Htl&0&cDXHP&New&dxHP_equip/NE-dxHP-PkgHP-135to239-New-EER-10.8/instance-out.sql,519653.62,36987.44
CZ06/Htl&0&cDXHP&New&dxHP_equip/NE-dxHP-PkgHP-135to239-New-EER-12.0/instance-out.sql,518865.65,36987.44
CZ06/Htl&0&cDXHP&New&dxHP_equip/NE-dxHP-PkgHP-240to759-New-EER-9.3/instance-out.sql,521563.91,36987.44
CZ06/Htl&0&cDXHP&New&dxHP_equip/NE-dxHP-PkgHP-240to759-New-EER-9.7/instance-out.sql,520571.52,36987.44
CZ06/Htl&0&cDXHP&New&dxHP_equip/NE-dxHP-PkgHP-240to759-New-EER-10.0/instance-out.sql,519897.36,36987.44
CZ07/Htl&0&cDXHP&New&dxHP_equip/NE-dxHP-PkgHP-65to134-New-EER-11.0/instance-out.sql,527688.89,36833.11
CZ07/Htl&0&cDXHP&New&dxHP_equip/NE-dxHP-PkgHP-65to134-New-EER-11.5/instance-out.sql,526379.12,36833.11
CZ07/Htl&0&cDXHP&New&dxHP_equip/NE-dxHP-PkgHP-65to134-New-EER-12.0/instance-out.sql,525178.68,36833.11
CZ07/Htl&0&cDXHP&New&dxHP_equip/NE-dxHP-PkgHP-135to239-New-EER-10.4/instance-out.sql,528773.30,36833.11
CZ07/Htl&0&cDXHP&New&dxHP_equip/NE-dxHP-PkgHP-135to239-New-EER-10.8/instance-out.sql,527605.60,36833.11
CZ07/Htl&0&cDXHP&New&dxHP_equip/NE-dxHP-PkgHP-135to239-New-EER-12.0/instance-out.sql,526526.51,36833.11
CZ07/Htl&0&cDXHP&New&dxHP_equip/NE-dxHP-PkgHP-240to759-New-EER-9.3/instance-out.sql,530217.07,36833.11
CZ07/Htl&0&cDXHP&New&dxHP_equip/NE-dxHP-PkgHP-240to759-New-EER-9.7/instance-out.sql,528859.57,36833.11
CZ07/Htl&0&cDXHP&New&dxHP_equip/NE-dxHP-PkgHP-240to759-New-EER-10.0/instance-out.sql,527935.83,36833.11
CZ08/Htl&0&cDXHP&New&dxHP_equip/NE-dxHP-PkgHP-65to134-New-EER-11.0/instance-out.sql,540803.64,36784.90
CZ08/Htl&0&cDXHP&New&dxHP_equip/NE-dxHP-PkgHP-65to134-New-EER-11.5/instance-out.sql,539203.56,36784.90
CZ08/Htl&0&cDXHP&New&dxHP_equip/NE-dxHP-PkgHP-65to134-New-EER-12.0/instance-out.sql,537739.39,36784.90
CZ08/Htl&0&cDXHP&New&dxHP_equip/NE-dxHP-PkgHP-135to239-New-EER-10.4/instance-out.sql,542129.65,36784.90
CZ08/Htl&0&cDXHP&New&dxHP_equip/NE-dxHP-PkgHP-135to239-New-EER-10.8/instance-out.sql,540697.94,36784.90
CZ08/Htl&0&cDXHP&New&dxHP_equip/NE-dxHP-PkgHP-135to239-New-EER-12.0/instance-out.sql,539382.50,36784.90
CZ08/Htl&0&cDXHP&New&dxHP_equip/NE-dxHP-PkgHP-240to759-New-EER-9.3/instance-out.sql,543893.56,36784.90
CZ08/Htl&0&cDXHP&New&dxHP_equip/NE-dxHP-PkgHP-240to759-New-EER-9.7/instance-out.sql,542234.68,36784.90
CZ08/Htl&0&cDXHP&New&dxHP_equip/NE-dxHP-PkgHP-240to759-New-EER-10.0/instance-out.sql,541109.96,36784.90
CZ09/Htl&0&cDXHP&New&dxHP_equip/NE-dxHP-PkgHP-65to134-New-EER-11.0/instance-out.sql,549691.74,36678.52
CZ09/Htl&0&cDXHP&New&dxHP_equip/NE-dxHP-PkgHP-65to134-New-EER-11.5/instance-out.sql,547875.36,36678.52
CZ09/Htl&0&cDXHP&New&dxHP_equip/NE-dxHP-PkgHP-65to134-New-EER-12.0/instance-out.sql,546211.38,36678.52
CZ09/Htl&0&cDXHP&New&dxHP_equip/NE-dxHP-PkgHP-135to239-New-EER-10.4/instance-out.sql,551196.00,36678.52
CZ09/Htl&0&cDXHP&New&dxHP_equip/NE-dxHP-PkgHP-135to239-New-EER-10.8/instance-out.sql,549574.94,36678.52
CZ09/Htl&0&cDXHP&New&dxHP_equip/NE-dxHP-PkgHP-135to239-New-EER-12.0/instance-out.sql,548079.39,36678.52
CZ09/Htl&0&cDXHP&New&dxHP_equip/NE-dxHP-PkgHP-240to759-New-EER-9.3/instance-out.sql,553198.25,36678.52
CZ09/Htl&0&cDXHP&New&dxHP_equip/NE-dxHP-PkgHP-240to759-New-EER-9.7/instance-out.sql,551315.51,36678.52
CZ09/Htl&0&cDXHP&New&dxHP_equip/NE-dxHP-PkgHP-240to759-New-EER-10.0/instance-out.sql,550035.72,36678.52
CZ10/Htl&0&cDXHP&New&dxHP_equip/NE-dxHP-PkgHP-65to134-New-EER-11.0/instance-out.sql,584287.13,36553.69
CZ10/Htl&0&cDXHP&New&dxHP_equip/NE-dxHP-PkgHP-65to134-New-EER-11.5/instance-out.sql,581591.07,36553.69
CZ10/Htl&0&cDXHP&New&dxHP_equip/NE-dxHP-PkgHP-65to134-New-EER-12.0/instance-out.sql,579132.20,36553.69
CZ10/Htl&0&cDXHP&New&dxHP_equip/NE-dxHP-PkgHP-135to239-New-EER-10.4/instance-out.sql,586525.73,36553.69
CZ10/Htl&0&cDXHP&New&dxHP_equip/NE-dxHP-PkgHP-135to239-New-EER-10.8/instance-out.sql,584095.19,36553.69
CZ10/Htl&0&cDXHP&New&dxHP_equip/NE-dxHP-PkgHP-135to239-New-EER-12.0/instance-out.sql,581888.67,36553.69
CZ10/Htl&0&cDXHP&New&dxHP_equip/NE-dxHP-PkgHP-240to759-New-EER-9.3/instance-out.sql,589498.29,36553.69
CZ10/Htl&0&cDXHP&New&dxHP_equip/NE-dxHP-PkgHP-240to759-New-EER-9.7/instance-out.sql,586701.48,36553.69
CZ10/Htl&0&cDXHP&New&dxHP_equip/NE-dxHP-PkgHP-240to759-New-EER-10.0/instance-out.sql,584819.56,36553.69
CZ11/Htl&0&cDXHP&New&dxHP_equip/NE-dxHP-PkgHP-65to134-New-EER-11.0/instance-out.sql,588554.90,36841.00
CZ11/Htl&0&cDXHP&New&dxHP_equip/NE-dxHP-PkgHP-65to134-New-EER-11.5/instance-out.sql,585565.72,36841.00
CZ11/Htl&0&cDXHP&New&dxHP_equip/NE-dxHP-PkgHP-65to134-New-EER-12.0/instance-out.sql,582886.22,36841.00
CZ11/Htl&0&cDXHP&New&dxHP_equip/NE-dxHP-PkgHP-135to239-New-EER-10.4/instance-out.sql,591061.74,36841.00
CZ11/Htl&0&cDXHP&New&dxHP_equip/NE-dxHP-PkgHP-135to239-New-EER-10.8/instance-out.sql,588262.98,36841.00
CZ11/Htl&0&cDXHP&New&dxHP_equip/NE-dxHP-PkgHP-135to239-New-EER-12.0/instance-out.sql,585873.31,36841.00
CZ11/Htl&0&cDXHP&New&dxHP_equip/NE-dxHP-PkgHP-240to759-New-EER-9.3/instance-out.sql,594360.11,36841.00
CZ11/Htl&0&cDXHP&New&dxHP_equip/NE-dxHP-PkgHP-240to759-New-EER-9.7/instance-out.sql,591249.56,36841.00
CZ11/Htl&0&cDXHP&New&dxHP_equip/NE-dxHP-PkgHP-240to759-New-EER-10.0/instance-out.sql,589238.32,36841.00
CZ12/Htl&0&cDXHP&New&dxHP_equip/NE-dxHP-PkgHP-65to134-New-EER-11.0/instance-out.sql,560301.38,37158.86
CZ12/Htl&0&cDXHP&New&dxHP_equip/NE-dxHP-PkgHP-65to134-New-EER-11.5/instance-out.sql,557911.68,37158.86
CZ12/Htl&0&cDXHP&New&dxHP_equip/NE-dxHP-PkgHP-65to134-New-EER-12.0/instance-out.sql,555781.06,37158.86
CZ12/Htl&0&cDXHP&New&dxHP_equip/NE-dxHP-PkgHP-135to239-New-EER-10.4/instance-out.sql,562311.59,37158.86
CZ12/Htl&0&cDXHP&New&dxHP_equip/NE-dxHP-PkgHP-135to239-New-EER-10.8/instance-out.sql,560048.52,37158.86
CZ12/Htl&0&cDXHP&New&dxHP_equip/NE-dxHP-PkgHP-135to239-New-EER-12.0/instance-out.sql,558152.08,37158.86
CZ12/Htl&0&cDXHP&New&dxHP_equip/NE-dxHP-PkgHP-240to759-New-EER-9.3/instance-out.sql,564949.13,37158.86
CZ12/Htl&0&cDXHP&New&dxHP_equip/NE-dxHP-PkgHP-240to759-New-EER-9.7/instance-out.sql,562460.01,37158.86
CZ12/Htl&0&cDXHP&New&dxHP_equip/NE-dxHP-PkgHP-240to759-New-EER-10.0/instance-out.sql,560870.68,37158.86
CZ13/Htl&0&cDXHP&New&dxHP_equip/NE-dxHP-PkgHP-65to134-New-EER-11.0/instance-out.sql,599381.96,36576.81
CZ13/Htl&0&cDXHP&New&dxHP_equip/NE-dxHP-PkgHP-65to134-New-EER-11.5/instance-out.sql,596175.48,36576.81
CZ13/Htl&0&cDXHP&New&dxHP_equip/NE-dxHP-PkgHP-65to134-New-EER-12.0/instance-out.sql,593283.38,36576.81
CZ13/Htl&0&cDXHP&New&dxHP_equip/NE-dxHP-PkgHP-135to239-New-EER-10.4/instance-out.sql,602061.56,36576.81
CZ13/Htl&0&cDXHP&New&dxHP_equip/NE-dxHP-PkgHP-135to239-New-EER-10.8/instance-out.sql,599098.99,36576.81
CZ13/Htl&0&cDXHP&New&dxHP_equip/NE-dxHP-PkgHP-135to239-New-EER-12.0/instance-out.sql,596513.96,36576.81
CZ13/Htl&0&cDXHP&New&dxHP_equip/NE-dxHP-PkgHP-240to759-New-EER-9.3/instance-out.sql,605598.70,36576.81
CZ13/Htl&0&cDXHP&New&dxHP_equip/NE-dxHP-PkgHP-240to759-New-EER-9.7/instance-out.sql,602265.71,36576.81
CZ13/Htl&0&cDXHP&New&dxHP_equip/NE-dxHP-PkgHP-240to759-New-EER-10.0/instance-out.sql,600079.55,36576.81
CZ14/Htl&0&cDXHP&New&dxHP_equip/NE-dxHP-PkgHP-65to134-New-EER-11.0/instance-out.sql,642584.44,36023.18
CZ14/Htl&0&cDXHP&New&dxHP_equip/NE-dxHP-PkgHP-65to134-New-EER-11.5/instance-out.sql,638466.95,36023.18
CZ14/Htl&0&cDXHP&New&dxHP_equip/NE-dxHP-PkgHP-65to134-New-EER-12.0/instance-out.sql,634711.87,36023.18
CZ14/Htl&0&cDXHP&New&dxHP_equip/NE-dxHP-PkgHP-135to239-New-EER-10.4/instance-out.sql,646003.40,36023.18
CZ14/Htl&0&cDXHP&New&dxHP_equip/NE-dxHP-PkgHP-135to239-New-EER-10.8/instance-out.sql,642290.98,36023.18
CZ14/Htl&0&cDXHP&New&dxHP_equip/NE-dxHP-PkgHP-135to239-New-EER-12.0/instance-out.sql,638921.35,36023.18
CZ14/Htl&0&cDXHP&New&dxHP_equip/NE-dxHP-PkgHP-240to759-New-EER-9.3/instance-out.sql,650543.18,36023.18
CZ14/Htl&0&cDXHP&New&dxHP_equip/NE-dxHP-PkgHP-240to759-New-EER-9.7/instance-out.sql,646271.77,36023.18
CZ14/Htl&0&cDXHP&New&dxHP_equip/NE-dxHP-PkgHP-240to759-New-EER-10.0/instance-out.sql,643397.95,36023.18
CZ15/Htl&0&cDXHP&New&dxHP_equip/NE-dxHP-PkgHP-65to134-New-EER-11.0/instance-out.sql,690334.68,34922.73
CZ15/Htl&0&cDXHP&New&dxHP_equip/NE-dxHP-PkgHP-65to134-New-EER-11.5/instance-out.sql,684812.09,34922.73
CZ15/Htl&0&cDXHP&New&dxHP_equip/NE-dxHP-PkgHP-65to134-New-EER-12.0/instance-out.sql,679747.91,34922.73
CZ15/Htl&0&cDXHP&New&dxHP_equip/NE-dxHP-PkgHP-135to239-New-EER-10.4/instance-out.sql,694905.65,34922.73
CZ15/Htl&0&cDXHP&New&dxHP_equip/NE-dxHP-PkgHP-135to239-New-EER-10.8/instance-out.sql,689987.94,34922.73
CZ15/Htl&0&cDXHP&New&dxHP_equip/NE-dxHP-PkgHP-135to239-New-EER-12.0/instance-out.sql,685434.80,34922.73
CZ15/Htl&0&cDXHP&New&dxHP_equip/NE-dxHP-PkgHP-240to759-New-EER-9.3/instance-out.sql,700993.09,34922.73
CZ15/Htl&0&cDXHP&New&dxHP_equip/NE-dxHP-PkgHP-240to759-New-EER-9.7/instance-out.sql,695269.77,34922.73
CZ15/Htl&0&cDXHP&New&dxHP_equip/NE-dxHP-PkgHP-240to759-New-EER-10.0/instance-out.sql,691370.66,34922.73
CZ16/Htl&0&cDXHP&New&dxHP_equip/NE-dxHP-PkgHP-65to134-New-EER-11.0/instance-out.sql,601667.77,38617.83
CZ16/Htl&0&cDXHP&New&dxHP_equip/NE-dxHP-PkgHP-65to134-New-EER-11.5/instance-out.sql,598748.22,38617.83
CZ16/Htl&0&cDXHP&New&dxHP_equip/NE-dxHP-PkgHP-65to134-New-EER-12.0/instance-out.sql,596185.22,38617.83
CZ16/Htl&0&cDXHP&New&dxHP_equip/NE-dxHP-PkgHP-135to239-New-EER-10.4/instance-out.sql,604144.95,38617.83
CZ16/Htl&0&cDXHP&New&dxHP_equip/NE-dxHP-PkgHP-135to239-New-EER-10.8/instance-out.sql,601291.10,38617.83
CZ16/Htl&0&cDXHP&New&dxHP_equip/NE-dxHP-PkgHP-135to239-New-EER-12.0/instance-out.sql,599022.78,38617.83
CZ16/Htl&0&cDXHP&New&dxHP_equip/NE-dxHP-PkgHP-240to759-New-EER-9.3/instance-out.sql,607369.52,38617.83
CZ16/Htl&0&cDXHP&New&dxHP_equip/NE-dxHP-PkgHP-240to759-New-EER-9.7/instance-out.sql,604320.26,38617.83
CZ16/Htl&0&cDXHP&New&dxHP_equip/NE-dxHP-PkgHP-240to759-New-EER-10.0/instance-out.sql,602443.01,38617.83

File Name,Unmet Heating (Hours),Unmet Cooling (Hours)
CZ01/Htl&0&cDXHP&New&dxHP_equip/NE-dxHP-PkgHP-65to134-New-EER-11.0/instance-out.sql,0.00,0.00
CZ01/Htl&0&cDXHP&New&dxHP_equip/NE-dxHP-PkgHP-65to134-New-EER-11.5/instance-out.sql,0.00,0.00
CZ01/Htl&0&cDXHP&New&dxHP_equip/NE-dxHP-PkgHP-65to134-New-EER-12.0/instance-out.sql,0.00,0.00
CZ01/Htl&0&cDXHP&New&dxHP_equip/NE-dxHP-PkgHP-135to239-New-EER-10.4/instance-out.sql,0.00,0.00
CZ01/Htl&0&cDXHP&New&dxHP_equip/NE-dxHP-PkgHP-135to239-New-EER-10.8/instance-out.sql,0.00,0.00
CZ01/Htl&0&cDXHP&New&dxHP_equip/NE-dxHP-PkgHP-135to239-New-EER-12.0/instance-out.sql,0.00,0.00
CZ01/Htl&0&cDXHP&New&dxHP_equip/NE-dxHP-PkgHP-240to759-New-EER-9.3/instance-out.sql,0.00,0.00
CZ01/Htl&0&cDXHP&New&dxHP_equip/NE-dxHP-PkgHP-240to759-New-EER-9.7/instance-out.sql,0.00,0.00
CZ01/Htl&0&cDXHP&New&dxHP_equip/NE-dxHP-PkgHP-240to759-New-EER-10.0/instance-out.sql,0.00,0.00
CZ02/Htl&0&cDXHP&New&dxHP_equip/NE-dxHP-PkgHP-65to134-New-EER-11.0/instance-out.sql,0.00,0.00
CZ02/Htl&0&cDXHP&New&dxHP_equip/NE-dxHP-PkgHP-65to134-New-EER-11.5/instance-out.sql,0.00,0.00
CZ02/Htl&0&cDXHP&New&dxHP_equip/NE-dxHP-PkgHP-65to134-New-EER-12.0/instance-out.sql,0.00,0.00
CZ02/Htl&0&cDXHP&New&dxHP_equip/NE-dxHP-PkgHP-135to239-New-EER-10.4/instance-out.sql,0.00,0.00
CZ02/Htl&0&cDXHP&New&dxHP_equip/NE-dxHP-PkgHP-135to239-New-EER-10.8/instance-out.sql,0.00,0.00
CZ02/Htl&0&cDXHP&New&dxHP_equip/NE-dxHP-PkgHP-135to239-New-EER-12.0/instance-out.sql,0.00,0.00
CZ02/Htl&0&cDXHP&New&dxHP_equip/NE-dxHP-PkgHP-240to759-New-EER-9.3/instance-out.sql,0.00,0.00
CZ02/Htl&0&cDXHP&New&dxHP_equip/NE-dxHP-PkgHP-240to759-New-EER-9.7/instance-out.sql,0.00,0.00
CZ02/Htl&0&cDXHP&New&dxHP_equip/NE-dxHP-PkgHP-240to759-New-EER-10.0/instance-out.sql,0.00,0.00
CZ03/Htl&0&cDXHP&New&dxHP_equip/NE-dxHP-PkgHP-65to134-New-EER-11.0/instance-out.sql,0.00,0.00
CZ03/Htl&0&cDXHP&New&dxHP_equip/NE-dxHP-PkgHP-65to134-New-EER-11.5/instance-out.sql,0.00,0.00
CZ03/Htl&0&cDXHP&New&dxHP_equip/NE-dxHP-PkgHP-65to134-New-EER-12.0/instance-out.sql,0.00,0.00
CZ03/Htl&0&cDXHP&New&dxHP_equip/NE-dxHP-PkgHP-135to239-New-EER-10.4/instance-out.sql,0.00,0.00
CZ03/Htl&0&cDXHP&New&dxHP_equip/NE-dxHP-PkgHP-135to239-New-EER-10.8/instance-out.sql,0.00,0.00
CZ03/Htl&0&cDXHP&New&dxHP_equip/NE-dxHP-PkgHP-135to239-New-EER-12.0/instance-out.sql,0.00,0.00
CZ03/Htl&0&cDXHP&New&dxHP_equip/NE-dxHP-PkgHP-240to759-New-EER-9.3/instance-out.sql,0.00,0.00
CZ03/Htl&0&cDXHP&New&dxHP_equip/NE-dxHP-PkgHP-240to759-New-EER-9.7/instance-out.sql,0.00,0.00
CZ03/Htl&0&cDXHP&New&dxHP_equip/NE-dxHP-PkgHP-240to759-New-EER-10.0/instance-out.sql,0.00,0.00
CZ04/Htl&0&cDXHP&New&dxHP_equip/NE-dxHP-PkgHP-65to134-New-EER-11.0/instance-out.sql,0.00,0.00
CZ04/Htl&0&cDXHP&New&dxHP_equip/NE-dxHP-PkgHP-65to134-New-EER-11.5/instance-out.sql,0.00,0.00
CZ04/Htl&0&cDXHP&New&dxHP_equip/NE-dxHP-PkgHP-65to134-New-EER-12.0/instance-out.sql,0.00,0.00
CZ04/Htl&0&cDXHP&New&dxHP_equip/NE-dxHP-PkgHP-135to239-New-EER-10.4/instance-out.sql,0.00,0.00
CZ04/Htl&0&cDXHP&New&dxHP_equip/NE-dxHP-PkgHP-135to239-New-EER-10.8/instance-out.sql,0.00,0.00
CZ04/Htl&0&cDXHP&New&dxHP_equip/NE-dxHP-PkgHP-135to239-New-EER-12.0/instance-out.sql,0.00,0.00
CZ04/Htl&0&cDXHP&New&dxHP_equip/NE-dxHP-PkgHP-240to759-New-EER-9.3/instance-out.sql,0.00,0.00
CZ04/Htl&0&cDXHP&New&dxHP_equip/NE-dxHP-PkgHP-240to759-New-EER-9.7/instance-out.sql,0.00,0.00
CZ04/Htl&0&cDXHP&New&dxHP_equip/NE-dxHP-PkgHP-240to759-New-EER-10.0/instance-out.sql,0.00,0.00
CZ05/Htl&0&cDXHP&New&dxHP_equip/NE-dxHP-PkgHP-65to134-New-EER-11.0/instance-out.sql,0.00,0.00
CZ05/Htl&0&cDXHP&New&dxHP_equip/NE-dxHP-PkgHP-65to134-New-EER-11.5/instance-out.sql,0.00,0.00
CZ05/Htl&0&cDXHP&New&dxHP_equip/NE-dxHP-PkgHP-65to134-New-EER-12.0/instance-out.sql,0.00,0.00
CZ05/Htl&0&cDXHP&New&dxHP_equip/NE-dxHP-PkgHP-135to239-New-EER-10.4/instance-out.sql,0.00,0.00
CZ05/Htl&0&cDXHP&New&dxHP_equip/NE-dxHP-PkgHP-135to239-New-EER-10.8/instance-out.sql,0.00,0.00
CZ05/Htl&0&cDXHP&New&dxHP_equip/NE-dxHP-PkgHP-135to239-New-EER-12.0/instance-out.sql,0.00,0.00
CZ05/Htl&0&cDXHP&New&dxHP_equip/NE-dxHP-PkgHP-240to759-New-EER-9.3/instance-out.sql,0.00,0.00
CZ05/Htl&0&cDXHP&New&dxHP_equip/NE-dxHP-PkgHP-240to759-New-EER-9.7/instance-out.sql,0.00,0.00
CZ05/Htl&0&cDXHP&New&dxHP_equip/NE-dxHP-PkgHP-240to759-New-EER-10.0/instance-out.sql,0.00,0.00
CZ06/Htl&0&cDXHP&New&dxHP_equip/NE-dxHP-PkgHP-65to134-New-EER-11.0/instance-out.sql,0.00,0.00
CZ06/Htl&0&cDXHP&New&dxHP_equip/NE-dxHP-PkgHP-65to134-New-EER-11.5/instance-out.sql,0.00,0.00
CZ06/Htl&0&cDXHP&New&dxHP_equip/NE-dxHP-PkgHP-65to134-New-EER-12.0/instance-out.sql,0.00,0.00
CZ06/Htl&0&cDXHP&New&dxHP_equip/NE-dxHP-PkgHP-135to239-New-EER-10.4/instance-out.sql,0.00,0.00
CZ06/Htl&0&cDXHP&New&dxHP_equip/NE-dxHP-PkgHP-135to239-New-EER-10.8/instance-out.sql,0.00,0.00
CZ06/Htl&0&cDXHP&New&dxHP_equip/NE-dxHP-PkgHP-135to239-New-EER-12.0/instance-out.sql,0.00,0.00
CZ06/Htl&0&cDXHP&New&dxHP_equip/NE-dxHP-PkgHP-240to759-New-EER-9.3/instance-out.sql,0.00,0.00
CZ06/Htl&0&cDXHP&New&dxHP_equip/NE-dxHP-PkgHP-240to759-New-EER-9.7/instance-out.sql,0.00,0.00
CZ06/Htl&0&cDXHP&New&dxHP_equip/NE-dxHP-PkgHP-240to759-New-EER-10.0/instance-out.sql,0.00,0.00
CZ07/Htl&0&cDXHP&New&dxHP_equip/NE-dxHP-PkgHP-65to134-New-EER-11.0/instance-out.sql,0.00,0.00
CZ07/Htl&0&cDXHP&New&dxHP_equip/NE-dxHP-PkgHP-65to134-New-EER-11.5/instance-out.sql,0.00,0.00
CZ07/Htl&0&cDXHP&New&dxHP_equip/NE-dxHP-PkgHP-65to134-New-EER-12.0/instance-out.sql,0.00,0.00
CZ07/Htl&0&cDXHP&New&dxHP_equip/NE-dxHP-PkgHP-135to239-New-EER-10.4/instance-out.sql,0.00,0.00
CZ07/Htl&0&cDXHP&New&dxHP_equip/NE-dxHP-PkgHP-135to239-New-EER-10.8/instance-out.sql,0.00,0.00
CZ07/Htl&0&cDXHP&New&dxHP_equip/NE-dxHP-PkgHP-135to239-New-EER-12.0/instance-out.sql,0.00,0.00
CZ07/Htl&0&cDXHP&New&dxHP_equip/NE-dxHP-PkgHP-240to759-New-EER-9.3/instance-out.sql,0.00,0.00
CZ07/Htl&0&cDXHP&New&dxHP_equip/NE-dxHP-PkgHP-240to759-New-EER-9.7/instance-out.sql,0.00,0.00
CZ07/Htl&0&cDXHP&New&dxHP_equip/NE-dxHP-PkgHP-240to759-New-EER-10.0/instance-out.sql,0.00,0.00
CZ08/Htl&0&cDXHP&New&dxHP_equip/NE-dxHP-PkgHP-65to134-New-EER-11.0/instance-out.sql,0.00,0.00
CZ08/Htl&0&cDXHP&New&dxHP_equip/NE-dxHP-PkgHP-65to134-New-EER-11.5/instance-out.sql,0.00,0.00
CZ08/Htl&0&cDXHP&New&dxHP_equip/NE-dxHP-PkgHP-65to134-New-EER-12.0/instance-out.sql,0.00,0.00
CZ08/Htl&0&cDXHP&New&dxHP_equip/NE-dxHP-PkgHP-135to239-New-EER-10.4/instance-out.sql,0.00,0.00
CZ08/Htl&0&cDXHP&New&dxHP_equip/NE-dxHP-PkgHP-135to239-New-EER-10.8/instance-out.sql,0.00,0.00
CZ08/Htl&0&cDXHP&New&dxHP_equip/NE-dxHP-PkgHP-135to239-New-EER-12.0/instance-out.sql,0.00,0.00
CZ08/Htl&0&cDXHP&New&dxHP_equip/NE-dxHP-PkgHP-240to759-New-EER-9.3/instance-out.sql,0.00,0.00
CZ08/Htl&0&cDXHP&New&dxHP_equip/NE-dxHP-PkgHP-240to759-New-EER-9.7/instance-out.sql,0.00,0.00
CZ08/Htl&0&cDXHP&New&dxHP_equip/NE-dxHP-PkgHP-240to759-New-EER-10.0/instance-out.sql,0.00,0.00
CZ09/Htl&0&cDXHP&New&dxHP_equip/NE-dxHP-PkgHP-65to134-New-EER-11.0/instance-out.sql,0.00,0.00
CZ09/Htl&0&cDXHP&New&dxHP_equip/NE-dxHP-PkgHP-65to134-New-EER-11.5/instance-out.sql,0.00,0.00
CZ09/Htl&0&cDXHP&New&dxHP_equip/NE-dxHP-PkgHP-65to134-New-EER-12.0/instance-out.sql,0.00,0.00
CZ09/Htl&0&cDXHP&New&dxHP_equip/NE-dxHP-PkgHP-135to239-New-EER-10.4/instance-out.sql,0.00,0.00
CZ09/Htl&0&cDXHP&New&dxHP_equip/NE-dxHP-PkgHP-135to239-New-EER-10.8/instance-out.sql,0.00,0.00
CZ09/Htl&0&cDXHP&New&dxHP_equip/NE-dxHP-PkgHP-135to239-New-EER-12.0/instance-out.sql,0.00,0.00
CZ09/Htl&0&cDXHP&New&dxHP_equip/NE-dxHP-PkgHP-240to759-New-EER-9.3/instance-out.sql,0.00,0.00
CZ09/Htl&0&cDXHP&New&dxHP_equip/NE-dxHP-PkgHP-240to759-New-EER-9.7/instance-out.sql,0.00,0.00
CZ09/Htl&0&cDXHP&New&dxHP_equip/NE-dxHP-PkgHP-240to759-New-EER-10.0/instance-out.sql,0.00,0.00
CZ10/Htl&0&cDXHP&New&dxHP_equip/NE-dxHP-PkgHP-65to134-New-EER-11.0/instance-out.sql,0.00,0.00
CZ10/Htl&0&cDXHP&New&dxHP_equip/NE-dxHP-PkgHP-65to134-New-EER-11.5/instance-out.sql,0.00,0.00
CZ10/Htl&0&cDXHP&New&dxHP_equip/NE-dxHP-PkgHP-65to134-New-EER-12.0/instance-out.sql,0.00,0.00
CZ10/Htl&0&cDXHP&New&dxHP_equip/NE-dxHP-PkgHP-135to239-New-EER-10.4/instance-out.sql,0.00,0.00
CZ10/Htl&0&cDXHP&New&dxHP_equip/NE-dxHP-PkgHP-135to239-New-EER-10.8/instance-out.sql,0.00,0.00
CZ10/Htl&0&cDXHP&New&dxHP_equip/NE-dxHP-PkgHP-135to239-New-EER-12.0/instance-out.sql,0.00,0.00
CZ10/Htl&0&cDXHP&New&dxHP_equip/NE-dxHP-PkgHP-240to759-New-EER-9.3/instance-out.sql,0.00,0.00
CZ10/Htl&0&cDXHP&New&dxHP_equip/NE-dxHP-PkgHP-240to759-New-EER-9.7/instance-out.sql,0.00,0.00
CZ10/Htl&0&cDXHP&New&dxHP_equip/NE-dxHP-PkgHP-240to759-New-EER-10.0/instance-out.sql,0.00,0.00
CZ11/Htl&0&cDXHP&New&dxHP_equip/NE-dxHP-PkgHP-65to134-New-EER-11.0/instance-out.sql,0.00,0.00
CZ11/Htl&0&cDXHP&New&dxHP_equip/NE-dxHP-PkgHP-65to134-New-EER-11.5/instance-out.sql,0.00,0.00
CZ11/Htl&0&cDXHP&New&dxHP_equip/NE-dxHP-PkgHP-65to134-New-EER-12.0/instance-out.sql,0.00,0.00
CZ11/Htl&0&cDXHP&New&dxHP_equip/NE-dxHP-PkgHP-135to239-New-EER-10.4/instance-out.sql,0.00,0.00
CZ11/Htl&0&cDXHP&New&dxHP_equip/NE-dxHP-PkgHP-135to239-New-EER-10.8/instance-out.sql,0.00,0.00
CZ11/Htl&0&cDXHP&New&dxHP_equip/NE-dxHP-PkgHP-135to239-New-EER-12.0/instance-out.sql,0.00,0.00
CZ11/Htl&0&cDXHP&New&dxHP_equip/NE-dxHP-PkgHP-240to759-New-EER-9.3/instance-out.sql,0.00,0.00
CZ11/Htl&0&cDXHP&New&dxHP_equip/NE-dxHP-PkgHP-240to759-New-EER-9.7/instance-out.sql,0.00,0.00
CZ11/Htl&0&cDXHP&New&dxHP_equip/NE-dxHP-PkgHP-240to759-New-EER-10.0/instance-out.sql,0.00,0.00
CZ12/Htl&0&cDXHP&New&dxHP_equip/NE-dxHP-PkgHP-65to134-New-EER-11.0/instance-out.sql,0.00,0.00
CZ12/Htl&0&cDXHP&New&dxHP_equip/NE-dxHP-PkgHP-65to134-New-EER-11.5/instance-out.sql,0.00,0.00
CZ12/Htl&0&cDXHP&New&dxHP_equip/NE-dxHP-PkgHP-65to134-New-EER-12.0/instance-out.sql,0.00,0.00
CZ12/Htl&0&cDXHP&New&dxHP_equip/NE-dxHP-PkgHP-135to239-New-EER-10.4/instance-out.sql,0.00,0.00
CZ12/Htl&0&cDXHP&New&dxHP_equip/NE-dxHP-PkgHP-135to239-New-EER-10.8/instance-out.sql,0.00,0.00
CZ12/Htl&0&cDXHP&New&dxHP_equip/NE-dxHP-PkgHP-135to239-New-EER-12.0/instance-out.sql,0.00,0.00
CZ12/Htl&0&cDXHP&New&dxHP_equip/NE-dxHP-PkgHP-240to759-New-EER-9.3/instance-out.sql,0.00,0.00
CZ12/Htl&0&cDXHP&New&dxHP_equip/NE-dxHP-PkgHP-240to759-New-EER-9.7/instance-out.sql,0.00,0.00
CZ12/Htl&0&cDXHP&New&dxHP_equip/NE-dxHP-PkgHP-240to759-New-EER-10.0/instance-out.sql,0.00,0.00
CZ13/Htl&0&cDXHP&New&dxHP_equip/NE-dxHP-PkgHP-65to134-New-EER-11.0/instance-out.sql,0.00,0.00
CZ13/Htl&0&cDXHP&New&dxHP_equip/NE-dxHP-PkgHP-65to134-New-EER-11.5/instance-out.sql,0.00,0.00
CZ13/Htl&0&cDXHP&New&dxHP_equip/NE-dxHP-PkgHP-65to134-New-EER-12.0/instance-out.sql,0.00,0.00
CZ13/Htl&0&cDXHP&New&dxHP_equip/NE-dxHP-PkgHP-135to239-New-EER-10.4/instance-out.sql,0.00,0.00
CZ13/Htl&0&cDXHP&New&dxHP_equip/NE-dxHP-PkgHP-135to239-New-EER-10.8/instance-out.sql,0.00,0.00
CZ13/Htl&0&cDXHP&New&dxHP_equip/NE-dxHP-PkgHP-135to239-New-EER-12.0/instance-out.sql,0.00,0.00
CZ13/Htl&0&cDXHP&New&dxHP_equip/NE-dxHP-PkgHP-240to759-New-EER-9.3/instance-out.sql,0.00,0.00
CZ13/Htl&0&cDXHP&New&dxHP_equip/NE-dxHP-PkgHP-240to759-New-EER-9.7/instance-out.sql,0.00,0.00
CZ13/Htl&0&cDXHP&New&dxHP_equip/NE-dxHP-PkgHP-240to759-New-EER-10.0/instance-out.sql,0.00,0.00
CZ14/Htl&0&cDXHP&New&dxHP_equip/NE-dxHP-PkgHP-65to134-New-EER-11.0/instance-out.sql,0.00,0.00
CZ14/Htl&0&cDXHP&New&dxHP_equip/NE-dxHP-PkgHP-65to134-New-EER-11.5/instance-out.sql,0.00,0.00
CZ14/Htl&0&cDXHP&New&dxHP_equip/NE-dxHP-PkgHP-65to134-New-EER-12.0/instance-out.sql,0.00,0.00
CZ14/Htl&0&cDXHP&New&dxHP_equip/NE-dxHP-PkgHP-135to239-New-EER-10.4/instance-out.sql,0.00,0.00
CZ14/Htl&0&cDXHP&New&dxHP_equip/NE-dxHP-PkgHP-135to239-New-EER-10.8/instance-out.sql,0.00,0.00
CZ14/Htl&0&cDXHP&New&dxHP_equip/NE-dxHP-PkgHP-135to239-New-EER-12.0/instance-out.sql,0.00,0.00
CZ14/Htl&0&cDXHP&New&dxHP_equip/NE-dxHP-PkgHP-240to759-New-EER-9.3/instance-out.sql,0.00,0.00
CZ14/Htl&0&cDXHP&New&dxHP_equip/NE-dxHP-PkgHP-240to759-New-EER-9.7/instance-out.sql,0.00,0.00
CZ14/Htl&0&cDXHP&New&dxHP_equip/NE-dxHP-PkgHP-240to759-New-EER-10.0/instance-out.sql,0.00,0.00
CZ15/Htl&0&cDXHP&New&dxHP_equip/NE-dxHP-PkgHP-65to134-New-EER-11.0/instance-out.sql,0.00,0.00
CZ15/Htl&0&cDXHP&New&dxHP_equip/NE-dxHP-PkgHP-65to134-New-EER-11.5/instance-out.sql,0.00,0.00
CZ15/Htl&0&cDXHP&New&dxHP_equip/NE-dxHP-PkgHP-65to134-New-EER-12.0/instance-out.sql,0.00,0.00
CZ15/Htl&0&cDXHP&New&dxHP_equip/NE-dxHP-PkgHP-135to239-New-EER-10.4/instance-out.sql,0.00,0.00
CZ15/Htl&0&cDXHP&New&dxHP_equip/NE-dxHP-PkgHP-135to239-New-EER-10.8/instance-out.sql,0.00,0.00
CZ15/Htl&0&cDXHP&New&dxHP_equip/NE-dxHP-PkgHP-135to239-New-EER-12.0/instance-out.sql,0.00,0.00
CZ15/Htl&0&cDXHP&New&dxHP_equip/NE-dxHP-PkgHP-240to759-New-EER-9.3/instance-out.sql,0.00,0.00
CZ15/Htl&0&cDXHP&New&dxHP_equip/NE-dxHP-PkgHP-240to759-New-EER-9.7/instance-out.sql,0.00,0.00
CZ15/Htl&0&cDXHP&New&dxHP_equip/NE-dxHP-PkgHP-240to759-New-EER-10.0/instance-out.sql,0.00,0.00
CZ16/Htl&0&cDXHP&New&dxHP_equip/NE-dxHP-PkgHP-65to134-New-EER-11.0/instance-out.sql,1.33,0.00
CZ16/Htl&0&cDXHP&New&dxHP_equip/NE-dxHP-PkgHP-65to134-New-EER-11.5/instance-out.sql,1.33,0.00
CZ16/Htl&0&cDXHP&New&dxHP_equip/NE-dxHP-PkgHP-65to134-New-EER-12.0/instance-out.sql,1.33,0.00
CZ16/Htl&0&cDXHP&New&dxHP_equip/NE-dxHP-PkgHP-135to239-New-EER-10.4/instance-out.sql,1.33,0.00
CZ16/Htl&0&cDXHP&New&dxHP_equip/NE-dxHP-PkgHP-135to239-New-EER-10.8/instance-out.sql,1.33,0.00
CZ16/Htl&0&cDXHP&New&dxHP_equip/NE-dxHP-PkgHP-135to239-New-EER-12.0/instance-out.sql,1.33,0.00
CZ16/Htl&0&cDXHP&New&dxHP_equip/NE-dxHP-PkgHP-240to759-New-EER-9.3/instance-out.sql,1.33,0.00
CZ16/Htl&0&cDXHP&New&dxHP_equip/NE-dxHP-PkgHP-240to759-New-EER-9.7/instance-out.sql,1.33,0.00
CZ16/Htl&0&cDXHP&New&dxHP_equip/NE-dxHP-PkgHP-240to759-New-EER-10.0/instance-out.sql,1.33,0.00

