File Name,Net Site EUI (kWh/m2),Net Source EUI (kWh/m2),Total Energy/Net Site Energy (kWh),Total Energy/Net Source Energy (kWh)
CZ01/SFm&1&rDXGF&New&Fenes__ManufWin/Default/instance-out.sql,31.26,61.32,24046.23,47159.38
CZ01/SFm&1&rDXGF&New&Fenes__ManufWin/Msr-0.25-0.40/instance-out.sql,31.21,61.25,24007.86,47111.91
CZ01/SFm&1&rDXGF&New&Fenes__ManufWin/Msr-0.28-0.23/instance-out.sql,31.38,61.42,24136.66,47243.10
CZ01/SFm&1&rDXHP&New&Fenes__ManufWin/Default/instance-out.sql,34.62,75.03,26630.11,57710.30
CZ01/SFm&1&rDXHP&New&Fenes__ManufWin/Msr-0.25-0.40/instance-out.sql,34.52,74.71,26551.21,57460.98
CZ01/SFm&1&rDXHP&New&Fenes__ManufWin/Msr-0.28-0.23/instance-out.sql,34.78,75.52,26750.87,58080.55
CZ02/SFm&1&rDXGF&New&Fenes__ManufWin/Default/instance-out.sql,31.78,62.15,24445.92,47799.53
CZ02/SFm&1&rDXGF&New&Fenes__ManufWin/Msr-0.25-0.40/instance-out.sql,31.20,61.62,23995.11,47395.07
CZ02/SFm&1&rDXGF&New&Fenes__ManufWin/Msr-0.28-0.23/instance-out.sql,31.54,61.88,24259.36,47594.25
CZ02/SFm&1&rDXHP&New&Fenes__ManufWin/Default/instance-out.sql,35.89,79.20,27601.17,60914.93
CZ02/SFm&1&rDXHP&New&Fenes__ManufWin/Msr-0.25-0.40/instance-out.sql,35.42,77.74,27242.04,59788.60
CZ02/SFm&1&rDXHP&New&Fenes__ManufWin/Msr-0.28-0.23/instance-out.sql,35.76,78.81,27506.58,60616.02
CZ03/SFm&1&rDXGF&New&Fenes__ManufWin/Default/instance-out.sql,31.77,62.51,24435.86,48081.60
CZ03/SFm&1&rDXGF&New&Fenes__ManufWin/Msr-0.25-0.40/instance-out.sql,31.72,62.41,24397.68,48002.20
CZ03/SFm&1&rDXGF&New&Fenes__ManufWin/Msr-0.28-0.23/instance-out.sql,32.21,62.86,24775.28,48349.97
CZ03/SFm&1&rDXHP&New&Fenes__ManufWin/Default/instance-out.sql,32.18,67.47,24753.03,51892.56
CZ03/SFm&1&rDXHP&New&Fenes__ManufWin/Msr-0.25-0.40/instance-out.sql,32.16,67.40,24736.45,51841.16
CZ03/SFm&1&rDXHP&New&Fenes__ManufWin/Msr-0.28-0.23/instance-out.sql,32.37,68.04,24894.42,52333.43
CZ04/SFm&1&rDXGF&New&Fenes__ManufWin/Default/instance-out.sql,31.66,62.35,24351.59,47958.51
CZ04/SFm&1&rDXGF&New&Fenes__ManufWin/Msr-0.25-0.40/instance-out.sql,31.29,62.03,24066.26,47709.02
CZ04/SFm&1&rDXGF&New&Fenes__ManufWin/Msr-0.28-0.23/instance-out.sql,31.59,62.27,24296.94,47897.03
CZ04/SFm&1&rDXHP&New&Fenes__ManufWin/Default/instance-out.sql,32.58,68.79,25057.85,52907.06
CZ04/SFm&1&rDXHP&New&Fenes__ManufWin/Msr-0.25-0.40/instance-out.sql,32.34,68.04,24873.13,52333.35
CZ04/SFm&1&rDXHP&New&Fenes__ManufWin/Msr-0.28-0.23/instance-out.sql,32.54,68.68,25030.61,52822.25
CZ05/SFm&1&rDXGF&New&Fenes__ManufWin/Default/instance-out.sql,31.80,62.62,24455.73,48159.19
CZ05/SFm&1&rDXGF&New&Fenes__ManufWin/Msr-0.25-0.40/instance-out.sql,31.75,62.50,24421.09,48071.07
CZ05/SFm&1&rDXGF&New&Fenes__ManufWin/Msr-0.28-0.23/instance-out.sql,32.08,62.76,24675.63,48273.06
CZ05/SFm&1&rDXHP&New&Fenes__ManufWin/Default/instance-out.sql,33.88,72.88,26057.58,56051.27
CZ05/SFm&1&rDXHP&New&Fenes__ManufWin/Msr-0.25-0.40/instance-out.sql,33.87,72.85,26051.34,56031.29
CZ05/SFm&1&rDXHP&New&Fenes__ManufWin/Msr-0.28-0.23/instance-out.sql,34.10,73.56,26225.82,56574.04
CZ06/SFm&1&rDXGF&New&Fenes__ManufWin/Default/instance-out.sql,31.02,62.69,23858.92,48216.23
CZ06/SFm&1&rDXGF&New&Fenes__ManufWin/Msr-0.25-0.40/instance-out.sql,31.02,62.96,23859.19,48427.03
CZ06/SFm&1&rDXGF&New&Fenes__ManufWin/Msr-0.28-0.23/instance-out.sql,30.99,62.67,23834.31,48198.28
CZ06/SFm&1&rDXHP&New&Fenes__ManufWin/Default/instance-out.sql,30.75,63.01,23647.37,48464.94
CZ06/SFm&1&rDXHP&New&Fenes__ManufWin/Msr-0.25-0.40/instance-out.sql,30.83,63.28,23708.76,48666.59
CZ06/SFm&1&rDXHP&New&Fenes__ManufWin/Msr-0.28-0.23/instance-out.sql,30.74,62.99,23642.26,48450.49
CZ07/SFm&1&rDXGF&New&Fenes__ManufWin/Default/instance-out.sql,30.47,62.15,23433.61,47800.45
CZ07/SFm&1&rDXGF&New&Fenes__ManufWin/Msr-0.25-0.40/instance-out.sql,30.54,62.40,23490.56,47991.42
CZ07/SFm&1&rDXGF&New&Fenes__ManufWin/Msr-0.28-0.23/instance-out.sql,30.47,62.16,23435.32,47806.81
CZ07/SFm&1&rDXHP&New&Fenes__ManufWin/Default/instance-out.sql,30.71,62.92,23616.93,48392.83
CZ07/SFm&1&rDXHP&New&Fenes__ManufWin/Msr-0.25-0.40/instance-out.sql,30.74,63.04,23643.42,48485.63
CZ07/SFm&1&rDXHP&New&Fenes__ManufWin/Msr-0.28-0.23/instance-out.sql,30.70,62.90,23612.72,48380.61
CZ08/SFm&1&rDXGF&New&Fenes__ManufWin/Default/instance-out.sql,30.46,62.13,23425.17,47783.74
CZ08/SFm&1&rDXGF&New&Fenes__ManufWin/Msr-0.25-0.40/instance-out.sql,30.54,62.39,23485.67,47985.88
CZ08/SFm&1&rDXGF&New&Fenes__ManufWin/Msr-0.28-0.23/instance-out.sql,30.45,62.11,23421.66,47773.67
CZ08/SFm&1&rDXHP&New&Fenes__ManufWin/Default/instance-out.sql,30.74,63.02,23639.73,48471.81
CZ08/SFm&1&rDXHP&New&Fenes__ManufWin/Msr-0.25-0.40/instance-out.sql,30.79,63.19,23677.72,48600.39
CZ08/SFm&1&rDXHP&New&Fenes__ManufWin/Msr-0.28-0.23/instance-out.sql,30.73,62.99,23631.81,48447.90
CZ09/SFm&1&rDXGF&New&Fenes__ManufWin/Default/instance-out.sql,31.66,65.18,24350.28,50135.16
CZ09/SFm&1&rDXGF&New&Fenes__ManufWin/Msr-0.25-0.40/instance-out.sql,31.73,65.62,24401.30,50467.31
CZ09/SFm&1&rDXGF&New&Fenes__ManufWin/Msr-0.28-0.23/instance-out.sql,31.65,65.18,24338.97,50132.57
CZ09/SFm&1&rDXHP&New&Fenes__ManufWin/Default/instance-out.sql,31.60,65.78,24303.83,50594.44
CZ09/SFm&1&rDXHP&New&Fenes__ManufWin/Msr-0.25-0.40/instance-out.sql,31.73,66.21,24405.28,50923.04
CZ09/SFm&1&rDXHP&New&Fenes__ManufWin/Msr-0.28-0.23/instance-out.sql,31.60,65.78,24302.82,50591.04
CZ10/SFm&1&rDXGF&New&Fenes__ManufWin/Default/instance-out.sql,31.98,64.55,24599.38,49644.84
CZ10/SFm&1&rDXGF&New&Fenes__ManufWin/Msr-0.25-0.40/instance-out.sql,31.71,64.41,24390.44,49537.60
CZ10/SFm&1&rDXGF&New&Fenes__ManufWin/Msr-0.28-0.23/instance-out.sql,31.92,64.46,24550.82,49580.41
CZ10/SFm&1&rDXHP&New&Fenes__ManufWin/Default/instance-out.sql,33.53,71.89,25787.17,55293.80
CZ10/SFm&1&rDXHP&New&Fenes__ManufWin/Msr-0.25-0.40/instance-out.sql,33.17,70.77,25512.52,54429.77
CZ10/SFm&1&rDXHP&New&Fenes__ManufWin/Msr-0.28-0.23/instance-out.sql,33.48,71.75,25752.71,55185.53
CZ11/SFm&1&rDXGF&New&Fenes__ManufWin/Default/instance-out.sql,36.09,70.95,27759.36,54571.21
CZ11/SFm&1&rDXGF&New&Fenes__ManufWin/Msr-0.25-0.40/instance-out.sql,35.71,70.81,27461.93,54464.69
CZ11/SFm&1&rDXGF&New&Fenes__ManufWin/Msr-0.28-0.23/instance-out.sql,35.95,70.76,27647.63,54423.32
CZ11/SFm&1&rDXHP&New&Fenes__ManufWin/Default/instance-out.sql,37.14,83.28,28568.66,64055.70
CZ11/SFm&1&rDXHP&New&Fenes__ManufWin/Msr-0.25-0.40/instance-out.sql,36.76,82.08,28273.63,63126.04
CZ11/SFm&1&rDXHP&New&Fenes__ManufWin/Msr-0.28-0.23/instance-out.sql,37.05,82.98,28495.34,63823.47
CZ12/SFm&1&rDXGF&New&Fenes__ManufWin/Default/instance-out.sql,36.52,69.60,28088.83,53530.71
CZ12/SFm&1&rDXGF&New&Fenes__ManufWin/Msr-0.25-0.40/instance-out.sql,35.76,68.93,27507.48,53012.87
CZ12/SFm&1&rDXGF&New&Fenes__ManufWin/Msr-0.28-0.23/instance-out.sql,36.38,69.43,27978.86,53398.66
CZ12/SFm&1&rDXHP&New&Fenes__ManufWin/Default/instance-out.sql,38.27,86.86,29437.16,66803.71
CZ12/SFm&1&rDXHP&New&Fenes__ManufWin/Msr-0.25-0.40/instance-out.sql,37.81,85.38,29077.64,65670.82
CZ12/SFm&1&rDXHP&New&Fenes__ManufWin/Msr-0.28-0.23/instance-out.sql,38.19,86.61,29376.54,66613.04
CZ13/SFm&1&rDXGF&New&Fenes__ManufWin/Default/instance-out.sql,35.76,72.11,27502.24,55458.20
CZ13/SFm&1&rDXGF&New&Fenes__ManufWin/Msr-0.25-0.40/instance-out.sql,35.50,72.14,27306.04,55482.12
CZ13/SFm&1&rDXGF&New&Fenes__ManufWin/Msr-0.28-0.23/instance-out.sql,35.64,71.94,27410.87,55333.11
CZ13/SFm&1&rDXHP&New&Fenes__ManufWin/Default/instance-out.sql,36.58,81.55,28135.89,62718.89
CZ13/SFm&1&rDXHP&New&Fenes__ManufWin/Msr-0.25-0.40/instance-out.sql,36.32,80.73,27937.36,62094.27
CZ13/SFm&1&rDXHP&New&Fenes__ManufWin/Msr-0.28-0.23/instance-out.sql,36.50,81.29,28073.05,62520.09
CZ14/SFm&1&rDXGF&New&Fenes__ManufWin/Default/instance-out.sql,33.12,70.64,25475.97,54330.80
CZ14/SFm&1&rDXGF&New&Fenes__ManufWin/Msr-0.25-0.40/instance-out.sql,33.29,71.19,25606.86,54755.16
CZ14/SFm&1&rDXGF&New&Fenes__ManufWin/Msr-0.28-0.23/instance-out.sql,33.09,70.53,25449.35,54248.08
CZ14/SFm&1&rDXHP&New&Fenes__ManufWin/Default/instance-out.sql,37.75,85.37,29037.57,65660.06
CZ14/SFm&1&rDXHP&New&Fenes__ManufWin/Msr-0.25-0.40/instance-out.sql,37.33,84.03,28711.35,64630.98
CZ14/SFm&1&rDXHP&New&Fenes__ManufWin/Msr-0.28-0.23/instance-out.sql,37.65,85.03,28955.41,65400.55
CZ15/SFm&1&rDXGF&New&Fenes__ManufWin/Default/instance-out.sql,36.35,79.10,27955.29,60836.91
CZ15/SFm&1&rDXGF&New&Fenes__ManufWin/Msr-0.25-0.40/instance-out.sql,36.30,79.28,27918.93,60977.78
CZ15/SFm&1&rDXGF&New&Fenes__ManufWin/Msr-0.28-0.23/instance-out.sql,36.28,78.96,27901.65,60728.39
CZ15/SFm&1&rDXHP&New&Fenes__ManufWin/Default/instance-out.sql,36.30,80.79,27922.34,62135.82
CZ15/SFm&1&rDXHP&New&Fenes__ManufWin/Msr-0.25-0.40/instance-out.sql,36.32,80.86,27937.27,62188.96
CZ15/SFm&1&rDXHP&New&Fenes__ManufWin/Msr-0.28-0.23/instance-out.sql,36.25,80.62,27882.10,62009.39
CZ16/SFm&1&rDXGF&New&Fenes__ManufWin/Default/instance-out.sql,33.53,67.00,25789.25,51532.35
CZ16/SFm&1&rDXGF&New&Fenes__ManufWin/Msr-0.25-0.40/instance-out.sql,33.24,66.47,25565.48,51125.59
CZ16/SFm&1&rDXGF&New&Fenes__ManufWin/Msr-0.28-0.23/instance-out.sql,33.43,66.42,25711.82,51089.04
CZ16/SFm&1&rDXHP&New&Fenes__ManufWin/Default/instance-out.sql,37.93,85.68,29171.70,65897.23
CZ16/SFm&1&rDXHP&New&Fenes__ManufWin/Msr-0.25-0.40/instance-out.sql,37.70,84.94,28992.73,65330.06
CZ16/SFm&1&rDXHP&New&Fenes__ManufWin/Msr-0.28-0.23/instance-out.sql,38.64,87.92,29718.66,67618.75

File Name,Total (kWh),Heating (kWh),Cooling (kWh),Interior Lighting (kWh),Exterior Lighting (kWh),Interior Equipment (kWh),Exterior Equipment (kWh),Fans (kWh),Pumps (kWh),Heat Rejection (kWh),Humidification (kWh),Heat Recovery (kWh),Water Systems (kWh),Refrigeration (kWh),Generators (kWh),Heating Elec (kWh),Cooling Elec (kWh),Heating NG (kWh),Cooling NG (kWh),Interior Equipment Elec (kWh),Interior Equipment NG (kWh)
CZ01/SFm&1&rDXGF&New&Fenes__ManufWin/Default/instance-out.sql,24046.23,1136.67,15.65,1375.06,457.71,10329.24,0.0,12.57,0.0,0.0,0.0,0.0,10719.32,0.0,0.0,0.00,15.65,1136.67,0.00,8265.39,2063.85
CZ01/SFm&1&rDXGF&New&Fenes__ManufWin/Msr-0.25-0.40/instance-out.sql,24007.87,1101.42,13.44,1375.06,457.71,10329.24,0.0,11.96,0.0,0.0,0.0,0.0,10719.03,0.0,0.0,0.00,13.44,1101.42,0.00,8265.39,2063.85
CZ01/SFm&1&rDXGF&New&Fenes__ManufWin/Msr-0.28-0.23/instance-out.sql,24136.66,1227.91,8.8,1375.06,457.71,10329.24,0.0,12.55,0.0,0.0,0.0,0.0,10725.39,0.0,0.0,0.00,8.80,1227.91,0.00,8265.39,2063.85
CZ01/SFm&1&rDXHP&New&Fenes__ManufWin/Default/instance-out.sql,26630.11,3714.02,15.65,1375.06,457.71,10329.24,0.0,19.14,0.0,0.0,0.0,0.0,10719.28,0.0,0.0,3714.02,15.65,0.00,0.00,8265.39,2063.85
CZ01/SFm&1&rDXHP&New&Fenes__ManufWin/Msr-0.25-0.40/instance-out.sql,26551.2,3639.64,13.42,1375.06,457.71,10329.24,0.0,17.12,0.0,0.0,0.0,0.0,10719.0,0.0,0.0,3639.64,13.42,0.00,0.00,8265.39,2063.85
CZ01/SFm&1&rDXHP&New&Fenes__ManufWin/Msr-0.28-0.23/instance-out.sql,26750.87,3835.76,8.8,1375.06,457.71,10329.24,0.0,19.16,0.0,0.0,0.0,0.0,10725.13,0.0,0.0,3835.76,8.80,0.00,0.00,8265.39,2063.85
CZ02/SFm&1&rDXGF&New&Fenes__ManufWin/Default/instance-out.sql,24445.92,1494.47,71.27,1375.06,457.71,10329.24,0.0,56.27,0.0,0.0,0.0,0.0,10661.89,0.0,0.0,0.00,71.27,1494.47,0.00,8265.39,2063.85
CZ02/SFm&1&rDXGF&New&Fenes__ManufWin/Msr-0.25-0.40/instance-out.sql,23995.11,1006.44,94.54,1375.06,457.71,10329.24,0.0,73.44,0.0,0.0,0.0,0.0,10658.68,0.0,0.0,0.00,94.54,1006.44,0.00,8265.39,2063.85
CZ02/SFm&1&rDXGF&New&Fenes__ManufWin/Msr-0.28-0.23/instance-out.sql,24259.36,1308.68,69.59,1375.06,457.71,10329.24,0.0,56.5,0.0,0.0,0.0,0.0,10662.58,0.0,0.0,0.00,69.59,1308.68,0.00,8265.39,2063.85
CZ02/SFm&1&rDXHP&New&Fenes__ManufWin/Default/instance-out.sql,27601.17,4666.77,71.36,1375.06,457.71,10329.24,0.0,43.81,0.0,0.0,0.0,0.0,10657.21,0.0,0.0,4666.77,71.36,0.00,0.00,8265.39,2063.85
CZ02/SFm&1&rDXHP&New&Fenes__ManufWin/Msr-0.25-0.40/instance-out.sql,27242.04,4288.71,94.68,1375.06,457.71,10329.24,0.0,44.71,0.0,0.0,0.0,0.0,10651.92,0.0,0.0,4288.71,94.68,0.00,0.00,8265.39,2063.85
CZ02/SFm&1&rDXHP&New&Fenes__ManufWin/Msr-0.28-0.23/instance-out.sql,27506.58,4576.01,69.68,1375.06,457.71,10329.24,0.0,41.98,0.0,0.0,0.0,0.0,10656.9,0.0,0.0,4576.01,69.68,0.00,0.00,8265.39,2063.85
CZ03/SFm&1&rDXGF&New&Fenes__ManufWin/Default/instance-out.sql,24435.86,1347.3,222.48,1375.06,457.71,10329.24,0.0,45.71,0.0,0.0,0.0,0.0,10658.34,0.0,0.0,0.00,222.48,1347.30,0.00,8265.39,2063.85
CZ03/SFm&1&rDXGF&New&Fenes__ManufWin/Msr-0.25-0.40/instance-out.sql,24397.68,1327.92,207.58,1375.06,457.71,10329.24,0.0,42.36,0.0,0.0,0.0,0.0,10657.8,0.0,0.0,0.00,207.58,1327.92,0.00,8265.39,2063.85
CZ03/SFm&1&rDXGF&New&Fenes__ManufWin/Msr-0.28-0.23/instance-out.sql,24775.28,1731.19,179.41,1375.06,457.71,10329.24,0.0,40.99,0.0,0.0,0.0,0.0,10661.67,0.0,0.0,0.00,179.41,1731.19,0.00,8265.39,2063.85
CZ03/SFm&1&rDXHP&New&Fenes__ManufWin/Default/instance-out.sql,24753.03,1647.61,222.47,1375.06,457.71,10329.24,0.0,62.61,0.0,0.0,0.0,0.0,10658.33,0.0,0.0,1647.61,222.47,0.00,0.00,8265.39,2063.85
CZ03/SFm&1&rDXHP&New&Fenes__ManufWin/Msr-0.25-0.40/instance-out.sql,24736.449999999997,1650.51,207.58,1375.06,457.71,10329.24,0.0,58.55,0.0,0.0,0.0,0.0,10657.78,0.0,0.0,1650.51,207.58,0.00,0.00,8265.39,2063.85
CZ03/SFm&1&rDXHP&New&Fenes__ManufWin/Msr-0.28-0.23/instance-out.sql,24894.42,1830.71,179.42,1375.06,457.71,10329.24,0.0,60.63,0.0,0.0,0.0,0.0,10661.64,0.0,0.0,1830.71,179.42,0.00,0.00,8265.39,2063.85
CZ04/SFm&1&rDXGF&New&Fenes__ManufWin/Default/instance-out.sql,24351.59,1301.85,214.24,1375.06,457.71,10329.24,0.0,38.71,0.0,0.0,0.0,0.0,10634.76,0.0,0.0,0.00,214.24,1301.85,0.00,8265.39,2063.85
CZ04/SFm&1&rDXGF&New&Fenes__ManufWin/Msr-0.25-0.40/instance-out.sql,24066.260000000002,993.25,242.16,1375.06,457.71,10329.24,0.0,39.51,0.0,0.0,0.0,0.0,10629.32,0.0,0.0,0.00,242.16,993.25,0.00,8265.39,2063.85
CZ04/SFm&1&rDXGF&New&Fenes__ManufWin/Msr-0.28-0.23/instance-out.sql,24296.940000000002,1249.0,213.8,1375.06,457.71,10329.24,0.0,38.07,0.0,0.0,0.0,0.0,10634.05,0.0,0.0,0.00,213.80,1249.00,0.00,8265.39,2063.85
CZ04/SFm&1&rDXHP&New&Fenes__ManufWin/Default/instance-out.sql,25057.86,1993.67,214.25,1375.06,457.71,10329.24,0.0,53.18,0.0,0.0,0.0,0.0,10634.74,0.0,0.0,1993.67,214.25,0.00,0.00,8265.39,2063.85
CZ04/SFm&1&rDXHP&New&Fenes__ManufWin/Msr-0.25-0.40/instance-out.sql,24873.12,1789.28,242.16,1375.06,457.71,10329.24,0.0,50.37,0.0,0.0,0.0,0.0,10629.3,0.0,0.0,1789.28,242.16,0.00,0.00,8265.39,2063.85
CZ04/SFm&1&rDXHP&New&Fenes__ManufWin/Msr-0.28-0.23/instance-out.sql,25030.61,1968.83,213.81,1375.06,457.71,10329.24,0.0,51.93,0.0,0.0,0.0,0.0,10634.03,0.0,0.0,1968.83,213.81,0.00,0.00,8265.39,2063.85
CZ05/SFm&1&rDXGF&New&Fenes__ManufWin/Default/instance-out.sql,24455.739999999998,1353.33,247.64,1375.06,457.71,10329.24,0.0,47.46,0.0,0.0,0.0,0.0,10645.29,0.0,0.0,0.00,247.64,1353.33,0.00,8265.39,2063.85
CZ05/SFm&1&rDXGF&New&Fenes__ManufWin/Msr-0.25-0.40/instance-out.sql,24421.09,1342.87,226.87,1375.06,457.71,10329.24,0.0,43.95,0.0,0.0,0.0,0.0,10645.38,0.0,0.0,0.00,226.87,1342.87,0.00,8265.39,2063.85
CZ05/SFm&1&rDXGF&New&Fenes__ManufWin/Msr-0.28-0.23/instance-out.sql,24675.620000000003,1627.83,193.61,1375.06,457.71,10329.24,0.0,41.72,0.0,0.0,0.0,0.0,10650.44,0.0,0.0,0.00,193.61,1627.83,0.00,8265.39,2063.85
CZ05/SFm&1&rDXHP&New&Fenes__ManufWin/Default/instance-out.sql,26057.58,2934.72,247.66,1375.06,457.71,10329.24,0.0,67.93,0.0,0.0,0.0,0.0,10645.27,0.0,0.0,2934.72,247.66,0.00,0.00,8265.39,2063.85
CZ05/SFm&1&rDXHP&New&Fenes__ManufWin/Msr-0.25-0.40/instance-out.sql,26051.34,2954.22,226.87,1375.06,457.71,10329.24,0.0,62.86,0.0,0.0,0.0,0.0,10645.37,0.0,0.0,2954.22,226.87,0.00,0.00,8265.39,2063.85
CZ05/SFm&1&rDXHP&New&Fenes__ManufWin/Msr-0.28-0.23/instance-out.sql,26225.82,3157.04,193.62,1375.06,457.71,10329.24,0.0,63.06,0.0,0.0,0.0,0.0,10650.09,0.0,0.0,3157.04,193.62,0.00,0.00,8265.39,2063.85
CZ06/SFm&1&rDXGF&New&Fenes__ManufWin/Default/instance-out.sql,23858.92,438.77,513.72,1375.06,457.71,10329.24,0.0,119.34,0.0,0.0,0.0,0.0,10625.07,0.0,0.0,0.00,513.72,438.77,0.00,8265.39,2063.85
CZ06/SFm&1&rDXGF&New&Fenes__ManufWin/Msr-0.25-0.40/instance-out.sql,23859.190000000002,341.55,604.79,1375.06,457.71,10329.24,0.0,129.34,0.0,0.0,0.0,0.0,10621.5,0.0,0.0,0.00,604.79,341.55,0.00,8265.39,2063.85
CZ06/SFm&1&rDXGF&New&Fenes__ManufWin/Msr-0.28-0.23/instance-out.sql,23834.309999999998,410.25,518.29,1375.06,457.71,10329.24,0.0,118.97,0.0,0.0,0.0,0.0,10624.79,0.0,0.0,0.00,518.29,410.25,0.00,8265.39,2063.85
CZ06/SFm&1&rDXHP&New&Fenes__ManufWin/Default/instance-out.sql,23647.37,272.05,514.44,1375.06,457.71,10329.24,0.0,76.07,0.0,0.0,0.0,0.0,10622.8,0.0,0.0,272.05,514.44,0.00,0.00,8265.39,2063.85
CZ06/SFm&1&rDXHP&New&Fenes__ManufWin/Msr-0.25-0.40/instance-out.sql,23708.760000000002,237.46,605.76,1375.06,457.71,10329.24,0.0,84.2,0.0,0.0,0.0,0.0,10619.32,0.0,0.0,237.46,605.76,0.00,0.00,8265.39,2063.85
CZ06/SFm&1&rDXHP&New&Fenes__ManufWin/Msr-0.28-0.23/instance-out.sql,23642.260000000002,263.28,519.05,1375.06,457.71,10329.24,0.0,75.94,0.0,0.0,0.0,0.0,10621.96,0.0,0.0,263.28,519.05,0.00,0.00,8265.39,2063.85
CZ07/SFm&1&rDXGF&New&Fenes__ManufWin/Default/instance-out.sql,23433.61,0.0,502.1,1375.06,457.71,10329.24,0.0,152.69,0.0,0.0,0.0,0.0,10616.8,0.0,0.0,0.00,502.10,0.00,0.00,8265.39,2063.85
CZ07/SFm&1&rDXGF&New&Fenes__ManufWin/Msr-0.25-0.40/instance-out.sql,23490.559999999998,0.0,562.43,1375.06,457.71,10329.24,0.0,154.41,0.0,0.0,0.0,0.0,10611.7,0.0,0.0,0.00,562.43,0.00,0.00,8265.39,2063.85
CZ07/SFm&1&rDXGF&New&Fenes__ManufWin/Msr-0.28-0.23/instance-out.sql,23435.32,0.0,506.62,1375.06,457.71,10329.24,0.0,150.34,0.0,0.0,0.0,0.0,10616.35,0.0,0.0,0.00,506.62,0.00,0.00,8265.39,2063.85
CZ07/SFm&1&rDXHP&New&Fenes__ManufWin/Default/instance-out.sql,23616.93,271.93,503.54,1375.06,457.71,10329.24,0.0,68.3,0.0,0.0,0.0,0.0,10611.13,0.0,0.0,271.93,503.54,0.00,0.00,8265.39,2063.85
CZ07/SFm&1&rDXHP&New&Fenes__ManufWin/Msr-0.25-0.40/instance-out.sql,23643.42,238.72,564.03,1375.06,457.71,10329.24,0.0,71.79,0.0,0.0,0.0,0.0,10606.86,0.0,0.0,238.72,564.03,0.00,0.00,8265.39,2063.85
CZ07/SFm&1&rDXHP&New&Fenes__ManufWin/Msr-0.28-0.23/instance-out.sql,23612.72,263.94,507.96,1375.06,457.71,10329.24,0.0,68.2,0.0,0.0,0.0,0.0,10610.6,0.0,0.0,263.94,507.96,0.00,0.00,8265.39,2063.85
CZ08/SFm&1&rDXGF&New&Fenes__ManufWin/Default/instance-out.sql,23425.18,0.0,438.02,1375.06,457.71,10329.24,0.0,213.14,0.0,0.0,0.0,0.0,10612.0,0.0,0.0,0.00,438.02,0.00,0.00,8265.39,2063.85
CZ08/SFm&1&rDXGF&New&Fenes__ManufWin/Msr-0.25-0.40/instance-out.sql,23485.68,0.0,504.8,1375.06,457.71,10329.24,0.0,211.92,0.0,0.0,0.0,0.0,10606.94,0.0,0.0,0.00,504.80,0.00,0.00,8265.39,2063.85
CZ08/SFm&1&rDXGF&New&Fenes__ManufWin/Msr-0.28-0.23/instance-out.sql,23421.66,0.0,438.71,1375.06,457.71,10329.24,0.0,209.45,0.0,0.0,0.0,0.0,10611.49,0.0,0.0,0.00,438.71,0.00,0.00,8265.39,2063.85
CZ08/SFm&1&rDXHP&New&Fenes__ManufWin/Default/instance-out.sql,23639.72,309.9,438.67,1375.06,457.71,10329.24,0.0,121.27,0.0,0.0,0.0,0.0,10607.87,0.0,0.0,309.90,438.67,0.00,0.00,8265.39,2063.85
CZ08/SFm&1&rDXHP&New&Fenes__ManufWin/Msr-0.25-0.40/instance-out.sql,23677.72,272.59,505.51,1375.06,457.71,10329.24,0.0,133.69,0.0,0.0,0.0,0.0,10603.91,0.0,0.0,272.59,505.51,0.00,0.00,8265.39,2063.85
CZ08/SFm&1&rDXHP&New&Fenes__ManufWin/Msr-0.28-0.23/instance-out.sql,23631.809999999998,301.99,438.65,1375.06,457.71,10329.24,0.0,121.83,0.0,0.0,0.0,0.0,10607.32,0.0,0.0,301.99,438.65,0.00,0.00,8265.39,2063.85
CZ09/SFm&1&rDXGF&New&Fenes__ManufWin/Default/instance-out.sql,24350.27,291.09,1093.62,1375.06,457.71,10329.24,0.0,204.98,0.0,0.0,0.0,0.0,10598.57,0.0,0.0,0.00,1093.62,291.09,0.00,8265.39,2063.85
CZ09/SFm&1&rDXGF&New&Fenes__ManufWin/Msr-0.25-0.40/instance-out.sql,24401.3,212.72,1207.42,1375.06,457.71,10329.24,0.0,224.08,0.0,0.0,0.0,0.0,10595.05,0.0,0.0,0.00,1207.42,212.72,0.00,8265.39,2063.85
CZ09/SFm&1&rDXGF&New&Fenes__ManufWin/Msr-0.28-0.23/instance-out.sql,24338.97,275.04,1097.61,1375.06,457.71,10329.24,0.0,205.63,0.0,0.0,0.0,0.0,10598.68,0.0,0.0,0.00,1097.61,275.04,0.00,8265.39,2063.85
CZ09/SFm&1&rDXHP&New&Fenes__ManufWin/Default/instance-out.sql,24303.83,247.16,1093.61,1375.06,457.71,10329.24,0.0,202.48,0.0,0.0,0.0,0.0,10598.56,0.0,0.0,247.16,1093.61,0.00,0.00,8265.39,2063.85
CZ09/SFm&1&rDXHP&New&Fenes__ManufWin/Msr-0.25-0.40/instance-out.sql,24405.269999999997,219.45,1207.42,1375.06,457.71,10329.24,0.0,221.35,0.0,0.0,0.0,0.0,10595.04,0.0,0.0,219.45,1207.42,0.00,0.00,8265.39,2063.85
CZ09/SFm&1&rDXHP&New&Fenes__ManufWin/Msr-0.28-0.23/instance-out.sql,24302.83,241.31,1097.67,1375.06,457.71,10329.24,0.0,203.17,0.0,0.0,0.0,0.0,10598.66,0.0,0.0,241.31,1097.67,0.00,0.00,8265.39,2063.85
CZ10/SFm&1&rDXGF&New&Fenes__ManufWin/Default/instance-out.sql,24599.379999999997,905.99,593.25,1375.06,457.71,10329.24,0.0,340.33,0.0,0.0,0.0,0.0,10597.8,0.0,0.0,0.00,593.25,905.99,0.00,8265.39,2063.85
CZ10/SFm&1&rDXGF&New&Fenes__ManufWin/Msr-0.25-0.40/instance-out.sql,24390.43,642.54,629.27,1375.06,457.71,10329.24,0.0,361.55,0.0,0.0,0.0,0.0,10595.05,0.0,0.0,0.00,629.27,642.54,0.00,8265.39,2063.85
CZ10/SFm&1&rDXGF&New&Fenes__ManufWin/Msr-0.28-0.23/instance-out.sql,24550.83,863.5,587.26,1375.06,457.71,10329.24,0.0,340.65,0.0,0.0,0.0,0.0,10597.4,0.0,0.0,0.00,587.26,863.50,0.00,8265.39,2063.85
CZ10/SFm&1&rDXHP&New&Fenes__ManufWin/Default/instance-out.sql,25787.160000000003,2084.79,593.03,1375.06,457.71,10329.24,0.0,349.56,0.0,0.0,0.0,0.0,10597.77,0.0,0.0,2084.79,593.03,0.00,0.00,8265.39,2063.85
CZ10/SFm&1&rDXHP&New&Fenes__ManufWin/Msr-0.25-0.40/instance-out.sql,25512.52,1757.65,629.4,1375.06,457.71,10329.24,0.0,368.45,0.0,0.0,0.0,0.0,10595.0,0.0,0.0,1757.65,629.40,0.00,0.00,8265.39,2063.85
CZ10/SFm&1&rDXHP&New&Fenes__ManufWin/Msr-0.28-0.23/instance-out.sql,25752.72,2056.93,587.39,1375.06,457.71,10329.24,0.0,349.01,0.0,0.0,0.0,0.0,10597.37,0.0,0.0,2056.93,587.39,0.00,0.00,8265.39,2063.85
CZ11/SFm&1&rDXGF&New&Fenes__ManufWin/Default/instance-out.sql,27759.36,3322.3,1313.67,1375.06,457.71,10329.24,0.0,340.47,0.0,0.0,0.0,0.0,10620.9,0.0,0.0,0.00,1313.67,3322.30,0.00,8265.39,2063.85
CZ11/SFm&1&rDXGF&New&Fenes__ManufWin/Msr-0.25-0.40/instance-out.sql,27461.93,2923.97,1402.39,1375.06,457.71,10329.24,0.0,355.41,0.0,0.0,0.0,0.0,10618.15,0.0,0.0,0.00,1402.39,2923.97,0.00,8265.39,2063.85
CZ11/SFm&1&rDXGF&New&Fenes__ManufWin/Msr-0.28-0.23/instance-out.sql,27647.64,3223.91,1302.63,1375.06,457.71,10329.24,0.0,338.66,0.0,0.0,0.0,0.0,10620.42,0.0,0.0,0.00,1302.63,3223.91,0.00,8265.39,2063.85
CZ11/SFm&1&rDXHP&New&Fenes__ManufWin/Default/instance-out.sql,28568.66,4098.61,1313.85,1375.06,457.71,10329.24,0.0,373.8,0.0,0.0,0.0,0.0,10620.38,0.0,0.0,4098.61,1313.85,0.00,0.00,8265.39,2063.85
CZ11/SFm&1&rDXHP&New&Fenes__ManufWin/Msr-0.25-0.40/instance-out.sql,28273.629999999997,3712.3,1402.32,1375.06,457.71,10329.24,0.0,378.87,0.0,0.0,0.0,0.0,10618.12,0.0,0.0,3712.30,1402.32,0.00,0.00,8265.39,2063.85
CZ11/SFm&1&rDXHP&New&Fenes__ManufWin/Msr-0.28-0.23/instance-out.sql,28495.34,4039.51,1302.71,1375.06,457.71,10329.24,0.0,370.71,0.0,0.0,0.0,0.0,10620.39,0.0,0.0,4039.51,1302.71,0.00,0.00,8265.39,2063.85
CZ12/SFm&1&rDXGF&New&Fenes__ManufWin/Default/instance-out.sql,28088.83,4322.41,725.63,1375.06,457.71,10329.24,0.0,257.54,0.0,0.0,0.0,0.0,10621.24,0.0,0.0,0.00,725.63,4322.41,0.00,8265.39,2063.85
CZ12/SFm&1&rDXGF&New&Fenes__ManufWin/Msr-0.25-0.40/instance-out.sql,27507.48,3689.36,769.21,1375.06,457.71,10329.24,0.0,267.89,0.0,0.0,0.0,0.0,10619.0,0.0,0.0,0.00,769.21,3689.36,0.00,8265.39,2063.85
CZ12/SFm&1&rDXGF&New&Fenes__ManufWin/Msr-0.28-0.23/instance-out.sql,27978.870000000003,4218.86,720.72,1375.06,457.71,10329.24,0.0,256.28,0.0,0.0,0.0,0.0,10620.99,0.0,0.0,0.00,720.72,4218.86,0.00,8265.39,2063.85
CZ12/SFm&1&rDXHP&New&Fenes__ManufWin/Default/instance-out.sql,29437.160000000003,5620.32,725.92,1375.06,457.71,10329.24,0.0,307.31,0.0,0.0,0.0,0.0,10621.59,0.0,0.0,5620.32,725.92,0.00,0.00,8265.39,2063.85
CZ12/SFm&1&rDXHP&New&Fenes__ManufWin/Msr-0.25-0.40/instance-out.sql,29077.64,5214.75,769.8,1375.06,457.71,10329.24,0.0,312.22,0.0,0.0,0.0,0.0,10618.85,0.0,0.0,5214.75,769.80,0.00,0.00,8265.39,2063.85
CZ12/SFm&1&rDXHP&New&Fenes__ManufWin/Msr-0.28-0.23/instance-out.sql,29376.54,5568.24,720.75,1375.06,457.71,10329.24,0.0,304.57,0.0,0.0,0.0,0.0,10620.96,0.0,0.0,5568.24,720.75,0.00,0.00,8265.39,2063.85
CZ13/SFm&1&rDXGF&New&Fenes__ManufWin/Default/instance-out.sql,27502.239999999998,2522.26,1807.67,1375.06,457.71,10329.24,0.0,406.1,0.0,0.0,0.0,0.0,10604.18,0.0,0.0,0.00,1807.67,2522.26,0.00,8265.39,2063.85
CZ13/SFm&1&rDXGF&New&Fenes__ManufWin/Msr-0.25-0.40/instance-out.sql,27306.04,2214.48,1904.82,1375.06,457.71,10329.24,0.0,422.55,0.0,0.0,0.0,0.0,10602.18,0.0,0.0,0.00,1904.82,2214.48,0.00,8265.39,2063.85
CZ13/SFm&1&rDXGF&New&Fenes__ManufWin/Msr-0.28-0.23/instance-out.sql,27410.88,2443.52,1796.68,1375.06,457.71,10329.24,0.0,404.59,0.0,0.0,0.0,0.0,10604.06,0.0,0.0,0.00,1796.68,2443.52,0.00,8265.39,2063.85
CZ13/SFm&1&rDXHP&New&Fenes__ManufWin/Default/instance-out.sql,28135.89,3144.82,1807.74,1375.06,457.71,10329.24,0.0,417.14,0.0,0.0,0.0,0.0,10604.17,0.0,0.0,3144.82,1807.74,0.00,0.00,8265.39,2063.85
CZ13/SFm&1&rDXHP&New&Fenes__ManufWin/Msr-0.25-0.40/instance-out.sql,27937.36,2841.75,1904.81,1375.06,457.71,10329.24,0.0,426.61,0.0,0.0,0.0,0.0,10602.18,0.0,0.0,2841.75,1904.81,0.00,0.00,8265.39,2063.85
CZ13/SFm&1&rDXHP&New&Fenes__ManufWin/Msr-0.28-0.23/instance-out.sql,28073.05,3095.34,1796.69,1375.06,457.71,10329.24,0.0,414.95,0.0,0.0,0.0,0.0,10604.06,0.0,0.0,3095.34,1796.69,0.00,0.00,8265.39,2063.85
CZ14/SFm&1&rDXGF&New&Fenes__ManufWin/Default/instance-out.sql,25475.98,0.0,2043.46,1375.06,457.71,10329.24,0.0,683.55,0.0,0.0,0.0,0.0,10586.94,0.0,0.0,0.00,2043.46,0.00,0.00,8265.39,2063.85
CZ14/SFm&1&rDXGF&New&Fenes__ManufWin/Msr-0.25-0.40/instance-out.sql,25606.870000000003,0.0,2146.47,1375.06,457.71,10329.24,0.0,716.14,0.0,0.0,0.0,0.0,10582.23,0.0,0.0,0.00,2146.47,0.00,0.00,8265.39,2063.85
CZ14/SFm&1&rDXGF&New&Fenes__ManufWin/Msr-0.28-0.23/instance-out.sql,25449.36,0.0,2025.19,1375.06,457.71,10329.24,0.0,675.96,0.0,0.0,0.0,0.0,10586.19,0.0,0.0,0.00,2025.19,0.00,0.00,8265.39,2063.85
CZ14/SFm&1&rDXHP&New&Fenes__ManufWin/Default/instance-out.sql,29037.57,3789.7,2048.16,1375.06,457.71,10329.24,0.0,474.6,0.0,0.0,0.0,0.0,10563.09,0.0,0.0,3789.70,2048.16,0.00,0.00,8265.39,2063.85
CZ14/SFm&1&rDXHP&New&Fenes__ManufWin/Msr-0.25-0.40/instance-out.sql,28711.35,3352.23,2151.18,1375.06,457.71,10329.24,0.0,484.78,0.0,0.0,0.0,0.0,10561.14,0.0,0.0,3352.23,2151.18,0.00,0.00,8265.39,2063.85
CZ14/SFm&1&rDXHP&New&Fenes__ManufWin/Msr-0.28-0.23/instance-out.sql,28955.41,3730.13,2029.45,1375.06,457.71,10329.24,0.0,471.05,0.0,0.0,0.0,0.0,10562.76,0.0,0.0,3730.13,2029.45,0.00,0.00,8265.39,2063.85
CZ15/SFm&1&rDXGF&New&Fenes__ManufWin/Default/instance-out.sql,27955.29,673.67,4159.38,1375.06,457.71,10329.24,0.0,400.82,0.0,0.0,0.0,0.0,10559.42,0.0,0.0,0.00,4159.38,673.67,0.00,8265.39,2063.85
CZ15/SFm&1&rDXGF&New&Fenes__ManufWin/Msr-0.25-0.40/instance-out.sql,27918.93,553.57,4246.93,1375.06,457.71,10329.24,0.0,399.82,0.0,0.0,0.0,0.0,10556.6,0.0,0.0,0.00,4246.93,553.57,0.00,8265.39,2063.85
CZ15/SFm&1&rDXGF&New&Fenes__ManufWin/Msr-0.28-0.23/instance-out.sql,27901.65,644.69,4138.0,1375.06,457.71,10329.24,0.0,398.01,0.0,0.0,0.0,0.0,10558.92,0.0,0.0,0.00,4138.00,644.69,0.00,8265.39,2063.85
CZ15/SFm&1&rDXHP&New&Fenes__ManufWin/Default/instance-out.sql,27922.35,650.8,4159.4,1375.06,457.71,10329.24,0.0,390.73,0.0,0.0,0.0,0.0,10559.41,0.0,0.0,650.80,4159.40,0.00,0.00,8265.39,2063.85
CZ15/SFm&1&rDXHP&New&Fenes__ManufWin/Msr-0.25-0.40/instance-out.sql,27937.27,581.56,4247.03,1375.06,457.71,10329.24,0.0,390.08,0.0,0.0,0.0,0.0,10556.59,0.0,0.0,581.56,4247.03,0.00,0.00,8265.39,2063.85
CZ15/SFm&1&rDXHP&New&Fenes__ManufWin/Msr-0.28-0.23/instance-out.sql,27882.1,635.01,4138.03,1375.06,457.71,10329.24,0.0,388.13,0.0,0.0,0.0,0.0,10558.91,0.0,0.0,635.01,4138.03,0.00,0.00,8265.39,2063.85
CZ16/SFm&1&rDXGF&New&Fenes__ManufWin/Default/instance-out.sql,25789.25,1753.54,1060.58,1375.06,457.71,10329.24,0.0,159.93,0.0,0.0,0.0,0.0,10653.18,0.0,0.0,0.00,1060.58,1753.54,0.00,8265.39,2063.85
CZ16/SFm&1&rDXGF&New&Fenes__ManufWin/Msr-0.25-0.40/instance-out.sql,25565.480000000003,1608.4,993.62,1375.06,457.71,10329.24,0.0,148.07,0.0,0.0,0.0,0.0,10653.37,0.0,0.0,0.00,993.62,1608.40,0.00,8265.39,2063.85
CZ16/SFm&1&rDXGF&New&Fenes__ManufWin/Msr-0.28-0.23/instance-out.sql,25711.83,1843.49,908.1,1375.06,457.71,10329.24,0.0,139.88,0.0,0.0,0.0,0.0,10658.34,0.0,0.0,0.00,908.10,1843.49,0.00,8265.39,2063.85
CZ16/SFm&1&rDXHP&New&Fenes__ManufWin/Default/instance-out.sql,29171.699999999997,5097.38,1060.62,1375.06,457.71,10329.24,0.0,198.52,0.0,0.0,0.0,0.0,10653.16,0.0,0.0,5097.38,1060.62,0.00,0.00,8265.39,2063.85
CZ16/SFm&1&rDXHP&New&Fenes__ManufWin/Msr-0.25-0.40/instance-out.sql,28992.74,4999.96,993.64,1375.06,457.71,10329.24,0.0,183.76,0.0,0.0,0.0,0.0,10653.35,0.0,0.0,4999.96,993.64,0.00,0.00,8265.39,2063.85
CZ16/SFm&1&rDXHP&New&Fenes__ManufWin/Msr-0.28-0.23/instance-out.sql,29718.659999999996,5808.6,908.12,1375.06,457.71,10329.24,0.0,181.61,0.0,0.0,0.0,0.0,10658.3,0.0,0.0,5808.60,908.12,0.00,0.00,8265.39,2063.85

File Name,Unmet Heating (Hours),Unmet Cooling (Hours)
CZ01/SFm&1&rDXGF&New&Fenes__ManufWin/Default/instance-out.sql,39.83,17.83
CZ01/SFm&1&rDXGF&New&Fenes__ManufWin/Msr-0.25-0.40/instance-out.sql,39.17,16.00
CZ01/SFm&1&rDXGF&New&Fenes__ManufWin/Msr-0.28-0.23/instance-out.sql,40.17,10.00
CZ01/SFm&1&rDXHP&New&Fenes__ManufWin/Default/instance-out.sql,38.00,17.83
CZ01/SFm&1&rDXHP&New&Fenes__ManufWin/Msr-0.25-0.40/instance-out.sql,36.83,16.00
CZ01/SFm&1&rDXHP&New&Fenes__ManufWin/Msr-0.28-0.23/instance-out.sql,37.50,10.00
CZ02/SFm&1&rDXGF&New&Fenes__ManufWin/Default/instance-out.sql,954.83,81.50
CZ02/SFm&1&rDXGF&New&Fenes__ManufWin/Msr-0.25-0.40/instance-out.sql,995.00,75.83
CZ02/SFm&1&rDXGF&New&Fenes__ManufWin/Msr-0.28-0.23/instance-out.sql,1016.17,85.17
CZ02/SFm&1&rDXHP&New&Fenes__ManufWin/Default/instance-out.sql,661.33,81.67
CZ02/SFm&1&rDXHP&New&Fenes__ManufWin/Msr-0.25-0.40/instance-out.sql,573.50,76.00
CZ02/SFm&1&rDXHP&New&Fenes__ManufWin/Msr-0.28-0.23/instance-out.sql,688.00,85.33
CZ03/SFm&1&rDXGF&New&Fenes__ManufWin/Default/instance-out.sql,198.50,91.00
CZ03/SFm&1&rDXGF&New&Fenes__ManufWin/Msr-0.25-0.40/instance-out.sql,153.17,110.83
CZ03/SFm&1&rDXGF&New&Fenes__ManufWin/Msr-0.28-0.23/instance-out.sql,98.83,118.50
CZ03/SFm&1&rDXHP&New&Fenes__ManufWin/Default/instance-out.sql,157.00,91.00
CZ03/SFm&1&rDXHP&New&Fenes__ManufWin/Msr-0.25-0.40/instance-out.sql,120.17,110.83
CZ03/SFm&1&rDXHP&New&Fenes__ManufWin/Msr-0.28-0.23/instance-out.sql,95.00,118.50
CZ04/SFm&1&rDXGF&New&Fenes__ManufWin/Default/instance-out.sql,93.50,79.83
CZ04/SFm&1&rDXGF&New&Fenes__ManufWin/Msr-0.25-0.40/instance-out.sql,175.67,80.17
CZ04/SFm&1&rDXGF&New&Fenes__ManufWin/Msr-0.28-0.23/instance-out.sql,92.33,85.33
CZ04/SFm&1&rDXHP&New&Fenes__ManufWin/Default/instance-out.sql,86.17,79.83
CZ04/SFm&1&rDXHP&New&Fenes__ManufWin/Msr-0.25-0.40/instance-out.sql,152.17,80.33
CZ04/SFm&1&rDXHP&New&Fenes__ManufWin/Msr-0.28-0.23/instance-out.sql,84.67,85.33
CZ05/SFm&1&rDXGF&New&Fenes__ManufWin/Default/instance-out.sql,109.00,133.00
CZ05/SFm&1&rDXGF&New&Fenes__ManufWin/Msr-0.25-0.40/instance-out.sql,84.83,154.33
CZ05/SFm&1&rDXGF&New&Fenes__ManufWin/Msr-0.28-0.23/instance-out.sql,73.50,104.83
CZ05/SFm&1&rDXHP&New&Fenes__ManufWin/Default/instance-out.sql,87.00,133.00
CZ05/SFm&1&rDXHP&New&Fenes__ManufWin/Msr-0.25-0.40/instance-out.sql,79.33,154.33
CZ05/SFm&1&rDXHP&New&Fenes__ManufWin/Msr-0.28-0.23/instance-out.sql,69.33,105.00
CZ06/SFm&1&rDXGF&New&Fenes__ManufWin/Default/instance-out.sql,214.00,2.33
CZ06/SFm&1&rDXGF&New&Fenes__ManufWin/Msr-0.25-0.40/instance-out.sql,192.17,7.17
CZ06/SFm&1&rDXGF&New&Fenes__ManufWin/Msr-0.28-0.23/instance-out.sql,214.83,2.33
CZ06/SFm&1&rDXHP&New&Fenes__ManufWin/Default/instance-out.sql,52.50,2.33
CZ06/SFm&1&rDXHP&New&Fenes__ManufWin/Msr-0.25-0.40/instance-out.sql,43.83,7.17
CZ06/SFm&1&rDXHP&New&Fenes__ManufWin/Msr-0.28-0.23/instance-out.sql,50.50,2.33
CZ07/SFm&1&rDXGF&New&Fenes__ManufWin/Default/instance-out.sql,587.17,14.17
CZ07/SFm&1&rDXGF&New&Fenes__ManufWin/Msr-0.25-0.40/instance-out.sql,471.00,39.83
CZ07/SFm&1&rDXGF&New&Fenes__ManufWin/Msr-0.28-0.23/instance-out.sql,562.50,15.33
CZ07/SFm&1&rDXHP&New&Fenes__ManufWin/Default/instance-out.sql,45.17,14.33
CZ07/SFm&1&rDXHP&New&Fenes__ManufWin/Msr-0.25-0.40/instance-out.sql,39.50,39.67
CZ07/SFm&1&rDXHP&New&Fenes__ManufWin/Msr-0.28-0.23/instance-out.sql,42.83,15.33
CZ08/SFm&1&rDXGF&New&Fenes__ManufWin/Default/instance-out.sql,436.67,0.00
CZ08/SFm&1&rDXGF&New&Fenes__ManufWin/Msr-0.25-0.40/instance-out.sql,321.17,0.00
CZ08/SFm&1&rDXGF&New&Fenes__ManufWin/Msr-0.28-0.23/instance-out.sql,418.50,0.00
CZ08/SFm&1&rDXHP&New&Fenes__ManufWin/Default/instance-out.sql,69.67,0.00
CZ08/SFm&1&rDXHP&New&Fenes__ManufWin/Msr-0.25-0.40/instance-out.sql,68.67,0.00
CZ08/SFm&1&rDXHP&New&Fenes__ManufWin/Msr-0.28-0.23/instance-out.sql,68.83,0.00
CZ09/SFm&1&rDXGF&New&Fenes__ManufWin/Default/instance-out.sql,42.17,5.50
CZ09/SFm&1&rDXGF&New&Fenes__ManufWin/Msr-0.25-0.40/instance-out.sql,37.83,4.00
CZ09/SFm&1&rDXGF&New&Fenes__ManufWin/Msr-0.28-0.23/instance-out.sql,41.17,5.50
CZ09/SFm&1&rDXHP&New&Fenes__ManufWin/Default/instance-out.sql,40.33,5.50
CZ09/SFm&1&rDXHP&New&Fenes__ManufWin/Msr-0.25-0.40/instance-out.sql,37.83,4.00
CZ09/SFm&1&rDXHP&New&Fenes__ManufWin/Msr-0.28-0.23/instance-out.sql,39.67,5.50
CZ10/SFm&1&rDXGF&New&Fenes__ManufWin/Default/instance-out.sql,33.83,113.00
CZ10/SFm&1&rDXGF&New&Fenes__ManufWin/Msr-0.25-0.40/instance-out.sql,66.83,61.67
CZ10/SFm&1&rDXGF&New&Fenes__ManufWin/Msr-0.28-0.23/instance-out.sql,33.00,133.83
CZ10/SFm&1&rDXHP&New&Fenes__ManufWin/Default/instance-out.sql,31.33,113.00
CZ10/SFm&1&rDXHP&New&Fenes__ManufWin/Msr-0.25-0.40/instance-out.sql,44.50,61.67
CZ10/SFm&1&rDXHP&New&Fenes__ManufWin/Msr-0.28-0.23/instance-out.sql,31.50,133.83
CZ11/SFm&1&rDXGF&New&Fenes__ManufWin/Default/instance-out.sql,235.50,54.00
CZ11/SFm&1&rDXGF&New&Fenes__ManufWin/Msr-0.25-0.40/instance-out.sql,244.00,47.33
CZ11/SFm&1&rDXGF&New&Fenes__ManufWin/Msr-0.28-0.23/instance-out.sql,236.83,56.17
CZ11/SFm&1&rDXHP&New&Fenes__ManufWin/Default/instance-out.sql,195.83,54.00
CZ11/SFm&1&rDXHP&New&Fenes__ManufWin/Msr-0.25-0.40/instance-out.sql,216.33,47.33
CZ11/SFm&1&rDXHP&New&Fenes__ManufWin/Msr-0.28-0.23/instance-out.sql,198.00,56.17
CZ12/SFm&1&rDXGF&New&Fenes__ManufWin/Default/instance-out.sql,73.00,82.83
CZ12/SFm&1&rDXGF&New&Fenes__ManufWin/Msr-0.25-0.40/instance-out.sql,140.50,102.17
CZ12/SFm&1&rDXGF&New&Fenes__ManufWin/Msr-0.28-0.23/instance-out.sql,72.17,86.33
CZ12/SFm&1&rDXHP&New&Fenes__ManufWin/Default/instance-out.sql,56.17,82.83
CZ12/SFm&1&rDXHP&New&Fenes__ManufWin/Msr-0.25-0.40/instance-out.sql,118.33,102.17
CZ12/SFm&1&rDXHP&New&Fenes__ManufWin/Msr-0.28-0.23/instance-out.sql,55.83,86.50
CZ13/SFm&1&rDXGF&New&Fenes__ManufWin/Default/instance-out.sql,172.50,29.00
CZ13/SFm&1&rDXGF&New&Fenes__ManufWin/Msr-0.25-0.40/instance-out.sql,195.50,18.50
CZ13/SFm&1&rDXGF&New&Fenes__ManufWin/Msr-0.28-0.23/instance-out.sql,174.33,30.67
CZ13/SFm&1&rDXHP&New&Fenes__ManufWin/Default/instance-out.sql,156.00,29.00
CZ13/SFm&1&rDXHP&New&Fenes__ManufWin/Msr-0.25-0.40/instance-out.sql,199.67,18.50
CZ13/SFm&1&rDXHP&New&Fenes__ManufWin/Msr-0.28-0.23/instance-out.sql,158.67,30.67
CZ14/SFm&1&rDXGF&New&Fenes__ManufWin/Default/instance-out.sql,2301.33,61.50
CZ14/SFm&1&rDXGF&New&Fenes__ManufWin/Msr-0.25-0.40/instance-out.sql,2104.17,39.17
CZ14/SFm&1&rDXGF&New&Fenes__ManufWin/Msr-0.28-0.23/instance-out.sql,2273.00,71.83
CZ14/SFm&1&rDXHP&New&Fenes__ManufWin/Default/instance-out.sql,147.33,61.83
CZ14/SFm&1&rDXHP&New&Fenes__ManufWin/Msr-0.25-0.40/instance-out.sql,211.17,39.17
CZ14/SFm&1&rDXHP&New&Fenes__ManufWin/Msr-0.28-0.23/instance-out.sql,151.67,73.00
CZ15/SFm&1&rDXGF&New&Fenes__ManufWin/Default/instance-out.sql,21.33,5.83
CZ15/SFm&1&rDXGF&New&Fenes__ManufWin/Msr-0.25-0.40/instance-out.sql,17.83,69.50
CZ15/SFm&1&rDXGF&New&Fenes__ManufWin/Msr-0.28-0.23/instance-out.sql,20.00,7.83
CZ15/SFm&1&rDXHP&New&Fenes__ManufWin/Default/instance-out.sql,21.33,5.83
CZ15/SFm&1&rDXHP&New&Fenes__ManufWin/Msr-0.25-0.40/instance-out.sql,17.33,69.33
CZ15/SFm&1&rDXHP&New&Fenes__ManufWin/Msr-0.28-0.23/instance-out.sql,20.50,7.83
CZ16/SFm&1&rDXGF&New&Fenes__ManufWin/Default/instance-out.sql,386.17,114.67
CZ16/SFm&1&rDXGF&New&Fenes__ManufWin/Msr-0.25-0.40/instance-out.sql,365.17,130.50
CZ16/SFm&1&rDXGF&New&Fenes__ManufWin/Msr-0.28-0.23/instance-out.sql,308.17,95.50
CZ16/SFm&1&rDXHP&New&Fenes__ManufWin/Default/instance-out.sql,274.00,114.67
CZ16/SFm&1&rDXHP&New&Fenes__ManufWin/Msr-0.25-0.40/instance-out.sql,258.00,130.50
CZ16/SFm&1&rDXHP&New&Fenes__ManufWin/Msr-0.28-0.23/instance-out.sql,202.33,95.67

