File Name,BldgLoc,BldgType,Story,BldgHVAC,BldgVint,TechGroup,TechType,TechID,Cohort,Case,Net Site EUI,Net Site Energy,Net Source EUI,Net Source Energy,Total,Heating,Cooling,Interior Lighting,Exterior Lighting,Interior Equipment,Exterior Equipment,Fans,Pumps,Heat Rejection,Humidification,Heat Recovery,Water Systems,Refrigeration,Generators,Heating Elec,Cooling Elec,Heating NG,Cooling NG,Interior Equipment Elec,Interior Equipment NG,Water Systems NG,Electricity,Natural Gas,Unmet Heating,Unmet Cooling,Electricity:Facility [J](Hourly)
runs/CZ16/Gro&0&cDXGF&Ex&Ref_Storage__VertDisplay/NE-Ref_Storage-VertDisplay-Open-Flrsnt-AirCond/instance-out.sql,CZ16,Gro,0,cDXGF,Ex,Ref_Storage,VertDisplay,NE-Ref_Storage-VertDisplay-Open-Flrsnt-AirCond,Gro&0&cDXGF&Ex&Ref_Storage__VertDisplay,NE-Ref_Storage-VertDisplay-Open-Flrsnt-AirCond,458.25,2128491.04,1387.38,6444187.36,2128491.04,225109.7,17856.45,249218.65,0.0,177584.03,0.0,202367.31,3.38,0.0,0.0,0.0,64891.49,1191460.02,0.0,0.0,17856.45,225109.7,0.0,177584.03,0.0,64891.49,1838489.85,290001.19,0.0,0.0,1228461525.0515165
runs/CZ16/Gro&0&cDXGF&Ex&Ref_Storage__VertDisplay/NE-Ref_Storage-VertDisplay-Glassdoor-LED-AirCond/instance-out.sql,CZ16,Gro,0,cDXGF,Ex,Ref_Storage,VertDisplay,NE-Ref_Storage-VertDisplay-Glassdoor-LED-AirCond,Gro&0&cDXGF&Ex&Ref_Storage__VertDisplay,NE-Ref_Storage-VertDisplay-Glassdoor-LED-AirCond,354.62,1647148.04,1083.74,5033840.42,1647148.04,139048.35,26252.89,249218.65,0.0,177584.03,0.0,202514.49,3.38,0.0,0.0,0.0,64891.48,787634.76,0.0,0.0,26252.89,139048.35,0.0,177584.03,0.0,64891.48,1443208.21,203939.83,0.0,0.0,841771526.4412789
runs/CZ16/Gro&0&cDXGF&Ex&Ref_Storage__VertDisplay/NE-Ref_Storage-VertDisplay-Open-LED-AirCond/instance-out.sql,CZ16,Gro,0,cDXGF,Ex,Ref_Storage,VertDisplay,NE-Ref_Storage-VertDisplay-Open-LED-AirCond,Gro&0&cDXGF&Ex&Ref_Storage__VertDisplay,NE-Ref_Storage-VertDisplay-Open-LED-AirCond,450.11,2090688.58,1357.1,6303573.88,2090688.58,231369.28,17371.94,249218.65,0.0,177584.03,0.0,202387.19,3.38,0.0,0.0,0.0,64891.49,1147862.6,0.0,0.0,17371.94,231369.28,0.0,177584.03,0.0,64891.49,1794427.8,296260.78,0.0,0.0,1219757414.6866496
runs/CZ15/Gro&0&cDXGF&Ex&Ref_Storage__VertDisplay/NE-Ref_Storage-VertDisplay-Glassdoor-LED-AirCond/instance-out.sql,CZ15,Gro,0,cDXGF,Ex,Ref_Storage,VertDisplay,NE-Ref_Storage-VertDisplay-Glassdoor-LED-AirCond,Gro&0&cDXGF&Ex&Ref_Storage__VertDisplay,NE-Ref_Storage-VertDisplay-Glassdoor-LED-AirCond,384.25,1784809.91,1254.53,5827143.77,1784809.91,11594.74,190309.85,249218.65,0.0,177584.03,0.0,146358.55,3.38,0.0,0.0,0.0,46896.91,962843.8,0.0,0.0,190309.85,11594.74,0.0,177584.03,0.0,46896.91,1726318.27,58491.64,0.0,15.83,1318648920.6292145
runs/CZ16/Gro&0&cDXGF&Ex&Ref_Storage__VertDisplay/NE-Ref_Storage-VertDisplay-Glassdoor-LED-EvapCond/instance-out.sql,CZ16,Gro,0,cDXGF,Ex,Ref_Storage,VertDisplay,NE-Ref_Storage-VertDisplay-Glassdoor-LED-EvapCond,Gro&0&cDXGF&Ex&Ref_Storage__VertDisplay,NE-Ref_Storage-VertDisplay-Glassdoor-LED-EvapCond,248.63,1154835.95,729.73,3389518.05,1154835.95,139048.35,26252.89,249218.65,0.0,177584.03,0.0,202514.49,3.38,0.0,0.0,0.0,64891.48,295322.68,0.0,0.0,26252.89,139048.35,0.0,177584.03,0.0,64891.48,950896.12,203939.83,0.0,0.0,555370870.9976997
runs/CZ16/Gro&0&cDXGF&Ex&Ref_Storage__VertDisplay/NE-Ref_Storage-VertDisplay-Open-LED-EvapCond/instance-out.sql,CZ16,Gro,0,cDXGF,Ex,Ref_Storage,VertDisplay,NE-Ref_Storage-VertDisplay-Open-LED-EvapCond,Gro&0&cDXGF&Ex&Ref_Storage__VertDisplay,NE-Ref_Storage-VertDisplay-Open-LED-EvapCond,273.32,1269513.2,766.62,3560848.14,1269513.21,231369.28,17371.94,249218.65,0.0,177584.03,0.0,202387.19,3.38,0.0,0.0,0.0,64891.49,326687.23,0.0,0.0,17371.94,231369.28,0.0,177584.03,0.0,64891.49,973252.43,296260.78,0.0,0.0,561368278.3558558
runs/CZ16/Gro&0&cDXGF&Ex&Ref_Storage__VertDisplay/NE-Ref_Storage-VertDisplay-Open-Flrsnt-EvapCond/instance-out.sql,CZ16,Gro,0,cDXGF,Ex,Ref_Storage,VertDisplay,NE-Ref_Storage-VertDisplay-Open-Flrsnt-EvapCond,Gro&0&cDXGF&Ex&Ref_Storage__VertDisplay,NE-Ref_Storage-VertDisplay-Open-Flrsnt-EvapCond,276.67,1285083.19,780.91,3627205.13,1285083.19,225109.7,17856.45,249218.65,0.0,177584.03,0.0,202367.31,3.38,0.0,0.0,0.0,64891.49,348052.17,0.0,0.0,17856.45,225109.7,0.0,177584.03,0.0,64891.49,995082.0,290001.19,0.0,0.0,570297912.2702385
runs/CZ15/Gro&0&cDXGF&Ex&Ref_Storage__VertDisplay/NE-Ref_Storage-VertDisplay-Open-Flrsnt-EvapCond/instance-out.sql,CZ15,Gro,0,cDXGF,Ex,Ref_Storage,VertDisplay,NE-Ref_Storage-VertDisplay-Open-Flrsnt-EvapCond,Gro&0&cDXGF&Ex&Ref_Storage__VertDisplay,NE-Ref_Storage-VertDisplay-Open-Flrsnt-EvapCond,253.96,1179616.25,812.02,3771716.93,1179616.25,26457.36,155889.24,249218.65,0.0,177584.03,0.0,142199.74,3.38,0.0,0.0,0.0,46896.91,381366.94,0.0,0.0,155889.24,26457.36,0.0,177584.03,0.0,46896.91,1106261.98,73354.27,0.0,14.33,943193562.5572984
runs/CZ15/Gro&0&cDXGF&Ex&Ref_Storage__VertDisplay/NE-Ref_Storage-VertDisplay-Open-LED-EvapCond/instance-out.sql,CZ15,Gro,0,cDXGF,Ex,Ref_Storage,VertDisplay,NE-Ref_Storage-VertDisplay-Open-LED-EvapCond,Gro&0&cDXGF&Ex&Ref_Storage__VertDisplay,NE-Ref_Storage-VertDisplay-Open-LED-EvapCond,249.3,1157944.82,795.76,3696223.58,1157944.8199999998,27814.0,153830.02,249218.65,0.0,177584.03,0.0,142402.47,3.38,0.0,0.0,0.0,46896.91,360195.36,0.0,0.0,153830.02,27814.0,0.0,177584.03,0.0,46896.91,1083233.91,74710.91,0.0,14.33,930506857.0142937
runs/CZ14/Gro&0&cDXGF&Ex&Ref_Storage__VertDisplay/NE-Ref_Storage-VertDisplay-Glassdoor-LED-EvapCond/instance-out.sql,CZ14,Gro,0,cDXGF,Ex,Ref_Storage,VertDisplay,NE-Ref_Storage-VertDisplay-Glassdoor-LED-EvapCond,Gro&0&cDXGF&Ex&Ref_Storage__VertDisplay,NE-Ref_Storage-VertDisplay-Glassdoor-LED-EvapCond,239.97,1114632.77,739.55,3435133.95,1114632.77,68654.89,94889.05,249218.65,0.0,177584.03,0.0,166540.47,3.38,0.0,0.0,0.0,56831.15,300911.15,0.0,0.0,94889.05,68654.89,0.0,177584.03,0.0,56831.15,989146.73,125486.04,0.0,0.0,740053275.651819
runs/CZ15/Gro&0&cDXGF&Ex&Ref_Storage__VertDisplay/NE-Ref_Storage-VertDisplay-Glassdoor-LED-EvapCond/instance-out.sql,CZ15,Gro,0,cDXGF,Ex,Ref_Storage,VertDisplay,NE-Ref_Storage-VertDisplay-Glassdoor-LED-EvapCond,Gro&0&cDXGF&Ex&Ref_Storage__VertDisplay,NE-Ref_Storage-VertDisplay-Glassdoor-LED-EvapCond,247.32,1148780.27,797.18,3702804.78,1148780.2699999998,11594.74,190309.85,249218.65,0.0,177584.03,0.0,146358.55,3.38,0.0,0.0,0.0,46896.91,326814.16,0.0,0.0,190309.85,11594.74,0.0,177584.03,0.0,46896.91,1090288.63,58491.64,0.0,15.83,980540580.6918008
runs/CZ15/Gro&0&cDXGF&Ex&Ref_Storage__VertDisplay/NE-Ref_Storage-VertDisplay-Open-Flrsnt-AirCond/instance-out.sql,CZ15,Gro,0,cDXGF,Ex,Ref_Storage,VertDisplay,NE-Ref_Storage-VertDisplay-Open-Flrsnt-AirCond,Gro&0&cDXGF&Ex&Ref_Storage__VertDisplay,NE-Ref_Storage-VertDisplay-Open-Flrsnt-AirCond,513.6,2385612.26,1679.22,7799743.61,2385612.2600000002,26457.36,155889.24,249218.65,0.0,177584.03,0.0,142199.74,3.38,0.0,0.0,0.0,46896.91,1587362.95,0.0,0.0,155889.24,26457.36,0.0,177584.03,0.0,46896.91,2312257.99,73354.27,0.0,14.33,1575975714.721941
runs/CZ15/Gro&0&cDXGF&Ex&Ref_Storage__VertDisplay/NE-Ref_Storage-VertDisplay-Open-LED-AirCond/instance-out.sql,CZ15,Gro,0,cDXGF,Ex,Ref_Storage,VertDisplay,NE-Ref_Storage-VertDisplay-Open-LED-AirCond,Gro&0&cDXGF&Ex&Ref_Storage__VertDisplay,NE-Ref_Storage-VertDisplay-Open-LED-AirCond,505.76,2349184.23,1652.35,7674963.22,2349184.23,27814.0,153830.02,249218.65,0.0,177584.03,0.0,142402.47,3.38,0.0,0.0,0.0,46896.91,1551434.77,0.0,0.0,153830.02,27814.0,0.0,177584.03,0.0,46896.91,2274473.32,74710.91,0.0,14.33,1563524817.2481103
runs/CZ14/Gro&0&cDXGF&Ex&Ref_Storage__VertDisplay/NE-Ref_Storage-VertDisplay-Glassdoor-LED-AirCond/instance-out.sql,CZ14,Gro,0,cDXGF,Ex,Ref_Storage,VertDisplay,NE-Ref_Storage-VertDisplay-Glassdoor-LED-AirCond,Gro&0&cDXGF&Ex&Ref_Storage__VertDisplay,NE-Ref_Storage-VertDisplay-Glassdoor-LED-AirCond,355.71,1652209.86,1126.11,5230641.44,1652209.86,68654.89,94889.05,249218.65,0.0,177584.03,0.0,166540.47,3.38,0.0,0.0,0.0,56831.15,838488.24,0.0,0.0,94889.05,68654.89,0.0,177584.03,0.0,56831.15,1526723.82,125486.04,0.0,0.0,1039222602.2051351
runs/CZ14/Gro&0&cDXGF&Ex&Ref_Storage__VertDisplay/NE-Ref_Storage-VertDisplay-Open-Flrsnt-AirCond/instance-out.sql,CZ14,Gro,0,cDXGF,Ex,Ref_Storage,VertDisplay,NE-Ref_Storage-VertDisplay-Open-Flrsnt-AirCond,Gro&0&cDXGF&Ex&Ref_Storage__VertDisplay,NE-Ref_Storage-VertDisplay-Open-Flrsnt-AirCond,471.68,2190912.22,1488.62,6914457.29,2190912.22,119003.79,74136.52,249218.65,0.0,177584.03,0.0,163336.48,3.38,0.0,0.0,0.0,56831.16,1350798.21,0.0,0.0,74136.52,119003.79,0.0,177584.03,0.0,56831.16,2015077.27,175834.95,0.0,0.0,1375632931.5484586
runs/CZ14/Gro&0&cDXGF&Ex&Ref_Storage__VertDisplay/NE-Ref_Storage-VertDisplay-Open-Flrsnt-EvapCond/instance-out.sql,CZ14,Gro,0,cDXGF,Ex,Ref_Storage,VertDisplay,NE-Ref_Storage-VertDisplay-Open-Flrsnt-EvapCond,Gro&0&cDXGF&Ex&Ref_Storage__VertDisplay,NE-Ref_Storage-VertDisplay-Open-Flrsnt-EvapCond,257.21,1194697.45,772.27,3587099.94,1194697.45,119003.79,74136.52,249218.65,0.0,177584.03,0.0,163336.48,3.38,0.0,0.0,0.0,56831.16,354583.44,0.0,0.0,74136.52,119003.79,0.0,177584.03,0.0,56831.16,1018862.5,175834.95,0.0,0.0,720192927.7588344
runs/CZ13/Gro&0&cDXGF&Ex&Ref_Storage__VertDisplay/NE-Ref_Storage-VertDisplay-Glassdoor-LED-EvapCond/instance-out.sql,CZ13,Gro,0,cDXGF,Ex,Ref_Storage,VertDisplay,NE-Ref_Storage-VertDisplay-Glassdoor-LED-EvapCond,Gro&0&cDXGF&Ex&Ref_Storage__VertDisplay,NE-Ref_Storage-VertDisplay-Glassdoor-LED-EvapCond,245.22,1139027.99,757.02,3516245.59,1139027.99,70350.98,102196.06,249218.65,0.0,177584.03,0.0,161953.2,3.38,0.0,0.0,0.0,55295.72,322425.96,0.0,0.0,102196.06,70350.98,0.0,177584.03,0.0,55295.72,1013381.28,125646.71,0.0,0.0,786641890.5297583
runs/CZ13/Gro&0&cDXGF&Ex&Ref_Storage__VertDisplay/NE-Ref_Storage-VertDisplay-Glassdoor-LED-AirCond/instance-out.sql,CZ13,Gro,0,cDXGF,Ex,Ref_Storage,VertDisplay,NE-Ref_Storage-VertDisplay-Glassdoor-LED-AirCond,Gro&0&cDXGF&Ex&Ref_Storage__VertDisplay,NE-Ref_Storage-VertDisplay-Glassdoor-LED-AirCond,347.21,1612745.89,1097.65,5098463.39,1612745.9,70350.98,102196.06,249218.65,0.0,177584.03,0.0,161953.2,3.38,0.0,0.0,0.0,55295.72,796143.86,0.0,0.0,102196.06,70350.98,0.0,177584.03,0.0,55295.72,1487099.19,125646.71,0.0,0.0,1081907790.7705522
runs/CZ14/Gro&0&cDXGF&Ex&Ref_Storage__VertDisplay/NE-Ref_Storage-VertDisplay-Open-LED-EvapCond/instance-out.sql,CZ14,Gro,0,cDXGF,Ex,Ref_Storage,VertDisplay,NE-Ref_Storage-VertDisplay-Open-LED-EvapCond,Gro&0&cDXGF&Ex&Ref_Storage__VertDisplay,NE-Ref_Storage-VertDisplay-Open-LED-EvapCond,253.21,1176126.78,757.0,3516147.86,1176126.77,122896.53,72913.68,249218.65,0.0,177584.03,0.0,163393.99,3.38,0.0,0.0,0.0,56831.16,333285.36,0.0,0.0,72913.68,122896.53,0.0,177584.03,0.0,56831.16,996399.09,179727.68,0.0,0.0,708859150.9675351
runs/CZ13/Gro&0&cDXGF&Ex&Ref_Storage__VertDisplay/NE-Ref_Storage-VertDisplay-Open-LED-EvapCond/instance-out.sql,CZ13,Gro,0,cDXGF,Ex,Ref_Storage,VertDisplay,NE-Ref_Storage-VertDisplay-Open-LED-EvapCond,Gro&0&cDXGF&Ex&Ref_Storage__VertDisplay,NE-Ref_Storage-VertDisplay-Open-LED-EvapCond,258.36,1200062.97,771.8,3584908.81,1200062.96,129310.95,79533.6,249218.65,0.0,177584.03,0.0,156573.45,3.38,0.0,0.0,0.0,55295.02,352543.88,0.0,0.0,79533.6,129310.95,0.0,177584.03,0.0,55295.02,1015456.99,184605.97,0.0,0.0,749662333.0412872
runs/CZ14/Gro&0&cDXGF&Ex&Ref_Storage__VertDisplay/NE-Ref_Storage-VertDisplay-Open-LED-AirCond/instance-out.sql,CZ14,Gro,0,cDXGF,Ex,Ref_Storage,VertDisplay,NE-Ref_Storage-VertDisplay-Open-LED-AirCond,Gro&0&cDXGF&Ex&Ref_Storage__VertDisplay,NE-Ref_Storage-VertDisplay-Open-LED-AirCond,463.9,2154736.28,1460.69,6784703.61,2154736.2800000003,122896.53,72913.68,249218.65,0.0,177584.03,0.0,163393.99,3.38,0.0,0.0,0.0,56831.16,1311894.87,0.0,0.0,72913.68,122896.53,0.0,177584.03,0.0,56831.16,1975008.6,179727.68,0.0,0.0,1364521947.9102883
runs/CZ13/Gro&0&cDXGF&Ex&Ref_Storage__VertDisplay/NE-Ref_Storage-VertDisplay-Open-Flrsnt-AirCond/instance-out.sql,CZ13,Gro,0,cDXGF,Ex,Ref_Storage,VertDisplay,NE-Ref_Storage-VertDisplay-Open-Flrsnt-AirCond,Gro&0&cDXGF&Ex&Ref_Storage__VertDisplay,NE-Ref_Storage-VertDisplay-Open-Flrsnt-AirCond,467.04,2169350.99,1470.76,6831496.82,2169350.9899999998,125312.9,80779.57,249218.65,0.0,177584.03,0.0,156386.81,3.38,0.0,0.0,0.0,55295.69,1324769.95,0.0,0.0,80779.57,125312.9,0.0,177584.03,0.0,55295.69,1988742.4,180608.59,0.0,0.0,1410462096.6510074
runs/CZ13/Gro&0&cDXGF&Ex&Ref_Storage__VertDisplay/NE-Ref_Storage-VertDisplay-Open-LED-AirCond/instance-out.sql,CZ13,Gro,0,cDXGF,Ex,Ref_Storage,VertDisplay,NE-Ref_Storage-VertDisplay-Open-LED-AirCond,Gro&0&cDXGF&Ex&Ref_Storage__VertDisplay,NE-Ref_Storage-VertDisplay-Open-LED-AirCond,459.63,2134929.47,1444.04,6707362.94,2134929.47,129310.95,79533.6,249218.65,0.0,177584.03,0.0,156573.45,3.38,0.0,0.0,0.0,55295.02,1287410.39,0.0,0.0,79533.6,129310.95,0.0,177584.03,0.0,55295.02,1950323.5,184605.97,0.0,0.0,1398877729.3717117
runs/CZ13/Gro&0&cDXGF&Ex&Ref_Storage__VertDisplay/NE-Ref_Storage-VertDisplay-Open-Flrsnt-EvapCond/instance-out.sql,CZ13,Gro,0,cDXGF,Ex,Ref_Storage,VertDisplay,NE-Ref_Storage-VertDisplay-Open-Flrsnt-EvapCond,Gro&0&cDXGF&Ex&Ref_Storage__VertDisplay,NE-Ref_Storage-VertDisplay-Open-Flrsnt-EvapCond,262.29,1218317.49,786.9,3655044.9,1218317.48,125312.9,80779.57,249218.65,0.0,177584.03,0.0,156386.81,3.38,0.0,0.0,0.0,55295.69,373736.44,0.0,0.0,80779.57,125312.9,0.0,177584.03,0.0,55295.69,1037708.89,180608.59,0.0,0.0,761471742.2696586
runs/CZ12/Gro&0&cDXGF&Ex&Ref_Storage__VertDisplay/NE-Ref_Storage-VertDisplay-Glassdoor-LED-AirCond/instance-out.sql,CZ12,Gro,0,cDXGF,Ex,Ref_Storage,VertDisplay,NE-Ref_Storage-VertDisplay-Glassdoor-LED-AirCond,Gro&0&cDXGF&Ex&Ref_Storage__VertDisplay,NE-Ref_Storage-VertDisplay-Glassdoor-LED-AirCond,330.71,1536118.11,1032.72,4796827.66,1536118.1099999999,86624.19,65422.36,249218.65,0.0,177584.03,0.0,159272.97,3.38,0.0,0.0,0.0,58952.27,739040.26,0.0,0.0,65422.36,86624.19,0.0,177584.03,0.0,58952.27,1390541.65,145576.46,0.0,0.0,988699421.2120502
runs/CZ12/Gro&0&cDXGF&Ex&Ref_Storage__VertDisplay/NE-Ref_Storage-VertDisplay-Open-LED-AirCond/instance-out.sql,CZ12,Gro,0,cDXGF,Ex,Ref_Storage,VertDisplay,NE-Ref_Storage-VertDisplay-Open-LED-AirCond,Gro&0&cDXGF&Ex&Ref_Storage__VertDisplay,NE-Ref_Storage-VertDisplay-Open-LED-AirCond,434.25,2017027.35,1344.11,6243236.97,2017027.35,156326.57,47827.8,249218.65,0.0,177584.03,0.0,155417.27,3.38,0.0,0.0,0.0,58952.27,1171697.38,0.0,0.0,47827.8,156326.57,0.0,177584.03,0.0,58952.27,1801748.51,215278.84,0.0,0.0,1315078982.1950068
runs/CZ12/Gro&0&cDXGF&Ex&Ref_Storage__VertDisplay/NE-Ref_Storage-VertDisplay-Open-Flrsnt-EvapCond/instance-out.sql,CZ12,Gro,0,cDXGF,Ex,Ref_Storage,VertDisplay,NE-Ref_Storage-VertDisplay-Open-Flrsnt-EvapCond,Gro&0&cDXGF&Ex&Ref_Storage__VertDisplay,NE-Ref_Storage-VertDisplay-Open-Flrsnt-EvapCond,262.43,1218967.66,772.6,3588625.62,1218967.67,151569.48,48754.72,249218.65,0.0,177584.03,0.0,155274.47,3.38,0.0,0.0,0.0,58952.27,377610.65,0.0,0.0,48754.72,151569.48,0.0,177584.03,0.0,58952.27,1008445.92,210521.75,0.0,0.0,682525014.9205754
runs/CZ12/Gro&0&cDXGF&Ex&Ref_Storage__VertDisplay/NE-Ref_Storage-VertDisplay-Glassdoor-LED-EvapCond/instance-out.sql,CZ12,Gro,0,cDXGF,Ex,Ref_Storage,VertDisplay,NE-Ref_Storage-VertDisplay-Glassdoor-LED-EvapCond,Gro&0&cDXGF&Ex&Ref_Storage__VertDisplay,NE-Ref_Storage-VertDisplay-Glassdoor-LED-EvapCond,242.26,1125264.36,737.28,3424576.15,1125264.36,86624.19,65422.36,249218.65,0.0,177584.03,0.0,159272.97,3.38,0.0,0.0,0.0,58952.27,328186.52,0.0,0.0,65422.36,86624.19,0.0,177584.03,0.0,58952.27,979687.9,145576.46,0.0,0.0,699561525.2989006
runs/CZ12/Gro&0&cDXGF&Ex&Ref_Storage__VertDisplay/NE-Ref_Storage-VertDisplay-Open-LED-EvapCond/instance-out.sql,CZ12,Gro,0,cDXGF,Ex,Ref_Storage,VertDisplay,NE-Ref_Storage-VertDisplay-Open-LED-EvapCond,Gro&0&cDXGF&Ex&Ref_Storage__VertDisplay,NE-Ref_Storage-VertDisplay-Open-LED-EvapCond,258.74,1201803.53,757.91,3520389.4,1201803.53,156326.57,47827.8,249218.65,0.0,177584.03,0.0,155417.27,3.38,0.0,0.0,0.0,58952.27,356473.56,0.0,0.0,47827.8,156326.57,0.0,177584.03,0.0,58952.27,986524.69,215278.84,0.0,0.0,671545467.1852877
runs/CZ12/Gro&0&cDXGF&Ex&Ref_Storage__VertDisplay/NE-Ref_Storage-VertDisplay-Open-Flrsnt-AirCond/instance-out.sql,CZ12,Gro,0,cDXGF,Ex,Ref_Storage,VertDisplay,NE-Ref_Storage-VertDisplay-Open-Flrsnt-AirCond,Gro&0&cDXGF&Ex&Ref_Storage__VertDisplay,NE-Ref_Storage-VertDisplay-Open-Flrsnt-AirCond,441.15,2049070.68,1369.5,6361169.72,2049070.69,151569.48,48754.72,249218.65,0.0,177584.03,0.0,155274.47,3.38,0.0,0.0,0.0,58952.27,1207713.67,0.0,0.0,48754.72,151569.48,0.0,177584.03,0.0,58952.27,1838548.94,210521.75,0.0,0.0,1325839667.7821171
runs/CZ11/Gro&0&cDXGF&Ex&Ref_Storage__VertDisplay/NE-Ref_Storage-VertDisplay-Open-Flrsnt-AirCond/instance-out.sql,CZ11,Gro,0,cDXGF,Ex,Ref_Storage,VertDisplay,NE-Ref_Storage-VertDisplay-Open-Flrsnt-AirCond,Gro&0&cDXGF&Ex&Ref_Storage__VertDisplay,NE-Ref_Storage-VertDisplay-Open-Flrsnt-AirCond,463.19,2151453.84,1447.21,6722096.54,2151453.84,145848.31,76206.2,249218.65,0.0,177584.03,0.0,159245.71,3.38,0.0,0.0,0.0,56401.7,1286945.86,0.0,0.0,76206.2,145848.31,0.0,177584.03,0.0,56401.7,1949203.83,202250.01,0.0,0.0,1421984772.5959938
runs/CZ11/Gro&0&cDXGF&Ex&Ref_Storage__VertDisplay/NE-Ref_Storage-VertDisplay-Open-LED-EvapCond/instance-out.sql,CZ11,Gro,0,cDXGF,Ex,Ref_Storage,VertDisplay,NE-Ref_Storage-VertDisplay-Open-LED-EvapCond,Gro&0&cDXGF&Ex&Ref_Storage__VertDisplay,NE-Ref_Storage-VertDisplay-Open-LED-EvapCond,261.92,1216576.16,772.8,3589539.14,1216576.1600000001,150238.17,75005.4,249218.65,0.0,177584.03,0.0,159243.89,3.38,0.0,0.0,0.0,56401.7,348880.93,0.0,0.0,75005.4,150238.17,0.0,177584.03,0.0,56401.7,1009936.29,206639.87,0.0,0.0,764907750.7259998
runs/CZ11/Gro&0&cDXGF&Ex&Ref_Storage__VertDisplay/NE-Ref_Storage-VertDisplay-Glassdoor-LED-EvapCond/instance-out.sql,CZ11,Gro,0,cDXGF,Ex,Ref_Storage,VertDisplay,NE-Ref_Storage-VertDisplay-Glassdoor-LED-EvapCond,Gro&0&cDXGF&Ex&Ref_Storage__VertDisplay,NE-Ref_Storage-VertDisplay-Glassdoor-LED-EvapCond,247.14,1147927.01,755.28,3508190.42,1147927.02,85720.33,96711.43,249218.65,0.0,177584.03,0.0,163384.34,3.38,0.0,0.0,0.0,56401.69,318903.16,0.0,0.0,96711.43,85720.33,0.0,177584.03,0.0,56401.69,1005804.99,142122.03,0.0,0.0,798592243.1308546
runs/CZ11/Gro&0&cDXGF&Ex&Ref_Storage__VertDisplay/NE-Ref_Storage-VertDisplay-Open-Flrsnt-EvapCond/instance-out.sql,CZ11,Gro,0,cDXGF,Ex,Ref_Storage,VertDisplay,NE-Ref_Storage-VertDisplay-Open-Flrsnt-EvapCond,Gro&0&cDXGF&Ex&Ref_Storage__VertDisplay,NE-Ref_Storage-VertDisplay-Open-Flrsnt-EvapCond,265.8,1234597.11,787.92,3659795.08,1234597.1099999999,145848.31,76206.2,249218.65,0.0,177584.03,0.0,159245.71,3.38,0.0,0.0,0.0,56401.7,370089.13,0.0,0.0,76206.2,145848.31,0.0,177584.03,0.0,56401.7,1032347.1,202250.01,0.0,0.0,776670886.7393835
runs/CZ11/Gro&0&cDXGF&Ex&Ref_Storage__VertDisplay/NE-Ref_Storage-VertDisplay-Glassdoor-LED-AirCond/instance-out.sql,CZ11,Gro,0,cDXGF,Ex,Ref_Storage,VertDisplay,NE-Ref_Storage-VertDisplay-Glassdoor-LED-AirCond,Gro&0&cDXGF&Ex&Ref_Storage__VertDisplay,NE-Ref_Storage-VertDisplay-Glassdoor-LED-AirCond,348.13,1617034.31,1092.61,5075008.78,1617034.31,85720.33,96711.43,249218.65,0.0,177584.03,0.0,163384.34,3.38,0.0,0.0,0.0,56401.69,788010.45,0.0,0.0,96711.43,85720.33,0.0,177584.03,0.0,56401.69,1474912.28,142122.03,0.0,0.0,1099638291.901958
runs/CZ10/Gro&0&cDXGF&Ex&Ref_Storage__VertDisplay/NE-Ref_Storage-VertDisplay-Open-LED-AirCond/instance-out.sql,CZ10,Gro,0,cDXGF,Ex,Ref_Storage,VertDisplay,NE-Ref_Storage-VertDisplay-Open-LED-AirCond,Gro&0&cDXGF&Ex&Ref_Storage__VertDisplay,NE-Ref_Storage-VertDisplay-Open-LED-AirCond,463.97,2155100.42,1491.83,6929375.47,2155100.42,62133.63,62317.34,249218.65,0.0,177584.03,0.0,143181.03,3.38,0.0,0.0,0.0,55031.62,1405630.73,0.0,0.0,62317.34,62133.63,0.0,177584.03,0.0,55031.62,2037935.17,117165.25,0.0,0.0,1339028982.3577068
runs/CZ10/Gro&0&cDXGF&Ex&Ref_Storage__VertDisplay/NE-Ref_Storage-VertDisplay-Open-Flrsnt-AirCond/instance-out.sql,CZ10,Gro,0,cDXGF,Ex,Ref_Storage,VertDisplay,NE-Ref_Storage-VertDisplay-Open-Flrsnt-AirCond,Gro&0&cDXGF&Ex&Ref_Storage__VertDisplay,NE-Ref_Storage-VertDisplay-Open-Flrsnt-AirCond,470.73,2186469.57,1515.76,7040522.25,2186469.57,59353.95,63572.06,249218.65,0.0,177584.03,0.0,142694.48,3.38,0.0,0.0,0.0,55031.62,1439011.39,0.0,0.0,63572.06,59353.95,0.0,177584.03,0.0,55031.62,2072084.0,114385.57,0.0,0.0,1349721708.1812928
runs/CZ11/Gro&0&cDXGF&Ex&Ref_Storage__VertDisplay/NE-Ref_Storage-VertDisplay-Open-LED-AirCond/instance-out.sql,CZ11,Gro,0,cDXGF,Ex,Ref_Storage,VertDisplay,NE-Ref_Storage-VertDisplay-Open-LED-AirCond,Gro&0&cDXGF&Ex&Ref_Storage__VertDisplay,NE-Ref_Storage-VertDisplay-Open-LED-AirCond,455.94,2117789.9,1420.83,6599593.04,2117789.9,150238.17,75005.4,249218.65,0.0,177584.03,0.0,159243.89,3.38,0.0,0.0,0.0,56401.7,1250094.67,0.0,0.0,75005.4,150238.17,0.0,177584.03,0.0,56401.7,1911150.03,206639.87,0.0,0.0,1410442004.4652655
runs/CZ10/Gro&0&cDXGF&Ex&Ref_Storage__VertDisplay/NE-Ref_Storage-VertDisplay-Open-LED-EvapCond/instance-out.sql,CZ10,Gro,0,cDXGF,Ex,Ref_Storage,VertDisplay,NE-Ref_Storage-VertDisplay-Open-LED-EvapCond,Gro&0&cDXGF&Ex&Ref_Storage__VertDisplay,NE-Ref_Storage-VertDisplay-Open-LED-EvapCond,241.1,1119857.68,747.42,3471664.73,1119857.6800000002,62133.63,62317.34,249218.65,0.0,177584.03,0.0,143181.03,3.38,0.0,0.0,0.0,55031.62,370387.99,0.0,0.0,62317.34,62133.63,0.0,177584.03,0.0,55031.62,1002692.43,117165.25,0.0,0.0,701175354.0471941
runs/CZ09/Gro&0&cDXGF&Ex&Ref_Storage__VertDisplay/NE-Ref_Storage-VertDisplay-Glassdoor-LED-AirCond/instance-out.sql,CZ09,Gro,0,cDXGF,Ex,Ref_Storage,VertDisplay,NE-Ref_Storage-VertDisplay-Glassdoor-LED-AirCond,Gro&0&cDXGF&Ex&Ref_Storage__VertDisplay,NE-Ref_Storage-VertDisplay-Glassdoor-LED-AirCond,346.31,1608582.61,1115.68,5182165.07,1608582.61,27359.69,73691.19,249218.65,0.0,177584.03,0.0,146125.45,3.38,0.0,0.0,0.0,55719.62,878880.59,0.0,0.0,73691.19,27359.69,0.0,177584.03,0.0,55719.62,1525503.3,83079.31,0.0,1.17,894847081.3613503
runs/CZ10/Gro&0&cDXGF&Ex&Ref_Storage__VertDisplay/NE-Ref_Storage-VertDisplay-Glassdoor-LED-AirCond/instance-out.sql,CZ10,Gro,0,cDXGF,Ex,Ref_Storage,VertDisplay,NE-Ref_Storage-VertDisplay-Glassdoor-LED-AirCond,Gro&0&cDXGF&Ex&Ref_Storage__VertDisplay,NE-Ref_Storage-VertDisplay-Glassdoor-LED-AirCond,349.08,1621412.19,1125.71,5228762.9,1621412.19,26413.57,86717.88,249218.65,0.0,177584.03,0.0,143932.18,3.38,0.0,0.0,0.0,55031.61,882510.88,0.0,0.0,86717.88,26413.57,0.0,177584.03,0.0,55031.61,1539967.0,81445.19,0.0,2.0,1019234875.3687396
runs/CZ09/Gro&0&cDXGF&Ex&Ref_Storage__VertDisplay/NE-Ref_Storage-VertDisplay-Glassdoor-LED-EvapCond/instance-out.sql,CZ09,Gro,0,cDXGF,Ex,Ref_Storage,VertDisplay,NE-Ref_Storage-VertDisplay-Glassdoor-LED-EvapCond,Gro&0&cDXGF&Ex&Ref_Storage__VertDisplay,NE-Ref_Storage-VertDisplay-Glassdoor-LED-EvapCond,230.52,1070756.68,728.94,3385826.45,1070756.68,27359.69,73691.19,249218.65,0.0,177584.03,0.0,146125.45,3.38,0.0,0.0,0.0,55719.62,341054.66,0.0,0.0,73691.19,27359.69,0.0,177584.03,0.0,55719.62,987677.37,83079.31,0.0,1.17,616634730.4804361
runs/CZ10/Gro&0&cDXGF&Ex&Ref_Storage__VertDisplay/NE-Ref_Storage-VertDisplay-Open-Flrsnt-EvapCond/instance-out.sql,CZ10,Gro,0,cDXGF,Ex,Ref_Storage,VertDisplay,NE-Ref_Storage-VertDisplay-Open-Flrsnt-EvapCond,Gro&0&cDXGF&Ex&Ref_Storage__VertDisplay,NE-Ref_Storage-VertDisplay-Open-Flrsnt-EvapCond,245.2,1138909.52,762.49,3541671.69,1138909.52,59353.95,63572.06,249218.65,0.0,177584.03,0.0,142694.48,3.38,0.0,0.0,0.0,55031.62,391451.34,0.0,0.0,63572.06,59353.95,0.0,177584.03,0.0,55031.62,1024523.95,114385.57,0.0,0.0,712070545.0115378
runs/CZ10/Gro&0&cDXGF&Ex&Ref_Storage__VertDisplay/NE-Ref_Storage-VertDisplay-Glassdoor-LED-EvapCond/instance-out.sql,CZ10,Gro,0,cDXGF,Ex,Ref_Storage,VertDisplay,NE-Ref_Storage-VertDisplay-Glassdoor-LED-EvapCond,Gro&0&cDXGF&Ex&Ref_Storage__VertDisplay,NE-Ref_Storage-VertDisplay-Glassdoor-LED-EvapCond,232.44,1079646.8,736.14,3419266.49,1079646.8,26413.57,86717.88,249218.65,0.0,177584.03,0.0,143932.18,3.38,0.0,0.0,0.0,55031.61,340745.48,0.0,0.0,86717.88,26413.57,0.0,177584.03,0.0,55031.61,998201.61,81445.19,0.0,2.0,730926794.8320949
runs/CZ09/Gro&0&cDXGF&Ex&Ref_Storage__VertDisplay/NE-Ref_Storage-VertDisplay-Open-Flrsnt-AirCond/instance-out.sql,CZ09,Gro,0,cDXGF,Ex,Ref_Storage,VertDisplay,NE-Ref_Storage-VertDisplay-Open-Flrsnt-AirCond,Gro&0&cDXGF&Ex&Ref_Storage__VertDisplay,NE-Ref_Storage-VertDisplay-Open-Flrsnt-AirCond,468.24,2174909.43,1506.98,6999735.01,2174909.42,59615.07,52980.56,249218.65,0.0,177584.03,0.0,146297.98,3.38,0.0,0.0,0.0,55719.63,1433490.12,0.0,0.0,52980.56,59615.07,0.0,177584.03,0.0,55719.63,2059574.72,115334.7,0.0,0.0,1261780223.7651935
runs/CZ09/Gro&0&cDXGF&Ex&Ref_Storage__VertDisplay/NE-Ref_Storage-VertDisplay-Open-LED-AirCond/instance-out.sql,CZ09,Gro,0,cDXGF,Ex,Ref_Storage,VertDisplay,NE-Ref_Storage-VertDisplay-Open-LED-AirCond,Gro&0&cDXGF&Ex&Ref_Storage__VertDisplay,NE-Ref_Storage-VertDisplay-Open-LED-AirCond,460.96,2141088.61,1481.29,6880411.0,2141088.61,62389.82,51864.81,249218.65,0.0,177584.03,0.0,146333.38,3.38,0.0,0.0,0.0,55719.63,1397974.91,0.0,0.0,51864.81,62389.82,0.0,177584.03,0.0,55719.63,2022979.16,118109.45,0.0,0.0,1253122465.7833245
runs/CZ09/Gro&0&cDXGF&Ex&Ref_Storage__VertDisplay/NE-Ref_Storage-VertDisplay-Open-Flrsnt-EvapCond/instance-out.sql,CZ09,Gro,0,cDXGF,Ex,Ref_Storage,VertDisplay,NE-Ref_Storage-VertDisplay-Open-Flrsnt-EvapCond,Gro&0&cDXGF&Ex&Ref_Storage__VertDisplay,NE-Ref_Storage-VertDisplay-Open-Flrsnt-EvapCond,244.05,1133561.96,758.18,3521634.48,1133561.96,59615.07,52980.56,249218.65,0.0,177584.03,0.0,146297.98,3.38,0.0,0.0,0.0,55719.63,392142.65,0.0,0.0,52980.56,59615.07,0.0,177584.03,0.0,55719.63,1018227.26,115334.7,0.0,0.0,619964384.4726311
runs/CZ09/Gro&0&cDXGF&Ex&Ref_Storage__VertDisplay/NE-Ref_Storage-VertDisplay-Open-LED-EvapCond/instance-out.sql,CZ09,Gro,0,cDXGF,Ex,Ref_Storage,VertDisplay,NE-Ref_Storage-VertDisplay-Open-LED-EvapCond,Gro&0&cDXGF&Ex&Ref_Storage__VertDisplay,NE-Ref_Storage-VertDisplay-Open-LED-EvapCond,239.87,1114184.99,742.87,3450552.88,1114184.99,62389.82,51864.81,249218.65,0.0,177584.03,0.0,146333.38,3.38,0.0,0.0,0.0,55719.63,371071.28,0.0,0.0,51864.81,62389.82,0.0,177584.03,0.0,55719.63,996075.54,118109.45,0.0,0.0,611110499.741176
runs/CZ08/Gro&0&cDXGF&Ex&Ref_Storage__VertDisplay/NE-Ref_Storage-VertDisplay-Open-Flrsnt-EvapCond/instance-out.sql,CZ08,Gro,0,cDXGF,Ex,Ref_Storage,VertDisplay,NE-Ref_Storage-VertDisplay-Open-Flrsnt-EvapCond,Gro&0&cDXGF&Ex&Ref_Storage__VertDisplay,NE-Ref_Storage-VertDisplay-Open-Flrsnt-EvapCond,243.34,1130273.2,761.73,3538151.68,1130273.2,48010.2,50475.37,249218.65,0.0,177584.03,0.0,140314.92,3.38,0.0,0.0,0.0,55330.76,409335.89,0.0,0.0,50475.37,48010.2,0.0,177584.03,0.0,55330.76,1026932.24,103340.96,0.0,0.0,602350447.0099084
runs/CZ08/Gro&0&cDXGF&Ex&Ref_Storage__VertDisplay/NE-Ref_Storage-VertDisplay-Open-LED-AirCond/instance-out.sql,CZ08,Gro,0,cDXGF,Ex,Ref_Storage,VertDisplay,NE-Ref_Storage-VertDisplay-Open-LED-AirCond,Gro&0&cDXGF&Ex&Ref_Storage__VertDisplay,NE-Ref_Storage-VertDisplay-Open-LED-AirCond,465.67,2162961.94,1503.11,6981734.84,2162961.94,50451.2,49314.89,249218.65,0.0,177584.03,0.0,140536.05,3.38,0.0,0.0,0.0,55330.76,1440522.97,0.0,0.0,49314.89,50451.2,0.0,177584.03,0.0,55330.76,2057179.98,105781.96,0.0,0.0,1231899246.0739458
runs/CZ08/Gro&0&cDXGF&Ex&Ref_Storage__VertDisplay/NE-Ref_Storage-VertDisplay-Glassdoor-LED-AirCond/instance-out.sql,CZ08,Gro,0,cDXGF,Ex,Ref_Storage,VertDisplay,NE-Ref_Storage-VertDisplay-Glassdoor-LED-AirCond,Gro&0&cDXGF&Ex&Ref_Storage__VertDisplay,NE-Ref_Storage-VertDisplay-Glassdoor-LED-AirCond,346.98,1611668.64,1121.38,5208680.87,1611668.64,20679.89,72481.4,249218.65,0.0,177584.03,0.0,140357.31,3.38,0.0,0.0,0.0,55330.76,896013.23,0.0,0.0,72481.4,20679.89,0.0,177584.03,0.0,55330.76,1535658.0,76010.64,0.0,0.0,870537825.3299606
runs/CZ07/Gro&0&cDXGF&Ex&Ref_Storage__VertDisplay/NE-Ref_Storage-VertDisplay-Glassdoor-LED-EvapCond/instance-out.sql,CZ07,Gro,0,cDXGF,Ex,Ref_Storage,VertDisplay,NE-Ref_Storage-VertDisplay-Glassdoor-LED-EvapCond,Gro&0&cDXGF&Ex&Ref_Storage__VertDisplay,NE-Ref_Storage-VertDisplay-Glassdoor-LED-EvapCond,226.41,1051638.26,721.61,3351782.82,1051638.26,13614.28,37917.39,249218.65,0.0,177584.03,0.0,145157.22,3.38,0.0,0.0,0.0,56463.77,371679.53,0.0,0.0,37917.39,13614.28,0.0,177584.03,0.0,56463.77,981560.21,70078.05,0.0,0.0,571501869.0804293
runs/CZ07/Gro&0&cDXGF&Ex&Ref_Storage__VertDisplay/NE-Ref_Storage-VertDisplay-Glassdoor-LED-AirCond/instance-out.sql,CZ07,Gro,0,cDXGF,Ex,Ref_Storage,VertDisplay,NE-Ref_Storage-VertDisplay-Glassdoor-LED-AirCond,Gro&0&cDXGF&Ex&Ref_Storage__VertDisplay,NE-Ref_Storage-VertDisplay-Glassdoor-LED-AirCond,343.42,1595156.82,1112.44,5167134.82,1595156.82,13614.28,37917.39,249218.65,0.0,177584.03,0.0,145157.22,3.38,0.0,0.0,0.0,56463.77,915198.09,0.0,0.0,37917.39,13614.28,0.0,177584.03,0.0,56463.77,1525078.77,70078.05,0.0,0.0,848814857.4352666
runs/CZ08/Gro&0&cDXGF&Ex&Ref_Storage__VertDisplay/NE-Ref_Storage-VertDisplay-Glassdoor-LED-EvapCond/instance-out.sql,CZ08,Gro,0,cDXGF,Ex,Ref_Storage,VertDisplay,NE-Ref_Storage-VertDisplay-Glassdoor-LED-EvapCond,Gro&0&cDXGF&Ex&Ref_Storage__VertDisplay,NE-Ref_Storage-VertDisplay-Glassdoor-LED-EvapCond,231.22,1073975.03,734.74,3412784.19,1073975.02,20679.89,72481.4,249218.65,0.0,177584.03,0.0,140357.31,3.38,0.0,0.0,0.0,55330.76,358319.61,0.0,0.0,72481.4,20679.89,0.0,177584.03,0.0,55330.76,997964.38,76010.64,0.0,0.0,596412032.3888526
runs/CZ07/Gro&0&cDXGF&Ex&Ref_Storage__VertDisplay/NE-Ref_Storage-VertDisplay-Open-Flrsnt-EvapCond/instance-out.sql,CZ07,Gro,0,cDXGF,Ex,Ref_Storage,VertDisplay,NE-Ref_Storage-VertDisplay-Open-Flrsnt-EvapCond,Gro&0&cDXGF&Ex&Ref_Storage__VertDisplay,NE-Ref_Storage-VertDisplay-Open-Flrsnt-EvapCond,239.39,1111939.87,752.87,3496998.66,1111939.87,38119.95,22345.15,249218.65,0.0,177584.03,0.0,147542.86,3.38,0.0,0.0,0.0,56463.78,420662.06,0.0,0.0,22345.15,38119.95,0.0,177584.03,0.0,56463.78,1017356.13,94583.74,0.0,0.0,584350940.9279969
runs/CZ06/Gro&0&cDXGF&Ex&Ref_Storage__VertDisplay/NE-Ref_Storage-VertDisplay-Glassdoor-LED-AirCond/instance-out.sql,CZ06,Gro,0,cDXGF,Ex,Ref_Storage,VertDisplay,NE-Ref_Storage-VertDisplay-Glassdoor-LED-AirCond,Gro&0&cDXGF&Ex&Ref_Storage__VertDisplay,NE-Ref_Storage-VertDisplay-Glassdoor-LED-AirCond,343.45,1595298.01,1111.23,5161539.55,1595298.01,15689.19,37206.23,249218.65,0.0,177584.03,0.0,147090.37,3.38,0.0,0.0,0.0,57034.67,911471.49,0.0,0.0,37206.23,15689.19,0.0,177584.03,0.0,57034.67,1522574.15,72723.86,0.0,0.0,856692147.6987056
runs/CZ08/Gro&0&cDXGF&Ex&Ref_Storage__VertDisplay/NE-Ref_Storage-VertDisplay-Open-Flrsnt-AirCond/instance-out.sql,CZ08,Gro,0,cDXGF,Ex,Ref_Storage,VertDisplay,NE-Ref_Storage-VertDisplay-Open-Flrsnt-AirCond,Gro&0&cDXGF&Ex&Ref_Storage__VertDisplay,NE-Ref_Storage-VertDisplay-Open-Flrsnt-AirCond,472.07,2192701.63,1525.7,7086662.63,2192701.63,48010.2,50475.37,249218.65,0.0,177584.03,0.0,140314.92,3.38,0.0,0.0,0.0,55330.76,1471764.32,0.0,0.0,50475.37,48010.2,0.0,177584.03,0.0,55330.76,2089360.67,103340.96,0.0,0.0,1240933125.4901392
runs/CZ08/Gro&0&cDXGF&Ex&Ref_Storage__VertDisplay/NE-Ref_Storage-VertDisplay-Open-LED-EvapCond/instance-out.sql,CZ08,Gro,0,cDXGF,Ex,Ref_Storage,VertDisplay,NE-Ref_Storage-VertDisplay-Open-LED-EvapCond,Gro&0&cDXGF&Ex&Ref_Storage__VertDisplay,NE-Ref_Storage-VertDisplay-Open-LED-EvapCond,239.15,1110811.17,746.53,3467551.27,1110811.17,50451.2,49314.89,249218.65,0.0,177584.03,0.0,140536.05,3.38,0.0,0.0,0.0,55330.76,388372.2,0.0,0.0,49314.89,50451.2,0.0,177584.03,0.0,55330.76,1005029.21,105781.96,0.0,0.0,593114610.4342034
runs/CZ07/Gro&0&cDXGF&Ex&Ref_Storage__VertDisplay/NE-Ref_Storage-VertDisplay-Open-LED-EvapCond/instance-out.sql,CZ07,Gro,0,cDXGF,Ex,Ref_Storage,VertDisplay,NE-Ref_Storage-VertDisplay-Open-LED-EvapCond,Gro&0&cDXGF&Ex&Ref_Storage__VertDisplay,NE-Ref_Storage-VertDisplay-Open-LED-EvapCond,235.41,1093427.51,738.4,3429776.84,1093427.51,40470.82,21562.28,249218.65,0.0,177584.03,0.0,148391.73,3.38,0.0,0.0,0.0,56463.78,399732.83,0.0,0.0,21562.28,40470.82,0.0,177584.03,0.0,56463.78,996492.91,96934.6,0.0,0.0,576440594.3541603
runs/CZ07/Gro&0&cDXGF&Ex&Ref_Storage__VertDisplay/NE-Ref_Storage-VertDisplay-Open-Flrsnt-AirCond/instance-out.sql,CZ07,Gro,0,cDXGF,Ex,Ref_Storage,VertDisplay,NE-Ref_Storage-VertDisplay-Open-Flrsnt-AirCond,Gro&0&cDXGF&Ex&Ref_Storage__VertDisplay,NE-Ref_Storage-VertDisplay-Open-Flrsnt-AirCond,471.39,2189565.81,1527.77,7096269.29,2189565.81,38119.95,22345.15,249218.65,0.0,177584.03,0.0,147542.86,3.38,0.0,0.0,0.0,56463.78,1498288.0,0.0,0.0,22345.15,38119.95,0.0,177584.03,0.0,56463.78,2094982.07,94583.74,0.0,0.0,1228706865.9024534
runs/CZ07/Gro&0&cDXGF&Ex&Ref_Storage__VertDisplay/NE-Ref_Storage-VertDisplay-Open-LED-AirCond/instance-out.sql,CZ07,Gro,0,cDXGF,Ex,Ref_Storage,VertDisplay,NE-Ref_Storage-VertDisplay-Open-LED-AirCond,Gro&0&cDXGF&Ex&Ref_Storage__VertDisplay,NE-Ref_Storage-VertDisplay-Open-LED-AirCond,464.61,2158033.12,1503.93,6985559.58,2158033.12,40470.82,21562.28,249218.65,0.0,177584.03,0.0,148391.73,3.38,0.0,0.0,0.0,56463.78,1464338.44,0.0,0.0,21562.28,40470.82,0.0,177584.03,0.0,56463.78,2061098.52,96934.6,0.0,0.0,1221019831.483103
runs/CZ06/Gro&0&cDXGF&Ex&Ref_Storage__VertDisplay/NE-Ref_Storage-VertDisplay-Glassdoor-LED-EvapCond/instance-out.sql,CZ06,Gro,0,cDXGF,Ex,Ref_Storage,VertDisplay,NE-Ref_Storage-VertDisplay-Glassdoor-LED-EvapCond,Gro&0&cDXGF&Ex&Ref_Storage__VertDisplay,NE-Ref_Storage-VertDisplay-Glassdoor-LED-EvapCond,228.2,1059970.97,726.3,3373547.22,1059970.97,15689.19,37206.23,249218.65,0.0,177584.03,0.0,147090.37,3.38,0.0,0.0,0.0,57034.67,376144.44,0.0,0.0,37206.23,15689.19,0.0,177584.03,0.0,57034.67,987247.11,72723.86,0.0,0.0,582294813.969816
runs/CZ06/Gro&0&cDXGF&Ex&Ref_Storage__VertDisplay/NE-Ref_Storage-VertDisplay-Open-Flrsnt-EvapCond/instance-out.sql,CZ06,Gro,0,cDXGF,Ex,Ref_Storage,VertDisplay,NE-Ref_Storage-VertDisplay-Open-Flrsnt-EvapCond,Gro&0&cDXGF&Ex&Ref_Storage__VertDisplay,NE-Ref_Storage-VertDisplay-Open-Flrsnt-EvapCond,241.41,1121339.74,757.24,3517303.86,1121339.74,42385.67,21463.2,249218.65,0.0,177584.03,0.0,148508.64,3.38,0.0,0.0,0.0,57034.69,425141.47,0.0,0.0,21463.2,42385.67,0.0,177584.03,0.0,57034.69,1021919.38,99420.36,0.0,0.0,591916786.7845422
runs/CZ06/Gro&0&cDXGF&Ex&Ref_Storage__VertDisplay/NE-Ref_Storage-VertDisplay-Open-Flrsnt-AirCond/instance-out.sql,CZ06,Gro,0,cDXGF,Ex,Ref_Storage,VertDisplay,NE-Ref_Storage-VertDisplay-Open-Flrsnt-AirCond,Gro&0&cDXGF&Ex&Ref_Storage__VertDisplay,NE-Ref_Storage-VertDisplay-Open-Flrsnt-AirCond,470.44,2185142.96,1522.2,7070406.61,2185142.96,42385.67,21463.2,249218.65,0.0,177584.03,0.0,148508.64,3.38,0.0,0.0,0.0,57034.69,1488944.69,0.0,0.0,21463.2,42385.67,0.0,177584.03,0.0,57034.69,2085722.6,99420.36,0.0,0.0,1232262804.240768
runs/CZ06/Gro&0&cDXGF&Ex&Ref_Storage__VertDisplay/NE-Ref_Storage-VertDisplay-Open-LED-AirCond/instance-out.sql,CZ06,Gro,0,cDXGF,Ex,Ref_Storage,VertDisplay,NE-Ref_Storage-VertDisplay-Open-LED-AirCond,Gro&0&cDXGF&Ex&Ref_Storage__VertDisplay,NE-Ref_Storage-VertDisplay-Open-LED-AirCond,463.87,2154614.98,1498.97,6962509.78,2154614.99,44973.28,20665.44,249218.65,0.0,177584.03,0.0,148894.38,3.38,0.0,0.0,0.0,57034.69,1456241.13,0.0,0.0,20665.44,44973.28,0.0,177584.03,0.0,57034.69,2052607.02,102007.97,0.0,0.0,1226589906.4324527
runs/CZ06/Gro&0&cDXGF&Ex&Ref_Storage__VertDisplay/NE-Ref_Storage-VertDisplay-Open-LED-EvapCond/instance-out.sql,CZ06,Gro,0,cDXGF,Ex,Ref_Storage,VertDisplay,NE-Ref_Storage-VertDisplay-Open-LED-EvapCond,Gro&0&cDXGF&Ex&Ref_Storage__VertDisplay,NE-Ref_Storage-VertDisplay-Open-LED-EvapCond,237.38,1102616.27,742.5,3448834.07,1102616.27,44973.28,20665.44,249218.65,0.0,177584.03,0.0,148894.38,3.38,0.0,0.0,0.0,57034.69,404242.41,0.0,0.0,20665.44,44973.28,0.0,177584.03,0.0,57034.69,1000608.3,102007.97,0.0,0.0,586026985.9378386
runs/CZ05/Gro&0&cDXGF&Ex&Ref_Storage__VertDisplay/NE-Ref_Storage-VertDisplay-Glassdoor-LED-EvapCond/instance-out.sql,CZ05,Gro,0,cDXGF,Ex,Ref_Storage,VertDisplay,NE-Ref_Storage-VertDisplay-Glassdoor-LED-EvapCond,Gro&0&cDXGF&Ex&Ref_Storage__VertDisplay,NE-Ref_Storage-VertDisplay-Glassdoor-LED-EvapCond,227.84,1058299.67,702.06,3260997.59,1058299.67,57586.51,18400.9,249218.65,0.0,177584.03,0.0,153363.1,3.38,0.0,0.0,0.0,61786.93,340356.16,0.0,0.0,18400.9,57586.51,0.0,177584.03,0.0,61786.93,938926.23,119373.44,0.0,0.0,572995693.0803733
runs/CZ04/Gro&0&cDXGF&Ex&Ref_Storage__VertDisplay/NE-Ref_Storage-VertDisplay-Glassdoor-LED-AirCond/instance-out.sql,CZ04,Gro,0,cDXGF,Ex,Ref_Storage,VertDisplay,NE-Ref_Storage-VertDisplay-Glassdoor-LED-AirCond,Gro&0&cDXGF&Ex&Ref_Storage__VertDisplay,NE-Ref_Storage-VertDisplay-Glassdoor-LED-AirCond,328.52,1525928.64,1027.12,4770837.17,1525928.6400000001,82252.48,66580.64,249218.65,0.0,177584.03,0.0,161043.71,3.38,0.0,0.0,0.0,59816.64,729429.11,0.0,0.0,66580.64,82252.48,0.0,177584.03,0.0,59816.64,1383859.52,142069.12,0.0,1.0,1014174218.2392145
runs/CZ05/Gro&0&cDXGF&Ex&Ref_Storage__VertDisplay/NE-Ref_Storage-VertDisplay-Open-LED-EvapCond/instance-out.sql,CZ05,Gro,0,cDXGF,Ex,Ref_Storage,VertDisplay,NE-Ref_Storage-VertDisplay-Open-LED-EvapCond,Gro&0&cDXGF&Ex&Ref_Storage__VertDisplay,NE-Ref_Storage-VertDisplay-Open-LED-EvapCond,246.35,1144282.94,728.53,3383923.07,1144282.94,129221.34,8932.96,249218.65,0.0,177584.03,0.0,151848.46,3.38,0.0,0.0,0.0,61786.93,365687.19,0.0,0.0,8932.96,129221.34,0.0,177584.03,0.0,61786.93,953274.67,191008.27,0.0,0.0,585539036.5389497
runs/CZ05/Gro&0&cDXGF&Ex&Ref_Storage__VertDisplay/NE-Ref_Storage-VertDisplay-Glassdoor-LED-AirCond/instance-out.sql,CZ05,Gro,0,cDXGF,Ex,Ref_Storage,VertDisplay,NE-Ref_Storage-VertDisplay-Glassdoor-LED-AirCond,Gro&0&cDXGF&Ex&Ref_Storage__VertDisplay,NE-Ref_Storage-VertDisplay-Glassdoor-LED-AirCond,312.81,1452962.63,985.86,4579171.89,1452962.63,57586.51,18400.9,249218.65,0.0,177584.03,0.0,153363.1,3.38,0.0,0.0,0.0,61786.93,735019.13,0.0,0.0,18400.9,57586.51,0.0,177584.03,0.0,61786.93,1333589.19,119373.44,0.0,0.0,852332192.8200257
runs/CZ05/Gro&0&cDXGF&Ex&Ref_Storage__VertDisplay/NE-Ref_Storage-VertDisplay-Open-Flrsnt-AirCond/instance-out.sql,CZ05,Gro,0,cDXGF,Ex,Ref_Storage,VertDisplay,NE-Ref_Storage-VertDisplay-Open-Flrsnt-AirCond,Gro&0&cDXGF&Ex&Ref_Storage__VertDisplay,NE-Ref_Storage-VertDisplay-Open-Flrsnt-AirCond,421.59,1958221.57,1316.5,6114970.07,1958221.5699999998,123773.46,9339.11,249218.65,0.0,177584.03,0.0,151718.94,3.38,0.0,0.0,0.0,61786.93,1184797.06,0.0,0.0,9339.11,123773.46,0.0,177584.03,0.0,61786.93,1772661.18,185560.39,0.0,0.0,1242499016.4572282
runs/CZ05/Gro&0&cDXGF&Ex&Ref_Storage__VertDisplay/NE-Ref_Storage-VertDisplay-Open-LED-AirCond/instance-out.sql,CZ05,Gro,0,cDXGF,Ex,Ref_Storage,VertDisplay,NE-Ref_Storage-VertDisplay-Open-LED-AirCond,Gro&0&cDXGF&Ex&Ref_Storage__VertDisplay,NE-Ref_Storage-VertDisplay-Open-LED-AirCond,415.14,1928287.34,1292.29,6002497.75,1928287.34,129221.34,8932.96,249218.65,0.0,177584.03,0.0,151848.46,3.38,0.0,0.0,0.0,61786.93,1149691.59,0.0,0.0,8932.96,129221.34,0.0,177584.03,0.0,61786.93,1737279.07,191008.27,0.0,0.0,1233993855.9711335
runs/CZ05/Gro&0&cDXGF&Ex&Ref_Storage__VertDisplay/NE-Ref_Storage-VertDisplay-Open-Flrsnt-EvapCond/instance-out.sql,CZ05,Gro,0,cDXGF,Ex,Ref_Storage,VertDisplay,NE-Ref_Storage-VertDisplay-Open-Flrsnt-EvapCond,Gro&0&cDXGF&Ex&Ref_Storage__VertDisplay,NE-Ref_Storage-VertDisplay-Open-Flrsnt-EvapCond,249.76,1160101.49,742.59,3449248.99,1160101.49,123773.46,9339.11,249218.65,0.0,177584.03,0.0,151718.94,3.38,0.0,0.0,0.0,61786.93,386676.98,0.0,0.0,9339.11,123773.46,0.0,177584.03,0.0,61786.93,974541.1,185560.39,0.0,0.0,594303060.4817317
runs/CZ04/Gro&0&cDXGF&Ex&Ref_Storage__VertDisplay/NE-Ref_Storage-VertDisplay-Open-LED-AirCond/instance-out.sql,CZ04,Gro,0,cDXGF,Ex,Ref_Storage,VertDisplay,NE-Ref_Storage-VertDisplay-Open-LED-AirCond,Gro&0&cDXGF&Ex&Ref_Storage__VertDisplay,NE-Ref_Storage-VertDisplay-Open-LED-AirCond,431.06,2002196.92,1336.11,6206035.27,2002196.91,150084.1,49088.91,249218.65,0.0,177584.03,0.0,156609.35,3.38,0.0,0.0,0.0,59816.65,1159791.84,0.0,0.0,49088.91,150084.1,0.0,177584.03,0.0,59816.65,1792296.16,209900.75,0.0,0.0,1330894899.8563743
runs/CZ04/Gro&0&cDXGF&Ex&Ref_Storage__VertDisplay/NE-Ref_Storage-VertDisplay-Glassdoor-LED-EvapCond/instance-out.sql,CZ04,Gro,0,cDXGF,Ex,Ref_Storage,VertDisplay,NE-Ref_Storage-VertDisplay-Glassdoor-LED-EvapCond,Gro&0&cDXGF&Ex&Ref_Storage__VertDisplay,NE-Ref_Storage-VertDisplay-Glassdoor-LED-EvapCond,238.65,1108495.34,726.95,3376609.94,1108495.3399999999,82252.48,66580.64,249218.65,0.0,177584.03,0.0,161043.71,3.38,0.0,0.0,0.0,59816.64,311995.81,0.0,0.0,66580.64,82252.48,0.0,177584.03,0.0,59816.64,966426.22,142069.12,0.0,1.0,719619710.1295049
runs/CZ04/Gro&0&cDXGF&Ex&Ref_Storage__VertDisplay/NE-Ref_Storage-VertDisplay-Open-LED-EvapCond/instance-out.sql,CZ04,Gro,0,cDXGF,Ex,Ref_Storage,VertDisplay,NE-Ref_Storage-VertDisplay-Open-LED-EvapCond,Gro&0&cDXGF&Ex&Ref_Storage__VertDisplay,NE-Ref_Storage-VertDisplay-Open-LED-EvapCond,255.07,1184775.93,748.32,3475849.18,1184775.9300000002,150084.1,49088.91,249218.65,0.0,177584.03,0.0,156609.35,3.38,0.0,0.0,0.0,59816.65,342370.85,0.0,0.0,49088.91,150084.1,0.0,177584.03,0.0,59816.65,974875.18,209900.75,0.0,0.0,686721266.5795722
runs/CZ03/Gro&0&cDXGF&Ex&Ref_Storage__VertDisplay/NE-Ref_Storage-VertDisplay-Glassdoor-LED-AirCond/instance-out.sql,CZ03,Gro,0,cDXGF,Ex,Ref_Storage,VertDisplay,NE-Ref_Storage-VertDisplay-Glassdoor-LED-AirCond,Gro&0&cDXGF&Ex&Ref_Storage__VertDisplay,NE-Ref_Storage-VertDisplay-Glassdoor-LED-AirCond,311.69,1447756.51,978.93,4546986.51,1447756.5,64316.51,14798.36,249218.65,0.0,177584.03,0.0,154270.66,3.38,0.0,0.0,0.0,61510.01,726054.9,0.0,0.0,14798.36,64316.51,0.0,177584.03,0.0,61510.01,1321929.98,125826.52,0.0,0.0,831216635.0351937
runs/CZ03/Gro&0&cDXGF&Ex&Ref_Storage__VertDisplay/NE-Ref_Storage-VertDisplay-Glassdoor-LED-EvapCond/instance-out.sql,CZ03,Gro,0,cDXGF,Ex,Ref_Storage,VertDisplay,NE-Ref_Storage-VertDisplay-Glassdoor-LED-EvapCond,Gro&0&cDXGF&Ex&Ref_Storage__VertDisplay,NE-Ref_Storage-VertDisplay-Glassdoor-LED-EvapCond,229.07,1063991.04,702.97,3265209.86,1063991.04,64316.51,14798.36,249218.65,0.0,177584.03,0.0,154270.66,3.38,0.0,0.0,0.0,61510.01,342289.44,0.0,0.0,14798.36,64316.51,0.0,177584.03,0.0,61510.01,938164.52,125826.52,0.0,0.0,548667785.8472635
runs/CZ03/Gro&0&cDXGF&Ex&Ref_Storage__VertDisplay/NE-Ref_Storage-VertDisplay-Open-Flrsnt-AirCond/instance-out.sql,CZ03,Gro,0,cDXGF,Ex,Ref_Storage,VertDisplay,NE-Ref_Storage-VertDisplay-Open-Flrsnt-AirCond,Gro&0&cDXGF&Ex&Ref_Storage__VertDisplay,NE-Ref_Storage-VertDisplay-Open-Flrsnt-AirCond,419.12,1946752.39,1303.43,6054251.85,1946752.38,133824.1,7662.33,249218.65,0.0,177584.03,0.0,151701.48,3.38,0.0,0.0,0.0,61510.01,1165248.4,0.0,0.0,7662.33,133824.1,0.0,177584.03,0.0,61510.01,1751418.27,195334.11,0.0,0.0,1221459078.3567743
runs/CZ04/Gro&0&cDXGF&Ex&Ref_Storage__VertDisplay/NE-Ref_Storage-VertDisplay-Open-Flrsnt-AirCond/instance-out.sql,CZ04,Gro,0,cDXGF,Ex,Ref_Storage,VertDisplay,NE-Ref_Storage-VertDisplay-Open-Flrsnt-AirCond,Gro&0&cDXGF&Ex&Ref_Storage__VertDisplay,NE-Ref_Storage-VertDisplay-Open-Flrsnt-AirCond,437.95,2034243.35,1361.53,6324114.13,2034243.3499999999,145267.81,50037.55,249218.65,0.0,177584.03,0.0,156604.58,3.38,0.0,0.0,0.0,59816.65,1195710.7,0.0,0.0,50037.55,145267.81,0.0,177584.03,0.0,59816.65,1829158.89,205084.46,0.0,0.0,1342084799.0532005
runs/CZ04/Gro&0&cDXGF&Ex&Ref_Storage__VertDisplay/NE-Ref_Storage-VertDisplay-Open-Flrsnt-EvapCond/instance-out.sql,CZ04,Gro,0,cDXGF,Ex,Ref_Storage,VertDisplay,NE-Ref_Storage-VertDisplay-Open-Flrsnt-EvapCond,Gro&0&cDXGF&Ex&Ref_Storage__VertDisplay,NE-Ref_Storage-VertDisplay-Open-Flrsnt-EvapCond,258.8,1202110.8,763.16,3544791.41,1202110.8,145267.81,50037.55,249218.65,0.0,177584.03,0.0,156604.58,3.38,0.0,0.0,0.0,59816.65,363578.15,0.0,0.0,50037.55,145267.81,0.0,177584.03,0.0,59816.65,997026.34,205084.46,0.0,0.0,698128765.0660833
runs/CZ03/Gro&0&cDXGF&Ex&Ref_Storage__VertDisplay/NE-Ref_Storage-VertDisplay-Open-LED-AirCond/instance-out.sql,CZ03,Gro,0,cDXGF,Ex,Ref_Storage,VertDisplay,NE-Ref_Storage-VertDisplay-Open-LED-AirCond,Gro&0&cDXGF&Ex&Ref_Storage__VertDisplay,NE-Ref_Storage-VertDisplay-Open-LED-AirCond,412.09,1914102.3,1277.13,5932120.42,1914102.3,139528.47,7343.26,249218.65,0.0,177584.03,0.0,151613.81,3.38,0.0,0.0,0.0,61510.01,1127300.67,0.0,0.0,7343.26,139528.47,0.0,177584.03,0.0,61510.01,1713063.81,201038.49,0.0,0.0,1213302553.5851982
runs/CZ03/Gro&0&cDXGF&Ex&Ref_Storage__VertDisplay/NE-Ref_Storage-VertDisplay-Open-LED-EvapCond/instance-out.sql,CZ03,Gro,0,cDXGF,Ex,Ref_Storage,VertDisplay,NE-Ref_Storage-VertDisplay-Open-LED-EvapCond,Gro&0&cDXGF&Ex&Ref_Storage__VertDisplay,NE-Ref_Storage-VertDisplay-Open-LED-EvapCond,248.62,1154788.76,731.13,3396013.19,1154788.76,139528.47,7343.26,249218.65,0.0,177584.03,0.0,151613.81,3.38,0.0,0.0,0.0,61510.01,367987.13,0.0,0.0,7343.26,139528.47,0.0,177584.03,0.0,61510.01,953750.27,201038.49,0.0,0.0,560091300.0298444
runs/CZ02/Gro&0&cDXGF&Ex&Ref_Storage__VertDisplay/NE-Ref_Storage-VertDisplay-Glassdoor-LED-AirCond/instance-out.sql,CZ02,Gro,0,cDXGF,Ex,Ref_Storage,VertDisplay,NE-Ref_Storage-VertDisplay-Glassdoor-LED-AirCond,Gro&0&cDXGF&Ex&Ref_Storage__VertDisplay,NE-Ref_Storage-VertDisplay-Glassdoor-LED-AirCond,314.5,1460811.43,969.21,4501857.27,1460811.43,102339.67,36880.15,249218.65,0.0,177584.03,0.0,155297.02,3.38,0.0,0.0,0.0,62184.06,677304.47,0.0,0.0,36880.15,102339.67,0.0,177584.03,0.0,62184.06,1296287.7,164523.73,0.0,0.0,851341105.0115817
runs/CZ02/Gro&0&cDXGF&Ex&Ref_Storage__VertDisplay/NE-Ref_Storage-VertDisplay-Glassdoor-LED-EvapCond/instance-out.sql,CZ02,Gro,0,cDXGF,Ex,Ref_Storage,VertDisplay,NE-Ref_Storage-VertDisplay-Glassdoor-LED-EvapCond,Gro&0&cDXGF&Ex&Ref_Storage__VertDisplay,NE-Ref_Storage-VertDisplay-Glassdoor-LED-EvapCond,239.89,1114271.17,720.02,3344412.78,1114271.17,102339.67,36880.15,249218.65,0.0,177584.03,0.0,155297.02,3.38,0.0,0.0,0.0,62184.06,330764.2,0.0,0.0,36880.15,102339.67,0.0,177584.03,0.0,62184.06,949747.44,164523.73,0.0,0.0,563807297.1478549
runs/CZ03/Gro&0&cDXGF&Ex&Ref_Storage__VertDisplay/NE-Ref_Storage-VertDisplay-Open-Flrsnt-EvapCond/instance-out.sql,CZ03,Gro,0,cDXGF,Ex,Ref_Storage,VertDisplay,NE-Ref_Storage-VertDisplay-Open-Flrsnt-EvapCond,Gro&0&cDXGF&Ex&Ref_Storage__VertDisplay,NE-Ref_Storage-VertDisplay-Open-Flrsnt-EvapCond,251.98,1170419.63,745.19,3461300.45,1170419.63,133824.1,7662.33,249218.65,0.0,177584.03,0.0,151701.48,3.38,0.0,0.0,0.0,61510.01,388915.65,0.0,0.0,7662.33,133824.1,0.0,177584.03,0.0,61510.01,975085.52,195334.11,0.0,0.0,568483220.8136997
runs/CZ02/Gro&0&cDXGF&Ex&Ref_Storage__VertDisplay/NE-Ref_Storage-VertDisplay-Open-LED-EvapCond/instance-out.sql,CZ02,Gro,0,cDXGF,Ex,Ref_Storage,VertDisplay,NE-Ref_Storage-VertDisplay-Open-LED-EvapCond,Gro&0&cDXGF&Ex&Ref_Storage__VertDisplay,NE-Ref_Storage-VertDisplay-Open-LED-EvapCond,260.65,1210702.36,746.68,3468238.95,1210702.3599999999,188800.2,24363.33,249218.65,0.0,177584.03,0.0,151503.89,3.38,0.0,0.0,0.0,62184.07,357044.81,0.0,0.0,24363.33,188800.2,0.0,177584.03,0.0,62184.07,959718.09,250984.27,0.0,0.0,564344061.6478987
runs/CZ02/Gro&0&cDXGF&Ex&Ref_Storage__VertDisplay/NE-Ref_Storage-VertDisplay-Open-Flrsnt-EvapCond/instance-out.sql,CZ02,Gro,0,cDXGF,Ex,Ref_Storage,VertDisplay,NE-Ref_Storage-VertDisplay-Open-Flrsnt-EvapCond,Gro&0&cDXGF&Ex&Ref_Storage__VertDisplay,NE-Ref_Storage-VertDisplay-Open-Flrsnt-EvapCond,264.05,1226454.6,760.96,3534576.27,1226454.6,182814.67,24986.2,249218.65,0.0,177584.03,0.0,151536.95,3.38,0.0,0.0,0.0,62184.07,378126.65,0.0,0.0,24986.2,182814.67,0.0,177584.03,0.0,62184.07,981455.86,244998.74,0.0,0.0,574105810.8569163
runs/CZ02/Gro&0&cDXGF&Ex&Ref_Storage__VertDisplay/NE-Ref_Storage-VertDisplay-Open-Flrsnt-AirCond/instance-out.sql,CZ02,Gro,0,cDXGF,Ex,Ref_Storage,VertDisplay,NE-Ref_Storage-VertDisplay-Open-Flrsnt-AirCond,Gro&0&cDXGF&Ex&Ref_Storage__VertDisplay,NE-Ref_Storage-VertDisplay-Open-Flrsnt-AirCond,419.24,1947321.02,1279.32,5942270.09,1947321.02,182814.67,24986.2,249218.65,0.0,177584.03,0.0,151536.95,3.38,0.0,0.0,0.0,62184.07,1098993.06,0.0,0.0,24986.2,182814.67,0.0,177584.03,0.0,62184.07,1702322.28,244998.74,0.0,0.0,1229339776.6776757
runs/CZ02/Gro&0&cDXGF&Ex&Ref_Storage__VertDisplay/NE-Ref_Storage-VertDisplay-Open-LED-AirCond/instance-out.sql,CZ02,Gro,0,cDXGF,Ex,Ref_Storage,VertDisplay,NE-Ref_Storage-VertDisplay-Open-LED-AirCond,Gro&0&cDXGF&Ex&Ref_Storage__VertDisplay,NE-Ref_Storage-VertDisplay-Open-LED-AirCond,412.84,1917578.27,1254.98,5829204.49,1917578.27,188800.2,24363.33,249218.65,0.0,177584.03,0.0,151503.89,3.38,0.0,0.0,0.0,62184.07,1063920.71,0.0,0.0,24363.33,188800.2,0.0,177584.03,0.0,62184.07,1666594.0,250984.27,0.0,0.0,1219803404.2780895
runs/CZ01/Gro&0&cDXGF&Ex&Ref_Storage__VertDisplay/NE-Ref_Storage-VertDisplay-Open-Flrsnt-AirCond/instance-out.sql,CZ01,Gro,0,cDXGF,Ex,Ref_Storage,VertDisplay,NE-Ref_Storage-VertDisplay-Open-Flrsnt-AirCond,Gro&0&cDXGF&Ex&Ref_Storage__VertDisplay,NE-Ref_Storage-VertDisplay-Open-Flrsnt-AirCond,410.36,1906082.55,1203.74,5591193.72,1906082.5499999998,271789.33,497.43,249218.65,0.0,177584.03,0.0,167697.4,3.38,0.0,0.0,0.0,66249.05,973043.28,0.0,0.0,497.43,271789.33,0.0,177584.03,0.0,66249.05,1568044.17,338038.38,0.0,0.0,1195629074.8728542
runs/CZ01/Gro&0&cDXGF&Ex&Ref_Storage__VertDisplay/NE-Ref_Storage-VertDisplay-Glassdoor-LED-AirCond/instance-out.sql,CZ01,Gro,0,cDXGF,Ex,Ref_Storage,VertDisplay,NE-Ref_Storage-VertDisplay-Glassdoor-LED-AirCond,Gro&0&cDXGF&Ex&Ref_Storage__VertDisplay,NE-Ref_Storage-VertDisplay-Glassdoor-LED-AirCond,308.41,1432525.03,925.75,4299997.02,1432525.04,145105.78,1127.17,249218.65,0.0,177584.03,0.0,174372.42,3.38,0.0,0.0,0.0,66249.04,618864.57,0.0,0.0,1127.17,145105.78,0.0,177584.03,0.0,66249.04,1221170.22,211354.82,0.0,0.0,812373380.9396534
runs/CZ01/Gro&0&cDXGF&Ex&Ref_Storage__VertDisplay/NE-Ref_Storage-VertDisplay-Open-LED-AirCond/instance-out.sql,CZ01,Gro,0,cDXGF,Ex,Ref_Storage,VertDisplay,NE-Ref_Storage-VertDisplay-Open-LED-AirCond,Gro&0&cDXGF&Ex&Ref_Storage__VertDisplay,NE-Ref_Storage-VertDisplay-Open-LED-AirCond,403.84,1875790.83,1177.35,5468635.98,1875790.83,281114.84,474.52,249218.65,0.0,177584.03,0.0,167411.34,3.38,0.0,0.0,0.0,66249.05,933735.02,0.0,0.0,474.52,281114.84,0.0,177584.03,0.0,66249.05,1528426.94,347363.89,0.0,0.0,1180084532.0668926
runs/CZ01/Gro&0&cDXGF&Ex&Ref_Storage__VertDisplay/NE-Ref_Storage-VertDisplay-Glassdoor-LED-EvapCond/instance-out.sql,CZ01,Gro,0,cDXGF,Ex,Ref_Storage,VertDisplay,NE-Ref_Storage-VertDisplay-Glassdoor-LED-EvapCond,Gro&0&cDXGF&Ex&Ref_Storage__VertDisplay,NE-Ref_Storage-VertDisplay-Glassdoor-LED-EvapCond,248.17,1152725.27,724.56,3365465.81,1152725.27,145105.78,1127.17,249218.65,0.0,177584.03,0.0,174372.42,3.38,0.0,0.0,0.0,66249.04,339064.8,0.0,0.0,1127.17,145105.78,0.0,177584.03,0.0,66249.04,941370.45,211354.82,0.0,0.0,561250329.4866889
runs/CZ01/Gro&0&cDXGF&Ex&Ref_Storage__VertDisplay/NE-Ref_Storage-VertDisplay-Open-Flrsnt-EvapCond/instance-out.sql,CZ01,Gro,0,cDXGF,Ex,Ref_Storage,VertDisplay,NE-Ref_Storage-VertDisplay-Open-Flrsnt-EvapCond,Gro&0&cDXGF&Ex&Ref_Storage__VertDisplay,NE-Ref_Storage-VertDisplay-Open-Flrsnt-EvapCond,283.42,1316458.79,779.75,3621850.33,1316458.78,271789.33,497.43,249218.65,0.0,177584.03,0.0,167697.4,3.38,0.0,0.0,0.0,66249.05,383419.51,0.0,0.0,497.43,271789.33,0.0,177584.03,0.0,66249.05,978420.4,338038.38,0.0,0.0,582142664.2467542
runs/CZ01/Gro&0&cDXGF&Ex&Ref_Storage__VertDisplay/NE-Ref_Storage-VertDisplay-Open-LED-EvapCond/instance-out.sql,CZ01,Gro,0,cDXGF,Ex,Ref_Storage,VertDisplay,NE-Ref_Storage-VertDisplay-Open-LED-EvapCond,Gro&0&cDXGF&Ex&Ref_Storage__VertDisplay,NE-Ref_Storage-VertDisplay-Open-LED-EvapCond,280.85,1304515.61,766.56,3560576.72,1304515.6,281114.84,474.52,249218.65,0.0,177584.03,0.0,167411.34,3.38,0.0,0.0,0.0,66249.05,362459.79,0.0,0.0,474.52,281114.84,0.0,177584.03,0.0,66249.05,957151.71,347363.89,0.0,0.0,574511169.4341055
