File Name,Net Site EUI (kWh/m2),Net Site Energy (kWh),Net Source EUI (kWh/m2),Net Source Energy (kWh)
CZ01/Htl&0&cDXGF&New&dxAC_equip/NE-dxAC-PkgAC-65to134-New-EER-11.0/instance-out.sql,41.21,524967.53,125.10,1593596.88
CZ01/Htl&0&cDXGF&New&dxAC_equip/NE-dxAC-PkgAC-65to134-New-EER-12.0/instance-out.sql,41.20,524880.87,125.08,1593307.45
CZ01/Htl&0&cDXGF&New&dxAC_equip/NE-dxAC-PkgAC-65to134-New-EER-13.0/instance-out.sql,41.20,524862.75,125.07,1593246.91
CZ01/Htl&0&cDXGF&New&dxAC_equip/NE-dxAC-PkgAC-135to240-New-EER-10.8/instance-out.sql,41.21,524966.68,125.10,1593594.05
CZ01/Htl&0&cDXGF&New&dxAC_equip/NE-dxAC-PkgAC-135to240-New-EER-12.0/instance-out.sql,41.20,524876.39,125.08,1593292.49
CZ01/Htl&0&cDXGF&New&dxAC_equip/NE-dxAC-PkgAC-135to240-New-EER-12.5/instance-out.sql,41.20,524867.11,125.07,1593261.50
CZ02/Htl&0&cDXGF&New&dxAC_equip/NE-dxAC-PkgAC-65to134-New-EER-11.0/instance-out.sql,44.07,561360.06,137.24,1748248.59
CZ02/Htl&0&cDXGF&New&dxAC_equip/NE-dxAC-PkgAC-65to134-New-EER-12.0/instance-out.sql,43.61,555590.73,135.73,1728979.01
CZ02/Htl&0&cDXGF&New&dxAC_equip/NE-dxAC-PkgAC-65to134-New-EER-13.0/instance-out.sql,43.52,554383.95,135.41,1724948.38
CZ02/Htl&0&cDXGF&New&dxAC_equip/NE-dxAC-PkgAC-135to240-New-EER-10.8/instance-out.sql,44.06,561303.52,137.23,1748059.75
CZ02/Htl&0&cDXGF&New&dxAC_equip/NE-dxAC-PkgAC-135to240-New-EER-12.0/instance-out.sql,43.59,555292.57,135.65,1727983.18
CZ02/Htl&0&cDXGF&New&dxAC_equip/NE-dxAC-PkgAC-135to240-New-EER-12.5/instance-out.sql,43.54,554674.73,135.49,1725919.59
CZ03/Htl&0&cDXGF&New&dxAC_equip/NE-dxAC-PkgAC-65to134-New-EER-11.0/instance-out.sql,41.99,534910.37,131.84,1679512.96
CZ03/Htl&0&cDXGF&New&dxAC_equip/NE-dxAC-PkgAC-65to134-New-EER-12.0/instance-out.sql,41.80,532484.86,131.21,1671411.76
CZ03/Htl&0&cDXGF&New&dxAC_equip/NE-dxAC-PkgAC-65to134-New-EER-13.0/instance-out.sql,41.76,531977.51,131.08,1669717.23
CZ03/Htl&0&cDXGF&New&dxAC_equip/NE-dxAC-PkgAC-135to240-New-EER-10.8/instance-out.sql,41.99,534886.60,131.84,1679433.57
CZ03/Htl&0&cDXGF&New&dxAC_equip/NE-dxAC-PkgAC-135to240-New-EER-12.0/instance-out.sql,41.79,532359.51,131.18,1670993.10
CZ03/Htl&0&cDXGF&New&dxAC_equip/NE-dxAC-PkgAC-135to240-New-EER-12.5/instance-out.sql,41.77,532099.76,131.11,1670125.54
CZ04/Htl&0&cDXGF&New&dxAC_equip/NE-dxAC-PkgAC-65to134-New-EER-11.0/instance-out.sql,44.27,563935.87,139.78,1780618.38
CZ04/Htl&0&cDXGF&New&dxAC_equip/NE-dxAC-PkgAC-65to134-New-EER-12.0/instance-out.sql,43.72,556900.97,137.94,1757121.82
CZ04/Htl&0&cDXGF&New&dxAC_equip/NE-dxAC-PkgAC-65to134-New-EER-13.0/instance-out.sql,43.60,555429.48,137.55,1752207.02
CZ04/Htl&0&cDXGF&New&dxAC_equip/NE-dxAC-PkgAC-135to240-New-EER-10.8/instance-out.sql,44.26,563866.93,139.76,1780388.11
CZ04/Htl&0&cDXGF&New&dxAC_equip/NE-dxAC-PkgAC-135to240-New-EER-12.0/instance-out.sql,43.69,556537.42,137.84,1755907.54
CZ04/Htl&0&cDXGF&New&dxAC_equip/NE-dxAC-PkgAC-135to240-New-EER-12.5/instance-out.sql,43.63,555784.04,137.64,1753391.28
CZ05/Htl&0&cDXGF&New&dxAC_equip/NE-dxAC-PkgAC-65to134-New-EER-11.0/instance-out.sql,42.35,539471.39,133.24,1697333.36
CZ05/Htl&0&cDXGF&New&dxAC_equip/NE-dxAC-PkgAC-65to134-New-EER-12.0/instance-out.sql,42.07,535849.47,132.29,1685236.12
CZ05/Htl&0&cDXGF&New&dxAC_equip/NE-dxAC-PkgAC-65to134-New-EER-13.0/instance-out.sql,42.01,535091.86,132.10,1682705.73
CZ05/Htl&0&cDXGF&New&dxAC_equip/NE-dxAC-PkgAC-135to240-New-EER-10.8/instance-out.sql,42.35,539435.90,133.23,1697214.81
CZ05/Htl&0&cDXGF&New&dxAC_equip/NE-dxAC-PkgAC-135to240-New-EER-12.0/instance-out.sql,42.05,535662.29,132.24,1684610.95
CZ05/Htl&0&cDXGF&New&dxAC_equip/NE-dxAC-PkgAC-135to240-New-EER-12.5/instance-out.sql,42.02,535274.41,132.14,1683315.45
CZ06/Htl&0&cDXGF&New&dxAC_equip/NE-dxAC-PkgAC-65to134-New-EER-11.0/instance-out.sql,43.75,557348.45,139.37,1775403.46
CZ06/Htl&0&cDXGF&New&dxAC_equip/NE-dxAC-PkgAC-65to134-New-EER-12.0/instance-out.sql,43.28,551329.12,137.79,1755298.87
CZ06/Htl&0&cDXGF&New&dxAC_equip/NE-dxAC-PkgAC-65to134-New-EER-13.0/instance-out.sql,43.18,550070.05,137.46,1751093.58
CZ06/Htl&0&cDXGF&New&dxAC_equip/NE-dxAC-PkgAC-135to240-New-EER-10.8/instance-out.sql,43.75,557289.46,139.36,1775206.43
CZ06/Htl&0&cDXGF&New&dxAC_equip/NE-dxAC-PkgAC-135to240-New-EER-12.0/instance-out.sql,43.26,551018.04,137.71,1754259.89
CZ06/Htl&0&cDXGF&New&dxAC_equip/NE-dxAC-PkgAC-135to240-New-EER-12.5/instance-out.sql,43.21,550373.43,137.54,1752106.88
CZ07/Htl&0&cDXGF&New&dxAC_equip/NE-dxAC-PkgAC-65to134-New-EER-11.0/instance-out.sql,44.36,565125.58,141.45,1801855.58
CZ07/Htl&0&cDXGF&New&dxAC_equip/NE-dxAC-PkgAC-65to134-New-EER-12.0/instance-out.sql,43.72,556900.15,139.29,1774382.66
CZ07/Htl&0&cDXGF&New&dxAC_equip/NE-dxAC-PkgAC-65to134-New-EER-13.0/instance-out.sql,43.58,555179.63,138.84,1768636.13
CZ07/Htl&0&cDXGF&New&dxAC_equip/NE-dxAC-PkgAC-135to240-New-EER-10.8/instance-out.sql,44.36,565044.97,141.43,1801586.35
CZ07/Htl&0&cDXGF&New&dxAC_equip/NE-dxAC-PkgAC-135to240-New-EER-12.0/instance-out.sql,43.68,556475.07,139.18,1772962.89
CZ07/Htl&0&cDXGF&New&dxAC_equip/NE-dxAC-PkgAC-135to240-New-EER-12.5/instance-out.sql,43.62,555594.21,138.95,1770020.80
CZ08/Htl&0&cDXGF&New&dxAC_equip/NE-dxAC-PkgAC-65to134-New-EER-11.0/instance-out.sql,45.42,578612.63,144.85,1845194.74
CZ08/Htl&0&cDXGF&New&dxAC_equip/NE-dxAC-PkgAC-65to134-New-EER-12.0/instance-out.sql,44.64,568651.85,142.24,1811925.76
CZ08/Htl&0&cDXGF&New&dxAC_equip/NE-dxAC-PkgAC-65to134-New-EER-13.0/instance-out.sql,44.48,566568.35,141.69,1804966.86
CZ08/Htl&0&cDXGF&New&dxAC_equip/NE-dxAC-PkgAC-135to240-New-EER-10.8/instance-out.sql,45.41,578515.01,144.83,1844868.70
CZ08/Htl&0&cDXGF&New&dxAC_equip/NE-dxAC-PkgAC-135to240-New-EER-12.0/instance-out.sql,44.60,568137.09,142.10,1810206.45
CZ08/Htl&0&cDXGF&New&dxAC_equip/NE-dxAC-PkgAC-135to240-New-EER-12.5/instance-out.sql,44.52,567070.39,141.82,1806643.65
CZ09/Htl&0&cDXGF&New&dxAC_equip/NE-dxAC-PkgAC-65to134-New-EER-11.0/instance-out.sql,46.09,587119.98,147.17,1874700.45
CZ09/Htl&0&cDXGF&New&dxAC_equip/NE-dxAC-PkgAC-65to134-New-EER-12.0/instance-out.sql,45.20,575789.96,144.20,1836858.21
CZ09/Htl&0&cDXGF&New&dxAC_equip/NE-dxAC-PkgAC-65to134-New-EER-13.0/instance-out.sql,45.01,573420.06,143.58,1828942.72
CZ09/Htl&0&cDXGF&New&dxAC_equip/NE-dxAC-PkgAC-135to240-New-EER-10.8/instance-out.sql,46.08,587008.94,147.14,1874329.60
CZ09/Htl&0&cDXGF&New&dxAC_equip/NE-dxAC-PkgAC-135to240-New-EER-12.0/instance-out.sql,45.15,575204.44,144.04,1834902.56
CZ09/Htl&0&cDXGF&New&dxAC_equip/NE-dxAC-PkgAC-135to240-New-EER-12.5/instance-out.sql,45.06,573991.10,143.72,1830850.01
CZ10/Htl&0&cDXGF&New&dxAC_equip/NE-dxAC-PkgAC-65to134-New-EER-11.0/instance-out.sql,48.98,623958.99,156.23,1990091.36
CZ10/Htl&0&cDXGF&New&dxAC_equip/NE-dxAC-PkgAC-65to134-New-EER-12.0/instance-out.sql,47.68,607322.88,151.86,1934526.76
CZ10/Htl&0&cDXGF&New&dxAC_equip/NE-dxAC-PkgAC-65to134-New-EER-13.0/instance-out.sql,47.40,603843.09,150.95,1922904.27
CZ10/Htl&0&cDXGF&New&dxAC_equip/NE-dxAC-PkgAC-135to240-New-EER-10.8/instance-out.sql,48.97,623795.95,156.18,1989546.82
CZ10/Htl&0&cDXGF&New&dxAC_equip/NE-dxAC-PkgAC-135to240-New-EER-12.0/instance-out.sql,47.61,606463.14,151.64,1931655.25
CZ10/Htl&0&cDXGF&New&dxAC_equip/NE-dxAC-PkgAC-135to240-New-EER-12.5/instance-out.sql,47.47,604681.57,151.17,1925704.80
CZ11/Htl&0&cDXGF&New&dxAC_equip/NE-dxAC-PkgAC-65to134-New-EER-11.0/instance-out.sql,50.08,637890.34,157.41,2005199.95
CZ11/Htl&0&cDXGF&New&dxAC_equip/NE-dxAC-PkgAC-65to134-New-EER-12.0/instance-out.sql,48.68,620127.69,152.75,1945872.70
CZ11/Htl&0&cDXGF&New&dxAC_equip/NE-dxAC-PkgAC-65to134-New-EER-13.0/instance-out.sql,48.39,616412.27,151.78,1933463.17
CZ11/Htl&0&cDXGF&New&dxAC_equip/NE-dxAC-PkgAC-135to240-New-EER-10.8/instance-out.sql,50.06,637716.27,157.37,2004618.54
CZ11/Htl&0&cDXGF&New&dxAC_equip/NE-dxAC-PkgAC-135to240-New-EER-12.0/instance-out.sql,48.61,619209.74,152.51,1942806.73
CZ11/Htl&0&cDXGF&New&dxAC_equip/NE-dxAC-PkgAC-135to240-New-EER-12.5/instance-out.sql,48.46,617307.52,152.02,1936453.34
CZ12/Htl&0&cDXGF&New&dxAC_equip/NE-dxAC-PkgAC-65to134-New-EER-11.0/instance-out.sql,47.86,609674.80,150.02,1911077.99
CZ12/Htl&0&cDXGF&New&dxAC_equip/NE-dxAC-PkgAC-65to134-New-EER-12.0/instance-out.sql,46.76,595635.81,146.34,1864187.75
CZ12/Htl&0&cDXGF&New&dxAC_equip/NE-dxAC-PkgAC-65to134-New-EER-13.0/instance-out.sql,46.53,592699.26,145.57,1854379.69
CZ12/Htl&0&cDXGF&New&dxAC_equip/NE-dxAC-PkgAC-135to240-New-EER-10.8/instance-out.sql,47.85,609537.22,149.99,1910618.46
CZ12/Htl&0&cDXGF&New&dxAC_equip/NE-dxAC-PkgAC-135to240-New-EER-12.0/instance-out.sql,46.70,594910.29,146.15,1861764.52
CZ12/Htl&0&cDXGF&New&dxAC_equip/NE-dxAC-PkgAC-135to240-New-EER-12.5/instance-out.sql,46.58,593406.85,145.76,1856743.01
CZ13/Htl&0&cDXGF&New&dxAC_equip/NE-dxAC-PkgAC-65to134-New-EER-11.0/instance-out.sql,50.71,645947.64,160.22,2040977.70
CZ13/Htl&0&cDXGF&New&dxAC_equip/NE-dxAC-PkgAC-65to134-New-EER-12.0/instance-out.sql,49.19,626626.00,155.15,1976443.39
CZ13/Htl&0&cDXGF&New&dxAC_equip/NE-dxAC-PkgAC-65to134-New-EER-13.0/instance-out.sql,48.87,622584.47,154.09,1962944.70
CZ13/Htl&0&cDXGF&New&dxAC_equip/NE-dxAC-PkgAC-135to240-New-EER-10.8/instance-out.sql,50.69,645758.29,160.17,2040345.26
CZ13/Htl&0&cDXGF&New&dxAC_equip/NE-dxAC-PkgAC-135to240-New-EER-12.0/instance-out.sql,49.11,625627.48,154.89,1973108.33
CZ13/Htl&0&cDXGF&New&dxAC_equip/NE-dxAC-PkgAC-135to240-New-EER-12.5/instance-out.sql,48.95,623558.31,154.35,1966197.31
CZ14/Htl&0&cDXGF&New&dxAC_equip/NE-dxAC-PkgAC-65to134-New-EER-11.0/instance-out.sql,53.63,683223.47,171.47,2184272.50
CZ14/Htl&0&cDXGF&New&dxAC_equip/NE-dxAC-PkgAC-65to134-New-EER-12.0/instance-out.sql,51.64,657820.73,164.81,2099427.34
CZ14/Htl&0&cDXGF&New&dxAC_equip/NE-dxAC-PkgAC-65to134-New-EER-13.0/instance-out.sql,51.22,652507.22,163.42,2081680.22
CZ14/Htl&0&cDXGF&New&dxAC_equip/NE-dxAC-PkgAC-135to240-New-EER-10.8/instance-out.sql,53.61,682974.53,171.40,2183441.02
CZ14/Htl&0&cDXGF&New&dxAC_equip/NE-dxAC-PkgAC-135to240-New-EER-12.0/instance-out.sql,51.54,656507.95,164.46,2095042.64
CZ14/Htl&0&cDXGF&New&dxAC_equip/NE-dxAC-PkgAC-135to240-New-EER-12.5/instance-out.sql,51.32,653787.55,163.75,2085956.51
CZ15/Htl&0&cDXGF&New&dxAC_equip/NE-dxAC-PkgAC-65to134-New-EER-11.0/instance-out.sql,57.01,726231.96,183.88,2342410.51
CZ15/Htl&0&cDXGF&New&dxAC_equip/NE-dxAC-PkgAC-65to134-New-EER-12.0/instance-out.sql,54.30,691760.57,174.85,2227276.06
CZ15/Htl&0&cDXGF&New&dxAC_equip/NE-dxAC-PkgAC-65to134-New-EER-13.0/instance-out.sql,53.74,684550.16,172.95,2203193.31
CZ15/Htl&0&cDXGF&New&dxAC_equip/NE-dxAC-PkgAC-135to240-New-EER-10.8/instance-out.sql,56.98,725894.14,183.79,2341282.19
CZ15/Htl&0&cDXGF&New&dxAC_equip/NE-dxAC-PkgAC-135to240-New-EER-12.0/instance-out.sql,54.16,689979.12,174.38,2221326.04
CZ15/Htl&0&cDXGF&New&dxAC_equip/NE-dxAC-PkgAC-135to240-New-EER-12.5/instance-out.sql,53.87,686287.56,173.41,2208996.22
CZ16/Htl&0&cDXGF&New&dxAC_equip/NE-dxAC-PkgAC-65to134-New-EER-11.0/instance-out.sql,51.64,657763.16,160.48,2044248.69
CZ16/Htl&0&cDXGF&New&dxAC_equip/NE-dxAC-PkgAC-65to134-New-EER-12.0/instance-out.sql,50.34,641270.10,156.15,1989161.87
CZ16/Htl&0&cDXGF&New&dxAC_equip/NE-dxAC-PkgAC-65to134-New-EER-13.0/instance-out.sql,50.07,637820.24,155.25,1977639.31
CZ16/Htl&0&cDXGF&New&dxAC_equip/NE-dxAC-PkgAC-135to240-New-EER-10.8/instance-out.sql,51.62,657601.53,160.43,2043708.83
CZ16/Htl&0&cDXGF&New&dxAC_equip/NE-dxAC-PkgAC-135to240-New-EER-12.0/instance-out.sql,50.27,640417.76,155.93,1986315.04
CZ16/Htl&0&cDXGF&New&dxAC_equip/NE-dxAC-PkgAC-135to240-New-EER-12.5/instance-out.sql,50.14,638651.51,155.47,1980415.76

File Name,Total (kWh),Heating (kWh),Cooling (kWh),Interior Lighting (kWh),Exterior Lighting (kWh),Interior Equipment (kWh),Exterior Equipment (kWh),Fans (kWh),Pumps (kWh),Heat Rejection (kWh),Humidification (kWh),Heat Recovery (kWh),Water Systems (kWh),Refrigeration (kWh),Generators (kWh),Heating Elec (kWh),Cooling Elec (kWh),Heating NG (kWh),Cooling NG (kWh),Interior Equipment Elec (kWh),Interior Equipment NG (kWh)
CZ01/Htl&0&cDXGF&New&dxAC_equip/NE-dxAC-PkgAC-65to134-New-EER-11.0/instance-out.sql,524967.52,30823.78,15082.65,125722.95,0.0,205621.82,0.0,134840.97,0.0,0.0,0.0,0.0,12875.36,0.0,0.0,0.00,15082.65,30823.78,0.00,179632.92,25988.90
CZ01/Htl&0&cDXGF&New&dxAC_equip/NE-dxAC-PkgAC-65to134-New-EER-12.0/instance-out.sql,524880.87,30823.78,14995.99,125722.95,0.0,205621.82,0.0,134840.97,0.0,0.0,0.0,0.0,12875.36,0.0,0.0,0.00,14995.99,30823.78,0.00,179632.92,25988.90
CZ01/Htl&0&cDXGF&New&dxAC_equip/NE-dxAC-PkgAC-65to134-New-EER-13.0/instance-out.sql,524862.74,30823.78,14977.87,125722.95,0.0,205621.82,0.0,134840.97,0.0,0.0,0.0,0.0,12875.36,0.0,0.0,0.00,14977.87,30823.78,0.00,179632.92,25988.90
CZ01/Htl&0&cDXGF&New&dxAC_equip/NE-dxAC-PkgAC-135to240-New-EER-10.8/instance-out.sql,524966.68,30823.78,15081.8,125722.95,0.0,205621.82,0.0,134840.97,0.0,0.0,0.0,0.0,12875.36,0.0,0.0,0.00,15081.80,30823.78,0.00,179632.92,25988.90
CZ01/Htl&0&cDXGF&New&dxAC_equip/NE-dxAC-PkgAC-135to240-New-EER-12.0/instance-out.sql,524876.39,30823.78,14991.52,125722.95,0.0,205621.82,0.0,134840.97,0.0,0.0,0.0,0.0,12875.36,0.0,0.0,0.00,14991.52,30823.78,0.00,179632.92,25988.90
CZ01/Htl&0&cDXGF&New&dxAC_equip/NE-dxAC-PkgAC-135to240-New-EER-12.5/instance-out.sql,524867.11,30823.78,14982.24,125722.95,0.0,205621.82,0.0,134840.97,0.0,0.0,0.0,0.0,12875.36,0.0,0.0,0.00,14982.24,30823.78,0.00,179632.92,25988.90
CZ02/Htl&0&cDXGF&New&dxAC_equip/NE-dxAC-PkgAC-65to134-New-EER-11.0/instance-out.sql,561360.0599999999,17406.21,51417.1,125722.95,0.0,205621.82,0.0,149334.58,0.0,0.0,0.0,0.0,11857.41,0.0,0.0,0.00,51417.10,17406.21,0.00,179632.92,25988.90
CZ02/Htl&0&cDXGF&New&dxAC_equip/NE-dxAC-PkgAC-65to134-New-EER-12.0/instance-out.sql,555590.72,17406.21,45647.77,125722.95,0.0,205621.82,0.0,149334.58,0.0,0.0,0.0,0.0,11857.41,0.0,0.0,0.00,45647.77,17406.21,0.00,179632.92,25988.90
CZ02/Htl&0&cDXGF&New&dxAC_equip/NE-dxAC-PkgAC-65to134-New-EER-13.0/instance-out.sql,554383.95,17406.21,44440.99,125722.95,0.0,205621.82,0.0,149334.58,0.0,0.0,0.0,0.0,11857.41,0.0,0.0,0.00,44440.99,17406.21,0.00,179632.92,25988.90
CZ02/Htl&0&cDXGF&New&dxAC_equip/NE-dxAC-PkgAC-135to240-New-EER-10.8/instance-out.sql,561303.52,17406.21,51360.57,125722.95,0.0,205621.82,0.0,149334.58,0.0,0.0,0.0,0.0,11857.41,0.0,0.0,0.00,51360.57,17406.21,0.00,179632.92,25988.90
CZ02/Htl&0&cDXGF&New&dxAC_equip/NE-dxAC-PkgAC-135to240-New-EER-12.0/instance-out.sql,555292.57,17406.21,45349.62,125722.95,0.0,205621.82,0.0,149334.58,0.0,0.0,0.0,0.0,11857.41,0.0,0.0,0.00,45349.62,17406.21,0.00,179632.92,25988.90
CZ02/Htl&0&cDXGF&New&dxAC_equip/NE-dxAC-PkgAC-135to240-New-EER-12.5/instance-out.sql,554674.73,17406.21,44731.78,125722.95,0.0,205621.82,0.0,149334.58,0.0,0.0,0.0,0.0,11857.41,0.0,0.0,0.00,44731.78,17406.21,0.00,179632.92,25988.90
CZ03/Htl&0&cDXGF&New&dxAC_equip/NE-dxAC-PkgAC-65to134-New-EER-11.0/instance-out.sql,534910.37,8880.4,36021.47,125722.95,0.0,205621.82,0.0,146831.04,0.0,0.0,0.0,0.0,11832.7,0.0,0.0,0.00,36021.47,8880.40,0.00,179632.92,25988.90
CZ03/Htl&0&cDXGF&New&dxAC_equip/NE-dxAC-PkgAC-65to134-New-EER-12.0/instance-out.sql,532484.86,8880.4,33595.96,125722.95,0.0,205621.82,0.0,146831.04,0.0,0.0,0.0,0.0,11832.7,0.0,0.0,0.00,33595.96,8880.40,0.00,179632.92,25988.90
CZ03/Htl&0&cDXGF&New&dxAC_equip/NE-dxAC-PkgAC-65to134-New-EER-13.0/instance-out.sql,531977.51,8880.4,33088.61,125722.95,0.0,205621.82,0.0,146831.04,0.0,0.0,0.0,0.0,11832.7,0.0,0.0,0.00,33088.61,8880.40,0.00,179632.92,25988.90
CZ03/Htl&0&cDXGF&New&dxAC_equip/NE-dxAC-PkgAC-135to240-New-EER-10.8/instance-out.sql,534886.6,8880.4,35997.7,125722.95,0.0,205621.82,0.0,146831.04,0.0,0.0,0.0,0.0,11832.7,0.0,0.0,0.00,35997.70,8880.40,0.00,179632.92,25988.90
CZ03/Htl&0&cDXGF&New&dxAC_equip/NE-dxAC-PkgAC-135to240-New-EER-12.0/instance-out.sql,532359.51,8880.4,33470.61,125722.95,0.0,205621.82,0.0,146831.04,0.0,0.0,0.0,0.0,11832.7,0.0,0.0,0.00,33470.61,8880.40,0.00,179632.92,25988.90
CZ03/Htl&0&cDXGF&New&dxAC_equip/NE-dxAC-PkgAC-135to240-New-EER-12.5/instance-out.sql,532099.76,8880.4,33210.86,125722.95,0.0,205621.82,0.0,146831.04,0.0,0.0,0.0,0.0,11832.7,0.0,0.0,0.00,33210.86,8880.40,0.00,179632.92,25988.90
CZ04/Htl&0&cDXGF&New&dxAC_equip/NE-dxAC-PkgAC-65to134-New-EER-11.0/instance-out.sql,563935.87,7435.58,61898.27,125722.95,0.0,205621.82,0.0,151794.06,0.0,0.0,0.0,0.0,11463.2,0.0,0.0,0.00,61898.27,7435.58,0.00,179632.92,25988.90
CZ04/Htl&0&cDXGF&New&dxAC_equip/NE-dxAC-PkgAC-65to134-New-EER-12.0/instance-out.sql,556900.97,7435.58,54863.37,125722.95,0.0,205621.82,0.0,151794.06,0.0,0.0,0.0,0.0,11463.2,0.0,0.0,0.00,54863.37,7435.58,0.00,179632.92,25988.90
CZ04/Htl&0&cDXGF&New&dxAC_equip/NE-dxAC-PkgAC-65to134-New-EER-13.0/instance-out.sql,555429.48,7435.58,53391.88,125722.95,0.0,205621.82,0.0,151794.06,0.0,0.0,0.0,0.0,11463.2,0.0,0.0,0.00,53391.88,7435.58,0.00,179632.92,25988.90
CZ04/Htl&0&cDXGF&New&dxAC_equip/NE-dxAC-PkgAC-135to240-New-EER-10.8/instance-out.sql,563866.93,7435.58,61829.33,125722.95,0.0,205621.82,0.0,151794.06,0.0,0.0,0.0,0.0,11463.2,0.0,0.0,0.00,61829.33,7435.58,0.00,179632.92,25988.90
CZ04/Htl&0&cDXGF&New&dxAC_equip/NE-dxAC-PkgAC-135to240-New-EER-12.0/instance-out.sql,556537.42,7435.58,54499.82,125722.95,0.0,205621.82,0.0,151794.06,0.0,0.0,0.0,0.0,11463.2,0.0,0.0,0.00,54499.82,7435.58,0.00,179632.92,25988.90
CZ04/Htl&0&cDXGF&New&dxAC_equip/NE-dxAC-PkgAC-135to240-New-EER-12.5/instance-out.sql,555784.04,7435.58,53746.45,125722.95,0.0,205621.82,0.0,151794.06,0.0,0.0,0.0,0.0,11463.2,0.0,0.0,0.00,53746.45,7435.58,0.00,179632.92,25988.90
CZ05/Htl&0&cDXGF&New&dxAC_equip/NE-dxAC-PkgAC-65to134-New-EER-11.0/instance-out.sql,539471.39,7775.53,43131.27,125722.95,0.0,205621.82,0.0,145410.29,0.0,0.0,0.0,0.0,11809.54,0.0,0.0,0.00,43131.27,7775.53,0.00,179632.92,25988.90
CZ05/Htl&0&cDXGF&New&dxAC_equip/NE-dxAC-PkgAC-65to134-New-EER-12.0/instance-out.sql,535849.46,7775.53,39509.34,125722.95,0.0,205621.82,0.0,145410.29,0.0,0.0,0.0,0.0,11809.54,0.0,0.0,0.00,39509.34,7775.53,0.00,179632.92,25988.90
CZ05/Htl&0&cDXGF&New&dxAC_equip/NE-dxAC-PkgAC-65to134-New-EER-13.0/instance-out.sql,535091.86,7775.53,38751.74,125722.95,0.0,205621.82,0.0,145410.29,0.0,0.0,0.0,0.0,11809.54,0.0,0.0,0.00,38751.74,7775.53,0.00,179632.92,25988.90
CZ05/Htl&0&cDXGF&New&dxAC_equip/NE-dxAC-PkgAC-135to240-New-EER-10.8/instance-out.sql,539435.9,7775.53,43095.77,125722.95,0.0,205621.82,0.0,145410.29,0.0,0.0,0.0,0.0,11809.54,0.0,0.0,0.00,43095.77,7775.53,0.00,179632.92,25988.90
CZ05/Htl&0&cDXGF&New&dxAC_equip/NE-dxAC-PkgAC-135to240-New-EER-12.0/instance-out.sql,535662.29,7775.53,39322.16,125722.95,0.0,205621.82,0.0,145410.29,0.0,0.0,0.0,0.0,11809.54,0.0,0.0,0.00,39322.16,7775.53,0.00,179632.92,25988.90
CZ05/Htl&0&cDXGF&New&dxAC_equip/NE-dxAC-PkgAC-135to240-New-EER-12.5/instance-out.sql,535274.41,7775.53,38934.29,125722.95,0.0,205621.82,0.0,145410.29,0.0,0.0,0.0,0.0,11809.54,0.0,0.0,0.00,38934.29,7775.53,0.00,179632.92,25988.90
CZ06/Htl&0&cDXGF&New&dxAC_equip/NE-dxAC-PkgAC-65to134-New-EER-11.0/instance-out.sql,557348.4500000001,579.24,63681.12,125722.95,0.0,205621.82,0.0,150744.8,0.0,0.0,0.0,0.0,10998.54,0.0,0.0,0.00,63681.12,579.24,0.00,179632.92,25988.90
CZ06/Htl&0&cDXGF&New&dxAC_equip/NE-dxAC-PkgAC-65to134-New-EER-12.0/instance-out.sql,551329.12,579.24,57661.78,125722.95,0.0,205621.82,0.0,150744.8,0.0,0.0,0.0,0.0,10998.54,0.0,0.0,0.00,57661.78,579.24,0.00,179632.92,25988.90
CZ06/Htl&0&cDXGF&New&dxAC_equip/NE-dxAC-PkgAC-65to134-New-EER-13.0/instance-out.sql,550070.05,579.24,56402.71,125722.95,0.0,205621.82,0.0,150744.8,0.0,0.0,0.0,0.0,10998.54,0.0,0.0,0.00,56402.71,579.24,0.00,179632.92,25988.90
CZ06/Htl&0&cDXGF&New&dxAC_equip/NE-dxAC-PkgAC-135to240-New-EER-10.8/instance-out.sql,557289.46,579.24,63622.13,125722.95,0.0,205621.82,0.0,150744.8,0.0,0.0,0.0,0.0,10998.54,0.0,0.0,0.00,63622.13,579.24,0.00,179632.92,25988.90
CZ06/Htl&0&cDXGF&New&dxAC_equip/NE-dxAC-PkgAC-135to240-New-EER-12.0/instance-out.sql,551018.04,579.24,57350.71,125722.95,0.0,205621.82,0.0,150744.8,0.0,0.0,0.0,0.0,10998.54,0.0,0.0,0.00,57350.71,579.24,0.00,179632.92,25988.90
CZ06/Htl&0&cDXGF&New&dxAC_equip/NE-dxAC-PkgAC-135to240-New-EER-12.5/instance-out.sql,550373.43,579.24,56706.09,125722.95,0.0,205621.82,0.0,150744.8,0.0,0.0,0.0,0.0,10998.54,0.0,0.0,0.00,56706.09,579.24,0.00,179632.92,25988.90
CZ07/Htl&0&cDXGF&New&dxAC_equip/NE-dxAC-PkgAC-65to134-New-EER-11.0/instance-out.sql,565125.58,525.75,73099.68,125722.95,0.0,205621.82,0.0,149311.18,0.0,0.0,0.0,0.0,10844.21,0.0,0.0,0.00,73099.68,525.75,0.00,179632.92,25988.90
CZ07/Htl&0&cDXGF&New&dxAC_equip/NE-dxAC-PkgAC-65to134-New-EER-12.0/instance-out.sql,556900.15,525.75,64874.25,125722.95,0.0,205621.82,0.0,149311.18,0.0,0.0,0.0,0.0,10844.21,0.0,0.0,0.00,64874.25,525.75,0.00,179632.92,25988.90
CZ07/Htl&0&cDXGF&New&dxAC_equip/NE-dxAC-PkgAC-65to134-New-EER-13.0/instance-out.sql,555179.63,525.75,63153.73,125722.95,0.0,205621.82,0.0,149311.18,0.0,0.0,0.0,0.0,10844.21,0.0,0.0,0.00,63153.73,525.75,0.00,179632.92,25988.90
CZ07/Htl&0&cDXGF&New&dxAC_equip/NE-dxAC-PkgAC-135to240-New-EER-10.8/instance-out.sql,565044.97,525.75,73019.07,125722.95,0.0,205621.82,0.0,149311.18,0.0,0.0,0.0,0.0,10844.21,0.0,0.0,0.00,73019.07,525.75,0.00,179632.92,25988.90
CZ07/Htl&0&cDXGF&New&dxAC_equip/NE-dxAC-PkgAC-135to240-New-EER-12.0/instance-out.sql,556475.07,525.75,64449.17,125722.95,0.0,205621.82,0.0,149311.18,0.0,0.0,0.0,0.0,10844.21,0.0,0.0,0.00,64449.17,525.75,0.00,179632.92,25988.90
CZ07/Htl&0&cDXGF&New&dxAC_equip/NE-dxAC-PkgAC-135to240-New-EER-12.5/instance-out.sql,555594.2,525.75,63568.3,125722.95,0.0,205621.82,0.0,149311.18,0.0,0.0,0.0,0.0,10844.21,0.0,0.0,0.00,63568.30,525.75,0.00,179632.92,25988.90
CZ08/Htl&0&cDXGF&New&dxAC_equip/NE-dxAC-PkgAC-65to134-New-EER-11.0/instance-out.sql,578612.63,1318.65,82519.17,125722.95,0.0,205621.82,0.0,152634.04,0.0,0.0,0.0,0.0,10796.0,0.0,0.0,0.00,82519.17,1318.65,0.00,179632.92,25988.90
CZ08/Htl&0&cDXGF&New&dxAC_equip/NE-dxAC-PkgAC-65to134-New-EER-12.0/instance-out.sql,568651.8600000001,1318.65,72558.4,125722.95,0.0,205621.82,0.0,152634.04,0.0,0.0,0.0,0.0,10796.0,0.0,0.0,0.00,72558.40,1318.65,0.00,179632.92,25988.90
CZ08/Htl&0&cDXGF&New&dxAC_equip/NE-dxAC-PkgAC-65to134-New-EER-13.0/instance-out.sql,566568.3500000001,1318.65,70474.89,125722.95,0.0,205621.82,0.0,152634.04,0.0,0.0,0.0,0.0,10796.0,0.0,0.0,0.00,70474.89,1318.65,0.00,179632.92,25988.90
CZ08/Htl&0&cDXGF&New&dxAC_equip/NE-dxAC-PkgAC-135to240-New-EER-10.8/instance-out.sql,578515.01,1318.65,82421.55,125722.95,0.0,205621.82,0.0,152634.04,0.0,0.0,0.0,0.0,10796.0,0.0,0.0,0.00,82421.55,1318.65,0.00,179632.92,25988.90
CZ08/Htl&0&cDXGF&New&dxAC_equip/NE-dxAC-PkgAC-135to240-New-EER-12.0/instance-out.sql,568137.0900000001,1318.65,72043.63,125722.95,0.0,205621.82,0.0,152634.04,0.0,0.0,0.0,0.0,10796.0,0.0,0.0,0.00,72043.63,1318.65,0.00,179632.92,25988.90
CZ08/Htl&0&cDXGF&New&dxAC_equip/NE-dxAC-PkgAC-135to240-New-EER-12.5/instance-out.sql,567070.39,1318.65,70976.93,125722.95,0.0,205621.82,0.0,152634.04,0.0,0.0,0.0,0.0,10796.0,0.0,0.0,0.00,70976.93,1318.65,0.00,179632.92,25988.90
CZ09/Htl&0&cDXGF&New&dxAC_equip/NE-dxAC-PkgAC-65to134-New-EER-11.0/instance-out.sql,587119.9800000001,949.16,89499.02,125722.95,0.0,205621.82,0.0,154637.41,0.0,0.0,0.0,0.0,10689.62,0.0,0.0,0.00,89499.02,949.16,0.00,179632.92,25988.90
CZ09/Htl&0&cDXGF&New&dxAC_equip/NE-dxAC-PkgAC-65to134-New-EER-12.0/instance-out.sql,575789.9600000001,949.16,78169.0,125722.95,0.0,205621.82,0.0,154637.41,0.0,0.0,0.0,0.0,10689.62,0.0,0.0,0.00,78169.00,949.16,0.00,179632.92,25988.90
CZ09/Htl&0&cDXGF&New&dxAC_equip/NE-dxAC-PkgAC-65to134-New-EER-13.0/instance-out.sql,573420.06,949.16,75799.1,125722.95,0.0,205621.82,0.0,154637.41,0.0,0.0,0.0,0.0,10689.62,0.0,0.0,0.00,75799.10,949.16,0.00,179632.92,25988.90
CZ09/Htl&0&cDXGF&New&dxAC_equip/NE-dxAC-PkgAC-135to240-New-EER-10.8/instance-out.sql,587008.9400000001,949.16,89387.98,125722.95,0.0,205621.82,0.0,154637.41,0.0,0.0,0.0,0.0,10689.62,0.0,0.0,0.00,89387.98,949.16,0.00,179632.92,25988.90
CZ09/Htl&0&cDXGF&New&dxAC_equip/NE-dxAC-PkgAC-135to240-New-EER-12.0/instance-out.sql,575204.4400000001,949.16,77583.48,125722.95,0.0,205621.82,0.0,154637.41,0.0,0.0,0.0,0.0,10689.62,0.0,0.0,0.00,77583.48,949.16,0.00,179632.92,25988.90
CZ09/Htl&0&cDXGF&New&dxAC_equip/NE-dxAC-PkgAC-135to240-New-EER-12.5/instance-out.sql,573991.1000000001,949.16,76370.14,125722.95,0.0,205621.82,0.0,154637.41,0.0,0.0,0.0,0.0,10689.62,0.0,0.0,0.00,76370.14,949.16,0.00,179632.92,25988.90
CZ10/Htl&0&cDXGF&New&dxAC_equip/NE-dxAC-PkgAC-65to134-New-EER-11.0/instance-out.sql,623958.98,4410.83,115484.21,125722.95,0.0,205621.82,0.0,162154.39,0.0,0.0,0.0,0.0,10564.79,0.0,0.0,0.00,115484.21,4410.83,0.00,179632.92,25988.90
CZ10/Htl&0&cDXGF&New&dxAC_equip/NE-dxAC-PkgAC-65to134-New-EER-12.0/instance-out.sql,607322.87,4410.83,98848.1,125722.95,0.0,205621.82,0.0,162154.39,0.0,0.0,0.0,0.0,10564.79,0.0,0.0,0.00,98848.10,4410.83,0.00,179632.92,25988.90
CZ10/Htl&0&cDXGF&New&dxAC_equip/NE-dxAC-PkgAC-65to134-New-EER-13.0/instance-out.sql,603843.09,4410.83,95368.31,125722.95,0.0,205621.82,0.0,162154.39,0.0,0.0,0.0,0.0,10564.79,0.0,0.0,0.00,95368.31,4410.83,0.00,179632.92,25988.90
CZ10/Htl&0&cDXGF&New&dxAC_equip/NE-dxAC-PkgAC-135to240-New-EER-10.8/instance-out.sql,623795.9500000001,4410.83,115321.17,125722.95,0.0,205621.82,0.0,162154.39,0.0,0.0,0.0,0.0,10564.79,0.0,0.0,0.00,115321.17,4410.83,0.00,179632.92,25988.90
CZ10/Htl&0&cDXGF&New&dxAC_equip/NE-dxAC-PkgAC-135to240-New-EER-12.0/instance-out.sql,606463.14,4410.83,97988.36,125722.95,0.0,205621.82,0.0,162154.39,0.0,0.0,0.0,0.0,10564.79,0.0,0.0,0.00,97988.36,4410.83,0.00,179632.92,25988.90
CZ10/Htl&0&cDXGF&New&dxAC_equip/NE-dxAC-PkgAC-135to240-New-EER-12.5/instance-out.sql,604681.5700000001,4410.83,96206.79,125722.95,0.0,205621.82,0.0,162154.39,0.0,0.0,0.0,0.0,10564.79,0.0,0.0,0.00,96206.79,4410.83,0.00,179632.92,25988.90
CZ11/Htl&0&cDXGF&New&dxAC_equip/NE-dxAC-PkgAC-65to134-New-EER-11.0/instance-out.sql,637890.3400000001,17829.33,116187.23,125722.95,0.0,205621.82,0.0,161679.22,0.0,0.0,0.0,0.0,10849.8,0.0,0.0,0.00,116187.23,17829.33,0.00,179632.92,25988.90
CZ11/Htl&0&cDXGF&New&dxAC_equip/NE-dxAC-PkgAC-65to134-New-EER-12.0/instance-out.sql,620127.6900000001,17829.33,98424.58,125722.95,0.0,205621.82,0.0,161679.22,0.0,0.0,0.0,0.0,10849.8,0.0,0.0,0.00,98424.58,17829.33,0.00,179632.92,25988.90
CZ11/Htl&0&cDXGF&New&dxAC_equip/NE-dxAC-PkgAC-65to134-New-EER-13.0/instance-out.sql,616412.26,17829.33,94709.15,125722.95,0.0,205621.82,0.0,161679.22,0.0,0.0,0.0,0.0,10849.8,0.0,0.0,0.00,94709.15,17829.33,0.00,179632.92,25988.90
CZ11/Htl&0&cDXGF&New&dxAC_equip/NE-dxAC-PkgAC-135to240-New-EER-10.8/instance-out.sql,637716.27,17829.33,116013.15,125722.95,0.0,205621.82,0.0,161679.22,0.0,0.0,0.0,0.0,10849.8,0.0,0.0,0.00,116013.15,17829.33,0.00,179632.92,25988.90
CZ11/Htl&0&cDXGF&New&dxAC_equip/NE-dxAC-PkgAC-135to240-New-EER-12.0/instance-out.sql,619209.74,17829.33,97506.62,125722.95,0.0,205621.82,0.0,161679.22,0.0,0.0,0.0,0.0,10849.8,0.0,0.0,0.00,97506.62,17829.33,0.00,179632.92,25988.90
CZ11/Htl&0&cDXGF&New&dxAC_equip/NE-dxAC-PkgAC-135to240-New-EER-12.5/instance-out.sql,617307.52,17829.33,95604.41,125722.95,0.0,205621.82,0.0,161679.22,0.0,0.0,0.0,0.0,10849.8,0.0,0.0,0.00,95604.41,17829.33,0.00,179632.92,25988.90
CZ12/Htl&0&cDXGF&New&dxAC_equip/NE-dxAC-PkgAC-65to134-New-EER-11.0/instance-out.sql,609674.8099999999,17508.46,95992.8,125722.95,0.0,205621.82,0.0,153709.54,0.0,0.0,0.0,0.0,11119.24,0.0,0.0,0.00,95992.80,17508.46,0.00,179632.92,25988.90
CZ12/Htl&0&cDXGF&New&dxAC_equip/NE-dxAC-PkgAC-65to134-New-EER-12.0/instance-out.sql,595635.8099999999,17508.46,81953.81,125722.95,0.0,205621.82,0.0,153709.54,0.0,0.0,0.0,0.0,11119.24,0.0,0.0,0.00,81953.81,17508.46,0.00,179632.92,25988.90
CZ12/Htl&0&cDXGF&New&dxAC_equip/NE-dxAC-PkgAC-65to134-New-EER-13.0/instance-out.sql,592699.27,17508.46,79017.26,125722.95,0.0,205621.82,0.0,153709.54,0.0,0.0,0.0,0.0,11119.24,0.0,0.0,0.00,79017.26,17508.46,0.00,179632.92,25988.90
CZ12/Htl&0&cDXGF&New&dxAC_equip/NE-dxAC-PkgAC-135to240-New-EER-10.8/instance-out.sql,609537.22,17508.46,95855.22,125722.95,0.0,205621.82,0.0,153709.54,0.0,0.0,0.0,0.0,11119.24,0.0,0.0,0.00,95855.22,17508.46,0.00,179632.92,25988.90
CZ12/Htl&0&cDXGF&New&dxAC_equip/NE-dxAC-PkgAC-135to240-New-EER-12.0/instance-out.sql,594910.2999999999,17508.46,81228.29,125722.95,0.0,205621.82,0.0,153709.54,0.0,0.0,0.0,0.0,11119.24,0.0,0.0,0.00,81228.29,17508.46,0.00,179632.92,25988.90
CZ12/Htl&0&cDXGF&New&dxAC_equip/NE-dxAC-PkgAC-135to240-New-EER-12.5/instance-out.sql,593406.85,17508.46,79724.84,125722.95,0.0,205621.82,0.0,153709.54,0.0,0.0,0.0,0.0,11119.24,0.0,0.0,0.00,79724.84,17508.46,0.00,179632.92,25988.90
CZ13/Htl&0&cDXGF&New&dxAC_equip/NE-dxAC-PkgAC-65to134-New-EER-11.0/instance-out.sql,645947.6499999999,14224.52,128929.81,125722.95,0.0,205621.82,0.0,160860.65,0.0,0.0,0.0,0.0,10587.91,0.0,0.0,0.00,128929.81,14224.52,0.00,179632.92,25988.90
CZ13/Htl&0&cDXGF&New&dxAC_equip/NE-dxAC-PkgAC-65to134-New-EER-12.0/instance-out.sql,626626.0,14224.52,109608.16,125722.95,0.0,205621.82,0.0,160860.65,0.0,0.0,0.0,0.0,10587.91,0.0,0.0,0.00,109608.16,14224.52,0.00,179632.92,25988.90
CZ13/Htl&0&cDXGF&New&dxAC_equip/NE-dxAC-PkgAC-65to134-New-EER-13.0/instance-out.sql,622584.48,14224.52,105566.63,125722.95,0.0,205621.82,0.0,160860.65,0.0,0.0,0.0,0.0,10587.91,0.0,0.0,0.00,105566.63,14224.52,0.00,179632.92,25988.90
CZ13/Htl&0&cDXGF&New&dxAC_equip/NE-dxAC-PkgAC-135to240-New-EER-10.8/instance-out.sql,645758.2999999999,14224.52,128740.45,125722.95,0.0,205621.82,0.0,160860.65,0.0,0.0,0.0,0.0,10587.91,0.0,0.0,0.00,128740.45,14224.52,0.00,179632.92,25988.90
CZ13/Htl&0&cDXGF&New&dxAC_equip/NE-dxAC-PkgAC-135to240-New-EER-12.0/instance-out.sql,625627.48,14224.52,108609.64,125722.95,0.0,205621.82,0.0,160860.65,0.0,0.0,0.0,0.0,10587.91,0.0,0.0,0.00,108609.64,14224.52,0.00,179632.92,25988.90
CZ13/Htl&0&cDXGF&New&dxAC_equip/NE-dxAC-PkgAC-135to240-New-EER-12.5/instance-out.sql,623558.3099999999,14224.52,106540.47,125722.95,0.0,205621.82,0.0,160860.65,0.0,0.0,0.0,0.0,10587.91,0.0,0.0,0.00,106540.47,14224.52,0.00,179632.92,25988.90
CZ14/Htl&0&cDXGF&New&dxAC_equip/NE-dxAC-PkgAC-65to134-New-EER-11.0/instance-out.sql,683223.48,6582.1,160212.09,125722.95,0.0,205621.82,0.0,175050.24,0.0,0.0,0.0,0.0,10034.28,0.0,0.0,0.00,160212.09,6582.10,0.00,179632.92,25988.90
CZ14/Htl&0&cDXGF&New&dxAC_equip/NE-dxAC-PkgAC-65to134-New-EER-12.0/instance-out.sql,657820.73,6582.1,134809.34,125722.95,0.0,205621.82,0.0,175050.24,0.0,0.0,0.0,0.0,10034.28,0.0,0.0,0.00,134809.34,6582.10,0.00,179632.92,25988.90
CZ14/Htl&0&cDXGF&New&dxAC_equip/NE-dxAC-PkgAC-65to134-New-EER-13.0/instance-out.sql,652507.22,6582.1,129495.83,125722.95,0.0,205621.82,0.0,175050.24,0.0,0.0,0.0,0.0,10034.28,0.0,0.0,0.00,129495.83,6582.10,0.00,179632.92,25988.90
CZ14/Htl&0&cDXGF&New&dxAC_equip/NE-dxAC-PkgAC-135to240-New-EER-10.8/instance-out.sql,682974.53,6582.1,159963.14,125722.95,0.0,205621.82,0.0,175050.24,0.0,0.0,0.0,0.0,10034.28,0.0,0.0,0.00,159963.14,6582.10,0.00,179632.92,25988.90
CZ14/Htl&0&cDXGF&New&dxAC_equip/NE-dxAC-PkgAC-135to240-New-EER-12.0/instance-out.sql,656507.9500000001,6582.1,133496.56,125722.95,0.0,205621.82,0.0,175050.24,0.0,0.0,0.0,0.0,10034.28,0.0,0.0,0.00,133496.56,6582.10,0.00,179632.92,25988.90
CZ14/Htl&0&cDXGF&New&dxAC_equip/NE-dxAC-PkgAC-135to240-New-EER-12.5/instance-out.sql,653787.55,6582.1,130776.16,125722.95,0.0,205621.82,0.0,175050.24,0.0,0.0,0.0,0.0,10034.28,0.0,0.0,0.00,130776.16,6582.10,0.00,179632.92,25988.90
CZ15/Htl&0&cDXGF&New&dxAC_equip/NE-dxAC-PkgAC-65to134-New-EER-11.0/instance-out.sql,726231.96,1363.46,216569.09,125722.95,0.0,205621.82,0.0,168020.81,0.0,0.0,0.0,0.0,8933.84,0.0,0.0,0.00,216569.09,1363.46,0.00,179632.92,25988.90
CZ15/Htl&0&cDXGF&New&dxAC_equip/NE-dxAC-PkgAC-65to134-New-EER-12.0/instance-out.sql,691760.5700000001,1363.46,182097.7,125722.95,0.0,205621.82,0.0,168020.81,0.0,0.0,0.0,0.0,8933.84,0.0,0.0,0.00,182097.70,1363.46,0.00,179632.92,25988.90
CZ15/Htl&0&cDXGF&New&dxAC_equip/NE-dxAC-PkgAC-65to134-New-EER-13.0/instance-out.sql,684550.1599999999,1363.46,174887.29,125722.95,0.0,205621.82,0.0,168020.81,0.0,0.0,0.0,0.0,8933.84,0.0,0.0,0.00,174887.29,1363.46,0.00,179632.92,25988.90
CZ15/Htl&0&cDXGF&New&dxAC_equip/NE-dxAC-PkgAC-135to240-New-EER-10.8/instance-out.sql,725894.1399999999,1363.46,216231.27,125722.95,0.0,205621.82,0.0,168020.81,0.0,0.0,0.0,0.0,8933.84,0.0,0.0,0.00,216231.27,1363.46,0.00,179632.92,25988.90
CZ15/Htl&0&cDXGF&New&dxAC_equip/NE-dxAC-PkgAC-135to240-New-EER-12.0/instance-out.sql,689979.1299999999,1363.46,180316.25,125722.95,0.0,205621.82,0.0,168020.81,0.0,0.0,0.0,0.0,8933.84,0.0,0.0,0.00,180316.25,1363.46,0.00,179632.92,25988.90
CZ15/Htl&0&cDXGF&New&dxAC_equip/NE-dxAC-PkgAC-135to240-New-EER-12.5/instance-out.sql,686287.56,1363.46,176624.69,125722.95,0.0,205621.82,0.0,168020.81,0.0,0.0,0.0,0.0,8933.84,0.0,0.0,0.00,176624.69,1363.46,0.00,179632.92,25988.90
CZ16/Htl&0&cDXGF&New&dxAC_equip/NE-dxAC-PkgAC-65to134-New-EER-11.0/instance-out.sql,657763.16,28882.26,106171.07,125722.95,0.0,205621.82,0.0,179650.85,0.0,0.0,0.0,0.0,11714.22,0.0,0.0,0.00,106171.07,28882.26,0.00,179632.92,25988.90
CZ16/Htl&0&cDXGF&New&dxAC_equip/NE-dxAC-PkgAC-65to134-New-EER-12.0/instance-out.sql,641270.1,28882.26,89678.01,125722.95,0.0,205621.82,0.0,179650.85,0.0,0.0,0.0,0.0,11714.22,0.0,0.0,0.00,89678.01,28882.26,0.00,179632.92,25988.90
CZ16/Htl&0&cDXGF&New&dxAC_equip/NE-dxAC-PkgAC-65to134-New-EER-13.0/instance-out.sql,637820.24,28882.26,86228.14,125722.95,0.0,205621.82,0.0,179650.85,0.0,0.0,0.0,0.0,11714.22,0.0,0.0,0.00,86228.14,28882.26,0.00,179632.92,25988.90
CZ16/Htl&0&cDXGF&New&dxAC_equip/NE-dxAC-PkgAC-135to240-New-EER-10.8/instance-out.sql,657601.53,28882.26,106009.44,125722.95,0.0,205621.82,0.0,179650.85,0.0,0.0,0.0,0.0,11714.22,0.0,0.0,0.00,106009.44,28882.26,0.00,179632.92,25988.90
CZ16/Htl&0&cDXGF&New&dxAC_equip/NE-dxAC-PkgAC-135to240-New-EER-12.0/instance-out.sql,640417.76,28882.26,88825.66,125722.95,0.0,205621.82,0.0,179650.85,0.0,0.0,0.0,0.0,11714.22,0.0,0.0,0.00,88825.66,28882.26,0.00,179632.92,25988.90
CZ16/Htl&0&cDXGF&New&dxAC_equip/NE-dxAC-PkgAC-135to240-New-EER-12.5/instance-out.sql,638651.51,28882.26,87059.41,125722.95,0.0,205621.82,0.0,179650.85,0.0,0.0,0.0,0.0,11714.22,0.0,0.0,0.00,87059.41,28882.26,0.00,179632.92,25988.90

File Name,Electricity (kWh),Natural Gas (kWh)
CZ01/Htl&0&cDXGF&New&dxAC_equip/NE-dxAC-PkgAC-65to134-New-EER-11.0/instance-out.sql,455279.49,69688.03
CZ01/Htl&0&cDXGF&New&dxAC_equip/NE-dxAC-PkgAC-65to134-New-EER-12.0/instance-out.sql,455192.84,69688.03
CZ01/Htl&0&cDXGF&New&dxAC_equip/NE-dxAC-PkgAC-65to134-New-EER-13.0/instance-out.sql,455174.71,69688.03
CZ01/Htl&0&cDXGF&New&dxAC_equip/NE-dxAC-PkgAC-135to240-New-EER-10.8/instance-out.sql,455278.65,69688.03
CZ01/Htl&0&cDXGF&New&dxAC_equip/NE-dxAC-PkgAC-135to240-New-EER-12.0/instance-out.sql,455188.36,69688.03
CZ01/Htl&0&cDXGF&New&dxAC_equip/NE-dxAC-PkgAC-135to240-New-EER-12.5/instance-out.sql,455179.08,69688.03
CZ02/Htl&0&cDXGF&New&dxAC_equip/NE-dxAC-PkgAC-65to134-New-EER-11.0/instance-out.sql,506107.55,55252.51
CZ02/Htl&0&cDXGF&New&dxAC_equip/NE-dxAC-PkgAC-65to134-New-EER-12.0/instance-out.sql,500338.21,55252.51
CZ02/Htl&0&cDXGF&New&dxAC_equip/NE-dxAC-PkgAC-65to134-New-EER-13.0/instance-out.sql,499131.44,55252.51
CZ02/Htl&0&cDXGF&New&dxAC_equip/NE-dxAC-PkgAC-135to240-New-EER-10.8/instance-out.sql,506051.01,55252.51
CZ02/Htl&0&cDXGF&New&dxAC_equip/NE-dxAC-PkgAC-135to240-New-EER-12.0/instance-out.sql,500040.06,55252.51
CZ02/Htl&0&cDXGF&New&dxAC_equip/NE-dxAC-PkgAC-135to240-New-EER-12.5/instance-out.sql,499422.22,55252.51
CZ03/Htl&0&cDXGF&New&dxAC_equip/NE-dxAC-PkgAC-65to134-New-EER-11.0/instance-out.sql,488208.38,46701.99
CZ03/Htl&0&cDXGF&New&dxAC_equip/NE-dxAC-PkgAC-65to134-New-EER-12.0/instance-out.sql,485782.87,46701.99
CZ03/Htl&0&cDXGF&New&dxAC_equip/NE-dxAC-PkgAC-65to134-New-EER-13.0/instance-out.sql,485275.52,46701.99
CZ03/Htl&0&cDXGF&New&dxAC_equip/NE-dxAC-PkgAC-135to240-New-EER-10.8/instance-out.sql,488184.61,46701.99
CZ03/Htl&0&cDXGF&New&dxAC_equip/NE-dxAC-PkgAC-135to240-New-EER-12.0/instance-out.sql,485657.52,46701.99
CZ03/Htl&0&cDXGF&New&dxAC_equip/NE-dxAC-PkgAC-135to240-New-EER-12.5/instance-out.sql,485397.77,46701.99
CZ04/Htl&0&cDXGF&New&dxAC_equip/NE-dxAC-PkgAC-65to134-New-EER-11.0/instance-out.sql,519048.20,44887.67
CZ04/Htl&0&cDXGF&New&dxAC_equip/NE-dxAC-PkgAC-65to134-New-EER-12.0/instance-out.sql,512013.30,44887.67
CZ04/Htl&0&cDXGF&New&dxAC_equip/NE-dxAC-PkgAC-65to134-New-EER-13.0/instance-out.sql,510541.81,44887.67
CZ04/Htl&0&cDXGF&New&dxAC_equip/NE-dxAC-PkgAC-135to240-New-EER-10.8/instance-out.sql,518979.26,44887.67
CZ04/Htl&0&cDXGF&New&dxAC_equip/NE-dxAC-PkgAC-135to240-New-EER-12.0/instance-out.sql,511649.75,44887.67
CZ04/Htl&0&cDXGF&New&dxAC_equip/NE-dxAC-PkgAC-135to240-New-EER-12.5/instance-out.sql,510896.37,44887.67
CZ05/Htl&0&cDXGF&New&dxAC_equip/NE-dxAC-PkgAC-65to134-New-EER-11.0/instance-out.sql,493897.43,45573.96
CZ05/Htl&0&cDXGF&New&dxAC_equip/NE-dxAC-PkgAC-65to134-New-EER-12.0/instance-out.sql,490275.50,45573.96
CZ05/Htl&0&cDXGF&New&dxAC_equip/NE-dxAC-PkgAC-65to134-New-EER-13.0/instance-out.sql,489517.90,45573.96
CZ05/Htl&0&cDXGF&New&dxAC_equip/NE-dxAC-PkgAC-135to240-New-EER-10.8/instance-out.sql,493861.94,45573.96
CZ05/Htl&0&cDXGF&New&dxAC_equip/NE-dxAC-PkgAC-135to240-New-EER-12.0/instance-out.sql,490088.33,45573.96
CZ05/Htl&0&cDXGF&New&dxAC_equip/NE-dxAC-PkgAC-135to240-New-EER-12.5/instance-out.sql,489700.45,45573.96
CZ06/Htl&0&cDXGF&New&dxAC_equip/NE-dxAC-PkgAC-65to134-New-EER-11.0/instance-out.sql,519781.78,37566.67
CZ06/Htl&0&cDXGF&New&dxAC_equip/NE-dxAC-PkgAC-65to134-New-EER-12.0/instance-out.sql,513762.45,37566.67
CZ06/Htl&0&cDXGF&New&dxAC_equip/NE-dxAC-PkgAC-65to134-New-EER-13.0/instance-out.sql,512503.38,37566.67
CZ06/Htl&0&cDXGF&New&dxAC_equip/NE-dxAC-PkgAC-135to240-New-EER-10.8/instance-out.sql,519722.79,37566.67
CZ06/Htl&0&cDXGF&New&dxAC_equip/NE-dxAC-PkgAC-135to240-New-EER-12.0/instance-out.sql,513451.37,37566.67
CZ06/Htl&0&cDXGF&New&dxAC_equip/NE-dxAC-PkgAC-135to240-New-EER-12.5/instance-out.sql,512806.76,37566.67
CZ07/Htl&0&cDXGF&New&dxAC_equip/NE-dxAC-PkgAC-65to134-New-EER-11.0/instance-out.sql,527766.73,37358.85
CZ07/Htl&0&cDXGF&New&dxAC_equip/NE-dxAC-PkgAC-65to134-New-EER-12.0/instance-out.sql,519541.30,37358.85
CZ07/Htl&0&cDXGF&New&dxAC_equip/NE-dxAC-PkgAC-65to134-New-EER-13.0/instance-out.sql,517820.78,37358.85
CZ07/Htl&0&cDXGF&New&dxAC_equip/NE-dxAC-PkgAC-135to240-New-EER-10.8/instance-out.sql,527686.12,37358.85
CZ07/Htl&0&cDXGF&New&dxAC_equip/NE-dxAC-PkgAC-135to240-New-EER-12.0/instance-out.sql,519116.22,37358.85
CZ07/Htl&0&cDXGF&New&dxAC_equip/NE-dxAC-PkgAC-135to240-New-EER-12.5/instance-out.sql,518235.35,37358.85
CZ08/Htl&0&cDXGF&New&dxAC_equip/NE-dxAC-PkgAC-65to134-New-EER-11.0/instance-out.sql,540509.08,38103.55
CZ08/Htl&0&cDXGF&New&dxAC_equip/NE-dxAC-PkgAC-65to134-New-EER-12.0/instance-out.sql,530548.31,38103.55
CZ08/Htl&0&cDXGF&New&dxAC_equip/NE-dxAC-PkgAC-65to134-New-EER-13.0/instance-out.sql,528464.80,38103.55
CZ08/Htl&0&cDXGF&New&dxAC_equip/NE-dxAC-PkgAC-135to240-New-EER-10.8/instance-out.sql,540411.46,38103.55
CZ08/Htl&0&cDXGF&New&dxAC_equip/NE-dxAC-PkgAC-135to240-New-EER-12.0/instance-out.sql,530033.54,38103.55
CZ08/Htl&0&cDXGF&New&dxAC_equip/NE-dxAC-PkgAC-135to240-New-EER-12.5/instance-out.sql,528966.84,38103.55
CZ09/Htl&0&cDXGF&New&dxAC_equip/NE-dxAC-PkgAC-65to134-New-EER-11.0/instance-out.sql,549492.30,37627.68
CZ09/Htl&0&cDXGF&New&dxAC_equip/NE-dxAC-PkgAC-65to134-New-EER-12.0/instance-out.sql,538162.28,37627.68
CZ09/Htl&0&cDXGF&New&dxAC_equip/NE-dxAC-PkgAC-65to134-New-EER-13.0/instance-out.sql,535792.38,37627.68
CZ09/Htl&0&cDXGF&New&dxAC_equip/NE-dxAC-PkgAC-135to240-New-EER-10.8/instance-out.sql,549381.26,37627.68
CZ09/Htl&0&cDXGF&New&dxAC_equip/NE-dxAC-PkgAC-135to240-New-EER-12.0/instance-out.sql,537576.76,37627.68
CZ09/Htl&0&cDXGF&New&dxAC_equip/NE-dxAC-PkgAC-135to240-New-EER-12.5/instance-out.sql,536363.42,37627.68
CZ10/Htl&0&cDXGF&New&dxAC_equip/NE-dxAC-PkgAC-65to134-New-EER-11.0/instance-out.sql,582994.46,40964.52
CZ10/Htl&0&cDXGF&New&dxAC_equip/NE-dxAC-PkgAC-65to134-New-EER-12.0/instance-out.sql,566358.35,40964.52
CZ10/Htl&0&cDXGF&New&dxAC_equip/NE-dxAC-PkgAC-65to134-New-EER-13.0/instance-out.sql,562878.57,40964.52
CZ10/Htl&0&cDXGF&New&dxAC_equip/NE-dxAC-PkgAC-135to240-New-EER-10.8/instance-out.sql,582831.43,40964.52
CZ10/Htl&0&cDXGF&New&dxAC_equip/NE-dxAC-PkgAC-135to240-New-EER-12.0/instance-out.sql,565498.62,40964.52
CZ10/Htl&0&cDXGF&New&dxAC_equip/NE-dxAC-PkgAC-135to240-New-EER-12.5/instance-out.sql,563717.05,40964.52
CZ11/Htl&0&cDXGF&New&dxAC_equip/NE-dxAC-PkgAC-65to134-New-EER-11.0/instance-out.sql,583222.31,54668.03
CZ11/Htl&0&cDXGF&New&dxAC_equip/NE-dxAC-PkgAC-65to134-New-EER-12.0/instance-out.sql,565459.66,54668.03
CZ11/Htl&0&cDXGF&New&dxAC_equip/NE-dxAC-PkgAC-65to134-New-EER-13.0/instance-out.sql,561744.23,54668.03
CZ11/Htl&0&cDXGF&New&dxAC_equip/NE-dxAC-PkgAC-135to240-New-EER-10.8/instance-out.sql,583048.24,54668.03
CZ11/Htl&0&cDXGF&New&dxAC_equip/NE-dxAC-PkgAC-135to240-New-EER-12.0/instance-out.sql,564541.71,54668.03
CZ11/Htl&0&cDXGF&New&dxAC_equip/NE-dxAC-PkgAC-135to240-New-EER-12.5/instance-out.sql,562639.49,54668.03
CZ12/Htl&0&cDXGF&New&dxAC_equip/NE-dxAC-PkgAC-65to134-New-EER-11.0/instance-out.sql,555058.21,54616.60
CZ12/Htl&0&cDXGF&New&dxAC_equip/NE-dxAC-PkgAC-65to134-New-EER-12.0/instance-out.sql,541019.21,54616.60
CZ12/Htl&0&cDXGF&New&dxAC_equip/NE-dxAC-PkgAC-65to134-New-EER-13.0/instance-out.sql,538082.67,54616.60
CZ12/Htl&0&cDXGF&New&dxAC_equip/NE-dxAC-PkgAC-135to240-New-EER-10.8/instance-out.sql,554920.62,54616.60
CZ12/Htl&0&cDXGF&New&dxAC_equip/NE-dxAC-PkgAC-135to240-New-EER-12.0/instance-out.sql,540293.70,54616.60
CZ12/Htl&0&cDXGF&New&dxAC_equip/NE-dxAC-PkgAC-135to240-New-EER-12.5/instance-out.sql,538790.25,54616.60
CZ13/Htl&0&cDXGF&New&dxAC_equip/NE-dxAC-PkgAC-65to134-New-EER-11.0/instance-out.sql,595146.32,50801.33
CZ13/Htl&0&cDXGF&New&dxAC_equip/NE-dxAC-PkgAC-65to134-New-EER-12.0/instance-out.sql,575824.67,50801.33
CZ13/Htl&0&cDXGF&New&dxAC_equip/NE-dxAC-PkgAC-65to134-New-EER-13.0/instance-out.sql,571783.15,50801.33
CZ13/Htl&0&cDXGF&New&dxAC_equip/NE-dxAC-PkgAC-135to240-New-EER-10.8/instance-out.sql,594956.97,50801.33
CZ13/Htl&0&cDXGF&New&dxAC_equip/NE-dxAC-PkgAC-135to240-New-EER-12.0/instance-out.sql,574826.15,50801.33
CZ13/Htl&0&cDXGF&New&dxAC_equip/NE-dxAC-PkgAC-135to240-New-EER-12.5/instance-out.sql,572756.98,50801.33
CZ14/Htl&0&cDXGF&New&dxAC_equip/NE-dxAC-PkgAC-65to134-New-EER-11.0/instance-out.sql,640618.20,42605.28
CZ14/Htl&0&cDXGF&New&dxAC_equip/NE-dxAC-PkgAC-65to134-New-EER-12.0/instance-out.sql,615215.45,42605.28
CZ14/Htl&0&cDXGF&New&dxAC_equip/NE-dxAC-PkgAC-65to134-New-EER-13.0/instance-out.sql,609901.94,42605.28
CZ14/Htl&0&cDXGF&New&dxAC_equip/NE-dxAC-PkgAC-135to240-New-EER-10.8/instance-out.sql,640369.25,42605.28
CZ14/Htl&0&cDXGF&New&dxAC_equip/NE-dxAC-PkgAC-135to240-New-EER-12.0/instance-out.sql,613902.67,42605.28
CZ14/Htl&0&cDXGF&New&dxAC_equip/NE-dxAC-PkgAC-135to240-New-EER-12.5/instance-out.sql,611182.27,42605.28
CZ15/Htl&0&cDXGF&New&dxAC_equip/NE-dxAC-PkgAC-65to134-New-EER-11.0/instance-out.sql,689945.77,36286.19
CZ15/Htl&0&cDXGF&New&dxAC_equip/NE-dxAC-PkgAC-65to134-New-EER-12.0/instance-out.sql,655474.38,36286.19
CZ15/Htl&0&cDXGF&New&dxAC_equip/NE-dxAC-PkgAC-65to134-New-EER-13.0/instance-out.sql,648263.97,36286.19
CZ15/Htl&0&cDXGF&New&dxAC_equip/NE-dxAC-PkgAC-135to240-New-EER-10.8/instance-out.sql,689607.95,36286.19
CZ15/Htl&0&cDXGF&New&dxAC_equip/NE-dxAC-PkgAC-135to240-New-EER-12.0/instance-out.sql,653692.94,36286.19
CZ15/Htl&0&cDXGF&New&dxAC_equip/NE-dxAC-PkgAC-135to240-New-EER-12.5/instance-out.sql,650001.37,36286.19
CZ16/Htl&0&cDXGF&New&dxAC_equip/NE-dxAC-PkgAC-65to134-New-EER-11.0/instance-out.sql,591177.78,66585.38
CZ16/Htl&0&cDXGF&New&dxAC_equip/NE-dxAC-PkgAC-65to134-New-EER-12.0/instance-out.sql,574684.72,66585.38
CZ16/Htl&0&cDXGF&New&dxAC_equip/NE-dxAC-PkgAC-65to134-New-EER-13.0/instance-out.sql,571234.86,66585.38
CZ16/Htl&0&cDXGF&New&dxAC_equip/NE-dxAC-PkgAC-135to240-New-EER-10.8/instance-out.sql,591016.15,66585.38
CZ16/Htl&0&cDXGF&New&dxAC_equip/NE-dxAC-PkgAC-135to240-New-EER-12.0/instance-out.sql,573832.38,66585.38
CZ16/Htl&0&cDXGF&New&dxAC_equip/NE-dxAC-PkgAC-135to240-New-EER-12.5/instance-out.sql,572066.13,66585.38

File Name,Unmet Heating (Hours),Unmet Cooling (Hours)
CZ01/Htl&0&cDXGF&New&dxAC_equip/NE-dxAC-PkgAC-65to134-New-EER-11.0/instance-out.sql,0.00,0.00
CZ01/Htl&0&cDXGF&New&dxAC_equip/NE-dxAC-PkgAC-65to134-New-EER-12.0/instance-out.sql,0.00,0.00
CZ01/Htl&0&cDXGF&New&dxAC_equip/NE-dxAC-PkgAC-65to134-New-EER-13.0/instance-out.sql,0.00,0.00
CZ01/Htl&0&cDXGF&New&dxAC_equip/NE-dxAC-PkgAC-135to240-New-EER-10.8/instance-out.sql,0.00,0.00
CZ01/Htl&0&cDXGF&New&dxAC_equip/NE-dxAC-PkgAC-135to240-New-EER-12.0/instance-out.sql,0.00,0.00
CZ01/Htl&0&cDXGF&New&dxAC_equip/NE-dxAC-PkgAC-135to240-New-EER-12.5/instance-out.sql,0.00,0.00
CZ02/Htl&0&cDXGF&New&dxAC_equip/NE-dxAC-PkgAC-65to134-New-EER-11.0/instance-out.sql,0.00,0.00
CZ02/Htl&0&cDXGF&New&dxAC_equip/NE-dxAC-PkgAC-65to134-New-EER-12.0/instance-out.sql,0.00,0.00
CZ02/Htl&0&cDXGF&New&dxAC_equip/NE-dxAC-PkgAC-65to134-New-EER-13.0/instance-out.sql,0.00,0.00
CZ02/Htl&0&cDXGF&New&dxAC_equip/NE-dxAC-PkgAC-135to240-New-EER-10.8/instance-out.sql,0.00,0.00
CZ02/Htl&0&cDXGF&New&dxAC_equip/NE-dxAC-PkgAC-135to240-New-EER-12.0/instance-out.sql,0.00,0.00
CZ02/Htl&0&cDXGF&New&dxAC_equip/NE-dxAC-PkgAC-135to240-New-EER-12.5/instance-out.sql,0.00,0.00
CZ03/Htl&0&cDXGF&New&dxAC_equip/NE-dxAC-PkgAC-65to134-New-EER-11.0/instance-out.sql,0.00,0.00
CZ03/Htl&0&cDXGF&New&dxAC_equip/NE-dxAC-PkgAC-65to134-New-EER-12.0/instance-out.sql,0.00,0.00
CZ03/Htl&0&cDXGF&New&dxAC_equip/NE-dxAC-PkgAC-65to134-New-EER-13.0/instance-out.sql,0.00,0.00
CZ03/Htl&0&cDXGF&New&dxAC_equip/NE-dxAC-PkgAC-135to240-New-EER-10.8/instance-out.sql,0.00,0.00
CZ03/Htl&0&cDXGF&New&dxAC_equip/NE-dxAC-PkgAC-135to240-New-EER-12.0/instance-out.sql,0.00,0.00
CZ03/Htl&0&cDXGF&New&dxAC_equip/NE-dxAC-PkgAC-135to240-New-EER-12.5/instance-out.sql,0.00,0.00
CZ04/Htl&0&cDXGF&New&dxAC_equip/NE-dxAC-PkgAC-65to134-New-EER-11.0/instance-out.sql,0.00,0.00
CZ04/Htl&0&cDXGF&New&dxAC_equip/NE-dxAC-PkgAC-65to134-New-EER-12.0/instance-out.sql,0.00,0.00
CZ04/Htl&0&cDXGF&New&dxAC_equip/NE-dxAC-PkgAC-65to134-New-EER-13.0/instance-out.sql,0.00,0.00
CZ04/Htl&0&cDXGF&New&dxAC_equip/NE-dxAC-PkgAC-135to240-New-EER-10.8/instance-out.sql,0.00,0.00
CZ04/Htl&0&cDXGF&New&dxAC_equip/NE-dxAC-PkgAC-135to240-New-EER-12.0/instance-out.sql,0.00,0.00
CZ04/Htl&0&cDXGF&New&dxAC_equip/NE-dxAC-PkgAC-135to240-New-EER-12.5/instance-out.sql,0.00,0.00
CZ05/Htl&0&cDXGF&New&dxAC_equip/NE-dxAC-PkgAC-65to134-New-EER-11.0/instance-out.sql,0.00,0.00
CZ05/Htl&0&cDXGF&New&dxAC_equip/NE-dxAC-PkgAC-65to134-New-EER-12.0/instance-out.sql,0.00,0.00
CZ05/Htl&0&cDXGF&New&dxAC_equip/NE-dxAC-PkgAC-65to134-New-EER-13.0/instance-out.sql,0.00,0.00
CZ05/Htl&0&cDXGF&New&dxAC_equip/NE-dxAC-PkgAC-135to240-New-EER-10.8/instance-out.sql,0.00,0.00
CZ05/Htl&0&cDXGF&New&dxAC_equip/NE-dxAC-PkgAC-135to240-New-EER-12.0/instance-out.sql,0.00,0.00
CZ05/Htl&0&cDXGF&New&dxAC_equip/NE-dxAC-PkgAC-135to240-New-EER-12.5/instance-out.sql,0.00,0.00
CZ06/Htl&0&cDXGF&New&dxAC_equip/NE-dxAC-PkgAC-65to134-New-EER-11.0/instance-out.sql,0.00,0.00
CZ06/Htl&0&cDXGF&New&dxAC_equip/NE-dxAC-PkgAC-65to134-New-EER-12.0/instance-out.sql,0.00,0.00
CZ06/Htl&0&cDXGF&New&dxAC_equip/NE-dxAC-PkgAC-65to134-New-EER-13.0/instance-out.sql,0.00,0.00
CZ06/Htl&0&cDXGF&New&dxAC_equip/NE-dxAC-PkgAC-135to240-New-EER-10.8/instance-out.sql,0.00,0.00
CZ06/Htl&0&cDXGF&New&dxAC_equip/NE-dxAC-PkgAC-135to240-New-EER-12.0/instance-out.sql,0.00,0.00
CZ06/Htl&0&cDXGF&New&dxAC_equip/NE-dxAC-PkgAC-135to240-New-EER-12.5/instance-out.sql,0.00,0.00
CZ07/Htl&0&cDXGF&New&dxAC_equip/NE-dxAC-PkgAC-65to134-New-EER-11.0/instance-out.sql,0.00,0.00
CZ07/Htl&0&cDXGF&New&dxAC_equip/NE-dxAC-PkgAC-65to134-New-EER-12.0/instance-out.sql,0.00,0.00
CZ07/Htl&0&cDXGF&New&dxAC_equip/NE-dxAC-PkgAC-65to134-New-EER-13.0/instance-out.sql,0.00,0.00
CZ07/Htl&0&cDXGF&New&dxAC_equip/NE-dxAC-PkgAC-135to240-New-EER-10.8/instance-out.sql,0.00,0.00
CZ07/Htl&0&cDXGF&New&dxAC_equip/NE-dxAC-PkgAC-135to240-New-EER-12.0/instance-out.sql,0.00,0.00
CZ07/Htl&0&cDXGF&New&dxAC_equip/NE-dxAC-PkgAC-135to240-New-EER-12.5/instance-out.sql,0.00,0.00
CZ08/Htl&0&cDXGF&New&dxAC_equip/NE-dxAC-PkgAC-65to134-New-EER-11.0/instance-out.sql,0.00,0.00
CZ08/Htl&0&cDXGF&New&dxAC_equip/NE-dxAC-PkgAC-65to134-New-EER-12.0/instance-out.sql,0.00,0.00
CZ08/Htl&0&cDXGF&New&dxAC_equip/NE-dxAC-PkgAC-65to134-New-EER-13.0/instance-out.sql,0.00,0.00
CZ08/Htl&0&cDXGF&New&dxAC_equip/NE-dxAC-PkgAC-135to240-New-EER-10.8/instance-out.sql,0.00,0.00
CZ08/Htl&0&cDXGF&New&dxAC_equip/NE-dxAC-PkgAC-135to240-New-EER-12.0/instance-out.sql,0.00,0.00
CZ08/Htl&0&cDXGF&New&dxAC_equip/NE-dxAC-PkgAC-135to240-New-EER-12.5/instance-out.sql,0.00,0.00
CZ09/Htl&0&cDXGF&New&dxAC_equip/NE-dxAC-PkgAC-65to134-New-EER-11.0/instance-out.sql,0.00,0.00
CZ09/Htl&0&cDXGF&New&dxAC_equip/NE-dxAC-PkgAC-65to134-New-EER-12.0/instance-out.sql,0.00,0.00
CZ09/Htl&0&cDXGF&New&dxAC_equip/NE-dxAC-PkgAC-65to134-New-EER-13.0/instance-out.sql,0.00,0.00
CZ09/Htl&0&cDXGF&New&dxAC_equip/NE-dxAC-PkgAC-135to240-New-EER-10.8/instance-out.sql,0.00,0.00
CZ09/Htl&0&cDXGF&New&dxAC_equip/NE-dxAC-PkgAC-135to240-New-EER-12.0/instance-out.sql,0.00,0.00
CZ09/Htl&0&cDXGF&New&dxAC_equip/NE-dxAC-PkgAC-135to240-New-EER-12.5/instance-out.sql,0.00,0.00
CZ10/Htl&0&cDXGF&New&dxAC_equip/NE-dxAC-PkgAC-65to134-New-EER-11.0/instance-out.sql,0.00,0.00
CZ10/Htl&0&cDXGF&New&dxAC_equip/NE-dxAC-PkgAC-65to134-New-EER-12.0/instance-out.sql,0.00,0.00
CZ10/Htl&0&cDXGF&New&dxAC_equip/NE-dxAC-PkgAC-65to134-New-EER-13.0/instance-out.sql,0.00,0.00
CZ10/Htl&0&cDXGF&New&dxAC_equip/NE-dxAC-PkgAC-135to240-New-EER-10.8/instance-out.sql,0.00,0.00
CZ10/Htl&0&cDXGF&New&dxAC_equip/NE-dxAC-PkgAC-135to240-New-EER-12.0/instance-out.sql,0.00,0.00
CZ10/Htl&0&cDXGF&New&dxAC_equip/NE-dxAC-PkgAC-135to240-New-EER-12.5/instance-out.sql,0.00,0.00
CZ11/Htl&0&cDXGF&New&dxAC_equip/NE-dxAC-PkgAC-65to134-New-EER-11.0/instance-out.sql,0.00,0.00
CZ11/Htl&0&cDXGF&New&dxAC_equip/NE-dxAC-PkgAC-65to134-New-EER-12.0/instance-out.sql,0.00,0.00
CZ11/Htl&0&cDXGF&New&dxAC_equip/NE-dxAC-PkgAC-65to134-New-EER-13.0/instance-out.sql,0.00,0.00
CZ11/Htl&0&cDXGF&New&dxAC_equip/NE-dxAC-PkgAC-135to240-New-EER-10.8/instance-out.sql,0.00,0.00
CZ11/Htl&0&cDXGF&New&dxAC_equip/NE-dxAC-PkgAC-135to240-New-EER-12.0/instance-out.sql,0.00,0.00
CZ11/Htl&0&cDXGF&New&dxAC_equip/NE-dxAC-PkgAC-135to240-New-EER-12.5/instance-out.sql,0.00,0.00
CZ12/Htl&0&cDXGF&New&dxAC_equip/NE-dxAC-PkgAC-65to134-New-EER-11.0/instance-out.sql,0.00,0.00
CZ12/Htl&0&cDXGF&New&dxAC_equip/NE-dxAC-PkgAC-65to134-New-EER-12.0/instance-out.sql,0.00,0.00
CZ12/Htl&0&cDXGF&New&dxAC_equip/NE-dxAC-PkgAC-65to134-New-EER-13.0/instance-out.sql,0.00,0.00
CZ12/Htl&0&cDXGF&New&dxAC_equip/NE-dxAC-PkgAC-135to240-New-EER-10.8/instance-out.sql,0.00,0.00
CZ12/Htl&0&cDXGF&New&dxAC_equip/NE-dxAC-PkgAC-135to240-New-EER-12.0/instance-out.sql,0.00,0.00
CZ12/Htl&0&cDXGF&New&dxAC_equip/NE-dxAC-PkgAC-135to240-New-EER-12.5/instance-out.sql,0.00,0.00
CZ13/Htl&0&cDXGF&New&dxAC_equip/NE-dxAC-PkgAC-65to134-New-EER-11.0/instance-out.sql,0.00,0.00
CZ13/Htl&0&cDXGF&New&dxAC_equip/NE-dxAC-PkgAC-65to134-New-EER-12.0/instance-out.sql,0.00,0.00
CZ13/Htl&0&cDXGF&New&dxAC_equip/NE-dxAC-PkgAC-65to134-New-EER-13.0/instance-out.sql,0.00,0.00
CZ13/Htl&0&cDXGF&New&dxAC_equip/NE-dxAC-PkgAC-135to240-New-EER-10.8/instance-out.sql,0.00,0.00
CZ13/Htl&0&cDXGF&New&dxAC_equip/NE-dxAC-PkgAC-135to240-New-EER-12.0/instance-out.sql,0.00,0.00
CZ13/Htl&0&cDXGF&New&dxAC_equip/NE-dxAC-PkgAC-135to240-New-EER-12.5/instance-out.sql,0.00,0.00
CZ14/Htl&0&cDXGF&New&dxAC_equip/NE-dxAC-PkgAC-65to134-New-EER-11.0/instance-out.sql,0.00,0.00
CZ14/Htl&0&cDXGF&New&dxAC_equip/NE-dxAC-PkgAC-65to134-New-EER-12.0/instance-out.sql,0.00,0.00
CZ14/Htl&0&cDXGF&New&dxAC_equip/NE-dxAC-PkgAC-65to134-New-EER-13.0/instance-out.sql,0.00,0.00
CZ14/Htl&0&cDXGF&New&dxAC_equip/NE-dxAC-PkgAC-135to240-New-EER-10.8/instance-out.sql,0.00,0.00
CZ14/Htl&0&cDXGF&New&dxAC_equip/NE-dxAC-PkgAC-135to240-New-EER-12.0/instance-out.sql,0.00,0.00
CZ14/Htl&0&cDXGF&New&dxAC_equip/NE-dxAC-PkgAC-135to240-New-EER-12.5/instance-out.sql,0.00,0.00
CZ15/Htl&0&cDXGF&New&dxAC_equip/NE-dxAC-PkgAC-65to134-New-EER-11.0/instance-out.sql,0.00,0.00
CZ15/Htl&0&cDXGF&New&dxAC_equip/NE-dxAC-PkgAC-65to134-New-EER-12.0/instance-out.sql,0.00,0.00
CZ15/Htl&0&cDXGF&New&dxAC_equip/NE-dxAC-PkgAC-65to134-New-EER-13.0/instance-out.sql,0.00,0.00
CZ15/Htl&0&cDXGF&New&dxAC_equip/NE-dxAC-PkgAC-135to240-New-EER-10.8/instance-out.sql,0.00,0.00
CZ15/Htl&0&cDXGF&New&dxAC_equip/NE-dxAC-PkgAC-135to240-New-EER-12.0/instance-out.sql,0.00,0.00
CZ15/Htl&0&cDXGF&New&dxAC_equip/NE-dxAC-PkgAC-135to240-New-EER-12.5/instance-out.sql,0.00,0.00
CZ16/Htl&0&cDXGF&New&dxAC_equip/NE-dxAC-PkgAC-65to134-New-EER-11.0/instance-out.sql,0.00,0.00
CZ16/Htl&0&cDXGF&New&dxAC_equip/NE-dxAC-PkgAC-65to134-New-EER-12.0/instance-out.sql,0.00,0.00
CZ16/Htl&0&cDXGF&New&dxAC_equip/NE-dxAC-PkgAC-65to134-New-EER-13.0/instance-out.sql,0.00,0.00
CZ16/Htl&0&cDXGF&New&dxAC_equip/NE-dxAC-PkgAC-135to240-New-EER-10.8/instance-out.sql,0.00,0.00
CZ16/Htl&0&cDXGF&New&dxAC_equip/NE-dxAC-PkgAC-135to240-New-EER-12.0/instance-out.sql,0.00,0.00
CZ16/Htl&0&cDXGF&New&dxAC_equip/NE-dxAC-PkgAC-135to240-New-EER-12.5/instance-out.sql,0.00,0.00

