File Name,Net Site EUI (kWh/m2),Net Source EUI (kWh/m2),Total Energy/Net Site Energy (kWh),Total Energy/Net Source Energy (kWh)
CZ01/DMo&0&rDXGF&New&Fenes__ManufWin_Default/Default/instance-out.sql,42.14,72.34,29175.18,50080.77
CZ01/DMo&0&rDXGF&New&Fenes__ManufWin_Base/Base0.5/instance-out.sql,42.73,72.65,29581.17,50299.02
CZ01/DMo&0&rDXGF&New&Fenes__ManufWin_Msr1/Msr-0.25-0.4/instance-out.sql,42.21,71.80,29221.63,49707.21
CZ01/DMo&0&rDXGF&New&Fenes__ManufWin_Msr2/Msr-0.28-0.23/instance-out.sql,45.60,75.05,31570.32,51955.27
CZ01/DMo&0&rDXHP&New&Fenes__ManufWin_Default/Default/instance-out.sql,44.13,83.51,30554.54,57818.29
CZ01/DMo&0&rDXHP&New&Fenes__ManufWin_Base/Base0.5/instance-out.sql,44.78,85.57,31001.70,59238.17
CZ01/DMo&0&rDXHP&New&Fenes__ManufWin_Msr1/Msr-0.25-0.4/instance-out.sql,44.39,84.34,30733.89,58390.87
CZ01/DMo&0&rDXHP&New&Fenes__ManufWin_Msr2/Msr-0.28-0.23/instance-out.sql,46.85,92.14,32433.78,63790.85
CZ02/DMo&0&rDXGF&New&Fenes__ManufWin_Default/Default/instance-out.sql,46.97,80.16,32520.20,55493.76
CZ02/DMo&0&rDXGF&New&Fenes__ManufWin_Base/Base0.5/instance-out.sql,48.02,80.98,33242.99,56064.36
CZ02/DMo&0&rDXGF&New&Fenes__ManufWin_Msr1/Msr-0.25-0.4/instance-out.sql,46.77,78.84,32378.66,54582.08
CZ02/DMo&0&rDXGF&New&Fenes__ManufWin_Msr2/Msr-0.28-0.23/instance-out.sql,47.79,79.20,33082.28,54829.78
CZ02/DMo&0&rDXHP&New&Fenes__ManufWin_Default/Default/instance-out.sql,47.32,93.89,32763.63,65002.74
CZ02/DMo&0&rDXHP&New&Fenes__ManufWin_Base/Base0.5/instance-out.sql,48.14,96.48,33328.87,66797.07
CZ02/DMo&0&rDXHP&New&Fenes__ManufWin_Msr1/Msr-0.25-0.4/instance-out.sql,47.71,95.10,33027.03,65841.48
CZ02/DMo&0&rDXHP&New&Fenes__ManufWin_Msr2/Msr-0.28-0.23/instance-out.sql,48.75,98.41,33747.17,68128.07
CZ03/DMo&0&rDXGF&New&Fenes__ManufWin_Default/Default/instance-out.sql,46.26,82.95,32026.12,57428.59
CZ03/DMo&0&rDXGF&New&Fenes__ManufWin_Base/Base0.5/instance-out.sql,46.53,82.24,32211.18,56937.09
CZ03/DMo&0&rDXGF&New&Fenes__ManufWin_Msr1/Msr-0.25-0.4/instance-out.sql,44.89,78.86,31077.38,54596.14
CZ03/DMo&0&rDXGF&New&Fenes__ManufWin_Msr2/Msr-0.28-0.23/instance-out.sql,44.93,77.37,31105.78,53565.78
CZ03/DMo&0&rDXHP&New&Fenes__ManufWin_Default/Default/instance-out.sql,45.25,87.31,31327.05,60445.23
CZ03/DMo&0&rDXHP&New&Fenes__ManufWin_Base/Base0.5/instance-out.sql,45.15,87.01,31260.21,60238.85
CZ03/DMo&0&rDXHP&New&Fenes__ManufWin_Msr1/Msr-0.25-0.4/instance-out.sql,44.17,83.91,30580.90,58091.09
CZ03/DMo&0&rDXHP&New&Fenes__ManufWin_Msr2/Msr-0.28-0.23/instance-out.sql,43.93,83.16,30415.49,57574.38
CZ04/DMo&0&rDXGF&New&Fenes__ManufWin_Default/Default/instance-out.sql,45.23,80.69,31315.87,55860.18
CZ04/DMo&0&rDXGF&New&Fenes__ManufWin_Base/Base0.5/instance-out.sql,45.76,80.76,31679.10,55913.63
CZ04/DMo&0&rDXGF&New&Fenes__ManufWin_Msr1/Msr-0.25-0.4/instance-out.sql,44.61,78.74,30883.09,54509.64
CZ04/DMo&0&rDXGF&New&Fenes__ManufWin_Msr2/Msr-0.28-0.23/instance-out.sql,44.81,77.98,31024.53,53983.43
CZ04/DMo&0&rDXHP&New&Fenes__ManufWin_Default/Default/instance-out.sql,44.76,85.89,30987.98,59464.41
CZ04/DMo&0&rDXHP&New&Fenes__ManufWin_Base/Base0.5/instance-out.sql,44.95,86.51,31121.93,59893.01
CZ04/DMo&0&rDXHP&New&Fenes__ManufWin_Msr1/Msr-0.25-0.4/instance-out.sql,44.33,84.54,30691.65,58529.55
CZ04/DMo&0&rDXHP&New&Fenes__ManufWin_Msr2/Msr-0.28-0.23/instance-out.sql,44.41,84.79,30745.07,58704.70
CZ05/DMo&0&rDXGF&New&Fenes__ManufWin_Default/Default/instance-out.sql,45.50,80.68,31502.05,55852.89
CZ05/DMo&0&rDXGF&New&Fenes__ManufWin_Base/Base0.5/instance-out.sql,45.98,80.53,31830.16,55753.25
CZ05/DMo&0&rDXGF&New&Fenes__ManufWin_Msr1/Msr-0.25-0.4/instance-out.sql,44.66,77.95,30918.37,53965.18
CZ05/DMo&0&rDXGF&New&Fenes__ManufWin_Msr2/Msr-0.28-0.23/instance-out.sql,44.96,77.11,31126.59,53387.19
CZ05/DMo&0&rDXHP&New&Fenes__ManufWin_Default/Default/instance-out.sql,45.56,88.31,31541.25,61140.61
CZ05/DMo&0&rDXHP&New&Fenes__ManufWin_Base/Base0.5/instance-out.sql,45.83,89.17,31727.60,61735.51
CZ05/DMo&0&rDXHP&New&Fenes__ManufWin_Msr1/Msr-0.25-0.4/instance-out.sql,45.16,87.05,31261.90,60262.84
CZ05/DMo&0&rDXHP&New&Fenes__ManufWin_Msr2/Msr-0.28-0.23/instance-out.sql,45.46,88.03,31474.74,60942.83
CZ06/DMo&0&rDXGF&New&Fenes__ManufWin_Default/Default/instance-out.sql,46.27,87.31,32036.76,60443.25
CZ06/DMo&0&rDXGF&New&Fenes__ManufWin_Base/Base0.5/instance-out.sql,46.07,85.91,31894.89,59473.80
CZ06/DMo&0&rDXGF&New&Fenes__ManufWin_Msr1/Msr-0.25-0.4/instance-out.sql,45.03,83.59,31174.42,57872.92
CZ06/DMo&0&rDXGF&New&Fenes__ManufWin_Msr2/Msr-0.28-0.23/instance-out.sql,44.39,81.01,30730.15,56082.40
CZ06/DMo&0&rDXHP&New&Fenes__ManufWin_Default/Default/instance-out.sql,45.16,87.25,31264.05,60403.75
CZ06/DMo&0&rDXHP&New&Fenes__ManufWin_Base/Base0.5/instance-out.sql,44.72,85.86,30960.13,59445.49
CZ06/DMo&0&rDXHP&New&Fenes__ManufWin_Msr1/Msr-0.25-0.4/instance-out.sql,44.00,83.59,30462.14,57871.52
CZ06/DMo&0&rDXHP&New&Fenes__ManufWin_Msr2/Msr-0.28-0.23/instance-out.sql,43.19,81.03,29900.97,56100.36
CZ07/DMo&0&rDXGF&New&Fenes__ManufWin_Default/Default/instance-out.sql,45.38,84.83,31419.83,58728.41
CZ07/DMo&0&rDXGF&New&Fenes__ManufWin_Base/Base0.5/instance-out.sql,45.29,83.86,31358.07,58056.11
CZ07/DMo&0&rDXGF&New&Fenes__ManufWin_Msr1/Msr-0.25-0.4/instance-out.sql,44.51,82.20,30817.28,56910.90
CZ07/DMo&0&rDXGF&New&Fenes__ManufWin_Msr2/Msr-0.28-0.23/instance-out.sql,44.01,80.13,30471.37,55473.96
CZ07/DMo&0&rDXHP&New&Fenes__ManufWin_Default/Default/instance-out.sql,44.34,84.69,30696.77,58633.47
CZ07/DMo&0&rDXHP&New&Fenes__ManufWin_Base/Base0.5/instance-out.sql,44.03,83.72,30483.67,57962.08
CZ07/DMo&0&rDXHP&New&Fenes__ManufWin_Msr1/Msr-0.25-0.4/instance-out.sql,43.53,82.12,30133.40,56855.02
CZ07/DMo&0&rDXHP&New&Fenes__ManufWin_Msr2/Msr-0.28-0.23/instance-out.sql,42.88,80.09,29687.97,55449.59
CZ08/DMo&0&rDXGF&New&Fenes__ManufWin_Default/Default/instance-out.sql,46.06,86.72,31886.07,60036.24
CZ08/DMo&0&rDXGF&New&Fenes__ManufWin_Base/Base0.5/instance-out.sql,46.05,85.88,31880.04,59455.02
CZ08/DMo&0&rDXGF&New&Fenes__ManufWin_Msr1/Msr-0.25-0.4/instance-out.sql,45.16,83.91,31265.49,58089.50
CZ08/DMo&0&rDXGF&New&Fenes__ManufWin_Msr2/Msr-0.28-0.23/instance-out.sql,44.73,81.88,30969.23,56684.36
CZ08/DMo&0&rDXHP&New&Fenes__ManufWin_Default/Default/instance-out.sql,45.15,87.28,31260.19,60423.89
CZ08/DMo&0&rDXHP&New&Fenes__ManufWin_Base/Base0.5/instance-out.sql,44.89,86.45,31078.18,59851.20
CZ08/DMo&0&rDXHP&New&Fenes__ManufWin_Msr1/Msr-0.25-0.4/instance-out.sql,44.28,84.52,30654.74,58513.35
CZ08/DMo&0&rDXHP&New&Fenes__ManufWin_Msr2/Msr-0.28-0.23/instance-out.sql,43.65,82.53,30218.71,57138.15
CZ09/DMo&0&rDXGF&New&Fenes__ManufWin_Default/Default/instance-out.sql,48.33,94.53,33457.33,65444.09
CZ09/DMo&0&rDXGF&New&Fenes__ManufWin_Base/Base0.5/instance-out.sql,48.14,93.29,33331.05,64585.35
CZ09/DMo&0&rDXGF&New&Fenes__ManufWin_Msr1/Msr-0.25-0.4/instance-out.sql,47.22,91.10,32694.08,63070.54
CZ09/DMo&0&rDXGF&New&Fenes__ManufWin_Msr2/Msr-0.28-0.23/instance-out.sql,46.51,88.31,32196.21,61134.79
CZ09/DMo&0&rDXHP&New&Fenes__ManufWin_Default/Default/instance-out.sql,47.62,95.14,32968.65,65867.94
CZ09/DMo&0&rDXHP&New&Fenes__ManufWin_Base/Base0.5/instance-out.sql,47.24,93.93,32701.80,65027.42
CZ09/DMo&0&rDXHP&New&Fenes__ManufWin_Msr1/Msr-0.25-0.4/instance-out.sql,46.54,91.74,32222.17,63512.44
CZ09/DMo&0&rDXHP&New&Fenes__ManufWin_Msr2/Msr-0.28-0.23/instance-out.sql,45.67,88.98,31615.56,61600.04
CZ10/DMo&0&rDXGF&New&Fenes__ManufWin_Default/Default/instance-out.sql,50.36,93.80,34861.78,64939.94
CZ10/DMo&0&rDXGF&New&Fenes__ManufWin_Base/Base0.5/instance-out.sql,51.06,94.00,35347.52,65080.30
CZ10/DMo&0&rDXGF&New&Fenes__ManufWin_Msr1/Msr-0.25-0.4/instance-out.sql,49.46,90.97,34245.23,62981.95
CZ10/DMo&0&rDXGF&New&Fenes__ManufWin_Msr2/Msr-0.28-0.23/instance-out.sql,49.54,89.48,34299.53,61950.57
CZ10/DMo&0&rDXHP&New&Fenes__ManufWin_Default/Default/instance-out.sql,49.43,100.85,34218.20,69817.72
CZ10/DMo&0&rDXHP&New&Fenes__ManufWin_Base/Base0.5/instance-out.sql,49.74,101.84,34433.65,70504.67
CZ10/DMo&0&rDXHP&New&Fenes__ManufWin_Msr1/Msr-0.25-0.4/instance-out.sql,48.80,98.86,33781.88,68440.71
CZ10/DMo&0&rDXHP&New&Fenes__ManufWin_Msr2/Msr-0.28-0.23/instance-out.sql,48.72,98.64,33732.56,68292.14
CZ11/DMo&0&rDXGF&New&Fenes__ManufWin_Default/Default/instance-out.sql,55.58,103.40,38481.02,71584.34
CZ11/DMo&0&rDXGF&New&Fenes__ManufWin_Base/Base0.5/instance-out.sql,56.73,104.25,39274.72,72174.62
CZ11/DMo&0&rDXGF&New&Fenes__ManufWin_Msr1/Msr-0.25-0.4/instance-out.sql,54.57,100.34,37778.79,69466.30
CZ11/DMo&0&rDXGF&New&Fenes__ManufWin_Msr2/Msr-0.28-0.23/instance-out.sql,54.87,99.20,37987.39,68674.05
CZ11/DMo&0&rDXHP&New&Fenes__ManufWin_Default/Default/instance-out.sql,53.96,115.08,37358.16,79668.49
CZ11/DMo&0&rDXHP&New&Fenes__ManufWin_Base/Base0.5/instance-out.sql,54.57,117.02,37781.55,81013.72
CZ11/DMo&0&rDXHP&New&Fenes__ManufWin_Msr1/Msr-0.25-0.4/instance-out.sql,53.24,112.79,36857.25,78087.95
CZ11/DMo&0&rDXHP&New&Fenes__ManufWin_Msr2/Msr-0.28-0.23/instance-out.sql,53.35,113.15,36932.72,78335.06
CZ12/DMo&0&rDXGF&New&Fenes__ManufWin_Default/Default/instance-out.sql,54.38,97.87,37645.06,67753.48
CZ12/DMo&0&rDXGF&New&Fenes__ManufWin_Base/Base0.5/instance-out.sql,55.52,98.62,38436.37,68277.63
CZ12/DMo&0&rDXGF&New&Fenes__ManufWin_Msr1/Msr-0.25-0.4/instance-out.sql,53.51,95.12,37042.43,65853.60
CZ12/DMo&0&rDXGF&New&Fenes__ManufWin_Msr2/Msr-0.28-0.23/instance-out.sql,53.97,94.18,37366.06,65201.55
CZ12/DMo&0&rDXHP&New&Fenes__ManufWin_Default/Default/instance-out.sql,52.81,111.42,36559.33,77134.66
CZ12/DMo&0&rDXHP&New&Fenes__ManufWin_Base/Base0.5/instance-out.sql,53.46,113.48,37008.61,78562.14
CZ12/DMo&0&rDXHP&New&Fenes__ManufWin_Msr1/Msr-0.25-0.4/instance-out.sql,52.40,110.15,36280.48,76257.94
CZ12/DMo&0&rDXHP&New&Fenes__ManufWin_Msr2/Msr-0.28-0.23/instance-out.sql,52.84,111.53,36579.94,77214.52
CZ13/DMo&0&rDXGF&New&Fenes__ManufWin_Default/Default/instance-out.sql,55.74,106.84,38590.78,73963.88
CZ13/DMo&0&rDXGF&New&Fenes__ManufWin_Base/Base0.5/instance-out.sql,56.57,107.25,39164.57,74250.04
CZ13/DMo&0&rDXGF&New&Fenes__ManufWin_Msr1/Msr-0.25-0.4/instance-out.sql,54.65,103.44,37835.89,71614.89
CZ13/DMo&0&rDXGF&New&Fenes__ManufWin_Msr2/Msr-0.28-0.23/instance-out.sql,54.75,101.93,37903.62,70569.90
CZ13/DMo&0&rDXHP&New&Fenes__ManufWin_Default/Default/instance-out.sql,54.26,116.18,37563.04,80434.88
CZ13/DMo&0&rDXHP&New&Fenes__ManufWin_Base/Base0.5/instance-out.sql,54.65,117.44,37835.41,81302.31
CZ13/DMo&0&rDXHP&New&Fenes__ManufWin_Msr1/Msr-0.25-0.4/instance-out.sql,53.42,113.55,36985.30,78612.30
CZ13/DMo&0&rDXHP&New&Fenes__ManufWin_Msr2/Msr-0.28-0.23/instance-out.sql,53.37,113.38,36947.05,78497.91
CZ14/DMo&0&rDXGF&New&Fenes__ManufWin_Default/Default/instance-out.sql,59.46,111.39,41162.98,77118.43
CZ14/DMo&0&rDXGF&New&Fenes__ManufWin_Base/Base0.5/instance-out.sql,61.08,112.91,42285.67,78168.40
CZ14/DMo&0&rDXGF&New&Fenes__ManufWin_Msr1/Msr-0.25-0.4/instance-out.sql,58.46,108.10,40472.36,74840.60
CZ14/DMo&0&rDXGF&New&Fenes__ManufWin_Msr2/Msr-0.28-0.23/instance-out.sql,59.21,107.33,40990.09,74307.87
CZ14/DMo&0&rDXHP&New&Fenes__ManufWin_Default/Default/instance-out.sql,56.31,122.74,38986.64,84976.72
CZ14/DMo&0&rDXHP&New&Fenes__ManufWin_Base/Base0.5/instance-out.sql,57.12,125.29,39541.81,86739.87
CZ14/DMo&0&rDXHP&New&Fenes__ManufWin_Msr1/Msr-0.25-0.4/instance-out.sql,55.68,120.74,38547.00,83589.53
CZ14/DMo&0&rDXHP&New&Fenes__ManufWin_Msr2/Msr-0.28-0.23/instance-out.sql,56.02,121.85,38786.26,84355.28
CZ15/DMo&0&rDXGF&New&Fenes__ManufWin_Default/Default/instance-out.sql,57.79,122.20,40011.72,84597.66
CZ15/DMo&0&rDXGF&New&Fenes__ManufWin_Base/Base0.5/instance-out.sql,58.22,122.42,40307.90,84751.99
CZ15/DMo&0&rDXGF&New&Fenes__ManufWin_Msr1/Msr-0.25-0.4/instance-out.sql,56.28,117.46,38964.32,81316.14
CZ15/DMo&0&rDXGF&New&Fenes__ManufWin_Msr2/Msr-0.28-0.23/instance-out.sql,55.76,114.89,38601.39,79537.81
CZ15/DMo&0&rDXHP&New&Fenes__ManufWin_Default/Default/instance-out.sql,56.77,124.39,39299.59,86119.16
CZ15/DMo&0&rDXHP&New&Fenes__ManufWin_Base/Base0.5/instance-out.sql,56.90,124.81,39390.16,86407.98
CZ15/DMo&0&rDXHP&New&Fenes__ManufWin_Msr1/Msr-0.25-0.4/instance-out.sql,55.29,119.72,38274.87,82881.64
CZ15/DMo&0&rDXHP&New&Fenes__ManufWin_Msr2/Msr-0.28-0.23/instance-out.sql,54.55,117.41,37767.99,81282.22
CZ16/DMo&0&rDXGF&New&Fenes__ManufWin_Default/Default/instance-out.sql,52.37,97.46,36256.69,67473.14
CZ16/DMo&0&rDXGF&New&Fenes__ManufWin_Base/Base0.5/instance-out.sql,53.38,98.03,36958.94,67864.95
CZ16/DMo&0&rDXGF&New&Fenes__ManufWin_Msr1/Msr-0.25-0.4/instance-out.sql,51.39,94.12,35579.80,65160.59
CZ16/DMo&0&rDXGF&New&Fenes__ManufWin_Msr2/Msr-0.28-0.23/instance-out.sql,51.85,93.09,35899.02,64449.19
CZ16/DMo&0&rDXHP&New&Fenes__ManufWin_Default/Default/instance-out.sql,54.15,115.52,37487.30,79974.61
CZ16/DMo&0&rDXHP&New&Fenes__ManufWin_Base/Base0.5/instance-out.sql,55.19,118.82,38207.34,82260.63
CZ16/DMo&0&rDXHP&New&Fenes__ManufWin_Msr1/Msr-0.25-0.4/instance-out.sql,53.62,113.86,37122.33,78825.86
CZ16/DMo&0&rDXHP&New&Fenes__ManufWin_Msr2/Msr-0.28-0.23/instance-out.sql,54.61,117.01,37808.71,81006.29

File Name,Total (kWh),Heating (kWh),Cooling (kWh),Interior Lighting (kWh),Exterior Lighting (kWh),Interior Equipment (kWh),Exterior Equipment (kWh),Fans (kWh),Pumps (kWh),Heat Rejection (kWh),Humidification (kWh),Heat Recovery (kWh),Water Systems (kWh),Refrigeration (kWh),Generators (kWh),Heating Elec (kWh),Cooling Elec (kWh),Heating NG (kWh),Cooling NG (kWh),Interior Equipment Elec (kWh),Interior Equipment NG (kWh)
CZ01/DMo&0&rDXGF&New&Fenes__ManufWin_Default/Default/instance-out.sql,29175.18,1616.55,449.79,3135.57,0.0,12980.689999999999,0.0,107.36,0.0,0.0,0.0,0.0,10885.21,0.0,0.0,0.00,449.79,1616.55,0.00,5167.03,7813.66
CZ01/DMo&0&rDXGF&New&Fenes__ManufWin_Base/Base0.5/instance-out.sql,29581.17,2130.95,353.59,3135.57,0.0,12980.689999999999,0.0,97.07,0.0,0.0,0.0,0.0,10883.3,0.0,0.0,0.00,353.59,2130.95,0.00,5167.03,7813.66
CZ01/DMo&0&rDXGF&New&Fenes__ManufWin_Msr1/Msr-0.25-0.4/instance-out.sql,29221.63,1868.81,282.54,3135.57,0.0,12980.689999999999,0.0,71.1,0.0,0.0,0.0,0.0,10882.91,0.0,0.0,0.00,282.54,1868.81,0.00,5167.03,7813.66
CZ01/DMo&0&rDXGF&New&Fenes__ManufWin_Msr2/Msr-0.28-0.23/instance-out.sql,31570.32,4368.19,150.75,3135.57,0.0,12980.689999999999,0.0,59.87,0.0,0.0,0.0,0.0,10875.24,0.0,0.0,0.00,150.75,4368.19,0.00,5167.03,7813.66
CZ01/DMo&0&rDXHP&New&Fenes__ManufWin_Default/Default/instance-out.sql,30554.55,2989.02,450.0,3135.57,0.0,12980.689999999999,0.0,114.91,0.0,0.0,0.0,0.0,10884.35,0.0,0.0,2989.02,450.00,0.00,0.00,5167.03,7813.66
CZ01/DMo&0&rDXHP&New&Fenes__ManufWin_Base/Base0.5/instance-out.sql,31001.699999999997,3534.11,353.9,3135.57,0.0,12980.689999999999,0.0,114.87,0.0,0.0,0.0,0.0,10882.55,0.0,0.0,3534.11,353.90,0.00,0.00,5167.03,7813.66
CZ01/DMo&0&rDXHP&New&Fenes__ManufWin_Msr1/Msr-0.25-0.4/instance-out.sql,30733.89,3365.3,282.77,3135.57,0.0,12980.689999999999,0.0,87.42,0.0,0.0,0.0,0.0,10882.14,0.0,0.0,3365.30,282.77,0.00,0.00,5167.03,7813.66
CZ01/DMo&0&rDXHP&New&Fenes__ManufWin_Msr2/Msr-0.28-0.23/instance-out.sql,32433.78,5224.47,150.88,3135.57,0.0,12980.689999999999,0.0,67.92,0.0,0.0,0.0,0.0,10874.26,0.0,0.0,5224.47,150.88,0.00,0.00,5167.03,7813.66
CZ02/DMo&0&rDXGF&New&Fenes__ManufWin_Default/Default/instance-out.sql,32520.190000000002,4194.79,1163.96,3135.57,0.0,12980.689999999999,0.0,251.09,0.0,0.0,0.0,0.0,10794.1,0.0,0.0,0.00,1163.96,4194.79,0.00,5167.03,7813.66
CZ02/DMo&0&rDXGF&New&Fenes__ManufWin_Base/Base0.5/instance-out.sql,33242.99,5021.1,1063.01,3135.57,0.0,12980.689999999999,0.0,249.82,0.0,0.0,0.0,0.0,10792.79,0.0,0.0,0.00,1063.01,5021.10,0.00,5167.03,7813.66
CZ02/DMo&0&rDXGF&New&Fenes__ManufWin_Msr1/Msr-0.25-0.4/instance-out.sql,32378.66,4418.0,854.52,3135.57,0.0,12980.689999999999,0.0,196.51,0.0,0.0,0.0,0.0,10793.36,0.0,0.0,0.00,854.52,4418.00,0.00,5167.03,7813.66
CZ02/DMo&0&rDXGF&New&Fenes__ManufWin_Msr2/Msr-0.28-0.23/instance-out.sql,33082.28,5371.07,638.96,3135.57,0.0,12980.689999999999,0.0,164.82,0.0,0.0,0.0,0.0,10791.17,0.0,0.0,0.00,638.96,5371.07,0.00,5167.03,7813.66
CZ02/DMo&0&rDXHP&New&Fenes__ManufWin_Default/Default/instance-out.sql,32763.629999999997,4429.86,1163.95,3135.57,0.0,12980.689999999999,0.0,259.6,0.0,0.0,0.0,0.0,10793.96,0.0,0.0,4429.86,1163.95,0.00,0.00,5167.03,7813.66
CZ02/DMo&0&rDXHP&New&Fenes__ManufWin_Base/Base0.5/instance-out.sql,33328.86,5085.67,1063.08,3135.57,0.0,12980.689999999999,0.0,271.92,0.0,0.0,0.0,0.0,10791.93,0.0,0.0,5085.67,1063.08,0.00,0.00,5167.03,7813.66
CZ02/DMo&0&rDXHP&New&Fenes__ManufWin_Msr1/Msr-0.25-0.4/instance-out.sql,33027.03,5039.69,854.53,3135.57,0.0,12980.689999999999,0.0,224.78,0.0,0.0,0.0,0.0,10791.78,0.0,0.0,5039.69,854.53,0.00,0.00,5167.03,7813.66
CZ02/DMo&0&rDXHP&New&Fenes__ManufWin_Msr2/Msr-0.28-0.23/instance-out.sql,33747.16,5995.3,638.93,3135.57,0.0,12980.689999999999,0.0,207.74,0.0,0.0,0.0,0.0,10788.93,0.0,0.0,5995.30,638.93,0.00,0.00,5167.03,7813.66
CZ03/DMo&0&rDXGF&New&Fenes__ManufWin_Default/Default/instance-out.sql,32026.120000000003,2512.36,2203.88,3135.57,0.0,12980.689999999999,0.0,397.15,0.0,0.0,0.0,0.0,10796.47,0.0,0.0,0.00,2203.88,2512.36,0.00,5167.03,7813.66
CZ03/DMo&0&rDXGF&New&Fenes__ManufWin_Base/Base0.5/instance-out.sql,32211.18,3031.68,1904.38,3135.57,0.0,12980.689999999999,0.0,364.39,0.0,0.0,0.0,0.0,10794.48,0.0,0.0,0.00,1904.38,3031.68,0.00,5167.03,7813.66
CZ03/DMo&0&rDXGF&New&Fenes__ManufWin_Msr1/Msr-0.25-0.4/instance-out.sql,31077.37,2432.82,1464.93,3135.57,0.0,12980.689999999999,0.0,270.05,0.0,0.0,0.0,0.0,10793.32,0.0,0.0,0.00,1464.93,2432.82,0.00,5167.03,7813.66
CZ03/DMo&0&rDXGF&New&Fenes__ManufWin_Msr2/Msr-0.28-0.23/instance-out.sql,31105.78,2973.56,1019.48,3135.57,0.0,12980.689999999999,0.0,206.06,0.0,0.0,0.0,0.0,10790.42,0.0,0.0,0.00,1019.48,2973.56,0.00,5167.03,7813.66
CZ03/DMo&0&rDXHP&New&Fenes__ManufWin_Default/Default/instance-out.sql,31327.04,1854.18,2201.56,3135.57,0.0,12980.689999999999,0.0,357.31,0.0,0.0,0.0,0.0,10797.73,0.0,0.0,1854.18,2201.56,0.00,0.00,5167.03,7813.66
CZ03/DMo&0&rDXHP&New&Fenes__ManufWin_Base/Base0.5/instance-out.sql,31260.2,2112.87,1902.84,3135.57,0.0,12980.689999999999,0.0,333.06,0.0,0.0,0.0,0.0,10795.18,0.0,0.0,2112.87,1902.84,0.00,0.00,5167.03,7813.66
CZ03/DMo&0&rDXHP&New&Fenes__ManufWin_Msr1/Msr-0.25-0.4/instance-out.sql,30580.9,1949.29,1464.18,3135.57,0.0,12980.689999999999,0.0,257.72,0.0,0.0,0.0,0.0,10793.45,0.0,0.0,1949.29,1464.18,0.00,0.00,5167.03,7813.66
CZ03/DMo&0&rDXHP&New&Fenes__ManufWin_Msr2/Msr-0.28-0.23/instance-out.sql,30415.48,2278.13,1019.65,3135.57,0.0,12980.689999999999,0.0,211.43,0.0,0.0,0.0,0.0,10790.02,0.0,0.0,2278.13,1019.65,0.00,0.00,5167.03,7813.66
CZ04/DMo&0&rDXGF&New&Fenes__ManufWin_Default/Default/instance-out.sql,31315.870000000003,2230.04,1920.44,3135.57,0.0,12980.689999999999,0.0,297.26,0.0,0.0,0.0,0.0,10751.88,0.0,0.0,0.00,1920.44,2230.04,0.00,5167.03,7813.66
CZ04/DMo&0&rDXGF&New&Fenes__ManufWin_Base/Base0.5/instance-out.sql,31679.1,2758.12,1764.71,3135.57,0.0,12980.689999999999,0.0,289.61,0.0,0.0,0.0,0.0,10750.39,0.0,0.0,0.00,1764.71,2758.12,0.00,5167.03,7813.66
CZ04/DMo&0&rDXGF&New&Fenes__ManufWin_Msr1/Msr-0.25-0.4/instance-out.sql,30883.08,2221.76,1550.18,3135.57,0.0,12980.689999999999,0.0,244.37,0.0,0.0,0.0,0.0,10750.51,0.0,0.0,0.00,1550.18,2221.76,0.00,5167.03,7813.66
CZ04/DMo&0&rDXGF&New&Fenes__ManufWin_Msr2/Msr-0.28-0.23/instance-out.sql,31024.53,2691.44,1257.01,3135.57,0.0,12980.689999999999,0.0,211.31,0.0,0.0,0.0,0.0,10748.49,0.0,0.0,0.00,1257.01,2691.44,0.00,5167.03,7813.66
CZ04/DMo&0&rDXHP&New&Fenes__ManufWin_Default/Default/instance-out.sql,30987.980000000003,1926.29,1920.01,3135.57,0.0,12980.689999999999,0.0,272.34,0.0,0.0,0.0,0.0,10753.09,0.0,0.0,1926.29,1920.01,0.00,0.00,5167.03,7813.66
CZ04/DMo&0&rDXHP&New&Fenes__ManufWin_Base/Base0.5/instance-out.sql,31121.93,2220.9,1764.39,3135.57,0.0,12980.689999999999,0.0,269.41,0.0,0.0,0.0,0.0,10750.98,0.0,0.0,2220.90,1764.39,0.00,0.00,5167.03,7813.66
CZ04/DMo&0&rDXHP&New&Fenes__ManufWin_Msr1/Msr-0.25-0.4/instance-out.sql,30691.65,2041.85,1550.08,3135.57,0.0,12980.689999999999,0.0,232.11,0.0,0.0,0.0,0.0,10751.34,0.0,0.0,2041.85,1550.08,0.00,0.00,5167.03,7813.66
CZ04/DMo&0&rDXHP&New&Fenes__ManufWin_Msr2/Msr-0.28-0.23/instance-out.sql,30745.08,2412.39,1257.04,3135.57,0.0,12980.689999999999,0.0,210.9,0.0,0.0,0.0,0.0,10748.49,0.0,0.0,2412.39,1257.04,0.00,0.00,5167.03,7813.66
CZ05/DMo&0&rDXGF&New&Fenes__ManufWin_Default/Default/instance-out.sql,31502.04,2479.92,1794.55,3135.57,0.0,12980.689999999999,0.0,322.76,0.0,0.0,0.0,0.0,10788.56,0.0,0.0,0.00,1794.55,2479.92,0.00,5167.03,7813.66
CZ05/DMo&0&rDXGF&New&Fenes__ManufWin_Base/Base0.5/instance-out.sql,31830.16,3027.74,1594.52,3135.57,0.0,12980.689999999999,0.0,304.2,0.0,0.0,0.0,0.0,10787.44,0.0,0.0,0.00,1594.52,3027.74,0.00,5167.03,7813.66
CZ05/DMo&0&rDXGF&New&Fenes__ManufWin_Msr1/Msr-0.25-0.4/instance-out.sql,30918.37,2500.53,1278.45,3135.57,0.0,12980.689999999999,0.0,236.36,0.0,0.0,0.0,0.0,10786.77,0.0,0.0,0.00,1278.45,2500.53,0.00,5167.03,7813.66
CZ05/DMo&0&rDXGF&New&Fenes__ManufWin_Msr2/Msr-0.28-0.23/instance-out.sql,31126.59,3096.9,939.89,3135.57,0.0,12980.689999999999,0.0,189.08,0.0,0.0,0.0,0.0,10784.46,0.0,0.0,0.00,939.89,3096.90,0.00,5167.03,7813.66
CZ05/DMo&0&rDXHP&New&Fenes__ManufWin_Default/Default/instance-out.sql,31541.25,2527.91,1794.37,3135.57,0.0,12980.689999999999,0.0,313.14,0.0,0.0,0.0,0.0,10789.57,0.0,0.0,2527.91,1794.37,0.00,0.00,5167.03,7813.66
CZ05/DMo&0&rDXHP&New&Fenes__ManufWin_Base/Base0.5/instance-out.sql,31727.59,2924.9,1594.4,3135.57,0.0,12980.689999999999,0.0,304.73,0.0,0.0,0.0,0.0,10787.29,0.0,0.0,2924.90,1594.40,0.00,0.00,5167.03,7813.66
CZ05/DMo&0&rDXHP&New&Fenes__ManufWin_Msr1/Msr-0.25-0.4/instance-out.sql,31261.9,2834.47,1278.5,3135.57,0.0,12980.689999999999,0.0,246.43,0.0,0.0,0.0,0.0,10786.25,0.0,0.0,2834.47,1278.50,0.00,0.00,5167.03,7813.66
CZ05/DMo&0&rDXHP&New&Fenes__ManufWin_Msr2/Msr-0.28-0.23/instance-out.sql,31474.74,3422.43,940.06,3135.57,0.0,12980.689999999999,0.0,212.59,0.0,0.0,0.0,0.0,10783.4,0.0,0.0,3422.43,940.06,0.00,0.00,5167.03,7813.66
CZ06/DMo&0&rDXGF&New&Fenes__ManufWin_Default/Default/instance-out.sql,32036.760000000002,1157.67,3505.16,3135.57,0.0,12980.689999999999,0.0,537.61,0.0,0.0,0.0,0.0,10720.06,0.0,0.0,0.00,3505.16,1157.67,0.00,5167.03,7813.66
CZ06/DMo&0&rDXGF&New&Fenes__ManufWin_Base/Base0.5/instance-out.sql,31894.9,1409.24,3152.82,3135.57,0.0,12980.689999999999,0.0,498.36,0.0,0.0,0.0,0.0,10718.21,0.0,0.0,0.00,3152.82,1409.24,0.00,5167.03,7813.66
CZ06/DMo&0&rDXGF&New&Fenes__ManufWin_Msr1/Msr-0.25-0.4/instance-out.sql,31174.420000000002,1083.69,2825.62,3135.57,0.0,12980.689999999999,0.0,431.96,0.0,0.0,0.0,0.0,10716.89,0.0,0.0,0.00,2825.62,1083.69,0.00,5167.03,7813.66
CZ06/DMo&0&rDXGF&New&Fenes__ManufWin_Msr2/Msr-0.28-0.23/instance-out.sql,30730.15,1271.03,2270.09,3135.57,0.0,12980.689999999999,0.0,359.1,0.0,0.0,0.0,0.0,10713.67,0.0,0.0,0.00,2270.09,1271.03,0.00,5167.03,7813.66
CZ06/DMo&0&rDXHP&New&Fenes__ManufWin_Default/Default/instance-out.sql,31264.050000000003,460.76,3499.57,3135.57,0.0,12980.689999999999,0.0,465.59,0.0,0.0,0.0,0.0,10721.86,0.0,0.0,460.76,3499.57,0.00,0.00,5167.03,7813.66
CZ06/DMo&0&rDXHP&New&Fenes__ManufWin_Base/Base0.5/instance-out.sql,30960.129999999997,549.09,3148.05,3135.57,0.0,12980.689999999999,0.0,426.91,0.0,0.0,0.0,0.0,10719.83,0.0,0.0,549.09,3148.05,0.00,0.00,5167.03,7813.66
CZ06/DMo&0&rDXHP&New&Fenes__ManufWin_Msr1/Msr-0.25-0.4/instance-out.sql,30462.15,429.47,2821.64,3135.57,0.0,12980.689999999999,0.0,376.46,0.0,0.0,0.0,0.0,10718.31,0.0,0.0,429.47,2821.64,0.00,0.00,5167.03,7813.66
CZ06/DMo&0&rDXHP&New&Fenes__ManufWin_Msr2/Msr-0.28-0.23/instance-out.sql,29900.980000000003,491.26,2267.21,3135.57,0.0,12980.689999999999,0.0,310.85,0.0,0.0,0.0,0.0,10715.4,0.0,0.0,491.26,2267.21,0.00,0.00,5167.03,7813.66
CZ07/DMo&0&rDXGF&New&Fenes__ManufWin_Default/Default/instance-out.sql,31419.83,1056.7,3036.54,3135.57,0.0,12980.689999999999,0.0,504.03,0.0,0.0,0.0,0.0,10706.3,0.0,0.0,0.00,3036.54,1056.70,0.00,5167.03,7813.66
CZ07/DMo&0&rDXGF&New&Fenes__ManufWin_Base/Base0.5/instance-out.sql,31358.079999999998,1287.57,2769.21,3135.57,0.0,12980.689999999999,0.0,480.74,0.0,0.0,0.0,0.0,10704.29,0.0,0.0,0.00,2769.21,1287.57,0.00,5167.03,7813.66
CZ07/DMo&0&rDXGF&New&Fenes__ManufWin_Msr1/Msr-0.25-0.4/instance-out.sql,30817.270000000004,1015.18,2553.69,3135.57,0.0,12980.689999999999,0.0,427.9,0.0,0.0,0.0,0.0,10704.25,0.0,0.0,0.00,2553.69,1015.18,0.00,5167.03,7813.66
CZ07/DMo&0&rDXGF&New&Fenes__ManufWin_Msr2/Msr-0.28-0.23/instance-out.sql,30471.36,1181.41,2103.41,3135.57,0.0,12980.689999999999,0.0,368.35,0.0,0.0,0.0,0.0,10701.93,0.0,0.0,0.00,2103.41,1181.41,0.00,5167.03,7813.66
CZ07/DMo&0&rDXHP&New&Fenes__ManufWin_Default/Default/instance-out.sql,30696.770000000004,440.2,3029.98,3135.57,0.0,12980.689999999999,0.0,401.09,0.0,0.0,0.0,0.0,10709.24,0.0,0.0,440.20,3029.98,0.00,0.00,5167.03,7813.66
CZ07/DMo&0&rDXHP&New&Fenes__ManufWin_Base/Base0.5/instance-out.sql,30483.68,522.91,2763.46,3135.57,0.0,12980.689999999999,0.0,373.49,0.0,0.0,0.0,0.0,10707.57,0.0,0.0,522.91,2763.46,0.00,0.00,5167.03,7813.66
CZ07/DMo&0&rDXHP&New&Fenes__ManufWin_Msr1/Msr-0.25-0.4/instance-out.sql,30133.410000000003,423.01,2548.38,3135.57,0.0,12980.689999999999,0.0,339.26,0.0,0.0,0.0,0.0,10706.49,0.0,0.0,423.01,2548.38,0.00,0.00,5167.03,7813.66
CZ07/DMo&0&rDXHP&New&Fenes__ManufWin_Msr2/Msr-0.28-0.23/instance-out.sql,29687.97,480.74,2099.92,3135.57,0.0,12980.689999999999,0.0,287.09,0.0,0.0,0.0,0.0,10703.96,0.0,0.0,480.74,2099.92,0.00,0.00,5167.03,7813.66
CZ08/DMo&0&rDXGF&New&Fenes__ManufWin_Default/Default/instance-out.sql,31886.07,1140.01,3434.99,3135.57,0.0,12980.689999999999,0.0,490.8,0.0,0.0,0.0,0.0,10704.01,0.0,0.0,0.00,3434.99,1140.01,0.00,5167.03,7813.66
CZ08/DMo&0&rDXGF&New&Fenes__ManufWin_Base/Base0.5/instance-out.sql,31880.04,1411.64,3178.39,3135.57,0.0,12980.689999999999,0.0,471.51,0.0,0.0,0.0,0.0,10702.24,0.0,0.0,0.00,3178.39,1411.64,0.00,5167.03,7813.66
CZ08/DMo&0&rDXGF&New&Fenes__ManufWin_Msr1/Msr-0.25-0.4/instance-out.sql,31265.480000000003,1133.86,2893.8,3135.57,0.0,12980.689999999999,0.0,420.36,0.0,0.0,0.0,0.0,10701.2,0.0,0.0,0.00,2893.80,1133.86,0.00,5167.03,7813.66
CZ08/DMo&0&rDXGF&New&Fenes__ManufWin_Msr2/Msr-0.28-0.23/instance-out.sql,30969.23,1360.76,2422.51,3135.57,0.0,12980.689999999999,0.0,371.25,0.0,0.0,0.0,0.0,10698.44,0.0,0.0,0.00,2422.51,1360.76,0.00,5167.03,7813.66
CZ08/DMo&0&rDXHP&New&Fenes__ManufWin_Default/Default/instance-out.sql,31260.18,584.88,3432.39,3135.57,0.0,12980.689999999999,0.0,420.33,0.0,0.0,0.0,0.0,10706.32,0.0,0.0,584.88,3432.39,0.00,0.00,5167.03,7813.66
CZ08/DMo&0&rDXHP&New&Fenes__ManufWin_Base/Base0.5/instance-out.sql,31078.190000000002,684.65,3175.79,3135.57,0.0,12980.689999999999,0.0,396.94,0.0,0.0,0.0,0.0,10704.54,0.0,0.0,684.65,3175.79,0.00,0.00,5167.03,7813.66
CZ08/DMo&0&rDXHP&New&Fenes__ManufWin_Msr1/Msr-0.25-0.4/instance-out.sql,30654.739999999998,584.9,2892.06,3135.57,0.0,12980.689999999999,0.0,358.52,0.0,0.0,0.0,0.0,10703.0,0.0,0.0,584.90,2892.06,0.00,0.00,5167.03,7813.66
CZ08/DMo&0&rDXHP&New&Fenes__ManufWin_Msr2/Msr-0.28-0.23/instance-out.sql,30218.71,669.59,2421.38,3135.57,0.0,12980.689999999999,0.0,311.22,0.0,0.0,0.0,0.0,10700.26,0.0,0.0,669.59,2421.38,0.00,0.00,5167.03,7813.66
CZ09/DMo&0&rDXGF&New&Fenes__ManufWin_Default/Default/instance-out.sql,33457.33,947.23,5050.74,3135.57,0.0,12980.689999999999,0.0,653.55,0.0,0.0,0.0,0.0,10689.55,0.0,0.0,0.00,5050.74,947.23,0.00,5167.03,7813.66
CZ09/DMo&0&rDXGF&New&Fenes__ManufWin_Base/Base0.5/instance-out.sql,33331.05,1169.18,4732.83,3135.57,0.0,12980.689999999999,0.0,624.91,0.0,0.0,0.0,0.0,10687.87,0.0,0.0,0.00,4732.83,1169.18,0.00,5167.03,7813.66
CZ09/DMo&0&rDXGF&New&Fenes__ManufWin_Msr1/Msr-0.25-0.4/instance-out.sql,32694.07,930.15,4387.65,3135.57,0.0,12980.689999999999,0.0,574.35,0.0,0.0,0.0,0.0,10685.66,0.0,0.0,0.00,4387.65,930.15,0.00,5167.03,7813.66
CZ09/DMo&0&rDXGF&New&Fenes__ManufWin_Msr2/Msr-0.28-0.23/instance-out.sql,32196.199999999997,1106.69,3781.1,3135.57,0.0,12980.689999999999,0.0,510.68,0.0,0.0,0.0,0.0,10681.47,0.0,0.0,0.00,3781.10,1106.69,0.00,5167.03,7813.66
CZ09/DMo&0&rDXHP&New&Fenes__ManufWin_Default/Default/instance-out.sql,32968.65,484.54,5048.18,3135.57,0.0,12980.689999999999,0.0,629.36,0.0,0.0,0.0,0.0,10690.31,0.0,0.0,484.54,5048.18,0.00,0.00,5167.03,7813.66
CZ09/DMo&0&rDXHP&New&Fenes__ManufWin_Base/Base0.5/instance-out.sql,32701.800000000003,567.88,4730.38,3135.57,0.0,12980.689999999999,0.0,599.17,0.0,0.0,0.0,0.0,10688.11,0.0,0.0,567.88,4730.38,0.00,0.00,5167.03,7813.66
CZ09/DMo&0&rDXHP&New&Fenes__ManufWin_Msr1/Msr-0.25-0.4/instance-out.sql,32222.18,480.09,4385.51,3135.57,0.0,12980.689999999999,0.0,554.12,0.0,0.0,0.0,0.0,10686.19,0.0,0.0,480.09,4385.51,0.00,0.00,5167.03,7813.66
CZ09/DMo&0&rDXHP&New&Fenes__ManufWin_Msr2/Msr-0.28-0.23/instance-out.sql,31615.56,545.85,3779.69,3135.57,0.0,12980.689999999999,0.0,491.78,0.0,0.0,0.0,0.0,10681.99,0.0,0.0,545.85,3779.69,0.00,0.00,5167.03,7813.66
CZ10/DMo&0&rDXGF&New&Fenes__ManufWin_Default/Default/instance-out.sql,34861.78,3321.15,4212.95,3135.57,0.0,12980.689999999999,0.0,518.42,0.0,0.0,0.0,0.0,10693.0,0.0,0.0,0.00,4212.95,3321.15,0.00,5167.03,7813.66
CZ10/DMo&0&rDXGF&New&Fenes__ManufWin_Base/Base0.5/instance-out.sql,35347.52,3993.82,4034.63,3135.57,0.0,12980.689999999999,0.0,511.35,0.0,0.0,0.0,0.0,10691.46,0.0,0.0,0.00,4034.63,3993.82,0.00,5167.03,7813.66
CZ10/DMo&0&rDXGF&New&Fenes__ManufWin_Msr1/Msr-0.25-0.4/instance-out.sql,34245.229999999996,3325.74,3664.53,3135.57,0.0,12980.689999999999,0.0,447.71,0.0,0.0,0.0,0.0,10690.99,0.0,0.0,0.00,3664.53,3325.74,0.00,5167.03,7813.66
CZ10/DMo&0&rDXGF&New&Fenes__ManufWin_Msr2/Msr-0.28-0.23/instance-out.sql,34299.53,3906.53,3191.05,3135.57,0.0,12980.689999999999,0.0,397.79,0.0,0.0,0.0,0.0,10687.89,0.0,0.0,0.00,3191.05,3906.53,0.00,5167.03,7813.66
CZ10/DMo&0&rDXHP&New&Fenes__ManufWin_Default/Default/instance-out.sql,34218.2,2703.59,4212.66,3135.57,0.0,12980.689999999999,0.0,491.76,0.0,0.0,0.0,0.0,10693.93,0.0,0.0,2703.59,4212.66,0.00,0.00,5167.03,7813.66
CZ10/DMo&0&rDXHP&New&Fenes__ManufWin_Base/Base0.5/instance-out.sql,34433.64,3100.88,4034.33,3135.57,0.0,12980.689999999999,0.0,490.47,0.0,0.0,0.0,0.0,10691.71,0.0,0.0,3100.88,4034.33,0.00,0.00,5167.03,7813.66
CZ10/DMo&0&rDXHP&New&Fenes__ManufWin_Msr1/Msr-0.25-0.4/instance-out.sql,33781.88,2873.59,3664.59,3135.57,0.0,12980.689999999999,0.0,435.82,0.0,0.0,0.0,0.0,10691.62,0.0,0.0,2873.59,3664.59,0.00,0.00,5167.03,7813.66
CZ10/DMo&0&rDXHP&New&Fenes__ManufWin_Msr2/Msr-0.28-0.23/instance-out.sql,33732.56,3338.64,3191.11,3135.57,0.0,12980.689999999999,0.0,398.59,0.0,0.0,0.0,0.0,10687.96,0.0,0.0,3338.64,3191.11,0.00,0.00,5167.03,7813.66
CZ11/DMo&0&rDXGF&New&Fenes__ManufWin_Default/Default/instance-out.sql,38481.020000000004,5589.19,5317.59,3135.57,0.0,12980.689999999999,0.0,720.14,0.0,0.0,0.0,0.0,10737.83,0.0,0.0,0.00,5317.59,5589.19,0.00,5167.03,7813.66
CZ11/DMo&0&rDXGF&New&Fenes__ManufWin_Base/Base0.5/instance-out.sql,39274.72,6514.07,5186.66,3135.57,0.0,12980.689999999999,0.0,721.41,0.0,0.0,0.0,0.0,10736.33,0.0,0.0,0.00,5186.66,6514.07,0.00,5167.03,7813.66
CZ11/DMo&0&rDXGF&New&Fenes__ManufWin_Msr1/Msr-0.25-0.4/instance-out.sql,37778.79,5540.16,4739.94,3135.57,0.0,12980.689999999999,0.0,646.42,0.0,0.0,0.0,0.0,10736.02,0.0,0.0,0.00,4739.94,5540.16,0.00,5167.03,7813.66
CZ11/DMo&0&rDXGF&New&Fenes__ManufWin_Msr2/Msr-0.28-0.23/instance-out.sql,37987.4,6240.06,4296.62,3135.57,0.0,12980.689999999999,0.0,600.83,0.0,0.0,0.0,0.0,10733.62,0.0,0.0,0.00,4296.62,6240.06,0.00,5167.03,7813.66
CZ11/DMo&0&rDXHP&New&Fenes__ManufWin_Default/Default/instance-out.sql,37358.16,4480.38,5317.15,3135.57,0.0,12980.689999999999,0.0,705.55,0.0,0.0,0.0,0.0,10738.81,0.0,0.0,4480.38,5317.15,0.00,0.00,5167.03,7813.66
CZ11/DMo&0&rDXHP&New&Fenes__ManufWin_Base/Base0.5/instance-out.sql,37781.55,5024.62,5186.33,3135.57,0.0,12980.689999999999,0.0,717.61,0.0,0.0,0.0,0.0,10736.72,0.0,0.0,5024.62,5186.33,0.00,0.00,5167.03,7813.66
CZ11/DMo&0&rDXHP&New&Fenes__ManufWin_Msr1/Msr-0.25-0.4/instance-out.sql,36857.26,4615.9,4739.79,3135.57,0.0,12980.689999999999,0.0,649.28,0.0,0.0,0.0,0.0,10736.02,0.0,0.0,4615.90,4739.79,0.00,0.00,5167.03,7813.66
CZ11/DMo&0&rDXHP&New&Fenes__ManufWin_Msr2/Msr-0.28-0.23/instance-out.sql,36932.729999999996,5164.45,4296.47,3135.57,0.0,12980.689999999999,0.0,623.42,0.0,0.0,0.0,0.0,10732.13,0.0,0.0,5164.45,4296.47,0.00,0.00,5167.03,7813.66
CZ12/DMo&0&rDXGF&New&Fenes__ManufWin_Default/Default/instance-out.sql,37645.06,6155.54,4019.26,3135.57,0.0,12980.689999999999,0.0,614.4,0.0,0.0,0.0,0.0,10739.61,0.0,0.0,0.00,4019.26,6155.54,0.00,5167.03,7813.66
CZ12/DMo&0&rDXGF&New&Fenes__ManufWin_Base/Base0.5/instance-out.sql,38436.369999999995,7109.1,3864.35,3135.57,0.0,12980.689999999999,0.0,609.14,0.0,0.0,0.0,0.0,10737.52,0.0,0.0,0.00,3864.35,7109.10,0.00,5167.03,7813.66
CZ12/DMo&0&rDXGF&New&Fenes__ManufWin_Msr1/Msr-0.25-0.4/instance-out.sql,37042.43,6153.32,3498.47,3135.57,0.0,12980.689999999999,0.0,536.71,0.0,0.0,0.0,0.0,10737.66,0.0,0.0,0.00,3498.47,6153.32,0.00,5167.03,7813.66
CZ12/DMo&0&rDXGF&New&Fenes__ManufWin_Msr2/Msr-0.28-0.23/instance-out.sql,37366.06,6961.41,3068.94,3135.57,0.0,12980.689999999999,0.0,484.79,0.0,0.0,0.0,0.0,10734.66,0.0,0.0,0.00,3068.94,6961.41,0.00,5167.03,7813.66
CZ12/DMo&0&rDXHP&New&Fenes__ManufWin_Default/Default/instance-out.sql,36559.33,5093.87,4019.09,3135.57,0.0,12980.689999999999,0.0,589.41,0.0,0.0,0.0,0.0,10740.7,0.0,0.0,5093.87,4019.09,0.00,0.00,5167.03,7813.66
CZ12/DMo&0&rDXHP&New&Fenes__ManufWin_Base/Base0.5/instance-out.sql,37008.61,5691.11,3864.22,3135.57,0.0,12980.689999999999,0.0,598.53,0.0,0.0,0.0,0.0,10738.49,0.0,0.0,5691.11,3864.22,0.00,0.00,5167.03,7813.66
CZ12/DMo&0&rDXHP&New&Fenes__ManufWin_Msr1/Msr-0.25-0.4/instance-out.sql,36280.479999999996,5393.19,3498.44,3135.57,0.0,12980.689999999999,0.0,534.96,0.0,0.0,0.0,0.0,10737.64,0.0,0.0,5393.19,3498.44,0.00,0.00,5167.03,7813.66
CZ12/DMo&0&rDXHP&New&Fenes__ManufWin_Msr2/Msr-0.28-0.23/instance-out.sql,36579.94,6153.19,3069.17,3135.57,0.0,12980.689999999999,0.0,507.62,0.0,0.0,0.0,0.0,10733.71,0.0,0.0,6153.19,3069.17,0.00,0.00,5167.03,7813.66
CZ13/DMo&0&rDXGF&New&Fenes__ManufWin_Default/Default/instance-out.sql,38590.79,4671.35,6297.2,3135.57,0.0,12980.689999999999,0.0,825.78,0.0,0.0,0.0,0.0,10680.2,0.0,0.0,0.00,6297.20,4671.35,0.00,5167.03,7813.66
CZ13/DMo&0&rDXGF&New&Fenes__ManufWin_Base/Base0.5/instance-out.sql,39164.57,5408.11,6139.12,3135.57,0.0,12980.689999999999,0.0,822.63,0.0,0.0,0.0,0.0,10678.45,0.0,0.0,0.00,6139.12,5408.11,0.00,5167.03,7813.66
CZ13/DMo&0&rDXGF&New&Fenes__ManufWin_Msr1/Msr-0.25-0.4/instance-out.sql,37835.89,4653.63,5643.13,3135.57,0.0,12980.689999999999,0.0,745.0,0.0,0.0,0.0,0.0,10677.86,0.0,0.0,0.00,5643.13,4653.63,0.00,5167.03,7813.66
CZ13/DMo&0&rDXGF&New&Fenes__ManufWin_Msr2/Msr-0.28-0.23/instance-out.sql,37903.62,5261.12,5153.4,3135.57,0.0,12980.689999999999,0.0,697.81,0.0,0.0,0.0,0.0,10675.03,0.0,0.0,0.00,5153.40,5261.12,0.00,5167.03,7813.66
CZ13/DMo&0&rDXHP&New&Fenes__ManufWin_Default/Default/instance-out.sql,37563.03,3700.73,6296.07,3135.57,0.0,12980.689999999999,0.0,767.58,0.0,0.0,0.0,0.0,10682.38,0.0,0.0,3700.73,6296.07,0.00,0.00,5167.03,7813.66
CZ13/DMo&0&rDXHP&New&Fenes__ManufWin_Base/Base0.5/instance-out.sql,37835.41,4127.91,6138.31,3135.57,0.0,12980.689999999999,0.0,772.86,0.0,0.0,0.0,0.0,10680.07,0.0,0.0,4127.91,6138.31,0.00,0.00,5167.03,7813.66
CZ13/DMo&0&rDXHP&New&Fenes__ManufWin_Msr1/Msr-0.25-0.4/instance-out.sql,36985.3,3843.41,5642.27,3135.57,0.0,12980.689999999999,0.0,704.38,0.0,0.0,0.0,0.0,10678.97,0.0,0.0,3843.41,5642.27,0.00,0.00,5167.03,7813.66
CZ13/DMo&0&rDXHP&New&Fenes__ManufWin_Msr2/Msr-0.28-0.23/instance-out.sql,36947.05,4327.04,5152.93,3135.57,0.0,12980.689999999999,0.0,675.08,0.0,0.0,0.0,0.0,10675.73,0.0,0.0,4327.04,5152.93,0.00,0.00,5167.03,7813.66
CZ14/DMo&0&rDXGF&New&Fenes__ManufWin_Default/Default/instance-out.sql,41162.98,7082.7,6509.76,3135.57,0.0,12980.689999999999,0.0,789.06,0.0,0.0,0.0,0.0,10665.2,0.0,0.0,0.00,6509.76,7082.70,0.00,5167.03,7813.66
CZ14/DMo&0&rDXGF&New&Fenes__ManufWin_Base/Base0.5/instance-out.sql,42285.67,8287.51,6424.52,3135.57,0.0,12980.689999999999,0.0,794.12,0.0,0.0,0.0,0.0,10663.26,0.0,0.0,0.00,6424.52,8287.51,0.00,5167.03,7813.66
CZ14/DMo&0&rDXGF&New&Fenes__ManufWin_Msr1/Msr-0.25-0.4/instance-out.sql,40472.36,7127.66,5857.36,3135.57,0.0,12980.689999999999,0.0,707.33,0.0,0.0,0.0,0.0,10663.75,0.0,0.0,0.00,5857.36,7127.66,0.00,5167.03,7813.66
CZ14/DMo&0&rDXGF&New&Fenes__ManufWin_Msr2/Msr-0.28-0.23/instance-out.sql,40990.08,8173.49,5379.19,3135.57,0.0,12980.689999999999,0.0,660.32,0.0,0.0,0.0,0.0,10660.82,0.0,0.0,0.00,5379.19,8173.49,0.00,5167.03,7813.66
CZ14/DMo&0&rDXHP&New&Fenes__ManufWin_Default/Default/instance-out.sql,38986.64,4932.16,6509.81,3135.57,0.0,12980.689999999999,0.0,762.0,0.0,0.0,0.0,0.0,10666.4,0.0,0.0,4932.16,6509.81,0.00,0.00,5167.03,7813.66
CZ14/DMo&0&rDXHP&New&Fenes__ManufWin_Base/Base0.5/instance-out.sql,39541.81,5556.35,6424.39,3135.57,0.0,12980.689999999999,0.0,780.78,0.0,0.0,0.0,0.0,10664.04,0.0,0.0,5556.35,6424.39,0.00,0.00,5167.03,7813.66
CZ14/DMo&0&rDXHP&New&Fenes__ManufWin_Msr1/Msr-0.25-0.4/instance-out.sql,38547.0,5207.2,5857.39,3135.57,0.0,12980.689999999999,0.0,702.22,0.0,0.0,0.0,0.0,10663.93,0.0,0.0,5207.20,5857.39,0.00,0.00,5167.03,7813.66
CZ14/DMo&0&rDXHP&New&Fenes__ManufWin_Msr2/Msr-0.28-0.23/instance-out.sql,38786.270000000004,5951.77,5379.28,3135.57,0.0,12980.689999999999,0.0,678.86,0.0,0.0,0.0,0.0,10660.09,0.0,0.0,5951.77,5379.28,0.00,0.00,5167.03,7813.66
CZ15/DMo&0&rDXGF&New&Fenes__ManufWin_Default/Default/instance-out.sql,40011.72,1814.09,10465.15,3135.57,0.0,12980.689999999999,0.0,1023.39,0.0,0.0,0.0,0.0,10592.82,0.0,0.0,0.00,10465.15,1814.09,0.00,5167.03,7813.66
CZ15/DMo&0&rDXGF&New&Fenes__ManufWin_Base/Base0.5/instance-out.sql,40307.899999999994,2191.29,10381.54,3135.57,0.0,12980.689999999999,0.0,1026.96,0.0,0.0,0.0,0.0,10591.85,0.0,0.0,0.00,10381.54,2191.29,0.00,5167.03,7813.66
CZ15/DMo&0&rDXGF&New&Fenes__ManufWin_Msr1/Msr-0.25-0.4/instance-out.sql,38964.32,1800.45,9525.63,3135.57,0.0,12980.689999999999,0.0,932.61,0.0,0.0,0.0,0.0,10589.37,0.0,0.0,0.00,9525.63,1800.45,0.00,5167.03,7813.66
CZ15/DMo&0&rDXGF&New&Fenes__ManufWin_Msr2/Msr-0.28-0.23/instance-out.sql,38601.39,2105.17,8906.53,3135.57,0.0,12980.689999999999,0.0,886.84,0.0,0.0,0.0,0.0,10586.6,0.0,0.0,0.00,8906.53,2105.17,0.00,5167.03,7813.66
CZ15/DMo&0&rDXHP&New&Fenes__ManufWin_Default/Default/instance-out.sql,39299.59,1134.8,10465.39,3135.57,0.0,12980.689999999999,0.0,989.39,0.0,0.0,0.0,0.0,10593.75,0.0,0.0,1134.80,10465.39,0.00,0.00,5167.03,7813.66
CZ15/DMo&0&rDXHP&New&Fenes__ManufWin_Base/Base0.5/instance-out.sql,39390.16,1307.81,10381.8,3135.57,0.0,12980.689999999999,0.0,991.49,0.0,0.0,0.0,0.0,10592.8,0.0,0.0,1307.81,10381.80,0.00,0.00,5167.03,7813.66
CZ15/DMo&0&rDXHP&New&Fenes__ManufWin_Msr1/Msr-0.25-0.4/instance-out.sql,38274.88,1137.96,9526.13,3135.57,0.0,12980.689999999999,0.0,904.5,0.0,0.0,0.0,0.0,10590.03,0.0,0.0,1137.96,9526.13,0.00,0.00,5167.03,7813.66
CZ15/DMo&0&rDXHP&New&Fenes__ManufWin_Msr2/Msr-0.28-0.23/instance-out.sql,37767.979999999996,1294.79,8907.46,3135.57,0.0,12980.689999999999,0.0,862.27,0.0,0.0,0.0,0.0,10587.2,0.0,0.0,1294.79,8907.46,0.00,0.00,5167.03,7813.66
CZ16/DMo&0&rDXGF&New&Fenes__ManufWin_Default/Default/instance-out.sql,36256.68,4130.07,4507.87,3135.57,0.0,12980.689999999999,0.0,713.72,0.0,0.0,0.0,0.0,10788.77,0.0,0.0,0.00,4507.87,4130.07,0.00,5167.03,7813.66
CZ16/DMo&0&rDXGF&New&Fenes__ManufWin_Base/Base0.5/instance-out.sql,36958.94,5011.54,4336.65,3135.57,0.0,12980.689999999999,0.0,707.58,0.0,0.0,0.0,0.0,10786.9,0.0,0.0,0.00,4336.65,5011.54,0.00,5167.03,7813.66
CZ16/DMo&0&rDXGF&New&Fenes__ManufWin_Msr1/Msr-0.25-0.4/instance-out.sql,35579.8,4213.75,3841.09,3135.57,0.0,12980.689999999999,0.0,622.55,0.0,0.0,0.0,0.0,10786.15,0.0,0.0,0.00,3841.09,4213.75,0.00,5167.03,7813.66
CZ16/DMo&0&rDXGF&New&Fenes__ManufWin_Msr2/Msr-0.28-0.23/instance-out.sql,35899.02,5043.37,3384.02,3135.57,0.0,12980.689999999999,0.0,571.97,0.0,0.0,0.0,0.0,10783.39,0.0,0.0,0.00,3384.02,5043.37,0.00,5167.03,7813.66
CZ16/DMo&0&rDXHP&New&Fenes__ManufWin_Default/Default/instance-out.sql,37487.28999999999,5326.13,4508.01,3135.57,0.0,12980.689999999999,0.0,748.7,0.0,0.0,0.0,0.0,10788.19,0.0,0.0,5326.13,4508.01,0.00,0.00,5167.03,7813.66
CZ16/DMo&0&rDXHP&New&Fenes__ManufWin_Base/Base0.5/instance-out.sql,38207.34,6209.37,4336.99,3135.57,0.0,12980.689999999999,0.0,759.23,0.0,0.0,0.0,0.0,10785.48,0.0,0.0,6209.37,4336.99,0.00,0.00,5167.03,7813.66
CZ16/DMo&0&rDXHP&New&Fenes__ManufWin_Msr1/Msr-0.25-0.4/instance-out.sql,37122.34,5715.28,3841.2,3135.57,0.0,12980.689999999999,0.0,664.8,0.0,0.0,0.0,0.0,10784.79,0.0,0.0,5715.28,3841.20,0.00,0.00,5167.03,7813.66
CZ16/DMo&0&rDXHP&New&Fenes__ManufWin_Msr2/Msr-0.28-0.23/instance-out.sql,37808.71000000001,6892.12,3384.03,3135.57,0.0,12980.689999999999,0.0,634.72,0.0,0.0,0.0,0.0,10781.58,0.0,0.0,6892.12,3384.03,0.00,0.00,5167.03,7813.66

File Name,Unmet Heating (Hours),Unmet Cooling (Hours)
CZ01/DMo&0&rDXGF&New&Fenes__ManufWin_Default/Default/instance-out.sql,17.83,105.50
CZ01/DMo&0&rDXGF&New&Fenes__ManufWin_Base/Base0.5/instance-out.sql,23.17,126.50
CZ01/DMo&0&rDXGF&New&Fenes__ManufWin_Msr1/Msr-0.25-0.4/instance-out.sql,81.50,222.50
CZ01/DMo&0&rDXGF&New&Fenes__ManufWin_Msr2/Msr-0.28-0.23/instance-out.sql,522.83,303.00
CZ01/DMo&0&rDXHP&New&Fenes__ManufWin_Default/Default/instance-out.sql,0.00,105.50
CZ01/DMo&0&rDXHP&New&Fenes__ManufWin_Base/Base0.5/instance-out.sql,0.00,126.33
CZ01/DMo&0&rDXHP&New&Fenes__ManufWin_Msr1/Msr-0.25-0.4/instance-out.sql,0.00,222.33
CZ01/DMo&0&rDXHP&New&Fenes__ManufWin_Msr2/Msr-0.28-0.23/instance-out.sql,572.83,303.17
CZ02/DMo&0&rDXGF&New&Fenes__ManufWin_Default/Default/instance-out.sql,0.00,68.17
CZ02/DMo&0&rDXGF&New&Fenes__ManufWin_Base/Base0.5/instance-out.sql,0.00,77.33
CZ02/DMo&0&rDXGF&New&Fenes__ManufWin_Msr1/Msr-0.25-0.4/instance-out.sql,2.00,147.67
CZ02/DMo&0&rDXGF&New&Fenes__ManufWin_Msr2/Msr-0.28-0.23/instance-out.sql,11.17,210.00
CZ02/DMo&0&rDXHP&New&Fenes__ManufWin_Default/Default/instance-out.sql,0.00,68.17
CZ02/DMo&0&rDXHP&New&Fenes__ManufWin_Base/Base0.5/instance-out.sql,0.00,77.17
CZ02/DMo&0&rDXHP&New&Fenes__ManufWin_Msr1/Msr-0.25-0.4/instance-out.sql,0.00,148.17
CZ02/DMo&0&rDXHP&New&Fenes__ManufWin_Msr2/Msr-0.28-0.23/instance-out.sql,0.00,210.17
CZ03/DMo&0&rDXGF&New&Fenes__ManufWin_Default/Default/instance-out.sql,2.50,28.67
CZ03/DMo&0&rDXGF&New&Fenes__ManufWin_Base/Base0.5/instance-out.sql,1.33,40.83
CZ03/DMo&0&rDXGF&New&Fenes__ManufWin_Msr1/Msr-0.25-0.4/instance-out.sql,6.33,108.33
CZ03/DMo&0&rDXGF&New&Fenes__ManufWin_Msr2/Msr-0.28-0.23/instance-out.sql,11.00,207.50
CZ03/DMo&0&rDXHP&New&Fenes__ManufWin_Default/Default/instance-out.sql,0.00,28.67
CZ03/DMo&0&rDXHP&New&Fenes__ManufWin_Base/Base0.5/instance-out.sql,0.00,40.83
CZ03/DMo&0&rDXHP&New&Fenes__ManufWin_Msr1/Msr-0.25-0.4/instance-out.sql,0.00,108.33
CZ03/DMo&0&rDXHP&New&Fenes__ManufWin_Msr2/Msr-0.28-0.23/instance-out.sql,0.00,207.33
CZ04/DMo&0&rDXGF&New&Fenes__ManufWin_Default/Default/instance-out.sql,0.00,61.67
CZ04/DMo&0&rDXGF&New&Fenes__ManufWin_Base/Base0.5/instance-out.sql,0.00,71.33
CZ04/DMo&0&rDXGF&New&Fenes__ManufWin_Msr1/Msr-0.25-0.4/instance-out.sql,1.50,142.50
CZ04/DMo&0&rDXGF&New&Fenes__ManufWin_Msr2/Msr-0.28-0.23/instance-out.sql,4.33,221.33
CZ04/DMo&0&rDXHP&New&Fenes__ManufWin_Default/Default/instance-out.sql,0.00,61.67
CZ04/DMo&0&rDXHP&New&Fenes__ManufWin_Base/Base0.5/instance-out.sql,0.00,71.33
CZ04/DMo&0&rDXHP&New&Fenes__ManufWin_Msr1/Msr-0.25-0.4/instance-out.sql,0.00,142.33
CZ04/DMo&0&rDXHP&New&Fenes__ManufWin_Msr2/Msr-0.28-0.23/instance-out.sql,0.00,221.33
CZ05/DMo&0&rDXGF&New&Fenes__ManufWin_Default/Default/instance-out.sql,0.00,39.17
CZ05/DMo&0&rDXGF&New&Fenes__ManufWin_Base/Base0.5/instance-out.sql,0.00,45.67
CZ05/DMo&0&rDXGF&New&Fenes__ManufWin_Msr1/Msr-0.25-0.4/instance-out.sql,0.00,94.00
CZ05/DMo&0&rDXGF&New&Fenes__ManufWin_Msr2/Msr-0.28-0.23/instance-out.sql,1.17,169.17
CZ05/DMo&0&rDXHP&New&Fenes__ManufWin_Default/Default/instance-out.sql,0.00,39.17
CZ05/DMo&0&rDXHP&New&Fenes__ManufWin_Base/Base0.5/instance-out.sql,0.00,45.67
CZ05/DMo&0&rDXHP&New&Fenes__ManufWin_Msr1/Msr-0.25-0.4/instance-out.sql,0.00,94.00
CZ05/DMo&0&rDXHP&New&Fenes__ManufWin_Msr2/Msr-0.28-0.23/instance-out.sql,0.00,169.17
CZ06/DMo&0&rDXGF&New&Fenes__ManufWin_Default/Default/instance-out.sql,42.00,11.33
CZ06/DMo&0&rDXGF&New&Fenes__ManufWin_Base/Base0.5/instance-out.sql,43.83,16.00
CZ06/DMo&0&rDXGF&New&Fenes__ManufWin_Msr1/Msr-0.25-0.4/instance-out.sql,55.83,43.83
CZ06/DMo&0&rDXGF&New&Fenes__ManufWin_Msr2/Msr-0.28-0.23/instance-out.sql,72.17,90.33
CZ06/DMo&0&rDXHP&New&Fenes__ManufWin_Default/Default/instance-out.sql,0.00,11.33
CZ06/DMo&0&rDXHP&New&Fenes__ManufWin_Base/Base0.5/instance-out.sql,0.00,16.00
CZ06/DMo&0&rDXHP&New&Fenes__ManufWin_Msr1/Msr-0.25-0.4/instance-out.sql,0.00,44.17
CZ06/DMo&0&rDXHP&New&Fenes__ManufWin_Msr2/Msr-0.28-0.23/instance-out.sql,0.00,90.17
CZ07/DMo&0&rDXGF&New&Fenes__ManufWin_Default/Default/instance-out.sql,99.50,36.50
CZ07/DMo&0&rDXGF&New&Fenes__ManufWin_Base/Base0.5/instance-out.sql,102.83,36.67
CZ07/DMo&0&rDXGF&New&Fenes__ManufWin_Msr1/Msr-0.25-0.4/instance-out.sql,123.00,58.83
CZ07/DMo&0&rDXGF&New&Fenes__ManufWin_Msr2/Msr-0.28-0.23/instance-out.sql,139.83,96.00
CZ07/DMo&0&rDXHP&New&Fenes__ManufWin_Default/Default/instance-out.sql,0.00,36.50
CZ07/DMo&0&rDXHP&New&Fenes__ManufWin_Base/Base0.5/instance-out.sql,0.00,36.67
CZ07/DMo&0&rDXHP&New&Fenes__ManufWin_Msr1/Msr-0.25-0.4/instance-out.sql,0.00,58.67
CZ07/DMo&0&rDXHP&New&Fenes__ManufWin_Msr2/Msr-0.28-0.23/instance-out.sql,0.00,96.33
CZ08/DMo&0&rDXGF&New&Fenes__ManufWin_Default/Default/instance-out.sql,73.50,57.33
CZ08/DMo&0&rDXGF&New&Fenes__ManufWin_Base/Base0.5/instance-out.sql,76.17,57.83
CZ08/DMo&0&rDXGF&New&Fenes__ManufWin_Msr1/Msr-0.25-0.4/instance-out.sql,94.00,85.67
CZ08/DMo&0&rDXGF&New&Fenes__ManufWin_Msr2/Msr-0.28-0.23/instance-out.sql,117.33,111.67
CZ08/DMo&0&rDXHP&New&Fenes__ManufWin_Default/Default/instance-out.sql,0.00,57.17
CZ08/DMo&0&rDXHP&New&Fenes__ManufWin_Base/Base0.5/instance-out.sql,0.00,57.67
CZ08/DMo&0&rDXHP&New&Fenes__ManufWin_Msr1/Msr-0.25-0.4/instance-out.sql,0.00,85.50
CZ08/DMo&0&rDXHP&New&Fenes__ManufWin_Msr2/Msr-0.28-0.23/instance-out.sql,0.17,111.33
CZ09/DMo&0&rDXGF&New&Fenes__ManufWin_Default/Default/instance-out.sql,10.67,36.67
CZ09/DMo&0&rDXGF&New&Fenes__ManufWin_Base/Base0.5/instance-out.sql,11.50,35.50
CZ09/DMo&0&rDXGF&New&Fenes__ManufWin_Msr1/Msr-0.25-0.4/instance-out.sql,10.00,46.50
CZ09/DMo&0&rDXGF&New&Fenes__ManufWin_Msr2/Msr-0.28-0.23/instance-out.sql,10.33,53.33
CZ09/DMo&0&rDXHP&New&Fenes__ManufWin_Default/Default/instance-out.sql,0.00,36.67
CZ09/DMo&0&rDXHP&New&Fenes__ManufWin_Base/Base0.5/instance-out.sql,0.00,35.50
CZ09/DMo&0&rDXHP&New&Fenes__ManufWin_Msr1/Msr-0.25-0.4/instance-out.sql,0.00,46.50
CZ09/DMo&0&rDXHP&New&Fenes__ManufWin_Msr2/Msr-0.28-0.23/instance-out.sql,0.00,53.33
CZ10/DMo&0&rDXGF&New&Fenes__ManufWin_Default/Default/instance-out.sql,6.17,154.50
CZ10/DMo&0&rDXGF&New&Fenes__ManufWin_Base/Base0.5/instance-out.sql,6.33,181.00
CZ10/DMo&0&rDXGF&New&Fenes__ManufWin_Msr1/Msr-0.25-0.4/instance-out.sql,13.83,395.50
CZ10/DMo&0&rDXGF&New&Fenes__ManufWin_Msr2/Msr-0.28-0.23/instance-out.sql,19.50,594.83
CZ10/DMo&0&rDXHP&New&Fenes__ManufWin_Default/Default/instance-out.sql,0.00,154.50
CZ10/DMo&0&rDXHP&New&Fenes__ManufWin_Base/Base0.5/instance-out.sql,0.00,181.00
CZ10/DMo&0&rDXHP&New&Fenes__ManufWin_Msr1/Msr-0.25-0.4/instance-out.sql,0.00,395.33
CZ10/DMo&0&rDXHP&New&Fenes__ManufWin_Msr2/Msr-0.28-0.23/instance-out.sql,0.00,595.00
CZ11/DMo&0&rDXGF&New&Fenes__ManufWin_Default/Default/instance-out.sql,19.50,40.50
CZ11/DMo&0&rDXGF&New&Fenes__ManufWin_Base/Base0.5/instance-out.sql,18.17,44.00
CZ11/DMo&0&rDXGF&New&Fenes__ManufWin_Msr1/Msr-0.25-0.4/instance-out.sql,20.00,81.50
CZ11/DMo&0&rDXGF&New&Fenes__ManufWin_Msr2/Msr-0.28-0.23/instance-out.sql,18.83,133.50
CZ11/DMo&0&rDXHP&New&Fenes__ManufWin_Default/Default/instance-out.sql,0.00,40.50
CZ11/DMo&0&rDXHP&New&Fenes__ManufWin_Base/Base0.5/instance-out.sql,0.00,44.00
CZ11/DMo&0&rDXHP&New&Fenes__ManufWin_Msr1/Msr-0.25-0.4/instance-out.sql,0.00,81.50
CZ11/DMo&0&rDXHP&New&Fenes__ManufWin_Msr2/Msr-0.28-0.23/instance-out.sql,0.00,133.67
CZ12/DMo&0&rDXGF&New&Fenes__ManufWin_Default/Default/instance-out.sql,0.00,102.00
CZ12/DMo&0&rDXGF&New&Fenes__ManufWin_Base/Base0.5/instance-out.sql,0.00,126.50
CZ12/DMo&0&rDXGF&New&Fenes__ManufWin_Msr1/Msr-0.25-0.4/instance-out.sql,0.00,230.67
CZ12/DMo&0&rDXGF&New&Fenes__ManufWin_Msr2/Msr-0.28-0.23/instance-out.sql,0.00,375.17
CZ12/DMo&0&rDXHP&New&Fenes__ManufWin_Default/Default/instance-out.sql,0.00,102.00
CZ12/DMo&0&rDXHP&New&Fenes__ManufWin_Base/Base0.5/instance-out.sql,0.00,126.50
CZ12/DMo&0&rDXHP&New&Fenes__ManufWin_Msr1/Msr-0.25-0.4/instance-out.sql,0.00,230.83
CZ12/DMo&0&rDXHP&New&Fenes__ManufWin_Msr2/Msr-0.28-0.23/instance-out.sql,0.00,375.00
CZ13/DMo&0&rDXGF&New&Fenes__ManufWin_Default/Default/instance-out.sql,0.00,94.50
CZ13/DMo&0&rDXGF&New&Fenes__ManufWin_Base/Base0.5/instance-out.sql,0.00,99.17
CZ13/DMo&0&rDXGF&New&Fenes__ManufWin_Msr1/Msr-0.25-0.4/instance-out.sql,0.00,182.50
CZ13/DMo&0&rDXGF&New&Fenes__ManufWin_Msr2/Msr-0.28-0.23/instance-out.sql,0.00,277.33
CZ13/DMo&0&rDXHP&New&Fenes__ManufWin_Default/Default/instance-out.sql,0.00,94.50
CZ13/DMo&0&rDXHP&New&Fenes__ManufWin_Base/Base0.5/instance-out.sql,0.00,99.17
CZ13/DMo&0&rDXHP&New&Fenes__ManufWin_Msr1/Msr-0.25-0.4/instance-out.sql,0.00,182.33
CZ13/DMo&0&rDXHP&New&Fenes__ManufWin_Msr2/Msr-0.28-0.23/instance-out.sql,0.00,277.33
CZ14/DMo&0&rDXGF&New&Fenes__ManufWin_Default/Default/instance-out.sql,0.00,104.33
CZ14/DMo&0&rDXGF&New&Fenes__ManufWin_Base/Base0.5/instance-out.sql,0.00,114.83
CZ14/DMo&0&rDXGF&New&Fenes__ManufWin_Msr1/Msr-0.25-0.4/instance-out.sql,0.00,261.67
CZ14/DMo&0&rDXGF&New&Fenes__ManufWin_Msr2/Msr-0.28-0.23/instance-out.sql,1.67,477.83
CZ14/DMo&0&rDXHP&New&Fenes__ManufWin_Default/Default/instance-out.sql,0.00,104.50
CZ14/DMo&0&rDXHP&New&Fenes__ManufWin_Base/Base0.5/instance-out.sql,0.00,114.83
CZ14/DMo&0&rDXHP&New&Fenes__ManufWin_Msr1/Msr-0.25-0.4/instance-out.sql,0.00,261.67
CZ14/DMo&0&rDXHP&New&Fenes__ManufWin_Msr2/Msr-0.28-0.23/instance-out.sql,0.00,477.50
CZ15/DMo&0&rDXGF&New&Fenes__ManufWin_Default/Default/instance-out.sql,0.50,23.00
CZ15/DMo&0&rDXGF&New&Fenes__ManufWin_Base/Base0.5/instance-out.sql,0.50,24.33
CZ15/DMo&0&rDXGF&New&Fenes__ManufWin_Msr1/Msr-0.25-0.4/instance-out.sql,0.83,65.17
CZ15/DMo&0&rDXGF&New&Fenes__ManufWin_Msr2/Msr-0.28-0.23/instance-out.sql,0.83,113.83
CZ15/DMo&0&rDXHP&New&Fenes__ManufWin_Default/Default/instance-out.sql,0.00,23.00
CZ15/DMo&0&rDXHP&New&Fenes__ManufWin_Base/Base0.5/instance-out.sql,0.00,24.33
CZ15/DMo&0&rDXHP&New&Fenes__ManufWin_Msr1/Msr-0.25-0.4/instance-out.sql,0.00,65.17
CZ15/DMo&0&rDXHP&New&Fenes__ManufWin_Msr2/Msr-0.28-0.23/instance-out.sql,0.00,113.83
CZ16/DMo&0&rDXGF&New&Fenes__ManufWin_Default/Default/instance-out.sql,0.00,77.67
CZ16/DMo&0&rDXGF&New&Fenes__ManufWin_Base/Base0.5/instance-out.sql,0.00,83.33
CZ16/DMo&0&rDXGF&New&Fenes__ManufWin_Msr1/Msr-0.25-0.4/instance-out.sql,0.00,174.33
CZ16/DMo&0&rDXGF&New&Fenes__ManufWin_Msr2/Msr-0.28-0.23/instance-out.sql,0.00,276.00
CZ16/DMo&0&rDXHP&New&Fenes__ManufWin_Default/Default/instance-out.sql,0.00,77.50
CZ16/DMo&0&rDXHP&New&Fenes__ManufWin_Base/Base0.5/instance-out.sql,0.00,83.33
CZ16/DMo&0&rDXHP&New&Fenes__ManufWin_Msr1/Msr-0.25-0.4/instance-out.sql,0.00,174.33
CZ16/DMo&0&rDXHP&New&Fenes__ManufWin_Msr2/Msr-0.28-0.23/instance-out.sql,0.00,276.17

