skip,cohort,root,:roof_base_cavity_insul,:wall_base_type,:wall_base_cavity_insul,:wall_base_cont_insul,:glass_u,:glass_shgc,:sheathing_consol_layer_thickness,:sheathing_consol_layer_conductivity,:wall_consol_layer_thickness,:wall_consol_layer_conductivity,:floor_consol_layer_thickness,:floor_consol_layer_conductivity,:ceil_consol_layer_thickness,:ceil_consol_layer_conductivity,:door_thermal_resistance,:climate_zone,:infiltration_ACH,:shading_control
,DMo&0&rDXGF&Ex&Fenes__ManufWin_Default,DMo/templates/root.pxt,,,,,,,,,"%= codes.lookup(""Res Key Prototype Values | Climate Zone #{climate_zone}"", ""wall_consol_layer_thickness"", ""Value"")['m']","%= codes.lookup(""Res Key Prototype Values | Climate Zone #{climate_zone}"", ""wall_consol_layer_conductivity"", ""Value"")","%= codes.lookup(""Res Key Prototype Values | Climate Zone #{climate_zone}"", ""floor_consol_layer_thickness"", ""Value"")['m']",,"%= codes.lookup(""Res Key Prototype Values | Climate Zone #{climate_zone}"", ""ceil_consol_layer_thickness"", ""Value"")['m']","%= codes.lookup(""Res Key Prototype Values | Climate Zone #{climate_zone}"", ""ceil_consol_layer_conductivity"", ""Value"")","%= codes.lookup(""Res Key Prototype Values | Climate Zone #{climate_zone}"", ""door_thermal_resistance"", ""R-Value"")","%= codes.lookup(""Res Key Prototype Values | Climate Zone #{climate_zone}"", ""climate_zone"", ""Value"")","%= codes.lookup(""Res Key Prototype Values | Climate Zone #{climate_zone}"", ""Infiltration"", ""Value"")","%= codes.lookup(""Res Key Prototype Values | Climate Zone #{climate_zone}"", ""shading_control"", ""Value"")"
,DMo&0&rDXGF&Ex&Fenes__ManufWin_Base,DMo/templates/rootBase1.23.pxt,,,,,,,,,"%= codes.lookup(""Res Key Prototype Values | Climate Zone #{climate_zone}"", ""wall_consol_layer_thickness"", ""Value"")['m']","%= codes.lookup(""Res Key Prototype Values | Climate Zone #{climate_zone}"", ""wall_consol_layer_conductivity"", ""Value"")","%= codes.lookup(""Res Key Prototype Values | Climate Zone #{climate_zone}"", ""floor_consol_layer_thickness"", ""Value"")['m']",,"%= codes.lookup(""Res Key Prototype Values | Climate Zone #{climate_zone}"", ""ceil_consol_layer_thickness"", ""Value"")['m']","%= codes.lookup(""Res Key Prototype Values | Climate Zone #{climate_zone}"", ""ceil_consol_layer_conductivity"", ""Value"")","%= codes.lookup(""Res Key Prototype Values | Climate Zone #{climate_zone}"", ""door_thermal_resistance"", ""R-Value"")","%= codes.lookup(""Res Key Prototype Values | Climate Zone #{climate_zone}"", ""climate_zone"", ""Value"")","%= codes.lookup(""Res Key Prototype Values | Climate Zone #{climate_zone}"", ""Infiltration"", ""Value"")","%= codes.lookup(""Res Key Prototype Values | Climate Zone #{climate_zone}"", ""shading_control"", ""Value"")"
,DMo&0&rDXGF&Ex&Fenes__ManufWin_Msr1,DMo/templates/rootMsr1.pxt,,,,,,,,,"%= codes.lookup(""Res Key Prototype Values | Climate Zone #{climate_zone}"", ""wall_consol_layer_thickness"", ""Value"")['m']","%= codes.lookup(""Res Key Prototype Values | Climate Zone #{climate_zone}"", ""wall_consol_layer_conductivity"", ""Value"")","%= codes.lookup(""Res Key Prototype Values | Climate Zone #{climate_zone}"", ""floor_consol_layer_thickness"", ""Value"")['m']",,"%= codes.lookup(""Res Key Prototype Values | Climate Zone #{climate_zone}"", ""ceil_consol_layer_thickness"", ""Value"")['m']","%= codes.lookup(""Res Key Prototype Values | Climate Zone #{climate_zone}"", ""ceil_consol_layer_conductivity"", ""Value"")","%= codes.lookup(""Res Key Prototype Values | Climate Zone #{climate_zone}"", ""door_thermal_resistance"", ""R-Value"")","%= codes.lookup(""Res Key Prototype Values | Climate Zone #{climate_zone}"", ""climate_zone"", ""Value"")","%= codes.lookup(""Res Key Prototype Values | Climate Zone #{climate_zone}"", ""Infiltration"", ""Value"")","%= codes.lookup(""Res Key Prototype Values | Climate Zone #{climate_zone}"", ""shading_control"", ""Value"")"
,DMo&0&rDXGF&Ex&Fenes__ManufWin_Msr2,DMo/templates/rootMsr2.pxt,,,,,,,,,"%= codes.lookup(""Res Key Prototype Values | Climate Zone #{climate_zone}"", ""wall_consol_layer_thickness"", ""Value"")['m']","%= codes.lookup(""Res Key Prototype Values | Climate Zone #{climate_zone}"", ""wall_consol_layer_conductivity"", ""Value"")","%= codes.lookup(""Res Key Prototype Values | Climate Zone #{climate_zone}"", ""floor_consol_layer_thickness"", ""Value"")['m']",,"%= codes.lookup(""Res Key Prototype Values | Climate Zone #{climate_zone}"", ""ceil_consol_layer_thickness"", ""Value"")['m']","%= codes.lookup(""Res Key Prototype Values | Climate Zone #{climate_zone}"", ""ceil_consol_layer_conductivity"", ""Value"")","%= codes.lookup(""Res Key Prototype Values | Climate Zone #{climate_zone}"", ""door_thermal_resistance"", ""R-Value"")","%= codes.lookup(""Res Key Prototype Values | Climate Zone #{climate_zone}"", ""climate_zone"", ""Value"")","%= codes.lookup(""Res Key Prototype Values | Climate Zone #{climate_zone}"", ""Infiltration"", ""Value"")","%= codes.lookup(""Res Key Prototype Values | Climate Zone #{climate_zone}"", ""shading_control"", ""Value"")"
,DMo&0&rDXHP&Ex&Fenes__ManufWin_Default,DMo-HP/templates/root.pxt,,,,,,,,,"%= codes.lookup(""Res Key Prototype Values | Climate Zone #{climate_zone}"", ""wall_consol_layer_thickness"", ""Value"")['m']","%= codes.lookup(""Res Key Prototype Values | Climate Zone #{climate_zone}"", ""wall_consol_layer_conductivity"", ""Value"")","%= codes.lookup(""Res Key Prototype Values | Climate Zone #{climate_zone}"", ""floor_consol_layer_thickness"", ""Value"")['m']",,"%= codes.lookup(""Res Key Prototype Values | Climate Zone #{climate_zone}"", ""ceil_consol_layer_thickness"", ""Value"")['m']","%= codes.lookup(""Res Key Prototype Values | Climate Zone #{climate_zone}"", ""ceil_consol_layer_conductivity"", ""Value"")","%= codes.lookup(""Res Key Prototype Values | Climate Zone #{climate_zone}"", ""door_thermal_resistance"", ""R-Value"")","%= codes.lookup(""Res Key Prototype Values | Climate Zone #{climate_zone}"", ""climate_zone"", ""Value"")","%= codes.lookup(""Res Key Prototype Values | Climate Zone #{climate_zone}"", ""Infiltration"", ""Value"")","%= codes.lookup(""Res Key Prototype Values | Climate Zone #{climate_zone}"", ""shading_control"", ""Value"")"
,DMo&0&rDXHP&Ex&Fenes__ManufWin_Base,DMo-HP/templates/rootBase1.23.pxt,,,,,,,,,"%= codes.lookup(""Res Key Prototype Values | Climate Zone #{climate_zone}"", ""wall_consol_layer_thickness"", ""Value"")['m']","%= codes.lookup(""Res Key Prototype Values | Climate Zone #{climate_zone}"", ""wall_consol_layer_conductivity"", ""Value"")","%= codes.lookup(""Res Key Prototype Values | Climate Zone #{climate_zone}"", ""floor_consol_layer_thickness"", ""Value"")['m']",,"%= codes.lookup(""Res Key Prototype Values | Climate Zone #{climate_zone}"", ""ceil_consol_layer_thickness"", ""Value"")['m']","%= codes.lookup(""Res Key Prototype Values | Climate Zone #{climate_zone}"", ""ceil_consol_layer_conductivity"", ""Value"")","%= codes.lookup(""Res Key Prototype Values | Climate Zone #{climate_zone}"", ""door_thermal_resistance"", ""R-Value"")","%= codes.lookup(""Res Key Prototype Values | Climate Zone #{climate_zone}"", ""climate_zone"", ""Value"")","%= codes.lookup(""Res Key Prototype Values | Climate Zone #{climate_zone}"", ""Infiltration"", ""Value"")","%= codes.lookup(""Res Key Prototype Values | Climate Zone #{climate_zone}"", ""shading_control"", ""Value"")"
,DMo&0&rDXHP&Ex&Fenes__ManufWin_Msr1,DMo-HP/templates/rootMsr1.pxt,,,,,,,,,"%= codes.lookup(""Res Key Prototype Values | Climate Zone #{climate_zone}"", ""wall_consol_layer_thickness"", ""Value"")['m']","%= codes.lookup(""Res Key Prototype Values | Climate Zone #{climate_zone}"", ""wall_consol_layer_conductivity"", ""Value"")","%= codes.lookup(""Res Key Prototype Values | Climate Zone #{climate_zone}"", ""floor_consol_layer_thickness"", ""Value"")['m']",,"%= codes.lookup(""Res Key Prototype Values | Climate Zone #{climate_zone}"", ""ceil_consol_layer_thickness"", ""Value"")['m']","%= codes.lookup(""Res Key Prototype Values | Climate Zone #{climate_zone}"", ""ceil_consol_layer_conductivity"", ""Value"")","%= codes.lookup(""Res Key Prototype Values | Climate Zone #{climate_zone}"", ""door_thermal_resistance"", ""R-Value"")","%= codes.lookup(""Res Key Prototype Values | Climate Zone #{climate_zone}"", ""climate_zone"", ""Value"")","%= codes.lookup(""Res Key Prototype Values | Climate Zone #{climate_zone}"", ""Infiltration"", ""Value"")","%= codes.lookup(""Res Key Prototype Values | Climate Zone #{climate_zone}"", ""shading_control"", ""Value"")"
,DMo&0&rDXHP&Ex&Fenes__ManufWin_Msr2,DMo-HP/templates/rootMsr2.pxt,,,,,,,,,"%= codes.lookup(""Res Key Prototype Values | Climate Zone #{climate_zone}"", ""wall_consol_layer_thickness"", ""Value"")['m']","%= codes.lookup(""Res Key Prototype Values | Climate Zone #{climate_zone}"", ""wall_consol_layer_conductivity"", ""Value"")","%= codes.lookup(""Res Key Prototype Values | Climate Zone #{climate_zone}"", ""floor_consol_layer_thickness"", ""Value"")['m']",,"%= codes.lookup(""Res Key Prototype Values | Climate Zone #{climate_zone}"", ""ceil_consol_layer_thickness"", ""Value"")['m']","%= codes.lookup(""Res Key Prototype Values | Climate Zone #{climate_zone}"", ""ceil_consol_layer_conductivity"", ""Value"")","%= codes.lookup(""Res Key Prototype Values | Climate Zone #{climate_zone}"", ""door_thermal_resistance"", ""R-Value"")","%= codes.lookup(""Res Key Prototype Values | Climate Zone #{climate_zone}"", ""climate_zone"", ""Value"")","%= codes.lookup(""Res Key Prototype Values | Climate Zone #{climate_zone}"", ""Infiltration"", ""Value"")","%= codes.lookup(""Res Key Prototype Values | Climate Zone #{climate_zone}"", ""shading_control"", ""Value"")"
